timestamp,cpu_util_pct,mem_used_MB,mem_total_MB,swap_used_MB
2026/06/09 17:10:44,0.2,2748,61909,0
2026/06/09 17:10:48,0.2,2745,61909,0
2026/06/09 17:10:53,0.1,2744,61909,0
2026/06/09 17:10:57,0.2,2743,61909,0
2026/06/09 17:11:02,0.1,2744,61909,0
2026/06/09 17:11:06,0.4,2744,61909,0
2026/06/09 17:11:11,0.2,2743,61909,0
2026/06/09 17:11:15,0.2,2743,61909,0
2026/06/09 17:11:20,0.1,2743,61909,0
2026/06/09 17:11:24,0.4,2743,61909,0
2026/06/09 17:11:29,0.1,2744,61909,0
2026/06/09 17:11:33,0.2,2743,61909,0
2026/06/09 17:11:38,0.2,2743,61909,0
2026/06/09 17:11:42,0.2,2743,61909,0
2026/06/09 17:11:47,0.2,2743,61909,0
2026/06/09 17:11:51,0.1,2742,61909,0
2026/06/09 17:11:56,0.1,2742,61909,0
2026/06/09 17:12:00,0.1,2742,61909,0
2026/06/09 17:12:05,0.2,2742,61909,0
2026/06/09 17:12:09,0.2,2742,61909,0
2026/06/09 17:12:14,0.2,2743,61909,0
2026/06/09 17:12:18,0.4,2742,61909,0
2026/06/09 17:12:23,0.2,2742,61909,0
2026/06/09 17:12:28,0.1,2742,61909,0
2026/06/09 17:12:32,0.1,2742,61909,0
2026/06/09 17:12:37,0.2,2743,61909,0
2026/06/09 17:12:41,0.2,2743,61909,0
2026/06/09 17:12:46,0.1,2743,61909,0
2026/06/09 17:12:50,0.2,2743,61909,0
2026/06/09 17:12:55,0.2,2744,61909,0
2026/06/09 17:12:59,0.1,2742,61909,0
2026/06/09 17:13:04,0.1,2762,61909,0
2026/06/09 17:13:08,0.1,2745,61909,0
2026/06/09 17:13:13,0.1,2740,61909,0
2026/06/09 17:13:17,0.4,2740,61909,0
2026/06/09 17:13:22,0.4,2740,61909,0
2026/06/09 17:13:26,0.2,2739,61909,0
2026/06/09 17:13:31,0.1,2740,61909,0
2026/06/09 17:13:35,0.2,2739,61909,0
2026/06/09 17:13:40,0.2,2739,61909,0
2026/06/09 17:13:44,0.2,2738,61909,0
2026/06/09 17:13:49,0.2,2738,61909,0
2026/06/09 17:13:53,0.2,2738,61909,0
2026/06/09 17:13:58,0.2,2738,61909,0
2026/06/09 17:14:02,0.2,2738,61909,0
2026/06/09 17:14:07,0.1,2737,61909,0
2026/06/09 17:14:11,0.2,2737,61909,0
2026/06/09 17:14:16,0.1,2737,61909,0
2026/06/09 17:14:20,0.2,2738,61909,0
2026/06/09 17:14:25,0.2,2738,61909,0
2026/06/09 17:14:29,0.1,2739,61909,0
2026/06/09 17:14:34,0.1,2739,61909,0
2026/06/09 17:14:39,0.1,2739,61909,0
2026/06/09 17:14:43,0.1,2739,61909,0
2026/06/09 17:14:48,0.1,2738,61909,0
2026/06/09 17:14:52,0.2,2738,61909,0
2026/06/09 17:14:57,0.1,2739,61909,0
2026/06/09 17:15:01,0.0,2739,61909,0
2026/06/09 17:15:06,0.4,2739,61909,0
2026/06/09 17:15:10,0.2,2739,61909,0
2026/06/09 17:15:15,0.1,2739,61909,0
2026/06/09 17:15:19,0.2,2739,61909,0
2026/06/09 17:15:24,0.1,2739,61909,0
2026/06/09 17:15:28,0.2,2739,61909,0
2026/06/09 17:15:33,0.1,2740,61909,0
2026/06/09 17:15:37,0.2,2739,61909,0
2026/06/09 17:15:42,0.2,2739,61909,0
2026/06/09 17:15:46,0.1,2739,61909,0
2026/06/09 17:15:51,0.2,2739,61909,0
2026/06/09 17:15:55,0.2,2738,61909,0
2026/06/09 17:16:00,0.4,2738,61909,0
2026/06/09 17:16:04,0.2,2737,61909,0
2026/06/09 17:16:09,0.5,2737,61909,0
2026/06/09 17:16:13,0.2,2737,61909,0
2026/06/09 17:16:18,0.2,2738,61909,0
2026/06/09 17:16:22,0.1,2738,61909,0
2026/06/09 17:16:27,0.2,2738,61909,0
2026/06/09 17:16:31,0.2,2737,61909,0
2026/06/09 17:16:36,0.1,2736,61909,0
2026/06/09 17:16:40,0.2,2736,61909,0
2026/06/09 17:16:45,0.2,2737,61909,0
2026/06/09 17:16:50,0.1,2737,61909,0
2026/06/09 17:16:54,0.2,2738,61909,0
2026/06/09 17:16:59,0.2,2737,61909,0
2026/06/09 17:17:03,0.2,2737,61909,0
2026/06/09 17:17:08,0.4,2736,61909,0
2026/06/09 17:17:12,0.2,2737,61909,0
2026/06/09 17:17:17,0.1,2737,61909,0
2026/06/09 17:17:21,0.1,2737,61909,0
2026/06/09 17:17:26,0.2,2737,61909,0
2026/06/09 17:17:30,0.1,2737,61909,0
2026/06/09 17:17:35,0.1,2736,61909,0
2026/06/09 17:17:39,0.1,2736,61909,0
2026/06/09 17:17:44,0.2,2736,61909,0
2026/06/09 17:17:48,0.4,2737,61909,0
2026/06/09 17:17:53,0.1,2737,61909,0
2026/06/09 17:17:57,0.2,2737,61909,0
2026/06/09 17:18:02,0.2,2737,61909,0
2026/06/09 17:18:06,0.1,2737,61909,0
2026/06/09 17:18:11,0.2,2737,61909,0
2026/06/09 17:18:15,0.2,2737,61909,0
2026/06/09 17:18:20,0.2,2736,61909,0
2026/06/09 17:18:24,0.1,2736,61909,0
2026/06/09 17:18:29,0.2,2737,61909,0
2026/06/09 17:18:33,0.1,2737,61909,0
2026/06/09 17:18:38,0.1,2738,61909,0
2026/06/09 17:18:42,0.2,2738,61909,0
2026/06/09 17:18:47,0.1,2739,61909,0
2026/06/09 17:18:51,0.2,2740,61909,0
2026/06/09 17:18:56,0.2,2739,61909,0
2026/06/09 17:19:01,0.0,2740,61909,0
2026/06/09 17:19:05,0.2,2739,61909,0
2026/06/09 17:19:10,0.1,2740,61909,0
2026/06/09 17:19:14,0.1,2740,61909,0
2026/06/09 17:19:19,0.1,2740,61909,0
2026/06/09 17:19:23,0.2,2741,61909,0
2026/06/09 17:19:28,0.2,2740,61909,0
2026/06/09 17:19:32,0.1,2740,61909,0
2026/06/09 17:19:37,0.2,2740,61909,0
2026/06/09 17:19:41,0.1,2740,61909,0
2026/06/09 17:19:46,0.1,2740,61909,0
2026/06/09 17:19:50,0.2,2740,61909,0
2026/06/09 17:19:55,0.2,2740,61909,0
2026/06/09 17:19:59,0.2,2740,61909,0
2026/06/09 17:20:04,0.2,2740,61909,0
2026/06/09 17:20:08,0.1,2740,61909,0
2026/06/09 17:20:13,0.2,2740,61909,0
2026/06/09 17:20:17,0.2,2740,61909,0
2026/06/09 17:20:22,0.2,2740,61909,0
2026/06/09 17:20:26,0.1,2740,61909,0
2026/06/09 17:20:31,0.2,2739,61909,0
2026/06/09 17:20:35,0.2,2739,61909,0
2026/06/09 17:20:40,0.2,2739,61909,0
2026/06/09 17:20:44,0.1,2740,61909,0
2026/06/09 17:20:49,0.1,2740,61909,0
2026/06/09 17:20:53,0.2,2739,61909,0
2026/06/09 17:20:58,0.2,2740,61909,0
2026/06/09 17:21:03,0.1,2741,61909,0
2026/06/09 17:21:07,0.2,2741,61909,0
2026/06/09 17:21:12,0.2,2742,61909,0
2026/06/09 17:21:16,0.2,2741,61909,0
2026/06/09 17:21:21,0.1,2742,61909,0
2026/06/09 17:21:25,0.2,2743,61909,0
2026/06/09 17:21:30,0.2,2743,61909,0
2026/06/09 17:21:34,0.1,2743,61909,0
2026/06/09 17:21:39,0.2,2743,61909,0
2026/06/09 17:21:43,0.2,2743,61909,0
2026/06/09 17:21:48,0.1,2742,61909,0
2026/06/09 17:21:52,0.2,2742,61909,0
2026/06/09 17:21:57,0.2,2742,61909,0
2026/06/09 17:22:01,0.2,2743,61909,0
2026/06/09 17:22:06,0.1,2742,61909,0
2026/06/09 17:22:10,0.1,2742,61909,0
2026/06/09 17:22:15,0.2,2741,61909,0
2026/06/09 17:22:19,0.1,2740,61909,0
2026/06/09 17:22:24,0.2,2739,61909,0
2026/06/09 17:22:28,0.1,2740,61909,0
2026/06/09 17:22:33,0.2,2739,61909,0
2026/06/09 17:22:37,0.2,2740,61909,0
2026/06/09 17:22:42,0.2,2739,61909,0
2026/06/09 17:22:46,0.2,2738,61909,0
2026/06/09 17:22:51,0.1,2737,61909,0
2026/06/09 17:22:55,0.4,2737,61909,0
2026/06/09 17:23:00,0.1,2737,61909,0
2026/06/09 17:23:04,0.2,2737,61909,0
2026/06/09 17:23:09,0.2,2737,61909,0
2026/06/09 17:23:14,0.2,2736,61909,0
2026/06/09 17:23:18,0.4,2737,61909,0
2026/06/09 17:23:23,0.1,2736,61909,0
2026/06/09 17:23:27,0.1,2736,61909,0
2026/06/09 17:23:32,0.2,2736,61909,0
2026/06/09 17:23:36,0.2,2737,61909,0
2026/06/09 17:23:41,0.1,2737,61909,0
2026/06/09 17:23:45,0.2,2737,61909,0
2026/06/09 17:23:50,0.2,2736,61909,0
2026/06/09 17:23:54,0.1,2736,61909,0
2026/06/09 17:23:59,0.2,2737,61909,0
2026/06/09 17:24:03,0.2,2737,61909,0
2026/06/09 17:24:08,0.1,2737,61909,0
2026/06/09 17:24:12,0.2,2736,61909,0
2026/06/09 17:24:17,0.1,2735,61909,0
2026/06/09 17:24:21,0.2,2736,61909,0
2026/06/09 17:24:26,0.1,2736,61909,0
2026/06/09 17:24:30,0.1,2736,61909,0
2026/06/09 17:24:35,0.2,2736,61909,0
2026/06/09 17:24:39,0.2,2736,61909,0
2026/06/09 17:24:44,0.4,2735,61909,0
2026/06/09 17:24:48,0.2,2735,61909,0
2026/06/09 17:24:53,0.2,2735,61909,0
2026/06/09 17:24:57,0.2,2735,61909,0
2026/06/09 17:25:02,0.2,2736,61909,0
2026/06/09 17:25:06,0.2,2736,61909,0
2026/06/09 17:25:11,0.2,2736,61909,0
2026/06/09 17:25:15,0.2,2736,61909,0
2026/06/09 17:25:20,0.4,2737,61909,0
2026/06/09 17:25:25,0.2,2737,61909,0
2026/06/09 17:25:29,0.1,2737,61909,0
2026/06/09 17:25:34,0.2,2736,61909,0
2026/06/09 17:25:38,0.2,2736,61909,0
2026/06/09 17:25:43,0.0,2735,61909,0
2026/06/09 17:25:47,0.4,2735,61909,0
2026/06/09 17:25:52,0.4,2736,61909,0
2026/06/09 17:25:56,0.2,2736,61909,0
2026/06/09 17:26:01,0.1,2736,61909,0
2026/06/09 17:26:05,0.1,2737,61909,0
2026/06/09 17:26:10,0.2,2738,61909,0
2026/06/09 17:26:14,0.1,2738,61909,0
2026/06/09 17:26:19,0.2,2737,61909,0
2026/06/09 17:26:23,0.1,2738,61909,0
2026/06/09 17:26:28,0.2,2738,61909,0
2026/06/09 17:26:32,0.2,2736,61909,0
2026/06/09 17:26:37,0.4,2736,61909,0
2026/06/09 17:26:41,0.1,2734,61909,0
2026/06/09 17:26:46,0.2,2733,61909,0
2026/06/09 17:26:50,0.2,2733,61909,0
2026/06/09 17:26:55,0.2,2733,61909,0
2026/06/09 17:26:59,0.2,2734,61909,0
2026/06/09 17:27:04,0.2,2733,61909,0
2026/06/09 17:27:08,0.2,2734,61909,0
2026/06/09 17:27:13,0.2,2734,61909,0
2026/06/09 17:27:17,0.2,2734,61909,0
2026/06/09 17:27:22,0.1,2735,61909,0
2026/06/09 17:27:27,0.1,2735,61909,0
2026/06/09 17:27:31,0.2,2736,61909,0
2026/06/09 17:27:36,0.1,2736,61909,0
2026/06/09 17:27:40,0.1,2736,61909,0
2026/06/09 17:27:45,0.2,2736,61909,0
2026/06/09 17:27:49,0.2,2736,61909,0
2026/06/09 17:27:54,0.1,2736,61909,0
2026/06/09 17:27:58,0.2,2736,61909,0
2026/06/09 17:28:03,0.4,2735,61909,0
2026/06/09 17:28:07,0.2,2735,61909,0
2026/06/09 17:28:12,0.2,2735,61909,0
2026/06/09 17:28:16,0.4,2734,61909,0
2026/06/09 17:28:21,0.2,2735,61909,0
2026/06/09 17:28:25,0.2,2735,61909,0
2026/06/09 17:28:30,0.2,2735,61909,0
2026/06/09 17:28:34,0.1,2735,61909,0
2026/06/09 17:28:39,0.2,2735,61909,0
2026/06/09 17:28:43,0.1,2735,61909,0
2026/06/09 17:28:48,0.2,2735,61909,0
2026/06/09 17:28:52,0.1,2736,61909,0
2026/06/09 17:28:57,0.2,2735,61909,0
2026/06/09 17:29:01,0.2,2735,61909,0
2026/06/09 17:29:06,0.2,2735,61909,0
2026/06/09 17:29:10,0.2,2735,61909,0
2026/06/09 17:29:15,0.2,2735,61909,0
2026/06/09 17:29:19,0.4,2735,61909,0
2026/06/09 17:29:24,0.2,2734,61909,0
2026/06/09 17:29:28,0.2,2734,61909,0
2026/06/09 17:29:33,0.2,2734,61909,0
2026/06/09 17:29:38,0.2,2734,61909,0
2026/06/09 17:29:42,0.1,2734,61909,0
2026/06/09 17:29:47,0.1,2734,61909,0
2026/06/09 17:29:51,0.2,2735,61909,0
2026/06/09 17:29:56,0.2,2734,61909,0
2026/06/09 17:30:00,0.1,2734,61909,0
2026/06/09 17:30:05,0.2,2734,61909,0
2026/06/09 17:30:09,0.4,2733,61909,0
2026/06/09 17:30:14,0.1,2733,61909,0
2026/06/09 17:30:18,0.2,2733,61909,0
2026/06/09 17:30:23,0.1,2753,61909,0
2026/06/09 17:30:27,0.2,2739,61909,0
2026/06/09 17:30:32,6.7,2772,61909,0
2026/06/09 17:30:36,0.6,2783,61909,0
2026/06/09 17:30:41,0.7,2787,61909,0
2026/06/09 17:30:45,0.4,2786,61909,0
2026/06/09 17:30:50,0.4,2783,61909,0
2026/06/09 17:30:54,0.2,2783,61909,0
2026/06/09 17:30:59,0.2,2782,61909,0
2026/06/09 17:31:03,0.5,2779,61909,0
2026/06/09 17:31:08,0.5,2778,61909,0
2026/06/09 17:31:12,0.2,2778,61909,0
2026/06/09 17:31:17,0.1,2778,61909,0
2026/06/09 17:31:21,0.2,2778,61909,0
2026/06/09 17:31:26,0.4,2777,61909,0
2026/06/09 17:31:30,0.4,2777,61909,0
2026/06/09 17:31:35,0.2,2778,61909,0
2026/06/09 17:31:39,0.4,2777,61909,0
2026/06/09 17:31:44,0.4,2777,61909,0
2026/06/09 17:31:49,0.5,2777,61909,0
2026/06/09 17:31:53,0.2,2776,61909,0
2026/06/09 17:31:58,0.4,2777,61909,0
2026/06/09 17:32:02,5.7,2968,61909,0
2026/06/09 17:32:07,6.6,3355,61909,0
2026/06/09 17:32:11,6.6,3532,61909,0
2026/06/09 17:32:16,6.2,3265,61909,0
2026/06/09 17:32:20,0.2,2816,61909,0
2026/06/09 17:32:25,0.2,2799,61909,0
2026/06/09 17:32:29,0.4,2790,61909,0
2026/06/09 17:32:34,0.2,2783,61909,0
2026/06/09 17:32:38,0.1,2777,61909,0
2026/06/09 17:32:43,0.1,2777,61909,0
2026/06/09 17:32:47,0.1,2777,61909,0
2026/06/09 17:32:52,0.4,2777,61909,0
2026/06/09 17:32:56,0.2,2777,61909,0
2026/06/09 17:33:01,0.2,2777,61909,0
2026/06/09 17:33:05,0.2,2777,61909,0
2026/06/09 17:33:10,0.1,2778,61909,0
2026/06/09 17:33:14,0.2,2778,61909,0
2026/06/09 17:33:19,0.2,2778,61909,0
2026/06/09 17:33:23,0.4,2778,61909,0
2026/06/09 17:33:28,0.2,2778,61909,0
2026/06/09 17:33:32,0.2,2778,61909,0
2026/06/09 17:33:37,0.2,2778,61909,0
2026/06/09 17:33:41,0.1,2778,61909,0
2026/06/09 17:33:46,0.2,2778,61909,0
2026/06/09 17:33:50,0.1,2778,61909,0
2026/06/09 17:33:55,0.2,2778,61909,0
2026/06/09 17:34:00,0.1,2779,61909,0
2026/06/09 17:34:04,0.2,2779,61909,0
2026/06/09 17:34:09,0.2,2779,61909,0
2026/06/09 17:34:13,0.1,2779,61909,0
2026/06/09 17:34:18,0.1,2780,61909,0
2026/06/09 17:34:22,0.0,2780,61909,0
2026/06/09 17:34:27,0.2,2779,61909,0
2026/06/09 17:34:31,0.2,2779,61909,0
2026/06/09 17:34:36,0.2,2780,61909,0
2026/06/09 17:34:40,0.2,2780,61909,0
2026/06/09 17:34:45,0.1,2780,61909,0
2026/06/09 17:34:49,0.1,2781,61909,0
2026/06/09 17:34:54,0.2,2780,61909,0
2026/06/09 17:34:58,0.2,2780,61909,0
2026/06/09 17:35:03,0.2,2781,61909,0
2026/06/09 17:35:07,0.2,2781,61909,0
2026/06/09 17:35:12,0.0,2780,61909,0
2026/06/09 17:35:16,0.2,2781,61909,0
2026/06/09 17:35:21,0.2,2780,61909,0
2026/06/09 17:35:25,0.1,2781,61909,0
2026/06/09 17:35:30,0.2,2781,61909,0
2026/06/09 17:35:34,0.2,2780,61909,0
2026/06/09 17:35:39,0.2,2780,61909,0
2026/06/09 17:35:43,0.1,2781,61909,0
2026/06/09 17:35:48,0.0,2780,61909,0
2026/06/09 17:35:52,0.2,2781,61909,0
2026/06/09 17:35:57,0.2,2781,61909,0
2026/06/09 17:36:02,0.1,2780,61909,0
2026/06/09 17:36:06,0.4,2779,61909,0
2026/06/09 17:36:11,0.1,2779,61909,0
2026/06/09 17:36:15,0.1,2778,61909,0
2026/06/09 17:36:20,0.1,2777,61909,0
2026/06/09 17:36:24,0.2,2778,61909,0
2026/06/09 17:36:29,0.2,2777,61909,0
2026/06/09 17:36:33,0.2,2778,61909,0
2026/06/09 17:36:38,0.2,2776,61909,0
2026/06/09 17:36:42,0.1,2776,61909,0
2026/06/09 17:36:47,0.2,2776,61909,0
2026/06/09 17:36:51,0.1,2776,61909,0
2026/06/09 17:36:56,0.2,2776,61909,0
2026/06/09 17:37:00,0.1,2777,61909,0
2026/06/09 17:37:05,0.2,2777,61909,0
2026/06/09 17:37:09,0.2,2777,61909,0
2026/06/09 17:37:14,0.2,2778,61909,0
2026/06/09 17:37:18,0.2,2778,61909,0
2026/06/09 17:37:23,0.1,2778,61909,0
2026/06/09 17:37:27,0.2,2779,61909,0
2026/06/09 17:37:32,0.2,2779,61909,0
2026/06/09 17:37:36,0.1,2779,61909,0
2026/06/09 17:37:41,0.1,2779,61909,0
2026/06/09 17:37:45,0.1,2779,61909,0
2026/06/09 17:37:50,0.2,2778,61909,0
2026/06/09 17:37:54,0.2,2778,61909,0
2026/06/09 17:37:59,0.1,2777,61909,0
2026/06/09 17:38:03,0.4,2778,61909,0
2026/06/09 17:38:08,0.2,2777,61909,0
2026/06/09 17:38:13,0.2,2778,61909,0
2026/06/09 17:38:17,0.1,2777,61909,0
2026/06/09 17:38:22,0.0,2778,61909,0
2026/06/09 17:38:26,0.2,2778,61909,0
2026/06/09 17:38:31,0.2,2778,61909,0
2026/06/09 17:38:35,0.2,2776,61909,0
2026/06/09 17:38:40,0.2,2777,61909,0
2026/06/09 17:38:44,0.1,2777,61909,0
2026/06/09 17:38:49,0.2,2777,61909,0
2026/06/09 17:38:53,0.2,2778,61909,0
2026/06/09 17:38:58,0.2,2778,61909,0
2026/06/09 17:39:02,0.4,2777,61909,0
2026/06/09 17:39:07,0.2,2776,61909,0
2026/06/09 17:39:11,0.2,2777,61909,0
2026/06/09 17:39:16,0.2,2777,61909,0
2026/06/09 17:39:20,0.2,2778,61909,0
2026/06/09 17:39:25,0.2,2777,61909,0
2026/06/09 17:39:29,0.2,2778,61909,0
2026/06/09 17:39:34,0.4,2778,61909,0
2026/06/09 17:39:38,0.4,2778,61909,0
2026/06/09 17:39:43,0.2,2778,61909,0
2026/06/09 17:39:47,0.2,2779,61909,0
2026/06/09 17:39:52,0.1,2779,61909,0
2026/06/09 17:39:56,0.1,2779,61909,0
2026/06/09 17:40:01,0.6,2779,61909,0
2026/06/09 17:40:05,0.1,2780,61909,0
2026/06/09 17:40:10,0.0,2780,61909,0
2026/06/09 17:40:14,0.1,2779,61909,0
2026/06/09 17:40:19,0.4,2779,61909,0
2026/06/09 17:40:24,0.2,2780,61909,0
2026/06/09 17:40:28,0.2,2779,61909,0
2026/06/09 17:40:33,0.2,2779,61909,0
2026/06/09 17:40:37,0.1,2779,61909,0
2026/06/09 17:40:42,0.1,2780,61909,0
2026/06/09 17:40:46,0.2,2780,61909,0
2026/06/09 17:40:51,0.2,2779,61909,0
2026/06/09 17:40:55,0.2,2779,61909,0
2026/06/09 17:41:00,0.4,2779,61909,0
2026/06/09 17:41:04,0.2,2778,61909,0
2026/06/09 17:41:09,0.1,2778,61909,0
2026/06/09 17:41:13,0.1,2777,61909,0
2026/06/09 17:41:18,0.2,2778,61909,0
2026/06/09 17:41:22,0.2,2778,61909,0
2026/06/09 17:41:27,0.2,2778,61909,0
2026/06/09 17:41:31,0.2,2778,61909,0
2026/06/09 17:41:36,0.1,2779,61909,0
2026/06/09 17:41:40,0.1,2779,61909,0
2026/06/09 17:41:45,0.1,2779,61909,0
2026/06/09 17:41:49,0.2,2778,61909,0
2026/06/09 17:41:54,0.4,2778,61909,0
2026/06/09 17:41:58,0.1,2778,61909,0
2026/06/09 17:42:03,0.1,2778,61909,0
2026/06/09 17:42:07,0.1,2779,61909,0
2026/06/09 17:42:12,0.2,2779,61909,0
2026/06/09 17:42:16,0.2,2779,61909,0
2026/06/09 17:42:21,0.1,2779,61909,0
2026/06/09 17:42:26,0.2,2780,61909,0
2026/06/09 17:42:30,0.1,2780,61909,0
2026/06/09 17:42:35,0.1,2780,61909,0
2026/06/09 17:42:39,0.4,2780,61909,0
2026/06/09 17:42:44,0.2,2779,61909,0
2026/06/09 17:42:48,0.2,2779,61909,0
2026/06/09 17:42:53,0.2,2779,61909,0
2026/06/09 17:42:57,0.2,2779,61909,0
2026/06/09 17:43:02,0.2,2779,61909,0
2026/06/09 17:43:06,0.2,2779,61909,0
2026/06/09 17:43:11,0.2,2779,61909,0
2026/06/09 17:43:15,0.1,2779,61909,0
2026/06/09 17:43:20,0.2,2780,61909,0
2026/06/09 17:43:24,0.1,2780,61909,0
2026/06/09 17:43:29,0.2,2780,61909,0
2026/06/09 17:43:33,0.1,2780,61909,0
2026/06/09 17:43:38,0.1,2780,61909,0
2026/06/09 17:43:42,0.1,2780,61909,0
2026/06/09 17:43:47,0.1,2780,61909,0
2026/06/09 17:43:51,0.2,2781,61909,0
2026/06/09 17:43:56,0.2,2781,61909,0
2026/06/09 17:44:00,0.2,2781,61909,0
2026/06/09 17:44:05,0.1,2778,61909,0
2026/06/09 17:44:09,0.2,2778,61909,0
2026/06/09 17:44:14,0.4,2779,61909,0
2026/06/09 17:44:18,0.4,2779,61909,0
2026/06/09 17:44:23,0.2,2779,61909,0
2026/06/09 17:44:27,0.2,2779,61909,0
2026/06/09 17:44:32,0.2,2779,61909,0
2026/06/09 17:44:37,0.2,2781,61909,0
2026/06/09 17:44:41,0.2,2781,61909,0
2026/06/09 17:44:46,0.2,2781,61909,0
2026/06/09 17:44:50,0.2,2781,61909,0
2026/06/09 17:44:55,0.2,2779,61909,0
2026/06/09 17:44:59,0.1,2780,61909,0
2026/06/09 17:45:04,0.1,2780,61909,0
2026/06/09 17:45:08,0.2,2781,61909,0
2026/06/09 17:45:13,0.4,2780,61909,0
2026/06/09 17:45:17,0.1,2780,61909,0
2026/06/09 17:45:22,0.1,2780,61909,0
2026/06/09 17:45:26,0.2,2780,61909,0
2026/06/09 17:45:31,0.4,2780,61909,0
2026/06/09 17:45:35,0.2,2781,61909,0
2026/06/09 17:45:40,0.2,2781,61909,0
2026/06/09 17:45:44,0.1,2782,61909,0
2026/06/09 17:45:49,0.4,2781,61909,0
2026/06/09 17:45:53,0.1,2782,61909,0
2026/06/09 17:45:58,0.2,2782,61909,0
2026/06/09 17:46:02,0.1,2781,61909,0
2026/06/09 17:46:07,0.1,2781,61909,0
2026/06/09 17:46:11,0.2,2781,61909,0
2026/06/09 17:46:16,0.2,2781,61909,0
2026/06/09 17:46:20,0.2,2781,61909,0
2026/06/09 17:46:25,0.1,2781,61909,0
2026/06/09 17:46:29,0.2,2781,61909,0
2026/06/09 17:46:34,0.2,2780,61909,0
2026/06/09 17:46:38,0.4,2781,61909,0
2026/06/09 17:46:43,0.2,2781,61909,0
2026/06/09 17:46:48,0.0,2781,61909,0
2026/06/09 17:46:52,0.2,2781,61909,0
2026/06/09 17:46:57,0.2,2781,61909,0
2026/06/09 17:47:01,0.4,2781,61909,0
2026/06/09 17:47:06,0.2,2782,61909,0
2026/06/09 17:47:10,0.2,2782,61909,0
2026/06/09 17:47:15,0.2,2781,61909,0
2026/06/09 17:47:19,0.1,2780,61909,0
2026/06/09 17:47:24,0.2,2781,61909,0
2026/06/09 17:47:28,0.2,2781,61909,0
2026/06/09 17:47:33,0.1,2781,61909,0
2026/06/09 17:47:37,0.1,2782,61909,0
2026/06/09 17:47:42,0.1,2783,61909,0
2026/06/09 17:47:46,0.4,2783,61909,0
2026/06/09 17:47:51,0.4,2783,61909,0
2026/06/09 17:47:55,0.2,2782,61909,0
2026/06/09 17:48:00,0.1,2782,61909,0
2026/06/09 17:48:04,0.1,2782,61909,0
2026/06/09 17:48:09,0.2,2783,61909,0
2026/06/09 17:48:13,0.1,2783,61909,0
2026/06/09 17:48:18,0.2,2783,61909,0
2026/06/09 17:48:22,0.2,2783,61909,0
2026/06/09 17:48:27,0.4,2783,61909,0
2026/06/09 17:48:31,0.1,2783,61909,0
2026/06/09 17:48:36,0.1,2783,61909,0
2026/06/09 17:48:40,0.4,2783,61909,0
2026/06/09 17:48:45,0.2,2783,61909,0
2026/06/09 17:48:49,0.1,2782,61909,0
2026/06/09 17:48:54,0.2,2783,61909,0
2026/06/09 17:48:59,0.4,2782,61909,0
2026/06/09 17:49:03,0.1,2782,61909,0
2026/06/09 17:49:08,0.5,2782,61909,0
2026/06/09 17:49:12,0.1,2782,61909,0
2026/06/09 17:49:17,0.4,2782,61909,0
2026/06/09 17:49:21,0.2,2782,61909,0
2026/06/09 17:49:26,0.1,2782,61909,0
2026/06/09 17:49:30,0.1,2782,61909,0
2026/06/09 17:49:35,0.1,2781,61909,0
2026/06/09 17:49:39,0.2,2780,61909,0
2026/06/09 17:49:44,0.2,2780,61909,0
2026/06/09 17:49:48,0.1,2780,61909,0
2026/06/09 17:49:53,0.1,2780,61909,0
2026/06/09 17:49:57,0.1,2780,61909,0
2026/06/09 17:50:02,0.1,2780,61909,0
2026/06/09 17:50:06,0.2,2780,61909,0
2026/06/09 17:50:11,0.2,2780,61909,0
2026/06/09 17:50:15,0.2,2781,61909,0
2026/06/09 17:50:20,0.1,2781,61909,0
2026/06/09 17:50:24,0.4,2780,61909,0
2026/06/09 17:50:29,0.4,2780,61909,0
2026/06/09 17:50:33,0.4,2781,61909,0
2026/06/09 17:50:38,0.4,2780,61909,0
2026/06/09 17:50:42,0.2,2780,61909,0
2026/06/09 17:50:47,0.4,2780,61909,0
2026/06/09 17:50:51,0.1,2780,61909,0
2026/06/09 17:50:56,0.1,2779,61909,0
2026/06/09 17:51:01,0.2,2801,61909,0
2026/06/09 17:51:05,0.2,2785,61909,0
2026/06/09 17:51:10,0.2,2779,61909,0
2026/06/09 17:51:14,0.2,2778,61909,0
2026/06/09 17:51:19,0.2,2778,61909,0
2026/06/09 17:51:23,0.2,2778,61909,0
2026/06/09 17:51:28,0.1,2777,61909,0
2026/06/09 17:51:32,0.1,2777,61909,0
2026/06/09 17:51:37,0.2,2777,61909,0
2026/06/09 17:51:41,0.2,2777,61909,0
2026/06/09 17:51:46,0.1,2777,61909,0
2026/06/09 17:51:50,0.2,2777,61909,0
2026/06/09 17:51:55,0.2,2777,61909,0
2026/06/09 17:51:59,0.2,2778,61909,0
2026/06/09 17:52:04,0.1,2778,61909,0
2026/06/09 17:52:08,0.2,2777,61909,0
2026/06/09 17:52:13,0.1,2778,61909,0
2026/06/09 17:52:17,0.2,2777,61909,0
2026/06/09 17:52:22,3.7,2859,61909,0
2026/06/09 17:52:26,0.2,2811,61909,0
2026/06/09 17:52:31,0.4,2790,61909,0
2026/06/09 17:52:35,0.2,2784,61909,0
2026/06/09 17:52:40,0.1,2780,61909,0
2026/06/09 17:52:44,0.2,2778,61909,0
2026/06/09 17:52:49,0.4,2778,61909,0
2026/06/09 17:52:53,0.4,2777,61909,0
2026/06/09 17:52:58,0.2,2778,61909,0
2026/06/09 17:53:02,0.1,2777,61909,0
2026/06/09 17:53:07,0.2,2776,61909,0
2026/06/09 17:53:12,0.1,2777,61909,0
2026/06/09 17:53:16,0.1,2777,61909,0
2026/06/09 17:53:21,0.2,2777,61909,0
2026/06/09 17:53:25,0.2,2778,61909,0
2026/06/09 17:53:30,0.1,2777,61909,0
2026/06/09 17:53:34,0.2,2777,61909,0
2026/06/09 17:53:39,0.2,2777,61909,0
2026/06/09 17:53:43,0.4,2776,61909,0
2026/06/09 17:53:48,0.1,2776,61909,0
2026/06/09 17:53:52,0.2,2776,61909,0
2026/06/09 17:53:57,0.2,2776,61909,0
2026/06/09 17:54:01,0.2,2776,61909,0
2026/06/09 17:54:06,0.2,2775,61909,0
2026/06/09 17:54:10,0.4,2774,61909,0
2026/06/09 17:54:15,0.1,2774,61909,0
2026/06/09 17:54:19,0.4,2773,61909,0
2026/06/09 17:54:24,0.2,2774,61909,0
2026/06/09 17:54:28,0.1,2774,61909,0
2026/06/09 17:54:33,0.1,2775,61909,0
2026/06/09 17:54:37,0.2,2775,61909,0
2026/06/09 17:54:42,0.1,2775,61909,0
2026/06/09 17:54:46,0.2,2775,61909,0
2026/06/09 17:54:51,0.1,2774,61909,0
2026/06/09 17:54:55,0.2,2774,61909,0
2026/06/09 17:55:00,0.1,2774,61909,0
2026/06/09 17:55:04,0.2,2774,61909,0
2026/06/09 17:55:09,0.4,2773,61909,0
2026/06/09 17:55:13,0.2,2773,61909,0
2026/06/09 17:55:18,0.0,2774,61909,0
2026/06/09 17:55:23,0.1,2774,61909,0
2026/06/09 17:55:27,0.5,2774,61909,0
2026/06/09 17:55:32,0.2,2774,61909,0
2026/06/09 17:55:36,0.2,2773,61909,0
2026/06/09 17:55:41,0.4,2774,61909,0
2026/06/09 17:55:45,0.2,2774,61909,0
2026/06/09 17:55:50,0.2,2775,61909,0
2026/06/09 17:55:54,0.2,2774,61909,0
2026/06/09 17:55:59,0.2,2774,61909,0
2026/06/09 17:56:03,0.4,2774,61909,0
2026/06/09 17:56:08,0.2,2774,61909,0
2026/06/09 17:56:12,0.2,2775,61909,0
2026/06/09 17:56:17,0.1,2775,61909,0
2026/06/09 17:56:21,0.1,2775,61909,0
2026/06/09 17:56:26,0.1,2774,61909,0
2026/06/09 17:56:30,0.2,2774,61909,0
2026/06/09 17:56:35,0.1,2774,61909,0
2026/06/09 17:56:39,0.2,2774,61909,0
2026/06/09 17:56:44,0.2,2775,61909,0
2026/06/09 17:56:48,0.1,2774,61909,0
2026/06/09 17:56:53,0.0,2775,61909,0
2026/06/09 17:56:57,0.1,2776,61909,0
2026/06/09 17:57:02,0.2,2775,61909,0
2026/06/09 17:57:06,0.2,2775,61909,0
2026/06/09 17:57:11,0.2,2775,61909,0
2026/06/09 17:57:15,0.2,2776,61909,0
2026/06/09 17:57:20,0.1,2776,61909,0
2026/06/09 17:57:25,0.2,2776,61909,0
2026/06/09 17:57:29,0.2,2775,61909,0
2026/06/09 17:57:34,0.1,2774,61909,0
2026/06/09 17:57:38,0.2,2774,61909,0
2026/06/09 17:57:43,0.2,2774,61909,0
2026/06/09 17:57:47,0.2,2774,61909,0
2026/06/09 17:57:52,0.1,2774,61909,0
2026/06/09 17:57:56,0.2,2775,61909,0
2026/06/09 17:58:01,0.1,2775,61909,0
2026/06/09 17:58:05,0.4,2775,61909,0
2026/06/09 17:58:10,0.2,2774,61909,0
2026/06/09 17:58:14,0.2,2774,61909,0
2026/06/09 17:58:19,0.2,2775,61909,0
2026/06/09 17:58:23,0.2,2775,61909,0
2026/06/09 17:58:28,0.2,2775,61909,0
2026/06/09 17:58:32,0.1,2776,61909,0
2026/06/09 17:58:37,0.0,2777,61909,0
2026/06/09 17:58:41,0.2,2776,61909,0
2026/06/09 17:58:46,0.1,2777,61909,0
2026/06/09 17:58:50,0.2,2777,61909,0
2026/06/09 17:58:55,0.2,2777,61909,0
2026/06/09 17:58:59,0.4,2776,61909,0
2026/06/09 17:59:04,0.2,2776,61909,0
2026/06/09 17:59:08,0.2,2776,61909,0
2026/06/09 17:59:13,0.4,2776,61909,0
2026/06/09 17:59:17,0.1,2776,61909,0
2026/06/09 17:59:22,0.2,2776,61909,0
2026/06/09 17:59:26,0.2,2776,61909,0
2026/06/09 17:59:31,0.4,2776,61909,0
2026/06/09 17:59:36,0.1,2777,61909,0
2026/06/09 17:59:40,0.1,2777,61909,0
2026/06/09 17:59:45,0.1,2776,61909,0
2026/06/09 17:59:49,0.1,2776,61909,0
2026/06/09 17:59:54,0.0,2776,61909,0
2026/06/09 17:59:58,0.2,2776,61909,0
2026/06/09 18:00:03,0.1,2776,61909,0
2026/06/09 18:00:07,0.2,2775,61909,0
2026/06/09 18:00:12,0.2,2776,61909,0
2026/06/09 18:00:16,0.4,2775,61909,0
2026/06/09 18:00:21,0.1,2775,61909,0
2026/06/09 18:00:25,0.2,2775,61909,0
2026/06/09 18:00:30,0.2,2775,61909,0
2026/06/09 18:00:34,0.2,2775,61909,0
2026/06/09 18:00:39,0.2,2775,61909,0
2026/06/09 18:00:43,0.2,2775,61909,0
2026/06/09 18:00:48,0.1,2776,61909,0
2026/06/09 18:00:52,0.1,2776,61909,0
2026/06/09 18:00:57,0.1,2776,61909,0
2026/06/09 18:01:01,0.2,2776,61909,0
2026/06/09 18:01:06,0.2,2775,61909,0
2026/06/09 18:01:10,0.1,2775,61909,0
2026/06/09 18:01:15,0.1,2774,61909,0
2026/06/09 18:01:19,0.4,2774,61909,0
2026/06/09 18:01:24,0.2,2773,61909,0
2026/06/09 18:01:28,0.2,2774,61909,0
2026/06/09 18:01:33,0.2,2774,61909,0
2026/06/09 18:01:37,0.2,2774,61909,0
2026/06/09 18:01:42,0.1,2774,61909,0
2026/06/09 18:01:47,0.2,2775,61909,0
2026/06/09 18:01:51,0.2,2775,61909,0
2026/06/09 18:01:56,0.2,2775,61909,0
2026/06/09 18:02:00,0.4,2774,61909,0
2026/06/09 18:02:05,0.2,2774,61909,0
2026/06/09 18:02:09,0.2,2774,61909,0
2026/06/09 18:02:14,0.1,2773,61909,0
2026/06/09 18:02:18,0.4,2773,61909,0
2026/06/09 18:02:23,0.1,2773,61909,0
2026/06/09 18:02:27,0.1,2774,61909,0
2026/06/09 18:02:32,0.2,2773,61909,0
2026/06/09 18:02:36,0.1,2773,61909,0
2026/06/09 18:02:41,0.2,2774,61909,0
2026/06/09 18:02:45,0.1,2774,61909,0
2026/06/09 18:02:50,0.2,2773,61909,0
2026/06/09 18:02:54,0.1,2774,61909,0
2026/06/09 18:02:59,0.4,2774,61909,0
2026/06/09 18:03:03,0.4,2774,61909,0
2026/06/09 18:03:08,0.2,2774,61909,0
2026/06/09 18:03:12,0.1,2775,61909,0
2026/06/09 18:03:17,0.2,2775,61909,0
2026/06/09 18:03:21,0.2,2775,61909,0
2026/06/09 18:03:26,0.4,2775,61909,0
2026/06/09 18:03:30,0.2,2775,61909,0
2026/06/09 18:03:35,0.2,2775,61909,0
2026/06/09 18:03:39,0.1,2775,61909,0
2026/06/09 18:03:44,0.2,2774,61909,0
2026/06/09 18:03:49,0.1,2774,61909,0
2026/06/09 18:03:53,0.2,2773,61909,0
2026/06/09 18:03:58,0.2,2773,61909,0
2026/06/09 18:04:02,0.1,2773,61909,0
2026/06/09 18:04:07,0.2,2772,61909,0
2026/06/09 18:04:11,0.2,2773,61909,0
2026/06/09 18:04:16,0.2,2773,61909,0
2026/06/09 18:04:20,0.2,2773,61909,0
2026/06/09 18:04:25,0.2,2773,61909,0
2026/06/09 18:04:29,0.4,2773,61909,0
2026/06/09 18:04:34,0.4,2773,61909,0
2026/06/09 18:04:38,0.4,2773,61909,0
2026/06/09 18:04:43,0.4,2773,61909,0
2026/06/09 18:04:47,0.2,2773,61909,0
2026/06/09 18:04:52,0.1,2772,61909,0
2026/06/09 18:04:56,0.2,2773,61909,0
2026/06/09 18:05:01,0.2,2772,61909,0
2026/06/09 18:05:05,0.2,2773,61909,0
2026/06/09 18:05:10,0.1,2773,61909,0
2026/06/09 18:05:14,0.2,2773,61909,0
2026/06/09 18:05:19,0.2,2773,61909,0
2026/06/09 18:05:23,0.2,2773,61909,0
2026/06/09 18:05:28,0.0,2773,61909,0
2026/06/09 18:05:32,0.2,2774,61909,0
2026/06/09 18:05:37,0.2,2773,61909,0
2026/06/09 18:05:41,0.2,2773,61909,0
2026/06/09 18:05:46,0.1,2773,61909,0
2026/06/09 18:05:50,0.1,2773,61909,0
2026/06/09 18:05:55,0.2,2773,61909,0
2026/06/09 18:06:00,0.1,2772,61909,0
2026/06/09 18:06:04,0.1,2773,61909,0
2026/06/09 18:06:09,0.2,2773,61909,0
2026/06/09 18:06:13,0.2,2772,61909,0
2026/06/09 18:06:18,0.4,2772,61909,0
2026/06/09 18:06:22,0.2,2771,61909,0
2026/06/09 18:06:27,0.2,2773,61909,0
2026/06/09 18:06:31,0.1,2773,61909,0
2026/06/09 18:06:36,0.2,2771,61909,0
2026/06/09 18:06:40,0.2,2771,61909,0
2026/06/09 18:06:45,0.2,2769,61909,0
2026/06/09 18:06:49,0.2,2770,61909,0
2026/06/09 18:06:54,0.2,2770,61909,0
2026/06/09 18:06:58,0.4,2770,61909,0
2026/06/09 18:07:03,0.1,2769,61909,0
2026/06/09 18:07:07,0.2,2769,61909,0
2026/06/09 18:07:12,0.1,2769,61909,0
2026/06/09 18:07:16,0.1,2769,61909,0
2026/06/09 18:07:21,0.1,2770,61909,0
2026/06/09 18:07:25,0.2,2769,61909,0
2026/06/09 18:07:30,0.2,2769,61909,0
2026/06/09 18:07:34,0.1,2769,61909,0
2026/06/09 18:07:39,0.1,2769,61909,0
2026/06/09 18:07:43,0.1,2769,61909,0
2026/06/09 18:07:48,0.4,2770,61909,0
2026/06/09 18:07:52,0.2,2770,61909,0
2026/06/09 18:07:57,0.1,2770,61909,0
2026/06/09 18:08:01,0.2,2770,61909,0
2026/06/09 18:08:06,0.2,2770,61909,0
2026/06/09 18:08:11,0.1,2771,61909,0
2026/06/09 18:08:15,0.4,2771,61909,0
2026/06/09 18:08:20,0.1,2771,61909,0
2026/06/09 18:08:24,0.0,2771,61909,0
2026/06/09 18:08:29,0.1,2771,61909,0
2026/06/09 18:08:33,0.1,2771,61909,0
2026/06/09 18:08:38,0.1,2771,61909,0
2026/06/09 18:08:42,0.4,2772,61909,0
2026/06/09 18:08:47,0.4,2772,61909,0
2026/06/09 18:08:51,0.4,2772,61909,0
2026/06/09 18:08:56,0.2,2771,61909,0
2026/06/09 18:09:00,0.2,2771,61909,0
2026/06/09 18:09:05,0.2,2772,61909,0
2026/06/09 18:09:09,0.2,2771,61909,0
2026/06/09 18:09:14,0.2,2771,61909,0
2026/06/09 18:09:18,0.2,2771,61909,0
2026/06/09 18:09:23,0.1,2772,61909,0
2026/06/09 18:09:27,0.2,2772,61909,0
2026/06/09 18:09:32,0.2,2771,61909,0
2026/06/09 18:09:36,0.2,2771,61909,0
2026/06/09 18:09:41,0.1,2771,61909,0
2026/06/09 18:09:45,0.1,2772,61909,0
2026/06/09 18:09:50,0.4,2771,61909,0
2026/06/09 18:09:54,0.2,2771,61909,0
2026/06/09 18:09:59,0.2,2771,61909,0
2026/06/09 18:10:03,0.4,2772,61909,0
2026/06/09 18:10:08,0.2,2772,61909,0
2026/06/09 18:10:13,0.2,2772,61909,0
2026/06/09 18:10:17,0.2,2773,61909,0
2026/06/09 18:10:22,0.2,2773,61909,0
2026/06/09 18:10:26,0.1,2774,61909,0
2026/06/09 18:10:31,0.1,2775,61909,0
2026/06/09 18:10:35,0.1,2774,61909,0
2026/06/09 18:10:40,0.1,2775,61909,0
2026/06/09 18:10:44,0.2,2775,61909,0
2026/06/09 18:10:49,0.2,2775,61909,0
2026/06/09 18:10:53,0.4,2774,61909,0
2026/06/09 18:10:58,0.2,2774,61909,0
2026/06/09 18:11:02,0.4,2774,61909,0
2026/06/09 18:11:07,0.4,2774,61909,0
2026/06/09 18:11:11,0.4,2774,61909,0
2026/06/09 18:11:16,0.1,2775,61909,0
2026/06/09 18:11:20,0.1,2775,61909,0
2026/06/09 18:11:25,0.4,2775,61909,0
2026/06/09 18:11:29,0.1,2774,61909,0
2026/06/09 18:11:34,0.4,2774,61909,0
2026/06/09 18:11:38,0.1,2775,61909,0
2026/06/09 18:11:43,0.4,2775,61909,0
2026/06/09 18:11:47,0.2,2776,61909,0
2026/06/09 18:11:52,0.2,2775,61909,0
2026/06/09 18:11:56,0.2,2776,61909,0
2026/06/09 18:12:01,0.1,2776,61909,0
2026/06/09 18:12:05,0.2,2776,61909,0
2026/06/09 18:12:10,0.2,2776,61909,0
2026/06/09 18:12:14,0.1,2776,61909,0
2026/06/09 18:12:19,0.2,2776,61909,0
2026/06/09 18:12:24,0.2,2776,61909,0
2026/06/09 18:12:28,0.0,2776,61909,0
2026/06/09 18:12:33,0.1,2777,61909,0
2026/06/09 18:12:37,0.2,2777,61909,0
2026/06/09 18:12:42,0.1,2777,61909,0
2026/06/09 18:12:46,0.2,2776,61909,0
2026/06/09 18:12:51,0.2,2775,61909,0
2026/06/09 18:12:55,0.1,2776,61909,0
2026/06/09 18:13:00,0.2,2776,61909,0
2026/06/09 18:13:04,0.2,2776,61909,0
2026/06/09 18:13:09,0.1,2776,61909,0
2026/06/09 18:13:13,0.2,2775,61909,0
2026/06/09 18:13:18,0.2,2776,61909,0
2026/06/09 18:13:22,0.2,2775,61909,0
2026/06/09 18:13:27,0.2,2776,61909,0
2026/06/09 18:13:31,0.2,2777,61909,0
2026/06/09 18:13:36,0.1,2776,61909,0
2026/06/09 18:13:40,0.2,2776,61909,0
2026/06/09 18:13:45,0.1,2775,61909,0
2026/06/09 18:13:49,0.1,2776,61909,0
2026/06/09 18:13:54,0.2,2775,61909,0
2026/06/09 18:13:58,0.2,2775,61909,0
2026/06/09 18:14:03,0.2,2775,61909,0
2026/06/09 18:14:07,0.2,2775,61909,0
2026/06/09 18:14:12,0.2,2776,61909,0
2026/06/09 18:14:16,0.1,2776,61909,0
2026/06/09 18:14:21,0.1,2775,61909,0
2026/06/09 18:14:25,0.2,2776,61909,0
2026/06/09 18:14:30,0.2,2776,61909,0
2026/06/09 18:14:35,0.1,2776,61909,0
2026/06/09 18:14:39,0.0,2777,61909,0
2026/06/09 18:14:44,0.1,2777,61909,0
2026/06/09 18:14:48,0.2,2777,61909,0
2026/06/09 18:14:53,0.1,2776,61909,0
2026/06/09 18:14:57,0.2,2776,61909,0
2026/06/09 18:15:02,0.2,2775,61909,0
2026/06/09 18:15:06,0.2,2775,61909,0
2026/06/09 18:15:11,0.4,2775,61909,0
2026/06/09 18:15:15,0.2,2774,61909,0
2026/06/09 18:15:20,0.1,2774,61909,0
2026/06/09 18:15:24,0.1,2775,61909,0
2026/06/09 18:15:29,0.1,2775,61909,0
2026/06/09 18:15:33,0.1,2775,61909,0
2026/06/09 18:15:38,0.1,2775,61909,0
2026/06/09 18:15:42,0.1,2776,61909,0
2026/06/09 18:15:47,0.2,2776,61909,0
2026/06/09 18:15:51,0.2,2775,61909,0
2026/06/09 18:15:56,0.2,2775,61909,0
2026/06/09 18:16:00,0.1,2774,61909,0
2026/06/09 18:16:05,0.1,2774,61909,0
2026/06/09 18:16:09,0.1,2772,61909,0
2026/06/09 18:16:14,0.2,2772,61909,0
2026/06/09 18:16:18,0.2,2773,61909,0
2026/06/09 18:16:23,0.1,2772,61909,0
2026/06/09 18:16:27,0.2,2772,61909,0
2026/06/09 18:16:32,0.2,2772,61909,0
2026/06/09 18:16:37,0.4,2771,61909,0
2026/06/09 18:16:41,0.1,2772,61909,0
2026/06/09 18:16:46,0.2,2772,61909,0
2026/06/09 18:16:50,0.2,2772,61909,0
2026/06/09 18:16:55,0.2,2772,61909,0
2026/06/09 18:16:59,0.4,2772,61909,0
2026/06/09 18:17:04,0.2,2772,61909,0
2026/06/09 18:17:08,0.2,2773,61909,0
2026/06/09 18:17:13,0.2,2773,61909,0
2026/06/09 18:17:17,0.1,2773,61909,0
2026/06/09 18:17:22,0.1,2773,61909,0
2026/06/09 18:17:26,0.1,2772,61909,0
2026/06/09 18:17:31,0.2,2772,61909,0
2026/06/09 18:17:35,0.2,2773,61909,0
2026/06/09 18:17:40,0.2,2773,61909,0
2026/06/09 18:17:44,0.2,2772,61909,0
2026/06/09 18:17:49,0.1,2772,61909,0
2026/06/09 18:17:53,0.1,2772,61909,0
2026/06/09 18:17:58,0.2,2773,61909,0
2026/06/09 18:18:02,0.2,2773,61909,0
2026/06/09 18:18:07,0.4,2773,61909,0
2026/06/09 18:18:11,0.1,2772,61909,0
2026/06/09 18:18:16,0.4,2772,61909,0
2026/06/09 18:18:20,0.2,2772,61909,0
2026/06/09 18:18:25,0.4,2772,61909,0
2026/06/09 18:18:29,0.2,2773,61909,0
2026/06/09 18:18:34,0.2,2773,61909,0
2026/06/09 18:18:38,0.2,2773,61909,0
2026/06/09 18:18:43,0.2,2773,61909,0
2026/06/09 18:18:48,0.2,2774,61909,0
2026/06/09 18:18:52,0.2,2773,61909,0
2026/06/09 18:18:57,0.2,2773,61909,0
2026/06/09 18:19:01,0.2,2773,61909,0
2026/06/09 18:19:06,0.2,2773,61909,0
2026/06/09 18:19:10,0.2,2774,61909,0
2026/06/09 18:19:15,0.1,2775,61909,0
2026/06/09 18:19:19,0.5,2775,61909,0
2026/06/09 18:19:24,0.2,2775,61909,0
2026/06/09 18:19:28,0.2,2775,61909,0
2026/06/09 18:19:33,0.1,2775,61909,0
2026/06/09 18:19:37,0.2,2774,61909,0
2026/06/09 18:19:42,0.2,2774,61909,0
2026/06/09 18:19:46,0.1,2775,61909,0
2026/06/09 18:19:51,0.1,2774,61909,0
2026/06/09 18:19:55,0.2,2774,61909,0
2026/06/09 18:20:00,0.2,2774,61909,0
2026/06/09 18:20:04,0.1,2773,61909,0
2026/06/09 18:20:09,0.2,2774,61909,0
2026/06/09 18:20:13,0.1,2774,61909,0
2026/06/09 18:20:18,0.5,2774,61909,0
2026/06/09 18:20:22,0.2,2775,61909,0
2026/06/09 18:20:27,0.1,2775,61909,0
2026/06/09 18:20:31,0.1,2776,61909,0
2026/06/09 18:20:36,0.2,2776,61909,0
2026/06/09 18:20:40,0.1,2775,61909,0
2026/06/09 18:20:45,0.2,2774,61909,0
2026/06/09 18:20:49,0.2,2774,61909,0
2026/06/09 18:20:54,0.2,2773,61909,0
2026/06/09 18:20:59,0.1,2773,61909,0
2026/06/09 18:21:03,0.2,2772,61909,0
2026/06/09 18:21:08,0.2,2771,61909,0
2026/06/09 18:21:12,0.1,2771,61909,0
2026/06/09 18:21:17,0.4,2772,61909,0
2026/06/09 18:21:21,0.4,2773,61909,0
2026/06/09 18:21:26,0.4,2773,61909,0
2026/06/09 18:21:30,0.1,2773,61909,0
2026/06/09 18:21:35,0.1,2773,61909,0
2026/06/09 18:21:39,0.4,2773,61909,0
2026/06/09 18:21:44,0.1,2773,61909,0
2026/06/09 18:21:48,0.2,2772,61909,0
2026/06/09 18:21:53,0.5,2772,61909,0
2026/06/09 18:21:57,0.2,2771,61909,0
2026/06/09 18:22:02,0.2,2772,61909,0
2026/06/09 18:22:06,0.2,2773,61909,0
2026/06/09 18:22:11,0.2,2772,61909,0
2026/06/09 18:22:15,0.2,2772,61909,0
2026/06/09 18:22:20,0.1,2772,61909,0
2026/06/09 18:22:24,0.4,2772,61909,0
2026/06/09 18:22:29,0.4,2773,61909,0
2026/06/09 18:22:33,0.2,2773,61909,0
2026/06/09 18:22:38,0.1,2773,61909,0
2026/06/09 18:22:42,0.2,2773,61909,0
2026/06/09 18:22:47,0.1,2774,61909,0
2026/06/09 18:22:51,0.2,2773,61909,0
2026/06/09 18:22:56,0.1,2773,61909,0
2026/06/09 18:23:01,0.4,2774,61909,0
2026/06/09 18:23:05,0.4,2774,61909,0
2026/06/09 18:23:10,0.2,2774,61909,0
2026/06/09 18:23:14,0.2,2774,61909,0
2026/06/09 18:23:19,0.2,2774,61909,0
2026/06/09 18:23:23,0.4,2773,61909,0
2026/06/09 18:23:28,0.1,2773,61909,0
2026/06/09 18:23:32,0.2,2773,61909,0
2026/06/09 18:23:37,0.1,2773,61909,0
2026/06/09 18:23:41,0.2,2772,61909,0
2026/06/09 18:23:46,0.2,2772,61909,0
2026/06/09 18:23:50,0.1,2772,61909,0
2026/06/09 18:23:55,0.2,2772,61909,0
2026/06/09 18:23:59,0.2,2773,61909,0
2026/06/09 18:24:04,0.1,2774,61909,0
2026/06/09 18:24:08,0.2,2774,61909,0
2026/06/09 18:24:13,0.2,2774,61909,0
2026/06/09 18:24:17,0.1,2774,61909,0
2026/06/09 18:24:22,0.1,2775,61909,0
2026/06/09 18:24:26,0.2,2775,61909,0
2026/06/09 18:24:31,0.1,2775,61909,0
2026/06/09 18:24:35,0.2,2776,61909,0
2026/06/09 18:24:40,0.2,2776,61909,0
2026/06/09 18:24:44,0.2,2776,61909,0
2026/06/09 18:24:49,0.5,2776,61909,0
2026/06/09 18:24:53,0.1,2777,61909,0
2026/06/09 18:24:58,0.1,2776,61909,0
2026/06/09 18:25:02,0.2,2777,61909,0
2026/06/09 18:25:07,0.2,2777,61909,0
2026/06/09 18:25:12,0.2,2777,61909,0
2026/06/09 18:25:16,0.4,2777,61909,0
2026/06/09 18:25:21,0.2,2777,61909,0
2026/06/09 18:25:25,0.2,2778,61909,0
2026/06/09 18:25:30,0.1,2778,61909,0
2026/06/09 18:25:34,0.4,2777,61909,0
2026/06/09 18:25:39,0.2,2778,61909,0
2026/06/09 18:25:43,0.2,2778,61909,0
2026/06/09 18:25:48,0.1,2778,61909,0
2026/06/09 18:25:52,0.2,2777,61909,0
2026/06/09 18:25:57,0.2,2778,61909,0
2026/06/09 18:26:01,0.2,2778,61909,0
2026/06/09 18:26:06,0.1,2777,61909,0
2026/06/09 18:26:10,0.1,2778,61909,0
2026/06/09 18:26:15,0.2,2778,61909,0
2026/06/09 18:26:19,0.4,2777,61909,0
2026/06/09 18:26:24,0.1,2776,61909,0
2026/06/09 18:26:28,0.2,2776,61909,0
2026/06/09 18:26:33,0.2,2775,61909,0
2026/06/09 18:26:37,0.2,2775,61909,0
2026/06/09 18:26:42,0.1,2776,61909,0
2026/06/09 18:26:46,0.1,2776,61909,0
2026/06/09 18:26:51,0.1,2776,61909,0
2026/06/09 18:26:55,0.1,2776,61909,0
2026/06/09 18:27:00,0.1,2775,61909,0
2026/06/09 18:27:04,0.4,2775,61909,0
2026/06/09 18:27:09,0.4,2775,61909,0
2026/06/09 18:27:14,0.2,2775,61909,0
2026/06/09 18:27:18,0.4,2775,61909,0
2026/06/09 18:27:23,0.2,2775,61909,0
2026/06/09 18:27:27,0.1,2775,61909,0
2026/06/09 18:27:32,0.2,2776,61909,0
2026/06/09 18:27:36,0.2,2776,61909,0
2026/06/09 18:27:41,0.4,2776,61909,0
2026/06/09 18:27:45,0.1,2776,61909,0
2026/06/09 18:27:50,0.4,2776,61909,0
2026/06/09 18:27:54,0.1,2776,61909,0
2026/06/09 18:27:59,0.1,2776,61909,0
2026/06/09 18:28:03,0.2,2777,61909,0
2026/06/09 18:28:08,0.2,2775,61909,0
2026/06/09 18:28:12,0.4,2776,61909,0
2026/06/09 18:28:17,0.2,2776,61909,0
2026/06/09 18:28:21,0.1,2776,61909,0
2026/06/09 18:28:26,0.1,2777,61909,0
2026/06/09 18:28:30,0.2,2777,61909,0
2026/06/09 18:28:35,0.1,2776,61909,0
2026/06/09 18:28:39,0.1,2776,61909,0
2026/06/09 18:28:44,0.1,2776,61909,0
2026/06/09 18:28:48,0.0,2776,61909,0
2026/06/09 18:28:53,0.2,2775,61909,0
2026/06/09 18:28:57,0.1,2776,61909,0
2026/06/09 18:29:02,0.4,2775,61909,0
2026/06/09 18:29:06,0.2,2775,61909,0
2026/06/09 18:29:11,0.1,2776,61909,0
2026/06/09 18:29:15,0.2,2776,61909,0
2026/06/09 18:29:20,0.1,2776,61909,0
2026/06/09 18:29:25,0.1,2777,61909,0
2026/06/09 18:29:29,0.1,2776,61909,0
2026/06/09 18:29:34,0.1,2775,61909,0
2026/06/09 18:29:38,0.1,2776,61909,0
2026/06/09 18:29:43,0.1,2776,61909,0
2026/06/09 18:29:47,0.1,2776,61909,0
2026/06/09 18:29:52,0.4,2776,61909,0
2026/06/09 18:29:56,0.2,2776,61909,0
2026/06/09 18:30:01,0.2,2776,61909,0
2026/06/09 18:30:05,0.1,2776,61909,0
2026/06/09 18:30:10,0.2,2776,61909,0
2026/06/09 18:30:14,0.1,2775,61909,0
2026/06/09 18:30:19,0.4,2776,61909,0
2026/06/09 18:30:23,0.2,2775,61909,0
2026/06/09 18:30:28,0.2,2776,61909,0
2026/06/09 18:30:32,0.0,2776,61909,0
2026/06/09 18:30:37,0.4,2776,61909,0
2026/06/09 18:30:41,0.1,2777,61909,0
2026/06/09 18:30:46,0.1,2777,61909,0
2026/06/09 18:30:50,0.2,2777,61909,0
2026/06/09 18:30:55,0.2,2777,61909,0
2026/06/09 18:30:59,0.2,2777,61909,0
2026/06/09 18:31:04,0.1,2776,61909,0
2026/06/09 18:31:08,0.1,2775,61909,0
2026/06/09 18:31:13,0.2,2775,61909,0
2026/06/09 18:31:17,0.1,2776,61909,0
2026/06/09 18:31:22,0.4,2776,61909,0
2026/06/09 18:31:27,0.1,2776,61909,0
2026/06/09 18:31:31,0.2,2777,61909,0
2026/06/09 18:31:36,0.1,2776,61909,0
2026/06/09 18:31:40,0.1,2775,61909,0
2026/06/09 18:31:45,0.4,2775,61909,0
2026/06/09 18:31:49,0.2,2775,61909,0
2026/06/09 18:31:54,0.0,2776,61909,0
2026/06/09 18:31:58,0.2,2775,61909,0
2026/06/09 18:32:03,0.2,2776,61909,0
2026/06/09 18:32:07,0.2,2776,61909,0
2026/06/09 18:32:12,0.2,2775,61909,0
2026/06/09 18:32:16,0.2,2776,61909,0
2026/06/09 18:32:21,0.2,2776,61909,0
2026/06/09 18:32:25,0.2,2776,61909,0
2026/06/09 18:32:30,0.2,2776,61909,0
2026/06/09 18:32:34,0.4,2776,61909,0
2026/06/09 18:32:39,0.1,2775,61909,0
2026/06/09 18:32:43,0.2,2776,61909,0
2026/06/09 18:32:48,0.1,2776,61909,0
2026/06/09 18:32:52,0.2,2777,61909,0
2026/06/09 18:32:57,0.1,2777,61909,0
2026/06/09 18:33:01,0.2,2776,61909,0
2026/06/09 18:33:06,0.2,2777,61909,0
2026/06/09 18:33:10,0.1,2777,61909,0
2026/06/09 18:33:15,0.1,2778,61909,0
2026/06/09 18:33:19,0.4,2778,61909,0
2026/06/09 18:33:24,0.1,2779,61909,0
2026/06/09 18:33:28,0.2,2779,61909,0
2026/06/09 18:33:33,0.1,2779,61909,0
2026/06/09 18:33:38,0.4,2780,61909,0
2026/06/09 18:33:42,0.2,2779,61909,0
2026/06/09 18:33:47,0.1,2779,61909,0
2026/06/09 18:33:51,0.4,2778,61909,0
2026/06/09 18:33:56,0.4,2778,61909,0
2026/06/09 18:34:00,0.4,2778,61909,0
2026/06/09 18:34:05,0.2,2777,61909,0
2026/06/09 18:34:09,0.2,2778,61909,0
2026/06/09 18:34:14,0.1,2776,61909,0
2026/06/09 18:34:18,0.0,2776,61909,0
2026/06/09 18:34:23,0.1,2776,61909,0
2026/06/09 18:34:27,0.2,2776,61909,0
2026/06/09 18:34:32,0.1,2776,61909,0
2026/06/09 18:34:36,0.1,2776,61909,0
2026/06/09 18:34:41,0.2,2776,61909,0
2026/06/09 18:34:45,0.2,2776,61909,0
2026/06/09 18:34:50,0.1,2776,61909,0
2026/06/09 18:34:54,0.1,2776,61909,0
2026/06/09 18:34:59,0.1,2775,61909,0
2026/06/09 18:35:03,0.1,2776,61909,0
2026/06/09 18:35:08,0.2,2776,61909,0
2026/06/09 18:35:12,0.1,2775,61909,0
2026/06/09 18:35:17,0.1,2776,61909,0
2026/06/09 18:35:21,0.2,2776,61909,0
2026/06/09 18:35:26,0.2,2775,61909,0
2026/06/09 18:35:30,0.2,2776,61909,0
2026/06/09 18:35:35,0.2,2776,61909,0
2026/06/09 18:35:39,0.2,2777,61909,0
2026/06/09 18:35:44,0.2,2776,61909,0
2026/06/09 18:35:49,0.1,2777,61909,0
2026/06/09 18:35:53,0.2,2777,61909,0
2026/06/09 18:35:58,0.2,2777,61909,0
2026/06/09 18:36:02,0.4,2777,61909,0
2026/06/09 18:36:07,0.2,2777,61909,0
2026/06/09 18:36:11,0.2,2778,61909,0
2026/06/09 18:36:16,0.4,2778,61909,0
2026/06/09 18:36:20,0.1,2777,61909,0
2026/06/09 18:36:25,0.6,2777,61909,0
2026/06/09 18:36:29,0.1,2777,61909,0
2026/06/09 18:36:34,0.1,2778,61909,0
2026/06/09 18:36:38,0.2,2777,61909,0
2026/06/09 18:36:43,0.4,2778,61909,0
2026/06/09 18:36:47,0.2,2778,61909,0
2026/06/09 18:36:52,0.2,2778,61909,0
2026/06/09 18:36:56,0.1,2779,61909,0
2026/06/09 18:37:01,0.1,2778,61909,0
2026/06/09 18:37:05,0.2,2778,61909,0
2026/06/09 18:37:10,0.2,2778,61909,0
2026/06/09 18:37:14,0.1,2778,61909,0
2026/06/09 18:37:19,0.2,2777,61909,0
2026/06/09 18:37:23,0.2,2776,61909,0
2026/06/09 18:37:28,0.1,2776,61909,0
2026/06/09 18:37:32,2.4,2791,61909,0
2026/06/09 18:37:37,0.1,2784,61909,0
2026/06/09 18:37:41,0.2,2776,61909,0
2026/06/09 18:37:46,0.2,2775,61909,0
2026/06/09 18:37:51,0.2,2775,61909,0
2026/06/09 18:37:55,0.2,2774,61909,0
2026/06/09 18:38:00,0.2,2774,61909,0
2026/06/09 18:38:04,0.2,2776,61909,0
2026/06/09 18:38:09,0.2,2775,61909,0
2026/06/09 18:38:13,1.1,2776,61909,0
2026/06/09 18:38:18,0.2,2773,61909,0
2026/06/09 18:38:22,0.1,2772,61909,0
2026/06/09 18:38:27,0.1,2772,61909,0
2026/06/09 18:38:31,0.2,2772,61909,0
2026/06/09 18:38:36,0.2,2773,61909,0
2026/06/09 18:38:40,0.2,2774,61909,0
2026/06/09 18:38:45,0.2,2773,61909,0
2026/06/09 18:38:49,0.2,2774,61909,0
2026/06/09 18:38:54,2.6,2788,61909,0
2026/06/09 18:38:58,0.2,2777,61909,0
2026/06/09 18:39:03,1.9,2772,61909,0
2026/06/09 18:39:07,0.4,2772,61909,0
2026/06/09 18:39:12,0.4,2773,61909,0
2026/06/09 18:39:16,0.5,2774,61909,0
2026/06/09 18:39:21,0.9,2789,61909,0
2026/06/09 18:39:25,0.4,2783,61909,0
2026/06/09 18:39:30,0.6,2788,61909,0
2026/06/09 18:39:34,0.9,2790,61909,0
2026/06/09 18:39:39,0.5,2792,61909,0
2026/06/09 18:39:43,0.4,2794,61909,0
2026/06/09 18:39:48,0.7,2793,61909,0
2026/06/09 18:39:52,0.9,2794,61909,0
2026/06/09 18:39:57,0.6,2801,61909,0
2026/06/09 18:40:02,0.7,2799,61909,0
2026/06/09 18:40:06,1.0,2797,61909,0
2026/06/09 18:40:11,0.4,2804,61909,0
2026/06/09 18:40:15,1.0,2803,61909,0
2026/06/09 18:40:20,0.9,2802,61909,0
2026/06/09 18:40:24,0.5,2803,61909,0
2026/06/09 18:40:29,0.7,2802,61909,0
2026/06/09 18:40:33,1.0,2807,61909,0
2026/06/09 18:40:38,0.7,2801,61909,0
2026/06/09 18:40:42,0.7,2797,61909,0
2026/06/09 18:40:47,1.6,2720,61909,0
2026/06/09 18:40:51,1.0,2733,61909,0
2026/06/09 18:40:56,0.9,2722,61909,0
2026/06/09 18:41:00,0.9,2747,61909,0
2026/06/09 18:41:05,0.4,2757,61909,0
2026/06/09 18:41:09,1.0,2746,61909,0
2026/06/09 18:41:14,0.4,2775,61909,0
2026/06/09 18:41:18,0.5,2758,61909,0
2026/06/09 18:41:23,0.2,2754,61909,0
2026/06/09 18:41:27,0.2,2756,61909,0
2026/06/09 18:41:32,0.9,2752,61909,0
2026/06/09 18:41:36,0.6,2759,61909,0
2026/06/09 18:41:41,0.3,2749,61909,0
2026/06/09 18:41:45,0.4,2757,61909,0
2026/06/09 18:41:50,0.5,2761,61909,0
2026/06/09 18:41:55,0.5,2766,61909,0
2026/06/09 18:41:59,0.5,2763,61909,0
2026/06/09 18:42:04,0.1,2765,61909,0
2026/06/09 18:42:08,0.5,2781,61909,0
2026/06/09 18:42:13,0.4,2774,61909,0
2026/06/09 18:42:17,0.6,2770,61909,0
2026/06/09 18:42:22,0.2,2773,61909,0
2026/06/09 18:42:26,0.2,2780,61909,0
2026/06/09 18:42:31,0.4,2712,61909,0
2026/06/09 18:42:35,0.4,2744,61909,0
2026/06/09 18:42:40,0.6,2717,61909,0
2026/06/09 18:42:44,0.4,2726,61909,0
2026/06/09 18:42:49,0.6,2727,61909,0
2026/06/09 18:42:53,0.5,2729,61909,0
2026/06/09 18:42:58,6.5,3253,61909,0
2026/06/09 18:43:02,6.5,3572,61909,0
2026/06/09 18:43:07,6.5,4035,61909,0
2026/06/09 18:43:11,6.4,4036,61909,0
2026/06/09 18:43:16,6.5,4128,61909,0
2026/06/09 18:43:20,11.5,4995,61909,0
2026/06/09 18:43:25,6.3,5530,61909,0
2026/06/09 18:43:29,6.5,6274,61909,0
2026/06/09 18:43:34,100.0,6658,61909,0
2026/06/09 18:43:38,98.4,6605,61909,0
2026/06/09 18:43:43,100.0,6549,61909,0
2026/06/09 18:43:47,78.6,6521,61909,0
2026/06/09 18:43:52,100.0,6425,61909,0
2026/06/09 18:43:57,88.1,6411,61909,0
2026/06/09 18:44:01,100.0,6356,61909,0
2026/06/09 18:44:06,100.0,6402,61909,0
2026/06/09 18:44:10,100.0,6349,61909,0
2026/06/09 18:44:15,100.0,6333,61909,0
2026/06/09 18:44:19,87.3,6355,61909,0
2026/06/09 18:44:24,99.8,6342,61909,0
2026/06/09 18:44:28,100.0,6382,61909,0
2026/06/09 18:44:33,83.9,6350,61909,0
2026/06/09 18:44:37,100.0,6331,61909,0
2026/06/09 18:44:42,100.0,6387,61909,0
2026/06/09 18:44:46,100.0,6359,61909,0
2026/06/09 18:44:51,82.1,6367,61909,0
2026/06/09 18:44:55,87.5,6348,61909,0
2026/06/09 18:45:00,100.0,6333,61909,0
2026/06/09 18:45:04,100.0,6378,61909,0
2026/06/09 18:45:09,100.0,6389,61909,0
2026/06/09 18:45:13,100.0,6361,61909,0
2026/06/09 18:45:18,87.0,6365,61909,0
2026/06/09 18:45:23,89.5,6347,61909,0
2026/06/09 18:45:27,100.0,6334,61909,0
2026/06/09 18:45:32,100.0,6400,61909,0
2026/06/09 18:45:36,89.5,6364,61909,0
2026/06/09 18:45:41,100.0,6348,61909,0
2026/06/09 18:45:45,100.0,6337,61909,0
2026/06/09 18:45:50,90.0,6376,61909,0
2026/06/09 18:45:54,90.1,6352,61909,0
2026/06/09 18:45:59,100.0,6342,61909,0
2026/06/09 18:46:03,88.4,6399,61909,0
2026/06/09 18:46:08,90.3,6365,61909,0
2026/06/09 18:46:12,90.0,6350,61909,0
2026/06/09 18:46:17,100.0,6339,61909,0
2026/06/09 18:46:21,100.0,6398,61909,0
2026/06/09 18:46:26,100.0,6364,61909,0
2026/06/09 18:46:30,90.0,6373,61909,0
2026/06/09 18:46:35,90.2,6350,61909,0
2026/06/09 18:46:39,100.0,6340,61909,0
2026/06/09 18:46:44,76.1,6404,61909,0
2026/06/09 18:46:49,100.0,6374,61909,0
2026/06/09 18:46:53,88.3,6378,61909,0
2026/06/09 18:46:58,90.3,6355,61909,0
2026/06/09 18:47:02,90.5,6341,61909,0
2026/06/09 18:47:07,100.0,6334,61909,0
2026/06/09 18:47:11,100.0,6381,61909,0
2026/06/09 18:47:16,90.7,6357,61909,0
2026/06/09 18:47:20,90.9,6341,61909,0
2026/06/09 18:47:25,100.0,6334,61909,0
2026/06/09 18:47:29,73.7,6392,61909,0
2026/06/09 18:47:34,100.0,6362,61909,0
2026/06/09 18:47:38,100.0,6380,61909,0
2026/06/09 18:47:43,100.0,6386,61909,0
2026/06/09 18:47:47,73.3,6401,61909,0
2026/06/09 18:47:52,100.0,6365,61909,0
2026/06/09 18:47:56,89.6,6375,61909,0
2026/06/09 18:48:01,89.7,6351,61909,0
2026/06/09 18:48:05,90.1,6340,61909,0
2026/06/09 18:48:10,100.0,6332,61909,0
2026/06/09 18:48:15,100.0,6386,61909,0
2026/06/09 18:48:19,87.6,6359,61909,0
2026/06/09 18:48:24,90.1,6345,61909,0
2026/06/09 18:48:28,89.5,6334,61909,0
2026/06/09 18:48:33,100.0,6330,61909,0
2026/06/09 18:48:37,86.9,6393,61909,0
2026/06/09 18:48:42,100.0,6364,61909,0
2026/06/09 18:48:46,100.0,6368,61909,0
2026/06/09 18:48:51,100.0,6386,61909,0
2026/06/09 18:48:55,90.1,6356,61909,0
2026/06/09 18:49:00,90.1,6341,61909,0
2026/06/09 18:49:04,90.2,6332,61909,0
2026/06/09 18:49:09,100.0,6330,61909,0
2026/06/09 18:49:13,100.0,6393,61909,0
2026/06/09 18:49:18,83.3,6359,61909,0
2026/06/09 18:49:22,85.8,6344,61909,0
2026/06/09 18:49:27,89.4,6333,61909,0
2026/06/09 18:49:31,100.0,6329,61909,0
2026/06/09 18:49:36,74.8,6399,61909,0
2026/06/09 18:49:41,90.2,6369,61909,0
2026/06/09 18:49:45,89.7,6346,61909,0
2026/06/09 18:49:50,90.0,6335,61909,0
2026/06/09 18:49:54,6.5,5716,61909,0
2026/06/09 18:49:59,100.0,6323,61909,0
2026/06/09 18:50:03,100.0,6322,61909,0
2026/06/09 18:50:08,6.3,4060,61909,0
2026/06/09 18:50:12,6.3,3757,61909,0
2026/06/09 18:50:17,6.3,3861,61909,0
2026/06/09 18:50:21,10.0,3926,61909,0
2026/06/09 18:50:26,6.5,5722,61909,0
2026/06/09 18:50:30,6.5,6469,61909,0
2026/06/09 18:50:35,100.0,6513,61909,0
2026/06/09 18:50:39,77.7,6506,61909,0
2026/06/09 18:50:44,100.0,6409,61909,0
2026/06/09 18:50:48,100.0,6332,61909,0
2026/06/09 18:50:53,100.0,6214,61909,0
2026/06/09 18:50:57,100.0,6166,61909,0
2026/06/09 18:51:02,77.2,6104,61909,0
2026/06/09 18:51:07,100.0,6036,61909,0
2026/06/09 18:51:11,77.6,5995,61909,0
2026/06/09 18:51:16,100.0,5934,61909,0
2026/06/09 18:51:20,92.0,5925,61909,0
2026/06/09 18:51:25,76.8,5940,61909,0
2026/06/09 18:51:29,94.2,5908,61909,0
2026/06/09 18:51:34,100.0,5976,61909,0
2026/06/09 18:51:38,94.4,5926,61909,0
2026/06/09 18:51:43,100.0,5942,61909,0
2026/06/09 18:51:47,95.6,5913,61909,0
2026/06/09 18:51:52,98.8,5957,61909,0
2026/06/09 18:51:56,95.0,5914,61909,0
2026/06/09 18:52:01,76.9,5929,61909,0
2026/06/09 18:52:05,94.3,5950,61909,0
2026/06/09 18:52:10,100.0,5906,61909,0
2026/06/09 18:52:14,94.8,5928,61909,0
2026/06/09 18:52:19,93.4,5895,61909,0
2026/06/09 18:52:23,77.3,5934,61909,0
2026/06/09 18:52:28,96.0,5901,61909,0
2026/06/09 18:52:33,100.0,5934,61909,0
2026/06/09 18:52:37,95.2,5912,61909,0
2026/06/09 18:52:42,100.0,5893,61909,0
2026/06/09 18:52:46,99.0,5935,61909,0
2026/06/09 18:52:51,94.2,5904,61909,0
2026/06/09 18:52:55,77.1,5932,61909,0
2026/06/09 18:53:00,94.8,5918,61909,0
2026/06/09 18:53:04,93.4,5894,61909,0
2026/06/09 18:53:09,100.0,5922,61909,0
2026/06/09 18:53:13,93.8,5906,61909,0
2026/06/09 18:53:18,100.0,5890,61909,0
2026/06/09 18:53:22,77.2,5942,61909,0
2026/06/09 18:53:27,92.6,5909,61909,0
2026/06/09 18:53:31,100.0,5853,61909,0
2026/06/09 18:53:36,6.4,3942,61909,0
2026/06/09 18:53:40,6.4,3593,61909,0
2026/06/09 18:53:45,6.3,3572,61909,0
2026/06/09 18:53:49,6.5,3572,61909,0
2026/06/09 18:53:54,6.4,3556,61909,0
2026/06/09 18:53:58,6.3,3556,61909,0
2026/06/09 18:54:03,6.5,3541,61909,0
2026/06/09 18:54:07,6.3,3525,61909,0
2026/06/09 18:54:12,6.3,3517,61909,0
2026/06/09 18:54:17,6.3,3502,61909,0
2026/06/09 18:54:21,6.3,3493,61909,0
2026/06/09 18:54:26,6.3,3477,61909,0
2026/06/09 18:54:30,6.3,3470,61909,0
2026/06/09 18:54:35,6.3,3454,61909,0
2026/06/09 18:54:39,6.4,3446,61909,0
2026/06/09 18:54:44,6.5,3431,61909,0
2026/06/09 18:54:48,6.6,3423,61909,0
2026/06/09 18:54:53,6.4,3409,61909,0
2026/06/09 18:54:57,6.3,3393,61909,0
2026/06/09 18:55:02,6.4,3371,61909,0
2026/06/09 18:55:06,6.3,3335,61909,0
2026/06/09 18:55:11,6.2,3318,61909,0
2026/06/09 18:55:15,6.3,3312,61909,0
2026/06/09 18:55:20,6.6,3308,61909,0
2026/06/09 18:55:24,6.5,3299,61909,0
2026/06/09 18:55:29,6.5,3298,61909,0
2026/06/09 18:55:33,6.3,3297,61909,0
2026/06/09 18:55:38,6.5,3297,61909,0
2026/06/09 18:55:42,6.5,3297,61909,0
2026/06/09 18:55:47,6.5,3297,61909,0
2026/06/09 18:55:51,6.4,3298,61909,0
2026/06/09 18:55:56,6.4,3298,61909,0
2026/06/09 18:56:00,6.4,3299,61909,0
2026/06/09 18:56:05,6.5,3299,61909,0
2026/06/09 18:56:09,6.4,3298,61909,0
2026/06/09 18:56:14,6.4,3298,61909,0
2026/06/09 18:56:19,6.5,3298,61909,0
2026/06/09 18:56:23,6.5,3298,61909,0
2026/06/09 18:56:28,6.3,3299,61909,0
2026/06/09 18:56:32,6.3,3299,61909,0
2026/06/09 18:56:37,6.4,3298,61909,0
2026/06/09 18:56:41,6.3,3298,61909,0
2026/06/09 18:56:46,6.3,3298,61909,0
2026/06/09 18:56:50,6.3,3298,61909,0
2026/06/09 18:56:55,6.2,3297,61909,0
2026/06/09 18:56:59,6.5,3297,61909,0
2026/06/09 18:57:04,6.5,3297,61909,0
2026/06/09 18:57:08,6.5,3297,61909,0
2026/06/09 18:57:13,6.2,3297,61909,0
2026/06/09 18:57:17,6.5,3297,61909,0
2026/06/09 18:57:22,6.5,3297,61909,0
2026/06/09 18:57:26,6.3,3297,61909,0
2026/06/09 18:57:31,6.4,3297,61909,0
2026/06/09 18:57:35,6.2,3297,61909,0
2026/06/09 18:57:40,6.3,3295,61909,0
2026/06/09 18:57:44,6.5,3295,61909,0
2026/06/09 18:57:49,6.4,3295,61909,0
2026/06/09 18:57:53,6.3,3295,61909,0
2026/06/09 18:57:58,6.3,3294,61909,0
2026/06/09 18:58:02,6.4,3293,61909,0
2026/06/09 18:58:07,6.4,3294,61909,0
2026/06/09 18:58:11,6.3,3294,61909,0
2026/06/09 18:58:16,6.5,3294,61909,0
2026/06/09 18:58:20,6.3,3294,61909,0
2026/06/09 18:58:25,6.3,3293,61909,0
2026/06/09 18:58:30,6.5,3292,61909,0
2026/06/09 18:58:34,6.3,3292,61909,0
2026/06/09 18:58:39,6.3,3292,61909,0
2026/06/09 18:58:43,6.3,3292,61909,0
2026/06/09 18:58:48,6.4,3303,61909,0
2026/06/09 18:58:52,6.3,3295,61909,0
2026/06/09 18:58:57,6.3,3292,61909,0
2026/06/09 18:59:01,6.3,3290,61909,0
2026/06/09 18:59:06,6.3,3290,61909,0
2026/06/09 18:59:10,6.3,3290,61909,0
2026/06/09 18:59:15,6.3,3287,61909,0
2026/06/09 18:59:19,6.3,3287,61909,0
2026/06/09 18:59:24,7.6,3290,61909,0
2026/06/09 18:59:28,6.3,3290,61909,0
2026/06/09 18:59:33,6.4,3290,61909,0
2026/06/09 18:59:37,6.3,3290,61909,0
2026/06/09 18:59:42,6.4,3290,61909,0
2026/06/09 18:59:46,6.3,3290,61909,0
2026/06/09 18:59:51,6.4,3290,61909,0
2026/06/09 18:59:55,6.3,3291,61909,0
2026/06/09 19:00:00,6.3,3291,61909,0
2026/06/09 19:00:04,6.5,3291,61909,0
2026/06/09 19:00:09,6.7,3291,61909,0
2026/06/09 19:00:13,6.5,3292,61909,0
2026/06/09 19:00:18,6.3,3292,61909,0
2026/06/09 19:00:22,6.4,3293,61909,0
2026/06/09 19:00:27,6.3,3293,61909,0
2026/06/09 19:00:31,6.4,3293,61909,0
2026/06/09 19:00:36,6.4,3294,61909,0
2026/06/09 19:00:41,6.3,3293,61909,0
2026/06/09 19:00:45,6.5,3293,61909,0
2026/06/09 19:00:50,6.6,3293,61909,0
2026/06/09 19:00:54,6.5,3293,61909,0
2026/06/09 19:00:59,6.2,3293,61909,0
2026/06/09 19:01:03,6.3,3293,61909,0
2026/06/09 19:01:08,6.5,3294,61909,0
2026/06/09 19:01:12,6.5,3294,61909,0
2026/06/09 19:01:17,6.3,3294,61909,0
2026/06/09 19:01:21,6.3,3295,61909,0
2026/06/09 19:01:26,6.5,3294,61909,0
2026/06/09 19:01:30,6.3,3295,61909,0
2026/06/09 19:01:35,6.5,3295,61909,0
2026/06/09 19:01:39,6.5,3295,61909,0
2026/06/09 19:01:44,6.3,3294,61909,0
2026/06/09 19:01:48,6.3,3295,61909,0
2026/06/09 19:01:53,6.5,3295,61909,0
2026/06/09 19:01:57,6.3,3295,61909,0
2026/06/09 19:02:02,6.3,3295,61909,0
2026/06/09 19:02:06,6.5,3294,61909,0
2026/06/09 19:02:11,6.5,3294,61909,0
2026/06/09 19:02:15,6.4,3295,61909,0
2026/06/09 19:02:20,6.3,3295,61909,0
2026/06/09 19:02:24,6.5,3295,61909,0
2026/06/09 19:02:29,6.3,3296,61909,0
2026/06/09 19:02:33,6.3,3296,61909,0
2026/06/09 19:02:38,6.3,3296,61909,0
2026/06/09 19:02:43,6.3,3295,61909,0
2026/06/09 19:02:47,6.5,3295,61909,0
2026/06/09 19:02:52,6.4,3296,61909,0
2026/06/09 19:02:56,6.3,3296,61909,0
2026/06/09 19:03:01,6.3,3296,61909,0
2026/06/09 19:03:05,6.3,3295,61909,0
2026/06/09 19:03:10,6.4,3295,61909,0
2026/06/09 19:03:14,6.4,3295,61909,0
2026/06/09 19:03:19,6.5,3295,61909,0
2026/06/09 19:03:23,6.4,3295,61909,0
2026/06/09 19:03:28,6.5,3294,61909,0
2026/06/09 19:03:32,6.4,3294,61909,0
2026/06/09 19:03:37,6.3,3294,61909,0
2026/06/09 19:03:41,6.5,3294,61909,0
2026/06/09 19:03:46,6.3,3295,61909,0
2026/06/09 19:03:50,6.4,3294,61909,0
2026/06/09 19:03:55,6.4,3293,61909,0
2026/06/09 19:03:59,6.3,3293,61909,0
2026/06/09 19:04:04,6.3,3293,61909,0
2026/06/09 19:04:08,6.4,3293,61909,0
2026/06/09 19:04:13,6.5,3293,61909,0
2026/06/09 19:04:17,6.3,3294,61909,0
2026/06/09 19:04:22,6.3,3293,61909,0
2026/06/09 19:04:26,6.4,3293,61909,0
2026/06/09 19:04:31,6.5,3294,61909,0
2026/06/09 19:04:35,6.5,3294,61909,0
2026/06/09 19:04:40,6.4,3294,61909,0
2026/06/09 19:04:44,6.5,3294,61909,0
2026/06/09 19:04:49,6.5,3294,61909,0
2026/06/09 19:04:54,6.5,3293,61909,0
2026/06/09 19:04:58,6.5,3294,61909,0
2026/06/09 19:05:03,6.3,3294,61909,0
2026/06/09 19:05:07,6.3,3294,61909,0
2026/06/09 19:05:12,6.3,3294,61909,0
2026/06/09 19:05:16,6.5,3294,61909,0
2026/06/09 19:05:21,6.3,3294,61909,0
2026/06/09 19:05:25,6.5,3293,61909,0
2026/06/09 19:05:30,6.3,3293,61909,0
2026/06/09 19:05:34,6.5,3293,61909,0
2026/06/09 19:05:39,6.3,3293,61909,0
2026/06/09 19:05:43,6.5,3293,61909,0
2026/06/09 19:05:48,6.5,3292,61909,0
2026/06/09 19:05:52,6.4,3292,61909,0
2026/06/09 19:05:57,6.3,3292,61909,0
2026/06/09 19:06:01,6.3,3291,61909,0
2026/06/09 19:06:06,6.5,3291,61909,0
2026/06/09 19:06:10,6.4,3291,61909,0
2026/06/09 19:06:15,6.3,3291,61909,0
2026/06/09 19:06:19,6.3,3290,61909,0
2026/06/09 19:06:24,6.5,3289,61909,0
2026/06/09 19:06:28,6.3,3288,61909,0
2026/06/09 19:06:33,6.4,3289,61909,0
2026/06/09 19:06:37,6.5,3287,61909,0
2026/06/09 19:06:42,6.3,3287,61909,0
2026/06/09 19:06:46,6.5,3287,61909,0
2026/06/09 19:06:51,6.4,3288,61909,0
2026/06/09 19:06:55,6.3,3287,61909,0
2026/06/09 19:07:00,6.6,3287,61909,0
2026/06/09 19:07:05,6.3,3286,61909,0
2026/06/09 19:07:09,6.5,3287,61909,0
2026/06/09 19:07:14,6.3,3288,61909,0
2026/06/09 19:07:18,6.4,3287,61909,0
2026/06/09 19:07:23,6.3,3287,61909,0
2026/06/09 19:07:27,6.5,3288,61909,0
2026/06/09 19:07:32,6.4,3288,61909,0
2026/06/09 19:07:36,6.5,3287,61909,0
2026/06/09 19:07:41,6.4,3287,61909,0
2026/06/09 19:07:45,6.3,3288,61909,0
2026/06/09 19:07:50,6.5,3288,61909,0
2026/06/09 19:07:54,6.5,3289,61909,0
2026/06/09 19:07:59,6.3,3289,61909,0
2026/06/09 19:08:03,6.3,3289,61909,0
2026/06/09 19:08:08,6.3,3289,61909,0
2026/06/09 19:08:12,6.3,3289,61909,0
2026/06/09 19:08:17,6.4,3289,61909,0
2026/06/09 19:08:21,6.5,3289,61909,0
2026/06/09 19:08:26,6.3,3289,61909,0
2026/06/09 19:08:30,6.5,3289,61909,0
2026/06/09 19:08:35,6.5,3289,61909,0
2026/06/09 19:08:39,6.5,3289,61909,0
2026/06/09 19:08:44,6.5,3289,61909,0
2026/06/09 19:08:48,6.5,3289,61909,0
2026/06/09 19:08:53,6.3,3288,61909,0
2026/06/09 19:08:57,6.3,3288,61909,0
2026/06/09 19:09:02,6.5,3288,61909,0
2026/06/09 19:09:07,6.3,3287,61909,0
2026/06/09 19:09:11,6.3,3287,61909,0
2026/06/09 19:09:16,6.4,3287,61909,0
2026/06/09 19:09:20,6.6,3287,61909,0
2026/06/09 19:09:25,6.5,3286,61909,0
2026/06/09 19:09:29,6.5,3286,61909,0
2026/06/09 19:09:34,6.4,3285,61909,0
2026/06/09 19:09:38,6.4,3286,61909,0
2026/06/09 19:09:43,6.2,3286,61909,0
2026/06/09 19:09:47,6.5,3287,61909,0
2026/06/09 19:09:52,6.3,3288,61909,0
2026/06/09 19:09:56,6.2,3288,61909,0
2026/06/09 19:10:01,6.5,3288,61909,0
2026/06/09 19:10:05,6.5,3288,61909,0
2026/06/09 19:10:10,6.5,3288,61909,0
2026/06/09 19:10:14,6.3,3288,61909,0
2026/06/09 19:10:19,6.4,3288,61909,0
2026/06/09 19:10:23,6.3,3288,61909,0
2026/06/09 19:10:28,6.4,3287,61909,0
2026/06/09 19:10:32,6.5,3288,61909,0
2026/06/09 19:10:37,6.4,3289,61909,0
2026/06/09 19:10:41,6.4,3289,61909,0
2026/06/09 19:10:46,6.3,3289,61909,0
2026/06/09 19:10:50,6.3,3291,61909,0
2026/06/09 19:10:55,6.5,3290,61909,0
2026/06/09 19:10:59,6.5,3290,61909,0
2026/06/09 19:11:04,6.3,3289,61909,0
2026/06/09 19:11:08,6.5,3291,61909,0
2026/06/09 19:11:13,6.5,3291,61909,0
2026/06/09 19:11:18,6.5,3290,61909,0
2026/06/09 19:11:22,6.5,3291,61909,0
2026/06/09 19:11:27,6.5,3292,61909,0
2026/06/09 19:11:31,6.3,3292,61909,0
2026/06/09 19:11:36,6.3,3293,61909,0
2026/06/09 19:11:40,6.3,3293,61909,0
2026/06/09 19:11:45,6.4,3293,61909,0
2026/06/09 19:11:49,6.3,3293,61909,0
2026/06/09 19:11:54,6.4,3294,61909,0
2026/06/09 19:11:58,6.3,3293,61909,0
2026/06/09 19:12:03,6.3,3293,61909,0
2026/06/09 19:12:07,6.4,3293,61909,0
2026/06/09 19:12:12,6.4,3293,61909,0
2026/06/09 19:12:16,6.4,3294,61909,0
2026/06/09 19:12:21,6.4,3293,61909,0
2026/06/09 19:12:25,6.3,3293,61909,0
2026/06/09 19:12:30,6.4,3292,61909,0
2026/06/09 19:12:34,6.2,3293,61909,0
2026/06/09 19:12:39,6.5,3294,61909,0
2026/06/09 19:12:43,6.5,3293,61909,0
2026/06/09 19:12:48,6.4,3294,61909,0
2026/06/09 19:12:52,6.4,3294,61909,0
2026/06/09 19:12:57,6.5,3294,61909,0
2026/06/09 19:13:01,6.3,3294,61909,0
2026/06/09 19:13:06,6.3,3294,61909,0
2026/06/09 19:13:10,6.3,3294,61909,0
2026/06/09 19:13:15,6.3,3293,61909,0
2026/06/09 19:13:19,6.5,3293,61909,0
2026/06/09 19:13:24,6.6,3294,61909,0
2026/06/09 19:13:29,6.3,3294,61909,0
2026/06/09 19:13:33,6.3,3294,61909,0
2026/06/09 19:13:38,6.3,3294,61909,0
2026/06/09 19:13:42,6.4,3293,61909,0
2026/06/09 19:13:47,6.4,3293,61909,0
2026/06/09 19:13:51,6.6,3294,61909,0
2026/06/09 19:13:56,6.3,3294,61909,0
2026/06/09 19:14:00,6.5,3294,61909,0
2026/06/09 19:14:05,6.5,3295,61909,0
2026/06/09 19:14:09,6.5,3294,61909,0
2026/06/09 19:14:14,6.4,3295,61909,0
2026/06/09 19:14:18,6.4,3296,61909,0
2026/06/09 19:14:23,6.3,3295,61909,0
2026/06/09 19:14:27,6.4,3296,61909,0
2026/06/09 19:14:32,6.5,3296,61909,0
2026/06/09 19:14:36,6.3,3297,61909,0
2026/06/09 19:14:41,6.4,3296,61909,0
2026/06/09 19:14:45,6.4,3296,61909,0
2026/06/09 19:14:50,6.5,3296,61909,0
2026/06/09 19:14:54,6.3,3296,61909,0
2026/06/09 19:14:59,6.3,3296,61909,0
2026/06/09 19:15:03,6.3,3297,61909,0
2026/06/09 19:15:08,6.4,3297,61909,0
2026/06/09 19:15:12,6.2,3297,61909,0
2026/06/09 19:15:17,6.5,3297,61909,0
2026/06/09 19:15:21,6.3,3297,61909,0
2026/06/09 19:15:26,6.3,3297,61909,0
2026/06/09 19:15:30,6.2,3297,61909,0
2026/06/09 19:15:35,6.5,3297,61909,0
2026/06/09 19:15:40,6.4,3297,61909,0
2026/06/09 19:15:44,6.5,3297,61909,0
2026/06/09 19:15:49,6.5,3296,61909,0
2026/06/09 19:15:53,6.3,3297,61909,0
2026/06/09 19:15:58,6.5,3296,61909,0
2026/06/09 19:16:02,6.5,3296,61909,0
2026/06/09 19:16:07,6.5,3296,61909,0
2026/06/09 19:16:11,6.5,3297,61909,0
2026/06/09 19:16:16,6.4,3297,61909,0
2026/06/09 19:16:20,6.5,3297,61909,0
2026/06/09 19:16:25,6.5,3297,61909,0
2026/06/09 19:16:29,6.3,3296,61909,0
2026/06/09 19:16:34,6.5,3296,61909,0
2026/06/09 19:16:38,6.3,3295,61909,0
2026/06/09 19:16:43,6.4,3295,61909,0
2026/06/09 19:16:47,6.5,3295,61909,0
2026/06/09 19:16:52,6.3,3296,61909,0
2026/06/09 19:16:56,6.4,3295,61909,0
2026/06/09 19:17:01,6.6,3295,61909,0
2026/06/09 19:17:05,6.5,3295,61909,0
2026/06/09 19:17:10,6.3,3296,61909,0
2026/06/09 19:17:14,6.3,3295,61909,0
2026/06/09 19:17:19,6.4,3295,61909,0
2026/06/09 19:17:23,6.5,3295,61909,0
2026/06/09 19:17:28,6.4,3294,61909,0
2026/06/09 19:17:32,6.3,3293,61909,0
2026/06/09 19:17:37,6.4,3293,61909,0
2026/06/09 19:17:42,6.5,3293,61909,0
2026/06/09 19:17:46,6.3,3294,61909,0
2026/06/09 19:17:51,6.3,3294,61909,0
2026/06/09 19:17:55,6.4,3294,61909,0
2026/06/09 19:18:00,6.3,3294,61909,0
2026/06/09 19:18:04,6.3,3293,61909,0
2026/06/09 19:18:09,6.3,3293,61909,0
2026/06/09 19:18:13,6.3,3294,61909,0
2026/06/09 19:18:18,6.5,3294,61909,0
2026/06/09 19:18:22,6.4,3294,61909,0
2026/06/09 19:18:27,6.3,3294,61909,0
2026/06/09 19:18:31,6.5,3293,61909,0
2026/06/09 19:18:36,6.3,3293,61909,0
2026/06/09 19:18:40,6.5,3293,61909,0
2026/06/09 19:18:45,6.5,3294,61909,0
2026/06/09 19:18:49,6.5,3294,61909,0
2026/06/09 19:18:54,6.5,3294,61909,0
2026/06/09 19:18:58,6.5,3295,61909,0
2026/06/09 19:19:03,6.3,3295,61909,0
2026/06/09 19:19:07,6.3,3295,61909,0
2026/06/09 19:19:12,6.3,3296,61909,0
2026/06/09 19:19:16,6.4,3296,61909,0
2026/06/09 19:19:21,6.4,3295,61909,0
2026/06/09 19:19:25,6.5,3295,61909,0
2026/06/09 19:19:30,6.2,3295,61909,0
2026/06/09 19:19:34,6.3,3295,61909,0
2026/06/09 19:19:39,6.5,3295,61909,0
2026/06/09 19:19:43,6.3,3295,61909,0
2026/06/09 19:19:48,6.5,3296,61909,0
2026/06/09 19:19:53,6.3,3295,61909,0
2026/06/09 19:19:57,6.3,3296,61909,0
2026/06/09 19:20:02,6.5,3296,61909,0
2026/06/09 19:20:06,6.4,3295,61909,0
2026/06/09 19:20:11,6.5,3295,61909,0
2026/06/09 19:20:15,6.4,3295,61909,0
2026/06/09 19:20:20,6.5,3295,61909,0
2026/06/09 19:20:24,6.5,3295,61909,0
2026/06/09 19:20:29,6.3,3294,61909,0
2026/06/09 19:20:33,6.3,3295,61909,0
2026/06/09 19:20:38,6.2,3295,61909,0
2026/06/09 19:20:42,6.5,3295,61909,0
2026/06/09 19:20:47,6.3,3295,61909,0
2026/06/09 19:20:51,6.5,3295,61909,0
2026/06/09 19:20:56,6.4,3295,61909,0
2026/06/09 19:21:00,6.3,3296,61909,0
2026/06/09 19:21:05,6.5,3296,61909,0
2026/06/09 19:21:09,6.6,3296,61909,0
2026/06/09 19:21:14,6.5,3296,61909,0
2026/06/09 19:21:18,6.2,3296,61909,0
2026/06/09 19:21:23,6.3,3297,61909,0
2026/06/09 19:21:27,6.4,3295,61909,0
2026/06/09 19:21:32,6.3,3295,61909,0
2026/06/09 19:21:36,6.4,3296,61909,0
2026/06/09 19:21:41,6.5,3296,61909,0
2026/06/09 19:21:45,6.3,3295,61909,0
2026/06/09 19:21:50,6.5,3296,61909,0
2026/06/09 19:21:54,6.5,3295,61909,0
2026/06/09 19:21:59,6.5,3295,61909,0
2026/06/09 19:22:04,6.5,3296,61909,0
2026/06/09 19:22:08,6.6,3296,61909,0
2026/06/09 19:22:13,6.4,3295,61909,0
2026/06/09 19:22:17,6.3,3295,61909,0
2026/06/09 19:22:22,6.5,3295,61909,0
2026/06/09 19:22:26,6.5,3295,61909,0
2026/06/09 19:22:31,6.5,3294,61909,0
2026/06/09 19:22:35,6.6,3294,61909,0
2026/06/09 19:22:40,6.3,3294,61909,0
2026/06/09 19:22:44,6.3,3293,61909,0
2026/06/09 19:22:49,6.4,3293,61909,0
2026/06/09 19:22:53,6.3,3292,61909,0
2026/06/09 19:22:58,6.5,3291,61909,0
2026/06/09 19:23:02,6.4,3292,61909,0
2026/06/09 19:23:07,6.3,3292,61909,0
2026/06/09 19:23:11,6.3,3291,61909,0
2026/06/09 19:23:16,6.4,3291,61909,0
2026/06/09 19:23:20,6.4,3291,61909,0
2026/06/09 19:23:25,6.5,3291,61909,0
2026/06/09 19:23:29,6.5,3291,61909,0
2026/06/09 19:23:34,6.3,3292,61909,0
2026/06/09 19:23:38,6.5,3292,61909,0
2026/06/09 19:23:43,6.3,3292,61909,0
2026/06/09 19:23:47,6.5,3292,61909,0
2026/06/09 19:23:52,6.5,3292,61909,0
2026/06/09 19:23:56,6.4,3293,61909,0
2026/06/09 19:24:01,6.2,3316,61909,0
2026/06/09 19:24:06,6.5,3313,61909,0
2026/06/09 19:24:10,6.3,3307,61909,0
2026/06/09 19:24:15,6.3,3304,61909,0
2026/06/09 19:24:19,6.6,3301,61909,0
2026/06/09 19:24:24,6.3,3298,61909,0
2026/06/09 19:24:28,6.5,3295,61909,0
2026/06/09 19:24:33,6.3,3293,61909,0
2026/06/09 19:24:37,6.4,3293,61909,0
2026/06/09 19:24:42,6.2,3292,61909,0
2026/06/09 19:24:46,6.5,3293,61909,0
2026/06/09 19:24:51,6.3,3293,61909,0
2026/06/09 19:24:55,6.5,3293,61909,0
2026/06/09 19:25:00,6.3,3294,61909,0
2026/06/09 19:25:04,6.3,3294,61909,0
2026/06/09 19:25:09,6.3,3293,61909,0
2026/06/09 19:25:13,6.6,3294,61909,0
2026/06/09 19:25:18,6.4,3294,61909,0
2026/06/09 19:25:22,6.5,3294,61909,0
2026/06/09 19:25:27,6.5,3312,61909,0
2026/06/09 19:25:31,6.5,3306,61909,0
2026/06/09 19:25:36,6.3,3299,61909,0
2026/06/09 19:25:40,6.3,3297,61909,0
2026/06/09 19:25:45,6.3,3295,61909,0
2026/06/09 19:25:49,6.3,3293,61909,0
2026/06/09 19:25:54,6.3,3292,61909,0
2026/06/09 19:25:58,6.5,3293,61909,0
2026/06/09 19:26:03,6.3,3293,61909,0
2026/06/09 19:26:07,6.5,3292,61909,0
2026/06/09 19:26:12,6.5,3293,61909,0
2026/06/09 19:26:17,6.3,3294,61909,0
2026/06/09 19:26:21,6.3,3294,61909,0
2026/06/09 19:26:26,6.3,3293,61909,0
2026/06/09 19:26:30,6.3,3293,61909,0
2026/06/09 19:26:35,6.3,3311,61909,0
2026/06/09 19:26:39,6.4,3301,61909,0
2026/06/09 19:26:44,6.4,3295,61909,0
2026/06/09 19:26:48,6.3,3293,61909,0
2026/06/09 19:26:53,6.3,3291,61909,0
2026/06/09 19:26:57,6.5,3291,61909,0
2026/06/09 19:27:02,6.3,3292,61909,0
2026/06/09 19:27:06,6.3,3290,61909,0
2026/06/09 19:27:11,6.3,3290,61909,0
2026/06/09 19:27:15,6.2,3290,61909,0
2026/06/09 19:27:20,6.3,3290,61909,0
2026/06/09 19:27:24,6.4,3289,61909,0
2026/06/09 19:27:29,6.5,3289,61909,0
2026/06/09 19:27:33,6.5,3289,61909,0
2026/06/09 19:27:38,6.3,3288,61909,0
2026/06/09 19:27:42,6.3,3289,61909,0
2026/06/09 19:27:47,6.5,3288,61909,0
2026/06/09 19:27:51,6.3,3288,61909,0
2026/06/09 19:27:56,6.3,3288,61909,0
2026/06/09 19:28:00,6.3,3289,61909,0
2026/06/09 19:28:05,6.5,3289,61909,0
2026/06/09 19:28:09,6.4,3289,61909,0
2026/06/09 19:28:14,6.3,3290,61909,0
2026/06/09 19:28:18,6.3,3290,61909,0
2026/06/09 19:28:23,6.3,3290,61909,0
2026/06/09 19:28:28,6.3,3290,61909,0
2026/06/09 19:28:32,6.4,3290,61909,0
2026/06/09 19:28:37,6.5,3291,61909,0
2026/06/09 19:28:41,6.5,3290,61909,0
2026/06/09 19:28:46,6.4,3290,61909,0
2026/06/09 19:28:50,6.3,3319,61909,0
2026/06/09 19:28:55,0.5,2831,61909,0
2026/06/09 19:28:59,0.2,2818,61909,0
2026/06/09 19:29:04,0.2,2812,61909,0
2026/06/09 19:29:08,0.2,2810,61909,0
2026/06/09 19:29:13,0.2,2810,61909,0
2026/06/09 19:29:17,0.1,2810,61909,0
2026/06/09 19:29:22,0.1,2807,61909,0
2026/06/09 19:29:26,0.2,2803,61909,0
2026/06/09 19:29:31,0.2,2803,61909,0
2026/06/09 19:29:35,0.2,2803,61909,0
2026/06/09 19:29:40,0.2,2803,61909,0
2026/06/09 19:29:44,0.2,2802,61909,0
2026/06/09 19:29:49,0.1,2803,61909,0
2026/06/09 19:29:53,0.2,2803,61909,0
2026/06/09 19:29:58,0.2,2802,61909,0
2026/06/09 19:30:02,0.1,2802,61909,0
2026/06/09 19:30:07,0.2,2802,61909,0
2026/06/09 19:30:11,0.1,2802,61909,0
2026/06/09 19:30:16,0.1,2801,61909,0
2026/06/09 19:30:20,0.2,2802,61909,0
2026/06/09 19:30:25,0.1,2802,61909,0
2026/06/09 19:30:30,0.2,2803,61909,0
2026/06/09 19:30:34,0.4,2803,61909,0
2026/06/09 19:30:39,0.1,2803,61909,0
2026/06/09 19:30:43,0.5,2803,61909,0
2026/06/09 19:30:48,0.2,2803,61909,0
2026/06/09 19:30:52,0.1,2804,61909,0
2026/06/09 19:30:57,0.1,2803,61909,0
2026/06/09 19:31:01,0.1,2804,61909,0
2026/06/09 19:31:06,0.2,2804,61909,0
2026/06/09 19:31:10,0.1,2804,61909,0
2026/06/09 19:31:15,0.4,2803,61909,0
2026/06/09 19:31:19,0.2,2802,61909,0
2026/06/09 19:31:24,0.2,2802,61909,0
2026/06/09 19:31:28,0.2,2802,61909,0
2026/06/09 19:31:33,0.2,2802,61909,0
2026/06/09 19:31:37,0.2,2802,61909,0
2026/06/09 19:31:42,0.4,2803,61909,0
2026/06/09 19:31:46,0.1,2802,61909,0
2026/06/09 19:31:51,0.1,2802,61909,0
2026/06/09 19:31:55,0.2,2801,61909,0
2026/06/09 19:32:00,0.1,2802,61909,0
2026/06/09 19:32:04,1.5,2849,61909,0
2026/06/09 19:32:09,0.4,2822,61909,0
2026/06/09 19:32:13,0.2,2809,61909,0
2026/06/09 19:32:18,0.1,2807,61909,0
2026/06/09 19:32:22,0.2,2805,61909,0
2026/06/09 19:32:27,0.1,2806,61909,0
2026/06/09 19:32:31,0.2,2805,61909,0
2026/06/09 19:32:36,0.4,2805,61909,0
2026/06/09 19:32:41,0.2,2806,61909,0
2026/06/09 19:32:45,0.4,2806,61909,0
2026/06/09 19:32:50,0.2,2806,61909,0
2026/06/09 19:32:54,0.2,2806,61909,0
2026/06/09 19:32:59,0.1,2807,61909,0
2026/06/09 19:33:03,0.1,2806,61909,0
2026/06/09 19:33:08,0.1,2805,61909,0
2026/06/09 19:33:12,0.2,2805,61909,0
2026/06/09 19:33:17,0.0,2805,61909,0
2026/06/09 19:33:21,0.4,2805,61909,0
2026/06/09 19:33:26,0.2,2806,61909,0
2026/06/09 19:33:30,0.1,2806,61909,0
2026/06/09 19:33:35,0.2,2805,61909,0
2026/06/09 19:33:39,0.1,2805,61909,0
2026/06/09 19:33:44,0.4,2805,61909,0
2026/06/09 19:33:48,0.1,2806,61909,0
2026/06/09 19:33:53,0.1,2805,61909,0
2026/06/09 19:33:57,0.2,2805,61909,0
2026/06/09 19:34:02,0.1,2805,61909,0
2026/06/09 19:34:06,0.0,2805,61909,0
2026/06/09 19:34:11,0.4,2806,61909,0
2026/06/09 19:34:15,0.7,2783,61909,0
2026/06/09 19:34:20,0.6,2773,61909,0
2026/06/09 19:34:24,0.7,2766,61909,0
2026/06/09 19:34:29,0.6,2765,61909,0
2026/06/09 19:34:33,0.9,2766,61909,0
2026/06/09 19:34:38,1.0,2767,61909,0
2026/06/09 19:34:43,2.2,2779,61909,0
2026/06/09 19:34:47,1.1,2807,61909,0
2026/06/09 19:34:52,0.7,2719,61909,0
2026/06/09 19:34:56,0.7,2717,61909,0
2026/06/09 19:35:01,0.7,2731,61909,0
2026/06/09 19:35:05,0.2,2737,61909,0
2026/06/09 19:35:10,0.4,2733,61909,0
2026/06/09 19:35:14,0.5,2734,61909,0
2026/06/09 19:35:19,5.1,2811,61909,0
2026/06/09 19:35:23,6.3,3244,61909,0
2026/06/09 19:35:28,6.3,3505,61909,0
2026/06/09 19:35:32,6.5,4079,61909,0
2026/06/09 19:35:37,8.0,4066,61909,0
2026/06/09 19:35:41,6.5,4045,61909,0
2026/06/09 19:35:46,14.7,4253,61909,0
2026/06/09 19:35:50,6.7,4898,61909,0
2026/06/09 19:35:55,6.3,6071,61909,0
2026/06/09 19:35:59,71.4,6596,61909,0
2026/06/09 19:36:04,100.0,6606,61909,0
2026/06/09 19:36:08,100.0,6668,61909,0
2026/06/09 19:36:13,100.0,6636,61909,0
2026/06/09 19:36:17,100.0,6592,61909,0
2026/06/09 19:36:22,100.0,6563,61909,0
2026/06/09 19:36:26,100.0,6513,61909,0
2026/06/09 19:36:31,100.0,6483,61909,0
2026/06/09 19:36:36,100.0,6450,61909,0
2026/06/09 19:36:40,100.0,6436,61909,0
2026/06/09 19:36:45,100.0,6424,61909,0
2026/06/09 19:36:49,80.8,6434,61909,0
2026/06/09 19:36:54,100.0,6423,61909,0
2026/06/09 19:36:58,100.0,6429,61909,0
2026/06/09 19:37:03,100.0,6420,61909,0
2026/06/09 19:37:07,100.0,6429,61909,0
2026/06/09 19:37:12,100.0,6420,61909,0
2026/06/09 19:37:16,90.4,6425,61909,0
2026/06/09 19:37:21,99.9,6417,61909,0
2026/06/09 19:37:25,90.3,6428,61909,0
2026/06/09 19:37:30,100.0,6417,61909,0
2026/06/09 19:37:34,100.0,6437,61909,0
2026/06/09 19:37:39,100.0,6422,61909,0
2026/06/09 19:37:43,100.0,6416,61909,0
2026/06/09 19:37:48,90.1,6426,61909,0
2026/06/09 19:37:52,100.0,6418,61909,0
2026/06/09 19:37:57,90.2,6432,61909,0
2026/06/09 19:38:02,100.0,6422,61909,0
2026/06/09 19:38:06,100.0,6449,61909,0
2026/06/09 19:38:11,100.0,6433,61909,0
2026/06/09 19:38:15,96.9,6455,61909,0
2026/06/09 19:38:20,100.0,6441,61909,0
2026/06/09 19:38:24,90.9,6440,61909,0
2026/06/09 19:38:29,100.0,6429,61909,0
2026/06/09 19:38:33,100.0,6440,61909,0
2026/06/09 19:38:38,86.8,6458,61909,0
2026/06/09 19:38:42,82.0,6430,61909,0
2026/06/09 19:38:47,100.0,6421,61909,0
2026/06/09 19:38:51,100.0,6433,61909,0
2026/06/09 19:38:56,100.0,6437,61909,0
2026/06/09 19:39:00,100.0,6425,61909,0
2026/06/09 19:39:05,81.2,6467,61909,0
2026/06/09 19:39:09,78.9,6435,61909,0
2026/06/09 19:39:14,100.0,6425,61909,0
2026/06/09 19:39:18,100.0,6441,61909,0
2026/06/09 19:39:23,100.0,6439,61909,0
2026/06/09 19:39:27,100.0,6426,61909,0
2026/06/09 19:39:32,88.5,6425,61909,0
2026/06/09 19:39:37,100.0,6416,61909,0
2026/06/09 19:39:41,100.0,6427,61909,0
2026/06/09 19:39:46,100.0,6434,61909,0
2026/06/09 19:39:50,100.0,6419,61909,0
2026/06/09 19:39:55,88.1,6436,61909,0
2026/06/09 19:39:59,100.0,6420,61909,0
2026/06/09 19:40:04,91.7,6428,61909,0
2026/06/09 19:40:08,100.0,6416,61909,0
2026/06/09 19:40:13,100.0,6432,61909,0
2026/06/09 19:40:17,80.8,6438,61909,0
2026/06/09 19:40:22,100.0,6422,61909,0
2026/06/09 19:40:26,100.0,6415,61909,0
2026/06/09 19:40:31,85.0,6425,61909,0
2026/06/09 19:40:35,100.0,6416,61909,0
2026/06/09 19:40:40,100.0,6440,61909,0
2026/06/09 19:40:44,100.0,6445,61909,0
2026/06/09 19:40:49,100.0,6428,61909,0
2026/06/09 19:40:53,83.8,6429,61909,0
2026/06/09 19:40:58,100.0,6419,61909,0
2026/06/09 19:41:03,100.0,6434,61909,0
2026/06/09 19:41:07,100.0,6436,61909,0
2026/06/09 19:41:12,100.0,6423,61909,0
2026/06/09 19:41:16,100.0,6440,61909,0
2026/06/09 19:41:21,100.0,6427,61909,0
2026/06/09 19:41:25,100.0,6441,61909,0
2026/06/09 19:41:30,100.0,6427,61909,0
2026/06/09 19:41:34,100.0,6434,61909,0
2026/06/09 19:41:39,100.0,6424,61909,0
2026/06/09 19:41:43,100.0,6442,61909,0
2026/06/09 19:41:48,100.0,6428,61909,0
2026/06/09 19:41:52,100.0,6431,61909,0
2026/06/09 19:41:57,100.0,6433,61909,0
2026/06/09 19:42:01,100.0,6442,61909,0
2026/06/09 19:42:06,100.0,6427,61909,0
2026/06/09 19:42:10,100.0,6436,61909,0
2026/06/09 19:42:15,100.0,6422,61909,0
2026/06/09 19:42:19,100.0,6427,61909,0
2026/06/09 19:42:24,81.9,6432,61909,0
2026/06/09 19:42:29,100.0,6423,61909,0
2026/06/09 19:42:33,100.0,6444,61909,0
2026/06/09 19:42:38,100.0,6441,61909,0
2026/06/09 19:42:42,100.0,6429,61909,0
2026/06/09 19:42:47,100.0,6452,61909,0
2026/06/09 19:42:51,80.5,6449,61909,0
2026/06/09 19:42:56,6.3,5831,61909,0
2026/06/09 19:43:00,100.0,6415,61909,0
2026/06/09 19:43:05,100.0,6416,61909,0
2026/06/09 19:43:09,6.5,3837,61909,0
2026/06/09 19:43:14,6.3,3571,61909,0
2026/06/09 19:43:18,6.4,3623,61909,0
2026/06/09 19:43:23,6.4,3564,61909,0
2026/06/09 19:43:27,6.6,5167,61909,0
2026/06/09 19:43:32,6.3,5897,61909,0
2026/06/09 19:43:36,100.0,6033,61909,0
2026/06/09 19:43:41,95.8,6066,61909,0
2026/06/09 19:43:45,93.0,6050,61909,0
2026/06/09 19:43:50,100.0,6041,61909,0
2026/06/09 19:43:54,83.9,6041,61909,0
2026/06/09 19:43:59,92.2,6037,61909,0
2026/06/09 19:44:04,98.8,6021,61909,0
2026/06/09 19:44:08,6.6,3598,61909,0
2026/06/09 19:44:13,6.3,3572,61909,0
2026/06/09 19:44:17,6.5,3531,61909,0
2026/06/09 19:44:22,6.5,3499,61909,0
2026/06/09 19:44:26,11.1,5165,61909,0
2026/06/09 19:44:31,6.3,5715,61909,0
2026/06/09 19:44:35,6.5,6336,61909,0
2026/06/09 19:44:40,100.0,6355,61909,0
2026/06/09 19:44:44,94.8,6268,61909,0
2026/06/09 19:44:49,99.9,6198,61909,0
2026/06/09 19:44:53,94.9,6131,61909,0
2026/06/09 19:44:58,100.0,6069,61909,0
2026/06/09 19:45:02,94.9,6041,61909,0
2026/06/09 19:45:07,100.0,5992,61909,0
2026/06/09 19:45:11,85.0,5977,61909,0
2026/06/09 19:45:16,100.0,5939,61909,0
2026/06/09 19:45:20,98.5,5901,61909,0
2026/06/09 19:45:25,97.6,5868,61909,0
2026/06/09 19:45:30,94.3,5857,61909,0
2026/06/09 19:45:34,100.0,5844,61909,0
2026/06/09 19:45:39,100.0,5844,61909,0
2026/06/09 19:45:43,100.0,5837,61909,0
2026/06/09 19:45:48,84.7,5847,61909,0
2026/06/09 19:45:52,94.8,5878,61909,0
2026/06/09 19:45:57,100.0,5859,61909,0
2026/06/09 19:46:01,100.0,5858,61909,0
2026/06/09 19:46:06,100.0,5853,61909,0
2026/06/09 19:46:10,83.8,5878,61909,0
2026/06/09 19:46:15,100.0,5878,61909,0
2026/06/09 19:46:19,100.0,5862,61909,0
2026/06/09 19:46:24,100.0,5851,61909,0
2026/06/09 19:46:28,93.1,5850,61909,0
2026/06/09 19:46:33,97.3,5861,61909,0
2026/06/09 19:46:37,99.1,5865,61909,0
2026/06/09 19:46:42,100.0,5854,61909,0
2026/06/09 19:46:46,83.9,5862,61909,0
2026/06/09 19:46:51,85.2,5871,61909,0
2026/06/09 19:46:55,98.6,5859,61909,0
2026/06/09 19:47:00,100.0,5854,61909,0
2026/06/09 19:47:05,95.3,5854,61909,0
2026/06/09 19:47:09,94.7,5861,61909,0
2026/06/09 19:47:14,6.5,5690,61909,0
2026/06/09 19:47:18,4.0,3614,61909,0
2026/06/09 19:47:23,6.4,3636,61909,0
2026/06/09 19:47:27,18.0,4254,61909,0
2026/06/09 19:47:32,6.3,5851,61909,0
2026/06/09 19:47:36,6.5,6404,61909,0
2026/06/09 19:47:41,100.0,6428,61909,0
2026/06/09 19:47:45,100.0,6359,61909,0
2026/06/09 19:47:50,100.0,6282,61909,0
2026/06/09 19:47:54,91.2,6200,61909,0
2026/06/09 19:47:59,100.0,6115,61909,0
2026/06/09 19:48:03,100.0,6035,61909,0
2026/06/09 19:48:08,97.7,5969,61909,0
2026/06/09 19:48:12,100.0,5933,61909,0
2026/06/09 19:48:17,100.0,5879,61909,0
2026/06/09 19:48:21,100.0,5851,61909,0
2026/06/09 19:48:26,100.0,5823,61909,0
2026/06/09 19:48:30,95.8,5821,61909,0
2026/06/09 19:48:35,96.7,5813,61909,0
2026/06/09 19:48:40,85.7,5821,61909,0
2026/06/09 19:48:44,100.0,5820,61909,0
2026/06/09 19:48:49,87.1,5815,61909,0
2026/06/09 19:48:53,100.0,5811,61909,0
2026/06/09 19:48:58,98.1,5820,61909,0
2026/06/09 19:49:02,100.0,5825,61909,0
2026/06/09 19:49:07,100.0,5819,61909,0
2026/06/09 19:49:11,85.6,5826,61909,0
2026/06/09 19:49:16,100.0,5819,61909,0
2026/06/09 19:49:20,93.3,5817,61909,0
2026/06/09 19:49:25,97.9,5816,61909,0
2026/06/09 19:49:29,97.5,5817,61909,0
2026/06/09 19:49:34,100.0,5816,61909,0
2026/06/09 19:49:38,100.0,5809,61909,0
2026/06/09 19:49:43,100.0,5819,61909,0
2026/06/09 19:49:47,100.0,5821,61909,0
2026/06/09 19:49:52,96.9,5819,61909,0
2026/06/09 19:49:56,100.0,5815,61909,0
2026/06/09 19:50:01,100.0,5796,61909,0
2026/06/09 19:50:06,6.6,3358,61909,0
2026/06/09 19:50:10,13.4,5303,61909,0
2026/06/09 19:50:15,6.4,5491,61909,0
2026/06/09 19:50:19,91.6,6044,61909,0
2026/06/09 19:50:24,100.0,6033,61909,0
2026/06/09 19:50:28,96.4,5957,61909,0
2026/06/09 19:50:33,96.7,5906,61909,0
2026/06/09 19:50:37,96.7,5859,61909,0
2026/06/09 19:50:42,99.6,5817,61909,0
2026/06/09 19:50:46,100.0,5777,61909,0
2026/06/09 19:50:51,99.1,5769,61909,0
2026/06/09 19:50:55,100.0,5764,61909,0
2026/06/09 19:51:00,86.8,5756,61909,0
2026/06/09 19:51:04,86.1,5751,61909,0
2026/06/09 19:51:09,100.0,5739,61909,0
2026/06/09 19:51:13,100.0,5739,61909,0
2026/06/09 19:51:18,96.5,5742,61909,0
2026/06/09 19:51:22,95.8,5753,61909,0
2026/06/09 19:51:27,100.0,5743,61909,0
2026/06/09 19:51:32,99.8,5752,61909,0
2026/06/09 19:51:36,86.8,5748,61909,0
2026/06/09 19:51:41,98.9,5752,61909,0
2026/06/09 19:51:45,100.0,5739,61909,0
2026/06/09 19:51:50,100.0,5748,61909,0
2026/06/09 19:51:54,91.5,5748,61909,0
2026/06/09 19:51:59,86.6,5750,61909,0
2026/06/09 19:52:03,98.9,5751,61909,0
2026/06/09 19:52:08,100.0,5746,61909,0
2026/06/09 19:52:12,86.5,5744,61909,0
2026/06/09 19:52:17,98.9,5749,61909,0
2026/06/09 19:52:21,100.0,5739,61909,0
2026/06/09 19:52:26,100.0,5727,61909,0
2026/06/09 19:52:30,6.3,3302,61909,0
2026/06/09 19:52:35,6.4,5241,61909,0
2026/06/09 19:52:39,6.3,5633,61909,0
2026/06/09 19:52:44,83.8,6193,61909,0
2026/06/09 19:52:48,96.4,6173,61909,0
2026/06/09 19:52:53,100.0,6109,61909,0
2026/06/09 19:52:57,100.0,6038,61909,0
2026/06/09 19:53:02,100.0,5969,61909,0
2026/06/09 19:53:07,96.8,5921,61909,0
2026/06/09 19:53:11,99.9,5870,61909,0
2026/06/09 19:53:16,97.9,5843,61909,0
2026/06/09 19:53:20,86.8,5805,61909,0
2026/06/09 19:53:25,99.0,5768,61909,0
2026/06/09 19:53:29,100.0,5731,61909,0
2026/06/09 19:53:34,99.8,5721,61909,0
2026/06/09 19:53:38,95.8,5723,61909,0
2026/06/09 19:53:43,86.8,5718,61909,0
2026/06/09 19:53:47,100.0,5718,61909,0
2026/06/09 19:53:52,99.3,5721,61909,0
2026/06/09 19:53:56,91.4,5724,61909,0
2026/06/09 19:54:01,86.6,5722,61909,0
2026/06/09 19:54:05,100.0,5708,61909,0
2026/06/09 19:54:10,100.0,5704,61909,0
2026/06/09 19:54:14,97.0,5710,61909,0
2026/06/09 19:54:19,86.6,5722,61909,0
2026/06/09 19:54:23,98.1,5718,61909,0
2026/06/09 19:54:28,98.8,5723,61909,0
2026/06/09 19:54:33,100.0,5723,61909,0
2026/06/09 19:54:37,93.8,5712,61909,0
2026/06/09 19:54:42,100.0,5716,61909,0
2026/06/09 19:54:46,100.0,5737,61909,0
2026/06/09 19:54:51,100.0,5711,61909,0
2026/06/09 19:54:55,6.4,3504,61909,0
2026/06/09 19:55:00,6.3,5649,61909,0
2026/06/09 19:55:04,6.6,6267,61909,0
2026/06/09 19:55:09,100.0,6418,61909,0
2026/06/09 19:55:13,100.0,6376,61909,0
2026/06/09 19:55:18,100.0,6288,61909,0
2026/06/09 19:55:22,100.0,6185,61909,0
2026/06/09 19:55:27,100.0,6107,61909,0
2026/06/09 19:55:31,98.3,6018,61909,0
2026/06/09 19:55:36,100.0,5955,61909,0
2026/06/09 19:55:40,99.1,5920,61909,0
2026/06/09 19:55:45,96.8,5859,61909,0
2026/06/09 19:55:49,96.0,5821,61909,0
2026/06/09 19:55:54,98.8,5777,61909,0
2026/06/09 19:55:58,98.6,5750,61909,0
2026/06/09 19:56:03,99.8,5744,61909,0
2026/06/09 19:56:08,96.8,5738,61909,0
2026/06/09 19:56:12,86.5,5743,61909,0
2026/06/09 19:56:17,98.6,5743,61909,0
2026/06/09 19:56:21,99.9,5740,61909,0
2026/06/09 19:56:26,99.9,5751,61909,0
2026/06/09 19:56:30,86.6,5722,61909,0
2026/06/09 19:56:35,100.0,5746,61909,0
2026/06/09 19:56:39,100.0,5738,61909,0
2026/06/09 19:56:44,100.0,5739,61909,0
2026/06/09 19:56:48,96.5,5741,61909,0
2026/06/09 19:56:53,98.8,5744,61909,0
2026/06/09 19:56:57,97.9,5743,61909,0
2026/06/09 19:57:02,99.0,5743,61909,0
2026/06/09 19:57:06,97.3,5745,61909,0
2026/06/09 19:57:11,98.8,5749,61909,0
2026/06/09 19:57:15,27.0,5746,61909,0
2026/06/09 19:57:20,6.5,3539,61909,0
2026/06/09 19:57:24,6.5,5605,61909,0
2026/06/09 19:57:29,6.4,6297,61909,0
2026/06/09 19:57:33,86.3,6448,61909,0
2026/06/09 19:57:38,96.7,6361,61909,0
2026/06/09 19:57:43,96.8,6262,61909,0
2026/06/09 19:57:47,96.8,6147,61909,0
2026/06/09 19:57:52,100.0,6064,61909,0
2026/06/09 19:57:56,100.0,5983,61909,0
2026/06/09 19:58:01,99.4,5958,61909,0
2026/06/09 19:58:05,100.0,5904,61909,0
2026/06/09 19:58:10,86.7,5877,61909,0
2026/06/09 19:58:14,87.0,5846,61909,0
2026/06/09 19:58:19,100.0,5802,61909,0
2026/06/09 19:58:23,100.0,5773,61909,0
2026/06/09 19:58:28,96.8,5765,61909,0
2026/06/09 19:58:32,95.0,5769,61909,0
2026/06/09 19:58:37,100.0,5756,61909,0
2026/06/09 19:58:41,98.8,5762,61909,0
2026/06/09 19:58:46,99.6,5757,61909,0
2026/06/09 19:58:50,86.8,5765,61909,0
2026/06/09 19:58:55,92.5,5764,61909,0
2026/06/09 19:58:59,100.0,5768,61909,0
2026/06/09 19:59:04,100.0,5764,61909,0
2026/06/09 19:59:09,86.9,5779,61909,0
2026/06/09 19:59:13,98.6,5771,61909,0
2026/06/09 19:59:18,100.0,5772,61909,0
2026/06/09 19:59:22,100.0,5785,61909,0
2026/06/09 19:59:27,86.6,5773,61909,0
2026/06/09 19:59:31,86.6,5770,61909,0
2026/06/09 19:59:36,98.0,5780,61909,0
2026/06/09 19:59:40,5.1,3583,61909,0
2026/06/09 19:59:45,15.0,4331,61909,0
2026/06/09 19:59:49,6.5,5309,61909,0
2026/06/09 19:59:54,6.3,6026,61909,0
2026/06/09 19:59:58,87.3,6003,61909,0
2026/06/09 20:00:03,90.0,5952,61909,0
2026/06/09 20:00:07,100.0,5888,61909,0
2026/06/09 20:00:12,100.0,5830,61909,0
2026/06/09 20:00:16,100.0,5793,61909,0
2026/06/09 20:00:21,98.9,5791,61909,0
2026/06/09 20:00:25,100.0,5767,61909,0
2026/06/09 20:00:30,96.3,5770,61909,0
2026/06/09 20:00:34,95.4,5774,61909,0
2026/06/09 20:00:39,100.0,5778,61909,0
2026/06/09 20:00:44,100.0,5765,61909,0
2026/06/09 20:00:48,100.0,5769,61909,0
2026/06/09 20:00:53,87.0,5765,61909,0
2026/06/09 20:00:57,98.3,5757,61909,0
2026/06/09 20:01:02,100.0,5764,61909,0
2026/06/09 20:01:06,100.0,5755,61909,0
2026/06/09 20:01:11,95.9,5764,61909,0
2026/06/09 20:01:15,100.0,5757,61909,0
2026/06/09 20:01:20,98.8,5765,61909,0
2026/06/09 20:01:24,100.0,5769,61909,0
2026/06/09 20:01:29,86.9,5762,61909,0
2026/06/09 20:01:33,100.0,5764,61909,0
2026/06/09 20:01:38,100.0,5755,61909,0
2026/06/09 20:01:42,100.0,5757,61909,0
2026/06/09 20:01:47,86.6,5755,61909,0
2026/06/09 20:01:51,100.0,5755,61909,0
2026/06/09 20:01:56,100.0,5755,61909,0
2026/06/09 20:02:00,6.5,5594,61909,0
2026/06/09 20:02:05,6.5,3561,61909,0
2026/06/09 20:02:10,13.1,4614,61909,0
2026/06/09 20:02:14,6.6,5179,61909,0
2026/06/09 20:02:19,6.5,5777,61909,0
2026/06/09 20:02:23,96.8,5800,61909,0
2026/06/09 20:02:28,96.8,5800,61909,0
2026/06/09 20:02:32,96.7,5796,61909,0
2026/06/09 20:02:37,96.8,5771,61909,0
2026/06/09 20:02:41,94.6,5756,61909,0
2026/06/09 20:02:46,100.0,5751,61909,0
2026/06/09 20:02:50,87.0,5756,61909,0
2026/06/09 20:02:55,98.6,5750,61909,0
2026/06/09 20:02:59,98.4,5763,61909,0
2026/06/09 20:03:04,98.6,5754,61909,0
2026/06/09 20:03:08,99.6,5750,61909,0
2026/06/09 20:03:13,96.8,5742,61909,0
2026/06/09 20:03:17,87.0,5751,61909,0
2026/06/09 20:03:22,100.0,5743,61909,0
2026/06/09 20:03:26,100.0,5747,61909,0
2026/06/09 20:03:31,100.0,5747,61909,0
2026/06/09 20:03:36,86.9,5756,61909,0
2026/06/09 20:03:40,100.0,5741,61909,0
2026/06/09 20:03:45,100.0,5743,61909,0
2026/06/09 20:03:49,100.0,5743,61909,0
2026/06/09 20:03:54,87.0,5753,61909,0
2026/06/09 20:03:58,100.0,5746,61909,0
2026/06/09 20:04:03,98.0,5752,61909,0
2026/06/09 20:04:07,100.0,5756,61909,0
2026/06/09 20:04:12,86.9,5753,61909,0
2026/06/09 20:04:16,100.0,5745,61909,0
2026/06/09 20:04:21,100.0,5740,61909,0
2026/06/09 20:04:25,100.0,5729,61909,0
2026/06/09 20:04:30,6.3,3549,61909,0
2026/06/09 20:04:34,6.5,5798,61909,0
2026/06/09 20:04:39,6.4,5786,61909,0
2026/06/09 20:04:43,100.0,6597,61909,0
2026/06/09 20:04:48,98.5,6490,61909,0
2026/06/09 20:04:52,96.8,6413,61909,0
2026/06/09 20:04:57,96.8,6314,61909,0
2026/06/09 20:05:01,96.7,6245,61909,0
2026/06/09 20:05:06,97.6,6149,61909,0
2026/06/09 20:05:11,86.8,6082,61909,0
2026/06/09 20:05:15,97.0,5993,61909,0
2026/06/09 20:05:20,86.6,5956,61909,0
2026/06/09 20:05:24,98.2,5883,61909,0
2026/06/09 20:05:29,98.6,5849,61909,0
2026/06/09 20:05:33,100.0,5798,61909,0
2026/06/09 20:05:38,100.0,5796,61909,0
2026/06/09 20:05:42,100.0,5777,61909,0
2026/06/09 20:05:47,96.0,5774,61909,0
2026/06/09 20:05:51,86.7,5782,61909,0
2026/06/09 20:05:56,97.2,5770,61909,0
2026/06/09 20:06:00,97.6,5792,61909,0
2026/06/09 20:06:05,100.0,5795,61909,0
2026/06/09 20:06:09,87.4,5803,61909,0
2026/06/09 20:06:14,86.6,5787,61909,0
2026/06/09 20:06:18,100.0,5779,61909,0
2026/06/09 20:06:23,100.0,5781,61909,0
2026/06/09 20:06:27,100.0,5789,61909,0
2026/06/09 20:06:32,96.8,5778,61909,0
2026/06/09 20:06:37,86.8,5788,61909,0
2026/06/09 20:06:41,100.0,5779,61909,0
2026/06/09 20:06:46,98.6,5782,61909,0
2026/06/09 20:06:50,6.1,3585,61909,0
2026/06/09 20:06:55,16.3,4165,61909,0
2026/06/09 20:06:59,6.5,5567,61909,0
2026/06/09 20:07:04,6.3,6336,61909,0
2026/06/09 20:07:08,96.7,6296,61909,0
2026/06/09 20:07:13,100.0,6233,61909,0
2026/06/09 20:07:17,100.0,6160,61909,0
2026/06/09 20:07:22,100.0,6066,61909,0
2026/06/09 20:07:26,100.0,6004,61909,0
2026/06/09 20:07:31,99.8,5949,61909,0
2026/06/09 20:07:35,100.0,5911,61909,0
2026/06/09 20:07:40,99.3,5879,61909,0
2026/06/09 20:07:44,100.0,5835,61909,0
2026/06/09 20:07:49,96.3,5807,61909,0
2026/06/09 20:07:53,94.6,5789,61909,0
2026/06/09 20:07:58,94.9,5778,61909,0
2026/06/09 20:08:02,100.0,5769,61909,0
2026/06/09 20:08:07,99.9,5777,61909,0
2026/06/09 20:08:12,100.0,5778,61909,0
2026/06/09 20:08:16,86.7,5776,61909,0
2026/06/09 20:08:21,86.9,5781,61909,0
2026/06/09 20:08:25,99.3,5768,61909,0
2026/06/09 20:08:30,100.0,5769,61909,0
2026/06/09 20:08:34,100.0,5780,61909,0
2026/06/09 20:08:39,100.0,5784,61909,0
2026/06/09 20:08:43,86.5,5780,61909,0
2026/06/09 20:08:48,86.7,5770,61909,0
2026/06/09 20:08:52,100.0,5771,61909,0
2026/06/09 20:08:57,100.0,5770,61909,0
2026/06/09 20:09:01,100.0,5789,61909,0
2026/06/09 20:09:06,100.0,5786,61909,0
2026/06/09 20:09:10,6.5,5225,61909,0
2026/06/09 20:09:15,12.6,3609,61909,0
2026/06/09 20:09:19,6.5,5417,61909,0
2026/06/09 20:09:24,6.5,6420,61909,0
2026/06/09 20:09:28,100.0,6222,61909,0
2026/06/09 20:09:33,100.0,6178,61909,0
2026/06/09 20:09:38,100.0,6142,61909,0
2026/06/09 20:09:42,100.0,6078,61909,0
2026/06/09 20:09:47,100.0,6027,61909,0
2026/06/09 20:09:51,100.0,5987,61909,0
2026/06/09 20:09:56,100.0,5943,61909,0
2026/06/09 20:10:00,100.0,5929,61909,0
2026/06/09 20:10:05,95.6,5898,61909,0
2026/06/09 20:10:09,86.7,5847,61909,0
2026/06/09 20:10:14,100.0,5832,61909,0
2026/06/09 20:10:18,100.0,5815,61909,0
2026/06/09 20:10:23,99.6,5804,61909,0
2026/06/09 20:10:27,100.0,5800,61909,0
2026/06/09 20:10:32,100.0,5800,61909,0
2026/06/09 20:10:36,86.5,5813,61909,0
2026/06/09 20:10:41,86.7,5808,61909,0
2026/06/09 20:10:45,100.0,5802,61909,0
2026/06/09 20:10:50,100.0,5792,61909,0
2026/06/09 20:10:54,100.0,5793,61909,0
2026/06/09 20:10:59,100.0,5792,61909,0
2026/06/09 20:11:03,96.8,5795,61909,0
2026/06/09 20:11:08,96.4,5794,61909,0
2026/06/09 20:11:13,99.3,5796,61909,0
2026/06/09 20:11:17,99.3,5795,61909,0
2026/06/09 20:11:22,99.5,5797,61909,0
2026/06/09 20:11:26,99.8,5802,61909,0
2026/06/09 20:11:31,6.4,3362,61909,0
2026/06/09 20:11:35,15.9,3782,61909,0
2026/06/09 20:11:40,6.5,5511,61909,0
2026/06/09 20:11:44,6.3,6586,61909,0
2026/06/09 20:11:49,100.0,6271,61909,0
2026/06/09 20:11:53,100.0,6206,61909,0
2026/06/09 20:11:58,100.0,6148,61909,0
2026/06/09 20:12:02,100.0,6077,61909,0
2026/06/09 20:12:07,100.0,6014,61909,0
2026/06/09 20:12:11,98.9,5958,61909,0
2026/06/09 20:12:16,100.0,5908,61909,0
2026/06/09 20:12:20,99.5,5874,61909,0
2026/06/09 20:12:25,100.0,5842,61909,0
2026/06/09 20:12:29,86.5,5825,61909,0
2026/06/09 20:12:34,87.0,5810,61909,0
2026/06/09 20:12:39,99.1,5792,61909,0
2026/06/09 20:12:43,100.0,5805,61909,0
2026/06/09 20:12:48,99.9,5798,61909,0
2026/06/09 20:12:52,100.0,5791,61909,0
2026/06/09 20:12:57,99.9,5793,61909,0
2026/06/09 20:13:01,86.7,5790,61909,0
2026/06/09 20:13:06,92.2,5816,61909,0
2026/06/09 20:13:10,100.0,5793,61909,0
2026/06/09 20:13:15,100.0,5791,61909,0
2026/06/09 20:13:19,100.0,5792,61909,0
2026/06/09 20:13:24,100.0,5789,61909,0
2026/06/09 20:13:28,96.7,5793,61909,0
2026/06/09 20:13:33,95.9,5790,61909,0
2026/06/09 20:13:37,97.4,5790,61909,0
2026/06/09 20:13:42,98.5,5790,61909,0
2026/06/09 20:13:46,99.0,5794,61909,0
2026/06/09 20:13:51,5.8,3610,61909,0
2026/06/09 20:13:55,18.0,3868,61909,0
2026/06/09 20:14:00,6.6,5778,61909,0
2026/06/09 20:14:04,6.3,6527,61909,0
2026/06/09 20:14:09,95.8,6451,61909,0
2026/06/09 20:14:14,100.0,6346,61909,0
2026/06/09 20:14:18,100.0,6230,61909,0
2026/06/09 20:14:23,99.6,6126,61909,0
2026/06/09 20:14:27,96.8,6025,61909,0
2026/06/09 20:14:32,99.5,5979,61909,0
2026/06/09 20:14:36,100.0,5921,61909,0
2026/06/09 20:14:41,98.3,5889,61909,0
2026/06/09 20:14:45,100.0,5855,61909,0
2026/06/09 20:14:50,100.0,5823,61909,0
2026/06/09 20:14:54,99.6,5815,61909,0
2026/06/09 20:14:59,100.0,5808,61909,0
2026/06/09 20:15:03,100.0,5801,61909,0
2026/06/09 20:15:08,100.0,5798,61909,0
2026/06/09 20:15:12,89.8,5808,61909,0
2026/06/09 20:15:17,96.7,5801,61909,0
2026/06/09 20:15:21,96.4,5809,61909,0
2026/06/09 20:15:26,96.2,5814,61909,0
2026/06/09 20:15:30,98.4,5802,61909,0
2026/06/09 20:15:35,100.0,5815,61909,0
2026/06/09 20:15:40,99.4,5807,61909,0
2026/06/09 20:15:44,99.6,5802,61909,0
2026/06/09 20:15:49,100.0,5810,61909,0
2026/06/09 20:15:53,100.0,5805,61909,0
2026/06/09 20:15:58,88.7,5802,61909,0
2026/06/09 20:16:02,86.7,5821,61909,0
2026/06/09 20:16:07,99.8,5791,61909,0
2026/06/09 20:16:11,6.3,3611,61909,0
2026/06/09 20:16:16,6.5,5580,61909,0
2026/06/09 20:16:20,6.5,6619,61909,0
2026/06/09 20:16:25,100.0,6517,61909,0
2026/06/09 20:16:29,91.2,6398,61909,0
2026/06/09 20:16:34,100.0,6303,61909,0
2026/06/09 20:16:38,100.0,6235,61909,0
2026/06/09 20:16:43,100.0,6117,61909,0
2026/06/09 20:16:47,100.0,6041,61909,0
2026/06/09 20:16:52,99.9,5972,61909,0
2026/06/09 20:16:56,100.0,5934,61909,0
2026/06/09 20:17:01,100.0,5886,61909,0
2026/06/09 20:17:06,100.0,5856,61909,0
2026/06/09 20:17:10,100.0,5817,61909,0
2026/06/09 20:17:15,88.1,5803,61909,0
2026/06/09 20:17:19,86.8,5790,61909,0
2026/06/09 20:17:24,86.5,5788,61909,0
2026/06/09 20:17:28,86.7,5789,61909,0
2026/06/09 20:17:33,98.0,5804,61909,0
2026/06/09 20:17:37,100.0,5789,61909,0
2026/06/09 20:17:42,100.0,5800,61909,0
2026/06/09 20:17:46,100.0,5783,61909,0
2026/06/09 20:17:51,99.9,5786,61909,0
2026/06/09 20:17:55,100.0,5784,61909,0
2026/06/09 20:18:00,100.0,5786,61909,0
2026/06/09 20:18:04,100.0,5787,61909,0
2026/06/09 20:18:09,100.0,5783,61909,0
2026/06/09 20:18:13,96.3,5790,61909,0
2026/06/09 20:18:18,95.7,5788,61909,0
2026/06/09 20:18:22,75.3,5621,61909,0
2026/06/09 20:18:27,6.4,3591,61909,0
2026/06/09 20:18:31,13.2,5023,61909,0
2026/06/09 20:18:36,6.5,5770,61909,0
2026/06/09 20:18:41,8.7,6544,61909,0
2026/06/09 20:18:45,100.0,6475,61909,0
2026/06/09 20:18:50,100.0,6399,61909,0
2026/06/09 20:18:54,89.4,6311,61909,0
2026/06/09 20:18:59,86.9,6213,61909,0
2026/06/09 20:19:03,86.9,6099,61909,0
2026/06/09 20:19:08,100.0,6044,61909,0
2026/06/09 20:19:12,99.9,5969,61909,0
2026/06/09 20:19:17,100.0,5915,61909,0
2026/06/09 20:19:21,100.0,5867,61909,0
2026/06/09 20:19:26,100.0,5845,61909,0
2026/06/09 20:19:30,100.0,5819,61909,0
2026/06/09 20:19:35,100.0,5811,61909,0
2026/06/09 20:19:39,100.0,5810,61909,0
2026/06/09 20:19:44,100.0,5806,61909,0
2026/06/09 20:19:48,100.0,5809,61909,0
2026/06/09 20:19:53,99.1,5810,61909,0
2026/06/09 20:19:57,100.0,5813,61909,0
2026/06/09 20:20:02,100.0,5806,61909,0
2026/06/09 20:20:07,100.0,5809,61909,0
2026/06/09 20:20:11,100.0,5808,61909,0
2026/06/09 20:20:16,100.0,5808,61909,0
2026/06/09 20:20:20,100.0,5812,61909,0
2026/06/09 20:20:25,100.0,5812,61909,0
2026/06/09 20:20:29,100.0,5811,61909,0
2026/06/09 20:20:34,100.0,5818,61909,0
2026/06/09 20:20:38,6.3,5715,61909,0
2026/06/09 20:20:43,6.3,3602,61909,0
2026/06/09 20:20:47,14.0,4689,61909,0
2026/06/09 20:20:52,6.6,5629,61909,0
2026/06/09 20:20:56,10.7,6405,61909,0
2026/06/09 20:21:01,97.2,6383,61909,0
2026/06/09 20:21:05,86.6,6317,61909,0
2026/06/09 20:21:10,86.9,6261,61909,0
2026/06/09 20:21:14,86.7,6181,61909,0
2026/06/09 20:21:19,86.7,6086,61909,0
2026/06/09 20:21:23,100.0,6027,61909,0
2026/06/09 20:21:28,99.3,5982,61909,0
2026/06/09 20:21:32,100.0,5952,61909,0
2026/06/09 20:21:37,100.0,5907,61909,0
2026/06/09 20:21:42,86.9,5887,61909,0
2026/06/09 20:21:46,86.8,5848,61909,0
2026/06/09 20:21:51,100.0,5816,61909,0
2026/06/09 20:21:55,100.0,5804,61909,0
2026/06/09 20:22:00,100.0,5786,61909,0
2026/06/09 20:22:04,100.0,5794,61909,0
2026/06/09 20:22:09,100.0,5797,61909,0
2026/06/09 20:22:13,99.1,5793,61909,0
2026/06/09 20:22:18,100.0,5796,61909,0
2026/06/09 20:22:22,96.5,5798,61909,0
2026/06/09 20:22:27,86.7,5800,61909,0
2026/06/09 20:22:31,86.7,5797,61909,0
2026/06/09 20:22:36,96.7,5794,61909,0
2026/06/09 20:22:40,96.8,5792,61909,0
2026/06/09 20:22:45,100.0,5792,61909,0
2026/06/09 20:22:49,100.0,5779,61909,0
2026/06/09 20:22:54,6.3,3571,61909,0
2026/06/09 20:22:58,7.6,5728,61909,0
2026/06/09 20:23:03,6.6,6023,61909,0
2026/06/09 20:23:07,97.0,6564,61909,0
2026/06/09 20:23:12,96.4,6429,61909,0
2026/06/09 20:23:17,100.0,6313,61909,0
2026/06/09 20:23:21,77.3,6147,61909,0
2026/06/09 20:23:26,6.3,3979,61909,0
2026/06/09 20:23:30,6.5,6081,61909,0
2026/06/09 20:23:35,6.5,6515,61909,0
2026/06/09 20:23:39,83.4,6712,61909,0
2026/06/09 20:23:44,95.2,6541,61909,0
2026/06/09 20:23:48,99.9,6364,61909,0
2026/06/09 20:23:53,100.0,6249,61909,0
2026/06/09 20:23:57,100.0,6127,61909,0
2026/06/09 20:24:02,86.7,6056,61909,0
2026/06/09 20:24:06,86.7,6002,61909,0
2026/06/09 20:24:11,98.6,5951,61909,0
2026/06/09 20:24:15,99.0,5920,61909,0
2026/06/09 20:24:20,100.0,5883,61909,0
2026/06/09 20:24:24,92.2,5833,61909,0
2026/06/09 20:24:29,6.5,3647,61909,0
2026/06/09 20:24:33,10.0,5479,61909,0
2026/06/09 20:24:38,6.5,6057,61909,0
2026/06/09 20:24:42,100.0,6460,61909,0
2026/06/09 20:24:47,100.0,6322,61909,0
2026/06/09 20:24:52,100.0,6232,61909,0
2026/06/09 20:24:56,100.0,6131,61909,0
2026/06/09 20:25:01,100.0,6052,61909,0
2026/06/09 20:25:05,100.0,5987,61909,0
2026/06/09 20:25:10,100.0,5939,61909,0
2026/06/09 20:25:14,86.9,5905,61909,0
2026/06/09 20:25:19,6.5,5700,61909,0
2026/06/09 20:25:23,6.3,3645,61909,0
2026/06/09 20:25:28,11.3,4949,61909,0
2026/06/09 20:25:32,6.5,5889,61909,0
2026/06/09 20:25:37,13.0,6250,61909,0
2026/06/09 20:25:41,86.7,6230,61909,0
2026/06/09 20:25:46,86.8,6170,61909,0
2026/06/09 20:25:50,86.6,6146,61909,0
2026/06/09 20:25:55,100.0,6096,61909,0
2026/06/09 20:25:59,100.0,6029,61909,0
2026/06/09 20:26:04,100.0,5971,61909,0
2026/06/09 20:26:08,100.0,5934,61909,0
2026/06/09 20:26:13,100.0,5903,61909,0
2026/06/09 20:26:18,100.0,5895,61909,0
2026/06/09 20:26:22,100.0,5835,61909,0
2026/06/09 20:26:27,99.6,5813,61909,0
2026/06/09 20:26:31,6.9,3620,61909,0
2026/06/09 20:26:36,11.7,5265,61909,0
2026/06/09 20:26:40,6.3,5422,61909,0
2026/06/09 20:26:45,99.1,6046,61909,0
2026/06/09 20:26:49,100.0,6016,61909,0
2026/06/09 20:26:54,100.0,5985,61909,0
2026/06/09 20:26:58,100.0,5942,61909,0
2026/06/09 20:27:03,100.0,5886,61909,0
2026/06/09 20:27:07,100.0,5840,61909,0
2026/06/09 20:27:12,96.5,5832,61909,0
2026/06/09 20:27:16,86.9,5818,61909,0
2026/06/09 20:27:21,96.2,5809,61909,0
2026/06/09 20:27:25,86.9,5813,61909,0
2026/06/09 20:27:30,100.0,5813,61909,0
2026/06/09 20:27:34,98.3,5820,61909,0
2026/06/09 20:27:39,6.3,5010,61909,0
2026/06/09 20:27:43,13.7,3930,61909,0
2026/06/09 20:27:48,6.4,5722,61909,0
2026/06/09 20:27:52,6.6,6267,61909,0
2026/06/09 20:27:57,99.9,6424,61909,0
2026/06/09 20:28:02,100.0,6290,61909,0
2026/06/09 20:28:06,96.4,6159,61909,0
2026/06/09 20:28:11,96.8,6083,61909,0
2026/06/09 20:28:15,96.7,6007,61909,0
2026/06/09 20:28:20,99.4,5971,61909,0
2026/06/09 20:28:24,96.4,5924,61909,0
2026/06/09 20:28:29,98.5,5894,61909,0
2026/06/09 20:28:33,17.7,5884,61909,0
2026/06/09 20:28:38,6.5,3626,61909,0
2026/06/09 20:28:42,6.3,5665,61909,0
2026/06/09 20:28:47,6.5,6305,61909,0
2026/06/09 20:28:51,84.1,6726,61909,0
2026/06/09 20:28:56,96.7,6601,61909,0
2026/06/09 20:29:00,100.0,6488,61909,0
2026/06/09 20:29:05,100.0,6342,61909,0
2026/06/09 20:29:09,99.6,6242,61909,0
2026/06/09 20:29:14,87.0,6138,61909,0
2026/06/09 20:29:18,100.0,6073,61909,0
2026/06/09 20:29:23,98.0,5976,61909,0
2026/06/09 20:29:28,6.0,3743,61909,0
2026/06/09 20:29:32,16.6,4285,61909,0
2026/06/09 20:29:37,6.3,5249,61909,0
2026/06/09 20:29:41,6.3,6000,61909,0
2026/06/09 20:29:46,86.9,6025,61909,0
2026/06/09 20:29:50,95.3,5983,61909,0
2026/06/09 20:29:55,100.0,5950,61909,0
2026/06/09 20:29:59,100.0,5909,61909,0
2026/06/09 20:30:04,99.6,5872,61909,0
2026/06/09 20:30:08,100.0,5835,61909,0
2026/06/09 20:30:13,100.0,5835,61909,0
2026/06/09 20:30:17,97.0,5825,61909,0
2026/06/09 20:30:22,97.3,5825,61909,0
2026/06/09 20:30:26,99.4,5828,61909,0
2026/06/09 20:30:31,88.4,5832,61909,0
2026/06/09 20:30:35,78.1,5653,61909,0
2026/06/09 20:30:40,6.5,3631,61909,0
2026/06/09 20:30:44,13.8,4857,61909,0
2026/06/09 20:30:49,6.3,5857,61909,0
2026/06/09 20:30:53,6.7,6622,61909,0
2026/06/09 20:30:58,87.2,6850,61909,0
2026/06/09 20:31:02,100.0,6757,61909,0
2026/06/09 20:31:07,100.0,6628,61909,0
2026/06/09 20:31:12,100.0,6533,61909,0
2026/06/09 20:31:16,100.0,6390,61909,0
2026/06/09 20:31:21,100.0,6292,61909,0
2026/06/09 20:31:25,100.0,6159,61909,0
2026/06/09 20:31:30,100.0,6065,61909,0
2026/06/09 20:31:34,92.1,5973,61909,0
2026/06/09 20:31:39,99.9,5940,61909,0
2026/06/09 20:31:43,15.7,5698,61909,0
2026/06/09 20:31:48,6.4,3672,61909,0
2026/06/09 20:31:52,10.8,5087,61909,0
2026/06/09 20:31:57,6.4,5774,61909,0
2026/06/09 20:32:01,6.5,6252,61909,0
2026/06/09 20:32:06,96.8,6467,61909,0
2026/06/09 20:32:10,96.3,6370,61909,0
2026/06/09 20:32:15,96.8,6225,61909,0
2026/06/09 20:32:19,96.8,6148,61909,0
2026/06/09 20:32:24,100.0,6072,61909,0
2026/06/09 20:32:28,100.0,6013,61909,0
2026/06/09 20:32:33,90.8,5800,61909,0
2026/06/09 20:32:38,6.4,3768,61909,0
2026/06/09 20:32:42,14.6,4600,61909,0
2026/06/09 20:32:47,6.3,5393,61909,0
2026/06/09 20:32:51,11.0,5975,61909,0
2026/06/09 20:32:56,100.0,5956,61909,0
2026/06/09 20:33:00,97.2,5914,61909,0
2026/06/09 20:33:05,87.0,5917,61909,0
2026/06/09 20:33:09,86.5,5880,61909,0
2026/06/09 20:33:14,86.8,5860,61909,0
2026/06/09 20:33:18,87.0,5847,61909,0
2026/06/09 20:33:23,100.0,5840,61909,0
2026/06/09 20:33:27,86.5,5838,61909,0
2026/06/09 20:33:32,86.8,5844,61909,0
2026/06/09 20:33:36,100.0,5820,61909,0
2026/06/09 20:33:41,6.4,3657,61909,0
2026/06/09 20:33:45,6.3,5785,61909,0
2026/06/09 20:33:50,6.4,5915,61909,0
2026/06/09 20:33:54,100.0,6397,61909,0
2026/06/09 20:33:59,87.2,6330,61909,0
2026/06/09 20:34:03,87.1,6266,61909,0
2026/06/09 20:34:08,94.9,6190,61909,0
2026/06/09 20:34:13,100.0,6124,61909,0
2026/06/09 20:34:17,100.0,6067,61909,0
2026/06/09 20:34:22,100.0,6031,61909,0
2026/06/09 20:34:26,99.4,5989,61909,0
2026/06/09 20:34:31,100.0,5956,61909,0
2026/06/09 20:34:35,100.0,5918,61909,0
2026/06/09 20:34:40,99.4,5887,61909,0
2026/06/09 20:34:44,5.6,3676,61909,0
2026/06/09 20:34:49,13.3,4439,61909,0
2026/06/09 20:34:53,6.3,5858,61909,0
2026/06/09 20:34:58,6.6,6608,61909,0
2026/06/09 20:35:02,86.9,6520,61909,0
2026/06/09 20:35:07,86.8,6407,61909,0
2026/06/09 20:35:11,90.3,6331,61909,0
2026/06/09 20:35:16,100.0,6215,61909,0
2026/06/09 20:35:20,100.0,6133,61909,0
2026/06/09 20:35:25,96.9,6061,61909,0
2026/06/09 20:35:29,6.4,5492,61909,0
2026/06/09 20:35:34,8.1,3934,61909,0
2026/06/09 20:35:38,6.4,5833,61909,0
2026/06/09 20:35:43,6.3,6556,61909,0
2026/06/09 20:35:47,98.5,6684,61909,0
2026/06/09 20:35:52,96.8,6590,61909,0
2026/06/09 20:35:57,96.8,6492,61909,0
2026/06/09 20:36:01,96.7,6365,61909,0
2026/06/09 20:36:06,96.7,6259,61909,0
2026/06/09 20:36:10,99.8,6152,61909,0
2026/06/09 20:36:15,100.0,6080,61909,0
2026/06/09 20:36:19,86.9,5997,61909,0
2026/06/09 20:36:24,100.0,5952,61909,0
2026/06/09 20:36:28,100.0,5899,61909,0
2026/06/09 20:36:33,100.0,5877,61909,0
2026/06/09 20:36:37,96.6,5875,61909,0
2026/06/09 20:36:42,97.0,5870,61909,0
2026/06/09 20:36:46,6.5,5717,61909,0
2026/06/09 20:36:51,10.8,3836,61909,0
2026/06/09 20:36:55,6.6,5948,61909,0
2026/06/09 20:37:00,6.5,6789,61909,0
2026/06/09 20:37:04,100.0,6597,61909,0
2026/06/09 20:37:09,100.0,6414,61909,0
2026/06/09 20:37:13,100.0,6283,61909,0
2026/06/09 20:37:18,100.0,6139,61909,0
2026/06/09 20:37:23,100.0,6037,61909,0
2026/06/09 20:37:27,100.0,5948,61909,0
2026/06/09 20:37:32,95.4,5913,61909,0
2026/06/09 20:37:36,100.0,5861,61909,0
2026/06/09 20:37:41,6.3,3674,61909,0
2026/06/09 20:37:45,8.9,5764,61909,0
2026/06/09 20:37:50,6.5,6268,61909,0
2026/06/09 20:37:54,100.0,6821,61909,0
2026/06/09 20:37:59,100.0,6706,61909,0
2026/06/09 20:38:03,100.0,6564,61909,0
2026/06/09 20:38:08,100.0,6449,61909,0
2026/06/09 20:38:12,98.2,6298,61909,0
2026/06/09 20:38:17,6.2,4039,61909,0
2026/06/09 20:38:21,15.0,4639,61909,0
2026/06/09 20:38:26,6.5,6034,61909,0
2026/06/09 20:38:30,6.3,7025,61909,0
2026/06/09 20:38:35,96.5,6641,61909,0
2026/06/09 20:38:39,100.0,6518,61909,0
2026/06/09 20:38:44,100.0,6379,61909,0
2026/06/09 20:38:48,100.0,6334,61909,0
2026/06/09 20:38:53,6.3,4060,61909,0
2026/06/09 20:38:57,9.7,6055,61909,0
2026/06/09 20:39:02,6.5,6438,61909,0
2026/06/09 20:39:07,82.9,7195,61909,0
2026/06/09 20:39:11,100.0,7076,61909,0
2026/06/09 20:39:16,100.0,6911,61909,0
2026/06/09 20:39:20,96.7,6744,61909,0
2026/06/09 20:39:25,87.0,6597,61909,0
2026/06/09 20:39:29,6.6,6306,61909,0
2026/06/09 20:39:34,6.2,4194,61909,0
2026/06/09 20:39:38,14.5,5222,61909,0
2026/06/09 20:39:43,6.3,5676,61909,0
2026/06/09 20:39:47,6.3,6063,61909,0
2026/06/09 20:39:52,96.5,6055,61909,0
2026/06/09 20:39:56,96.7,5977,61909,0
2026/06/09 20:40:01,96.8,5923,61909,0
2026/06/09 20:40:05,96.7,5899,61909,0
2026/06/09 20:40:10,99.8,5878,61909,0
2026/06/09 20:40:14,98.8,5861,61909,0
2026/06/09 20:40:19,18.6,5925,61909,0
2026/06/09 20:40:23,6.5,3689,61909,0
2026/06/09 20:40:28,6.3,6013,61909,0
2026/06/09 20:40:32,6.3,6186,61909,0
2026/06/09 20:40:37,99.3,6649,61909,0
2026/06/09 20:40:42,100.0,6567,61909,0
2026/06/09 20:40:46,86.8,6442,61909,0
2026/06/09 20:40:51,86.9,6346,61909,0
2026/06/09 20:40:55,86.8,6238,61909,0
2026/06/09 20:41:00,86.8,6153,61909,0
2026/06/09 20:41:04,87.3,6071,61909,0
2026/06/09 20:41:09,72.0,5993,61909,0
2026/06/09 20:41:13,6.3,3763,61909,0
2026/06/09 20:41:18,6.5,6081,61909,0
2026/06/09 20:41:22,6.5,6424,61909,0
2026/06/09 20:41:27,100.0,6919,61909,0
2026/06/09 20:41:31,87.0,6743,61909,0
2026/06/09 20:41:36,87.0,6602,61909,0
2026/06/09 20:41:40,89.0,6484,61909,0
2026/06/09 20:41:45,100.0,6339,61909,0
2026/06/09 20:41:49,99.9,6257,61909,0
2026/06/09 20:41:54,100.0,6168,61909,0
2026/06/09 20:41:58,91.8,6096,61909,0
2026/06/09 20:42:03,6.3,3751,61909,0
2026/06/09 20:42:07,9.0,5741,61909,0
2026/06/09 20:42:12,6.5,5940,61909,0
2026/06/09 20:42:17,100.0,6304,61909,0
2026/06/09 20:42:21,100.0,6205,61909,0
2026/06/09 20:42:26,100.0,6120,61909,0
2026/06/09 20:42:30,95.6,6031,61909,0
2026/06/09 20:42:35,99.1,5967,61909,0
2026/06/09 20:42:39,5.2,3741,61909,0
2026/06/09 20:42:44,18.6,4288,61909,0
2026/06/09 20:42:48,6.6,5624,61909,0
2026/06/09 20:42:53,6.5,6347,61909,0
2026/06/09 20:42:57,100.0,6692,61909,0
2026/06/09 20:43:02,100.0,6651,61909,0
2026/06/09 20:43:06,14.5,6604,61909,0
2026/06/09 20:43:11,7.6,3992,61909,0
2026/06/09 20:43:15,6.6,5597,61909,0
2026/06/09 20:43:20,6.3,6166,61909,0
2026/06/09 20:43:24,100.0,6351,61909,0
2026/06/09 20:43:29,100.0,6244,61909,0
2026/06/09 20:43:33,96.6,6179,61909,0
2026/06/09 20:43:38,96.7,6096,61909,0
2026/06/09 20:43:42,96.8,6032,61909,0
2026/06/09 20:43:47,79.7,5969,61909,0
2026/06/09 20:43:52,6.3,3771,61909,0
2026/06/09 20:43:56,13.7,5492,61909,0
2026/06/09 20:44:01,6.6,5871,61909,0
2026/06/09 20:44:05,73.0,6601,61909,0
2026/06/09 20:44:10,100.0,6512,61909,0
2026/06/09 20:44:14,100.0,6410,61909,0
2026/06/09 20:44:19,100.0,6326,61909,0
2026/06/09 20:44:23,100.0,6206,61909,0
2026/06/09 20:44:28,97.0,6156,61909,0
2026/06/09 20:44:32,96.5,6104,61909,0
2026/06/09 20:44:37,99.4,6071,61909,0
2026/06/09 20:44:41,87.0,6016,61909,0
2026/06/09 20:44:46,58.8,5794,61909,0
2026/06/09 20:44:50,6.6,3770,61909,0
2026/06/09 20:44:55,11.8,4618,61909,0
2026/06/09 20:44:59,6.5,5934,61909,0
2026/06/09 20:45:04,6.2,7131,61909,0
2026/06/09 20:45:08,87.3,7068,61909,0
2026/06/09 20:45:13,86.9,6944,61909,0
2026/06/09 20:45:17,87.1,6836,61909,0
2026/06/09 20:45:22,100.0,6696,61909,0
2026/06/09 20:45:26,100.0,6580,61909,0
2026/06/09 20:45:31,100.0,6444,61909,0
2026/06/09 20:45:36,98.4,6353,61909,0
2026/06/09 20:45:40,88.6,6228,61909,0
2026/06/09 20:45:45,6.4,3989,61909,0
2026/06/09 20:45:49,9.4,6321,61909,0
2026/06/09 20:45:54,6.3,6466,61909,0
2026/06/09 20:45:58,6.3,6954,61909,0
2026/06/09 20:46:03,98.8,6905,61909,0
2026/06/09 20:46:07,96.3,6751,61909,0
2026/06/09 20:46:12,96.5,6626,61909,0
2026/06/09 20:46:16,100.0,6480,61909,0
2026/06/09 20:46:21,6.4,4211,61909,0
2026/06/09 20:46:25,8.3,5981,61909,0
2026/06/09 20:46:30,6.3,6161,61909,0
2026/06/09 20:46:34,42.9,6933,61909,0
2026/06/09 20:46:39,99.9,6818,61909,0
2026/06/09 20:46:43,100.0,6694,61909,0
2026/06/09 20:46:48,91.7,6575,61909,0
2026/06/09 20:46:52,6.5,4301,61909,0
2026/06/09 20:46:57,7.2,5811,61909,0
2026/06/09 20:47:01,6.5,6099,61909,0
2026/06/09 20:47:06,6.9,6510,61909,0
2026/06/09 20:47:11,99.3,6444,61909,0
2026/06/09 20:47:15,96.4,6321,61909,0
2026/06/09 20:47:20,96.4,6239,61909,0
2026/06/09 20:47:24,100.0,6147,61909,0
2026/06/09 20:47:29,97.3,6090,61909,0
2026/06/09 20:47:33,6.5,4327,61909,0
2026/06/09 20:47:38,12.8,3857,61909,0
2026/06/09 20:47:42,6.3,6065,61909,0
2026/06/09 20:47:47,6.5,7096,61909,0
2026/06/09 20:47:51,100.0,7141,61909,0
2026/06/09 20:47:56,96.7,6991,61909,0
2026/06/09 20:48:00,96.5,6782,61909,0
2026/06/09 20:48:05,96.5,6607,61909,0
2026/06/09 20:48:09,96.7,6421,61909,0
2026/06/09 20:48:14,100.0,6282,61909,0
2026/06/09 20:48:18,100.0,6203,61909,0
2026/06/09 20:48:23,86.9,6177,61909,0
2026/06/09 20:48:27,6.4,3929,61909,0
2026/06/09 20:48:32,6.5,5299,61909,0
2026/06/09 20:48:36,6.3,5688,61909,0
2026/06/09 20:48:41,84.3,6591,61909,0
2026/06/09 20:48:46,100.0,6552,61909,0
2026/06/09 20:48:50,95.4,6464,61909,0
2026/06/09 20:48:55,86.7,6371,61909,0
2026/06/09 20:48:59,86.8,6254,61909,0
2026/06/09 20:49:04,86.9,6182,61909,0
2026/06/09 20:49:08,100.0,6111,61909,0
2026/06/09 20:49:13,99.3,6074,61909,0
2026/06/09 20:49:17,6.3,6241,61909,0
2026/06/09 20:49:22,7.8,3816,61909,0
2026/06/09 20:49:26,6.3,5999,61909,0
2026/06/09 20:49:31,6.5,7070,61909,0
2026/06/09 20:49:35,96.7,7011,61909,0
2026/06/09 20:49:40,100.0,6869,61909,0
2026/06/09 20:49:44,100.0,6666,61909,0
2026/06/09 20:49:49,6.3,4376,61909,0
2026/06/09 20:49:53,6.3,5758,61909,0
2026/06/09 20:49:58,6.5,6049,61909,0
2026/06/09 20:50:02,100.0,6511,61909,0
2026/06/09 20:50:07,87.0,6389,61909,0
2026/06/09 20:50:11,86.9,6270,61909,0
2026/06/09 20:50:16,87.1,6154,61909,0
2026/06/09 20:50:21,86.8,6083,61909,0
2026/06/09 20:50:25,89.6,6029,61909,0
2026/06/09 20:50:30,100.0,5980,61909,0
2026/06/09 20:50:34,99.8,5963,61909,0
2026/06/09 20:50:39,86.9,5956,61909,0
2026/06/09 20:50:43,86.8,5949,61909,0
2026/06/09 20:50:48,100.0,5943,61909,0
2026/06/09 20:50:52,100.0,5947,61909,0
2026/06/09 20:50:57,6.5,5773,61909,0
2026/06/09 20:51:01,6.3,3761,61909,0
2026/06/09 20:51:06,10.3,5154,61909,0
2026/06/09 20:51:10,6.4,5734,61909,0
2026/06/09 20:51:15,6.3,6622,61909,0
2026/06/09 20:51:19,96.4,6840,61909,0
2026/06/09 20:51:24,96.4,6711,61909,0
2026/06/09 20:51:28,96.4,6615,61909,0
2026/06/09 20:51:33,100.0,6512,61909,0
2026/06/09 20:51:37,100.0,6435,61909,0
2026/06/09 20:51:42,96.5,6347,61909,0
2026/06/09 20:51:46,99.3,6277,61909,0
2026/06/09 20:51:51,100.0,6196,61909,0
2026/06/09 20:51:56,6.3,3977,61909,0
2026/06/09 20:52:00,6.5,5659,61909,0
2026/06/09 20:52:05,6.5,5972,61909,0
2026/06/09 20:52:09,100.0,6608,61909,0
2026/06/09 20:52:14,100.0,6598,61909,0
2026/06/09 20:52:18,100.0,6447,61909,0
2026/06/09 20:52:23,6.3,4127,61909,0
2026/06/09 20:52:27,8.1,5986,61909,0
2026/06/09 20:52:32,6.5,6192,61909,0
2026/06/09 20:52:36,99.1,6885,61909,0
2026/06/09 20:52:41,100.0,6737,61909,0
2026/06/09 20:52:45,100.0,6530,61909,0
2026/06/09 20:52:50,100.0,6385,61909,0
2026/06/09 20:52:54,100.0,6198,61909,0
2026/06/09 20:52:59,99.9,6072,61909,0
2026/06/09 20:53:03,96.5,6013,61909,0
2026/06/09 20:53:08,81.4,5800,61909,0
2026/06/09 20:53:12,6.4,3778,61909,0
2026/06/09 20:53:17,6.6,3750,61909,0
2026/06/09 20:53:21,6.5,3888,61909,0
2026/06/09 20:53:26,6.3,4045,61909,0
2026/06/09 20:53:30,6.5,4199,61909,0
2026/06/09 20:53:35,6.5,4323,61909,0
2026/06/09 20:53:40,6.3,4557,61909,0
2026/06/09 20:53:44,15.3,4135,61909,0
2026/06/09 20:53:49,6.3,5765,61909,0
2026/06/09 20:53:53,6.3,6877,61909,0
2026/06/09 20:53:58,100.0,6565,61909,0
2026/06/09 20:54:02,100.0,6478,61909,0
2026/06/09 20:54:07,100.0,6395,61909,0
2026/06/09 20:54:11,100.0,6277,61909,0
2026/06/09 20:54:16,100.0,6246,61909,0
2026/06/09 20:54:20,96.9,6195,61909,0
2026/06/09 20:54:25,100.0,6141,61909,0
2026/06/09 20:54:29,100.0,6087,61909,0
2026/06/09 20:54:34,100.0,6051,61909,0
2026/06/09 20:54:38,100.0,6012,61909,0
2026/06/09 20:54:43,100.0,6001,61909,0
2026/06/09 20:54:47,100.0,5975,61909,0
2026/06/09 20:54:52,100.0,5959,61909,0
2026/06/09 20:54:56,100.0,5953,61909,0
2026/06/09 20:55:01,100.0,5976,61909,0
2026/06/09 20:55:05,100.0,5960,61909,0
2026/06/09 20:55:10,100.0,5949,61909,0
2026/06/09 20:55:15,100.0,5944,61909,0
2026/06/09 20:55:19,100.0,5945,61909,0
2026/06/09 20:55:24,100.0,5964,61909,0
2026/06/09 20:55:28,100.0,5948,61909,0
2026/06/09 20:55:33,100.0,5941,61909,0
2026/06/09 20:55:37,100.0,5938,61909,0
2026/06/09 20:55:42,100.0,5938,61909,0
2026/06/09 20:55:46,93.5,5968,61909,0
2026/06/09 20:55:51,100.0,5951,61909,0
2026/06/09 20:55:55,100.0,5942,61909,0
2026/06/09 20:56:00,100.0,5937,61909,0
2026/06/09 20:56:04,100.0,5937,61909,0
2026/06/09 20:56:09,89.7,5959,61909,0
2026/06/09 20:56:13,100.0,5948,61909,0
2026/06/09 20:56:18,100.0,5939,61909,0
2026/06/09 20:56:22,100.0,5938,61909,0
2026/06/09 20:56:27,99.4,5939,61909,0
2026/06/09 20:56:31,93.2,5963,61909,0
2026/06/09 20:56:36,100.0,5950,61909,0
2026/06/09 20:56:40,100.0,5943,61909,0
2026/06/09 20:56:45,100.0,5942,61909,0
2026/06/09 20:56:50,100.0,5942,61909,0
2026/06/09 20:56:54,90.3,5964,61909,0
2026/06/09 20:56:59,100.0,5952,61909,0
2026/06/09 20:57:03,100.0,5944,61909,0
2026/06/09 20:57:08,100.0,5942,61909,0
2026/06/09 20:57:12,100.0,5943,61909,0
2026/06/09 20:57:17,93.0,5969,61909,0
2026/06/09 20:57:21,100.0,5954,61909,0
2026/06/09 20:57:26,100.0,5946,61909,0
2026/06/09 20:57:30,100.0,5943,61909,0
2026/06/09 20:57:35,100.0,5944,61909,0
2026/06/09 20:57:39,100.0,5972,61909,0
2026/06/09 20:57:44,100.0,5953,61909,0
2026/06/09 20:57:48,100.0,5946,61909,0
2026/06/09 20:57:53,100.0,5942,61909,0
2026/06/09 20:57:57,99.6,5942,61909,0
2026/06/09 20:58:02,100.0,5944,61909,0
2026/06/09 20:58:06,100.0,5963,61909,0
2026/06/09 20:58:11,100.0,5950,61909,0
2026/06/09 20:58:16,100.0,5944,61909,0
2026/06/09 20:58:20,100.0,5942,61909,0
2026/06/09 20:58:25,100.0,5943,61909,0
2026/06/09 20:58:29,100.0,5970,61909,0
2026/06/09 20:58:34,96.9,5956,61909,0
2026/06/09 20:58:38,100.0,5947,61909,0
2026/06/09 20:58:43,100.0,5944,61909,0
2026/06/09 20:58:47,100.0,5944,61909,0
2026/06/09 20:58:52,100.0,5944,61909,0
2026/06/09 20:58:56,93.3,5968,61909,0
2026/06/09 20:59:01,100.0,5956,61909,0
2026/06/09 20:59:05,100.0,5948,61909,0
2026/06/09 20:59:10,100.0,5946,61909,0
2026/06/09 20:59:14,100.0,5947,61909,0
2026/06/09 20:59:19,100.0,5981,61909,0
2026/06/09 20:59:23,93.6,5963,61909,0
2026/06/09 20:59:28,100.0,5951,61909,0
2026/06/09 20:59:32,100.0,5945,61909,0
2026/06/09 20:59:37,100.0,5945,61909,0
2026/06/09 20:59:41,100.0,5945,61909,0
2026/06/09 20:59:46,100.0,5969,61909,0
2026/06/09 20:59:51,92.9,5956,61909,0
2026/06/09 20:59:55,100.0,5947,61909,0
2026/06/09 21:00:00,100.0,5942,61909,0
2026/06/09 21:00:04,100.0,5943,61909,0
2026/06/09 21:00:09,100.0,5943,61909,0
2026/06/09 21:00:13,100.0,5968,61909,0
2026/06/09 21:00:18,100.0,5956,61909,0
2026/06/09 21:00:22,100.0,5946,61909,0
2026/06/09 21:00:27,100.0,5943,61909,0
2026/06/09 21:00:31,100.0,5979,61909,0
2026/06/09 21:00:36,92.3,5961,61909,0
2026/06/09 21:00:40,100.0,5949,61909,0
2026/06/09 21:00:45,100.0,5944,61909,0
2026/06/09 21:00:49,100.0,5943,61909,0
2026/06/09 21:00:54,100.0,5943,61909,0
2026/06/09 21:00:58,100.0,5973,61909,0
2026/06/09 21:01:03,100.0,5954,61909,0
2026/06/09 21:01:07,100.0,5948,61909,0
2026/06/09 21:01:12,100.0,5942,61909,0
2026/06/09 21:01:17,100.0,5979,61909,0
2026/06/09 21:01:21,93.3,5959,61909,0
2026/06/09 21:01:26,100.0,5949,61909,0
2026/06/09 21:01:30,99.9,5944,61909,0
2026/06/09 21:01:35,100.0,5943,61909,0
2026/06/09 21:01:39,100.0,5944,61909,0
2026/06/09 21:01:44,100.0,5980,61909,0
2026/06/09 21:01:48,100.0,5957,61909,0
2026/06/09 21:01:53,100.0,5949,61909,0
2026/06/09 21:01:57,100.0,5943,61909,0
2026/06/09 21:02:02,86.4,5981,61909,0
2026/06/09 21:02:06,100.0,5959,61909,0
2026/06/09 21:02:11,100.0,5947,61909,0
2026/06/09 21:02:15,100.0,5942,61909,0
2026/06/09 21:02:20,100.0,5941,61909,0
2026/06/09 21:02:24,100.0,5941,61909,0
2026/06/09 21:02:29,100.0,5973,61909,0
2026/06/09 21:02:33,100.0,5958,61909,0
2026/06/09 21:02:38,100.0,5947,61909,0
2026/06/09 21:02:42,100.0,5942,61909,0
2026/06/09 21:02:47,95.7,5966,61909,0
2026/06/09 21:02:52,97.0,5968,61909,0
2026/06/09 21:02:56,100.0,5953,61909,0
2026/06/09 21:03:01,100.0,5946,61909,0
2026/06/09 21:03:05,100.0,5942,61909,0
2026/06/09 21:03:10,100.0,5943,61909,0
2026/06/09 21:03:14,100.0,5981,61909,0
2026/06/09 21:03:19,93.2,5962,61909,0
2026/06/09 21:03:23,100.0,5949,61909,0
2026/06/09 21:03:28,100.0,5943,61909,0
2026/06/09 21:03:32,100.0,5943,61909,0
2026/06/09 21:03:37,100.0,5943,61909,0
2026/06/09 21:03:41,100.0,5984,61909,0
2026/06/09 21:03:46,93.7,5962,61909,0
2026/06/09 21:03:50,100.0,5952,61909,0
2026/06/09 21:03:55,100.0,5947,61909,0
2026/06/09 21:03:59,100.0,5947,61909,0
2026/06/09 21:04:04,100.0,5947,61909,0
2026/06/09 21:04:08,100.0,5974,61909,0
2026/06/09 21:04:13,100.0,5958,61909,0
2026/06/09 21:04:17,100.0,5951,61909,0
2026/06/09 21:04:22,100.0,5948,61909,0
2026/06/09 21:04:27,100.0,5984,61909,0
2026/06/09 21:04:31,100.0,5963,61909,0
2026/06/09 21:04:36,100.0,5953,61909,0
2026/06/09 21:04:40,100.0,5947,61909,0
2026/06/09 21:04:45,72.6,5984,61909,0
2026/06/09 21:04:49,100.0,5965,61909,0
2026/06/09 21:04:54,100.0,5955,61909,0
2026/06/09 21:04:58,100.0,5947,61909,0
2026/06/09 21:05:03,100.0,5947,61909,0
2026/06/09 21:05:07,92.7,5972,61909,0
2026/06/09 21:05:12,100.0,5956,61909,0
2026/06/09 21:05:16,100.0,5950,61909,0
2026/06/09 21:05:21,100.0,5946,61909,0
2026/06/09 21:05:25,100.0,5946,61909,0
2026/06/09 21:05:30,100.0,5946,61909,0
2026/06/09 21:05:34,100.0,5966,61909,0
2026/06/09 21:05:39,100.0,5953,61909,0
2026/06/09 21:05:43,100.0,5948,61909,0
2026/06/09 21:05:48,99.8,5945,61909,0
2026/06/09 21:05:53,99.9,5972,61909,0
2026/06/09 21:05:57,90.0,5956,61909,0
2026/06/09 21:06:02,100.0,5948,61909,0
2026/06/09 21:06:06,100.0,5945,61909,0
2026/06/09 21:06:11,100.0,5945,61909,0
2026/06/09 21:06:15,100.0,5946,61909,0
2026/06/09 21:06:20,100.0,5974,61909,0
2026/06/09 21:06:24,100.0,5958,61909,0
2026/06/09 21:06:29,100.0,5951,61909,0
2026/06/09 21:06:33,100.0,5949,61909,0
2026/06/09 21:06:38,100.0,5977,61909,0
2026/06/09 21:06:42,93.0,5959,61909,0
2026/06/09 21:06:47,100.0,5951,61909,0
2026/06/09 21:06:51,100.0,5947,61909,0
2026/06/09 21:06:56,100.0,5947,61909,0
2026/06/09 21:07:00,100.0,5948,61909,0
2026/06/09 21:07:05,100.0,5976,61909,0
2026/06/09 21:07:09,100.0,5961,61909,0
2026/06/09 21:07:14,100.0,5950,61909,0
2026/06/09 21:07:18,99.3,5946,61909,0
2026/06/09 21:07:23,100.0,5946,61909,0
2026/06/09 21:07:28,100.0,5946,61909,0
2026/06/09 21:07:32,100.0,5959,61909,0
2026/06/09 21:07:37,100.0,5950,61909,0
2026/06/09 21:07:41,100.0,5945,61909,0
2026/06/09 21:07:46,100.0,5945,61909,0
2026/06/09 21:07:50,93.8,5974,61909,0
2026/06/09 21:07:55,90.2,5959,61909,0
2026/06/09 21:07:59,100.0,5949,61909,0
2026/06/09 21:08:04,100.0,5947,61909,0
2026/06/09 21:08:08,100.0,5947,61909,0
2026/06/09 21:08:13,100.0,5948,61909,0
2026/06/09 21:08:17,100.0,5969,61909,0
2026/06/09 21:08:22,100.0,5956,61909,0
2026/06/09 21:08:26,100.0,5949,61909,0
2026/06/09 21:08:31,100.0,5948,61909,0
2026/06/09 21:08:35,100.0,5975,61909,0
2026/06/09 21:08:40,100.0,5958,61909,0
2026/06/09 21:08:44,100.0,5952,61909,0
2026/06/09 21:08:49,100.0,5948,61909,0
2026/06/09 21:08:53,100.0,5984,61909,0
2026/06/09 21:08:58,93.5,5964,61909,0
2026/06/09 21:09:03,100.0,5955,61909,0
2026/06/09 21:09:07,100.0,5949,61909,0
2026/06/09 21:09:12,100.0,5949,61909,0
2026/06/09 21:09:16,100.0,5949,61909,0
2026/06/09 21:09:21,99.9,5976,61909,0
2026/06/09 21:09:25,100.0,5961,61909,0
2026/06/09 21:09:30,100.0,5953,61909,0
2026/06/09 21:09:34,100.0,5948,61909,0
2026/06/09 21:09:39,100.0,5973,61909,0
2026/06/09 21:09:43,92.7,5961,61909,0
2026/06/09 21:09:48,100.0,5953,61909,0
2026/06/09 21:09:52,100.0,5947,61909,0
2026/06/09 21:09:57,100.0,5948,61909,0
2026/06/09 21:10:01,100.0,5950,61909,0
2026/06/09 21:10:06,100.0,5980,61909,0
2026/06/09 21:10:10,100.0,5964,61909,0
2026/06/09 21:10:15,100.0,5953,61909,0
2026/06/09 21:10:19,100.0,5948,61909,0
2026/06/09 21:10:24,73.4,5982,61909,0
2026/06/09 21:10:28,93.4,5967,61909,0
2026/06/09 21:10:33,100.0,5954,61909,0
2026/06/09 21:10:38,100.0,5950,61909,0
2026/06/09 21:10:42,100.0,5948,61909,0
2026/06/09 21:10:47,100.0,5949,61909,0
2026/06/09 21:10:51,100.0,5986,61909,0
2026/06/09 21:10:56,100.0,5967,61909,0
2026/06/09 21:11:00,100.0,5955,61909,0
2026/06/09 21:11:05,100.0,5949,61909,0
2026/06/09 21:11:09,100.0,5948,61909,0
2026/06/09 21:11:14,92.7,5970,61909,0
2026/06/09 21:11:18,100.0,5956,61909,0
2026/06/09 21:11:23,100.0,5951,61909,0
2026/06/09 21:11:27,100.0,5949,61909,0
2026/06/09 21:11:32,100.0,5950,61909,0
2026/06/09 21:11:36,100.0,5994,61909,0
2026/06/09 21:11:41,100.0,5969,61909,0
2026/06/09 21:11:45,100.0,5959,61909,0
2026/06/09 21:11:50,100.0,5951,61909,0
2026/06/09 21:11:54,100.0,5950,61909,0
2026/06/09 21:11:59,93.7,5967,61909,0
2026/06/09 21:12:04,100.0,5958,61909,0
2026/06/09 21:12:08,100.0,5951,61909,0
2026/06/09 21:12:13,100.0,5950,61909,0
2026/06/09 21:12:17,100.0,5950,61909,0
2026/06/09 21:12:22,100.0,5985,61909,0
2026/06/09 21:12:26,100.0,5963,61909,0
2026/06/09 21:12:31,100.0,5954,61909,0
2026/06/09 21:12:35,100.0,5947,61909,0
2026/06/09 21:12:40,100.0,5948,61909,0
2026/06/09 21:12:44,100.0,5968,61909,0
2026/06/09 21:12:49,100.0,5959,61909,0
2026/06/09 21:12:53,100.0,5952,61909,0
2026/06/09 21:12:58,100.0,5951,61909,0
2026/06/09 21:13:02,100.0,5951,61909,0
2026/06/09 21:13:07,59.1,5947,61909,0
2026/06/09 21:13:11,100.0,5948,61909,0
2026/06/09 21:13:16,100.0,5949,61909,0
2026/06/09 21:13:20,100.0,5950,61909,0
2026/06/09 21:13:25,100.0,5951,61909,0
2026/06/09 21:13:29,6.3,3759,61909,0
2026/06/09 21:13:34,6.4,3761,61909,0
2026/06/09 21:13:39,6.4,3879,61909,0
2026/06/09 21:13:43,0.4,3847,61909,0
2026/06/09 21:13:48,8.2,2931,61909,0
2026/06/09 21:13:52,0.4,3019,61909,0
2026/06/09 21:13:57,0.1,2934,61909,0
2026/06/09 21:14:01,0.6,2862,61909,0
2026/06/09 21:14:06,0.2,2833,61909,0
2026/06/09 21:14:10,0.2,2796,61909,0
2026/06/09 21:14:15,0.1,2779,61909,0
2026/06/09 21:14:19,0.2,2774,61909,0
2026/06/09 21:14:24,5.0,2823,61909,0
2026/06/09 21:14:28,6.3,2971,61909,0
2026/06/09 21:14:33,6.3,2972,61909,0
2026/06/09 21:14:37,0.4,2957,61909,0
2026/06/09 21:14:42,0.2,2941,61909,0
2026/06/09 21:14:46,0.2,2903,61909,0
2026/06/09 21:14:51,0.1,2880,61909,0
2026/06/09 21:14:55,0.2,2848,61909,0
2026/06/09 21:15:00,0.1,2819,61909,0
2026/06/09 21:15:04,0.2,2795,61909,0
2026/06/09 21:15:09,0.4,2783,61909,0
2026/06/09 21:15:13,0.1,2782,61909,0
2026/06/09 21:15:18,0.2,2783,61909,0
2026/06/09 21:15:22,0.4,2783,61909,0
2026/06/09 21:15:27,0.2,2782,61909,0
2026/06/09 21:15:31,0.2,2783,61909,0
2026/06/09 21:15:36,0.2,2783,61909,0
2026/06/09 21:15:40,0.4,2783,61909,0
2026/06/09 21:15:45,0.2,2783,61909,0
2026/06/09 21:15:50,0.2,2783,61909,0
2026/06/09 21:15:54,0.2,2783,61909,0
2026/06/09 21:15:59,0.2,2783,61909,0
2026/06/09 21:16:03,0.2,2782,61909,0
2026/06/09 21:16:08,0.1,2782,61909,0
2026/06/09 21:16:12,0.2,2782,61909,0
2026/06/09 21:16:17,0.0,2782,61909,0
2026/06/09 21:16:21,0.2,2782,61909,0
2026/06/09 21:16:26,0.2,2782,61909,0
2026/06/09 21:16:30,0.1,2783,61909,0
2026/06/09 21:16:35,0.2,2783,61909,0
2026/06/09 21:16:39,0.2,2783,61909,0
2026/06/09 21:16:44,0.2,2783,61909,0
2026/06/09 21:16:48,0.2,2784,61909,0
2026/06/09 21:16:53,0.1,2784,61909,0
2026/06/09 21:16:57,0.2,2784,61909,0
2026/06/09 21:17:02,0.2,2784,61909,0
2026/06/09 21:17:06,0.2,2784,61909,0
2026/06/09 21:17:11,0.2,2785,61909,0
2026/06/09 21:17:15,0.2,2785,61909,0
2026/06/09 21:17:20,0.2,2785,61909,0
2026/06/09 21:17:24,0.4,2786,61909,0
2026/06/09 21:17:29,0.2,2786,61909,0
2026/06/09 21:17:33,0.2,2787,61909,0
2026/06/09 21:17:38,0.2,2787,61909,0
2026/06/09 21:17:42,0.1,2787,61909,0
2026/06/09 21:17:47,0.2,2787,61909,0
2026/06/09 21:17:52,0.2,2806,61909,0
2026/06/09 21:17:56,0.2,2791,61909,0
2026/06/09 21:18:01,0.4,2789,61909,0
2026/06/09 21:18:05,0.2,2789,61909,0
2026/06/09 21:18:10,0.1,2789,61909,0
2026/06/09 21:18:14,0.2,2789,61909,0
2026/06/09 21:18:19,0.2,2789,61909,0
2026/06/09 21:18:23,0.1,2789,61909,0
2026/06/09 21:18:28,0.4,2789,61909,0
2026/06/09 21:18:32,0.1,2790,61909,0
2026/06/09 21:18:37,0.2,2791,61909,0
2026/06/09 21:18:41,0.5,2791,61909,0
2026/06/09 21:18:46,0.2,2791,61909,0
2026/06/09 21:18:50,0.2,2791,61909,0
2026/06/09 21:18:55,0.2,2792,61909,0
2026/06/09 21:18:59,0.4,2792,61909,0
2026/06/09 21:19:04,0.1,2792,61909,0
2026/06/09 21:19:08,0.2,2792,61909,0
2026/06/09 21:19:13,0.1,2793,61909,0
2026/06/09 21:19:17,0.1,2793,61909,0
2026/06/09 21:19:22,0.2,2794,61909,0
2026/06/09 21:19:26,0.2,2794,61909,0
2026/06/09 21:19:31,0.2,2794,61909,0
2026/06/09 21:19:35,0.1,2794,61909,0
2026/06/09 21:19:40,0.2,2793,61909,0
2026/06/09 21:19:44,0.2,2793,61909,0
2026/06/09 21:19:49,0.2,2792,61909,0
2026/06/09 21:19:53,0.1,2793,61909,0
2026/06/09 21:19:58,0.1,2793,61909,0
2026/06/09 21:20:03,0.2,2793,61909,0
2026/06/09 21:20:07,0.1,2794,61909,0
2026/06/09 21:20:12,0.2,2794,61909,0
2026/06/09 21:20:16,0.2,2795,61909,0
2026/06/09 21:20:21,0.1,2794,61909,0
2026/06/09 21:20:25,0.2,2795,61909,0
2026/06/09 21:20:30,0.2,2795,61909,0
2026/06/09 21:20:34,0.2,2795,61909,0
2026/06/09 21:20:39,0.2,2795,61909,0
2026/06/09 21:20:43,0.1,2795,61909,0
2026/06/09 21:20:48,0.2,2795,61909,0
2026/06/09 21:20:52,0.4,2795,61909,0
2026/06/09 21:20:57,0.4,2795,61909,0
2026/06/09 21:21:01,0.1,2795,61909,0
2026/06/09 21:21:06,0.1,2795,61909,0
2026/06/09 21:21:10,0.1,2795,61909,0
2026/06/09 21:21:15,0.2,2795,61909,0
2026/06/09 21:21:19,0.1,2795,61909,0
2026/06/09 21:21:24,0.2,2795,61909,0
2026/06/09 21:21:28,0.2,2795,61909,0
2026/06/09 21:21:33,0.2,2795,61909,0
2026/06/09 21:21:37,0.2,2794,61909,0
2026/06/09 21:21:42,0.4,2795,61909,0
2026/06/09 21:21:46,0.1,2795,61909,0
2026/06/09 21:21:51,0.1,2795,61909,0
2026/06/09 21:21:55,0.1,2795,61909,0
2026/06/09 21:22:00,0.2,2794,61909,0
2026/06/09 21:22:05,0.2,2796,61909,0
2026/06/09 21:22:09,0.5,2795,61909,0
2026/06/09 21:22:14,0.2,2796,61909,0
2026/06/09 21:22:18,0.2,2796,61909,0
2026/06/09 21:22:23,0.2,2796,61909,0
2026/06/09 21:22:27,0.2,2796,61909,0
2026/06/09 21:22:32,0.2,2795,61909,0
2026/06/09 21:22:36,0.1,2796,61909,0
2026/06/09 21:22:41,0.1,2795,61909,0
2026/06/09 21:22:45,0.1,2795,61909,0
2026/06/09 21:22:50,0.1,2795,61909,0
2026/06/09 21:22:54,0.4,2796,61909,0
2026/06/09 21:22:59,0.1,2796,61909,0
2026/06/09 21:23:03,0.2,2796,61909,0
2026/06/09 21:23:08,0.1,2795,61909,0
2026/06/09 21:23:12,0.2,2796,61909,0
2026/06/09 21:23:17,0.1,2797,61909,0
2026/06/09 21:23:21,0.2,2796,61909,0
2026/06/09 21:23:26,0.2,2797,61909,0
2026/06/09 21:23:30,0.1,2797,61909,0
2026/06/09 21:23:35,0.2,2797,61909,0
2026/06/09 21:23:39,0.2,2798,61909,0
2026/06/09 21:23:44,0.2,2798,61909,0
2026/06/09 21:23:48,0.2,2798,61909,0
2026/06/09 21:23:53,0.4,2797,61909,0
2026/06/09 21:23:57,0.1,2796,61909,0
2026/06/09 21:24:02,0.2,2797,61909,0
2026/06/09 21:24:06,0.1,2797,61909,0
2026/06/09 21:24:11,0.2,2798,61909,0
2026/06/09 21:24:16,0.2,2798,61909,0
2026/06/09 21:24:20,0.2,2799,61909,0
2026/06/09 21:24:25,0.5,2799,61909,0
2026/06/09 21:24:29,0.2,2799,61909,0
2026/06/09 21:24:34,0.1,2800,61909,0
2026/06/09 21:24:38,0.2,2799,61909,0
2026/06/09 21:24:43,0.2,2799,61909,0
2026/06/09 21:24:47,0.2,2800,61909,0
2026/06/09 21:24:52,0.1,2800,61909,0
2026/06/09 21:24:56,0.2,2801,61909,0
2026/06/09 21:25:01,0.4,2800,61909,0
2026/06/09 21:25:05,0.4,2800,61909,0
2026/06/09 21:25:10,0.1,2800,61909,0
2026/06/09 21:25:14,0.4,2799,61909,0
2026/06/09 21:25:19,0.2,2800,61909,0
2026/06/09 21:25:23,0.2,2799,61909,0
2026/06/09 21:25:28,0.1,2800,61909,0
2026/06/09 21:25:32,0.2,2801,61909,0
2026/06/09 21:25:37,0.2,2801,61909,0
2026/06/09 21:25:41,0.4,2801,61909,0
2026/06/09 21:25:46,0.4,2800,61909,0
2026/06/09 21:25:50,0.2,2799,61909,0
2026/06/09 21:25:55,0.2,2799,61909,0
2026/06/09 21:25:59,0.4,2799,61909,0
2026/06/09 21:26:04,0.2,2799,61909,0
2026/06/09 21:26:08,0.4,2798,61909,0
2026/06/09 21:26:13,0.2,2798,61909,0
2026/06/09 21:26:17,0.2,2798,61909,0
2026/06/09 21:26:22,0.2,2798,61909,0
2026/06/09 21:26:27,0.2,2797,61909,0
2026/06/09 21:26:31,0.1,2797,61909,0
2026/06/09 21:26:36,0.1,2796,61909,0
2026/06/09 21:26:40,0.1,2796,61909,0
2026/06/09 21:26:45,0.2,2796,61909,0
2026/06/09 21:26:49,0.1,2796,61909,0
2026/06/09 21:26:54,0.1,2795,61909,0
2026/06/09 21:26:58,0.1,2794,61909,0
2026/06/09 21:27:03,0.1,2794,61909,0
2026/06/09 21:27:07,0.2,2795,61909,0
2026/06/09 21:27:12,0.2,2795,61909,0
2026/06/09 21:27:16,0.2,2794,61909,0
2026/06/09 21:27:21,0.2,2794,61909,0
2026/06/09 21:27:25,0.1,2795,61909,0
2026/06/09 21:27:30,0.1,2794,61909,0
2026/06/09 21:27:34,0.4,2795,61909,0
2026/06/09 21:27:39,0.4,2791,61909,0
2026/06/09 21:27:43,0.2,2791,61909,0
2026/06/09 21:27:48,0.2,2791,61909,0
2026/06/09 21:27:52,0.1,2792,61909,0
2026/06/09 21:27:57,0.4,2792,61909,0
2026/06/09 21:28:01,0.4,2792,61909,0
2026/06/09 21:28:06,0.1,2793,61909,0
2026/06/09 21:28:10,0.2,2792,61909,0
2026/06/09 21:28:15,0.2,2793,61909,0
2026/06/09 21:28:19,0.2,2793,61909,0
2026/06/09 21:28:24,0.4,2794,61909,0
2026/06/09 21:28:29,0.1,2793,61909,0
2026/06/09 21:28:33,0.2,2793,61909,0
2026/06/09 21:28:38,0.2,2793,61909,0
2026/06/09 21:28:42,0.1,2793,61909,0
2026/06/09 21:28:47,0.0,2793,61909,0
2026/06/09 21:28:51,0.2,2794,61909,0
2026/06/09 21:28:56,0.2,2794,61909,0
2026/06/09 21:29:00,0.2,2793,61909,0
2026/06/09 21:29:05,0.2,2794,61909,0
2026/06/09 21:29:09,0.4,2794,61909,0
2026/06/09 21:29:14,0.1,2795,61909,0
2026/06/09 21:29:18,0.2,2795,61909,0
2026/06/09 21:29:23,0.1,2795,61909,0
2026/06/09 21:29:27,0.2,2795,61909,0
2026/06/09 21:29:32,0.4,2795,61909,0
2026/06/09 21:29:36,0.1,2795,61909,0
2026/06/09 21:29:41,0.2,2795,61909,0
2026/06/09 21:29:45,0.1,2796,61909,0
2026/06/09 21:29:50,0.2,2795,61909,0
2026/06/09 21:29:54,0.2,2794,61909,0
2026/06/09 21:29:59,0.1,2794,61909,0
2026/06/09 21:30:03,0.2,2794,61909,0
2026/06/09 21:30:08,0.2,2794,61909,0
2026/06/09 21:30:12,0.2,2794,61909,0
2026/06/09 21:30:17,0.2,2794,61909,0
2026/06/09 21:30:21,0.1,2794,61909,0
2026/06/09 21:30:26,0.2,2794,61909,0
2026/06/09 21:30:30,0.1,2794,61909,0
2026/06/09 21:30:35,0.2,2795,61909,0
2026/06/09 21:30:40,0.4,2794,61909,0
2026/06/09 21:30:44,0.2,2794,61909,0
2026/06/09 21:30:49,0.1,2793,61909,0
2026/06/09 21:30:53,0.1,2793,61909,0
2026/06/09 21:30:58,0.1,2793,61909,0
2026/06/09 21:31:02,0.2,2833,61909,0
2026/06/09 21:31:07,0.2,2821,61909,0
2026/06/09 21:31:11,0.4,2809,61909,0
2026/06/09 21:31:16,0.2,2805,61909,0
2026/06/09 21:31:20,0.1,2802,61909,0
2026/06/09 21:31:25,0.2,2802,61909,0
2026/06/09 21:31:29,0.2,2801,61909,0
2026/06/09 21:31:34,0.2,2801,61909,0
2026/06/09 21:31:38,0.4,2801,61909,0
2026/06/09 21:31:43,0.2,2801,61909,0
2026/06/09 21:31:47,0.1,2801,61909,0
2026/06/09 21:31:52,0.4,2801,61909,0
2026/06/09 21:31:56,0.0,2800,61909,0
2026/06/09 21:32:01,0.4,2800,61909,0
2026/06/09 21:32:05,0.2,2801,61909,0
2026/06/09 21:32:10,0.2,2800,61909,0
2026/06/09 21:32:14,0.1,2800,61909,0
2026/06/09 21:32:19,0.1,2800,61909,0
2026/06/09 21:32:23,0.4,2799,61909,0
2026/06/09 21:32:28,0.4,2799,61909,0
2026/06/09 21:32:32,0.2,2799,61909,0
2026/06/09 21:32:37,0.1,2798,61909,0
2026/06/09 21:32:41,0.2,2799,61909,0
2026/06/09 21:32:46,0.1,2798,61909,0
2026/06/09 21:32:51,0.2,2799,61909,0
2026/06/09 21:32:55,0.2,2799,61909,0
2026/06/09 21:33:00,0.2,2798,61909,0
2026/06/09 21:33:04,0.4,2798,61909,0
2026/06/09 21:33:09,0.4,2798,61909,0
2026/06/09 21:33:13,0.2,2798,61909,0
2026/06/09 21:33:18,0.2,2798,61909,0
2026/06/09 21:33:22,0.1,2798,61909,0
2026/06/09 21:33:27,0.2,2798,61909,0
2026/06/09 21:33:31,0.1,2798,61909,0
2026/06/09 21:33:36,0.2,2797,61909,0
2026/06/09 21:33:40,0.2,2798,61909,0
2026/06/09 21:33:45,0.4,2798,61909,0
2026/06/09 21:33:49,0.4,2799,61909,0
2026/06/09 21:33:54,0.1,2798,61909,0
2026/06/09 21:33:58,0.1,2797,61909,0
2026/06/09 21:34:03,0.1,2799,61909,0
2026/06/09 21:34:07,0.4,2799,61909,0
2026/06/09 21:34:12,0.2,2799,61909,0
2026/06/09 21:34:16,0.1,2799,61909,0
2026/06/09 21:34:21,0.2,2798,61909,0
2026/06/09 21:34:25,0.1,2797,61909,0
2026/06/09 21:34:30,0.4,2798,61909,0
2026/06/09 21:34:34,0.2,2799,61909,0
2026/06/09 21:34:39,0.2,2799,61909,0
2026/06/09 21:34:43,0.1,2799,61909,0
2026/06/09 21:34:48,0.1,2799,61909,0
2026/06/09 21:34:53,0.2,2799,61909,0
2026/06/09 21:34:57,0.2,2799,61909,0
2026/06/09 21:35:02,0.1,2799,61909,0
2026/06/09 21:35:06,0.1,2798,61909,0
2026/06/09 21:35:11,0.2,2798,61909,0
2026/06/09 21:35:15,0.1,2798,61909,0
2026/06/09 21:35:20,0.0,2799,61909,0
2026/06/09 21:35:24,0.2,2799,61909,0
2026/06/09 21:35:29,0.2,2800,61909,0
2026/06/09 21:35:33,0.2,2800,61909,0
2026/06/09 21:35:38,0.4,2801,61909,0
2026/06/09 21:35:42,0.4,2800,61909,0
2026/06/09 21:35:47,0.1,2799,61909,0
2026/06/09 21:35:51,0.1,2799,61909,0
2026/06/09 21:35:56,0.1,2800,61909,0
2026/06/09 21:36:00,0.2,2800,61909,0
2026/06/09 21:36:05,0.2,2800,61909,0
2026/06/09 21:36:09,0.4,2800,61909,0
2026/06/09 21:36:14,0.1,2799,61909,0
2026/06/09 21:36:18,0.4,2800,61909,0
2026/06/09 21:36:23,0.2,2799,61909,0
2026/06/09 21:36:27,0.1,2799,61909,0
2026/06/09 21:36:32,0.2,2798,61909,0
2026/06/09 21:36:36,0.1,2797,61909,0
2026/06/09 21:36:41,0.2,2797,61909,0
2026/06/09 21:36:45,0.1,2798,61909,0
2026/06/09 21:36:50,0.1,2797,61909,0
2026/06/09 21:36:54,0.0,2798,61909,0
2026/06/09 21:36:59,0.2,2798,61909,0
2026/06/09 21:37:04,0.2,2797,61909,0
2026/06/09 21:37:08,0.2,2797,61909,0
2026/06/09 21:37:13,0.2,2797,61909,0
2026/06/09 21:37:17,0.2,2798,61909,0
2026/06/09 21:37:22,0.1,2798,61909,0
2026/06/09 21:37:26,0.4,2798,61909,0
2026/06/09 21:37:31,0.2,2797,61909,0
2026/06/09 21:37:35,0.1,2798,61909,0
2026/06/09 21:37:40,0.2,2798,61909,0
2026/06/09 21:37:44,0.4,2798,61909,0
2026/06/09 21:37:49,0.4,2797,61909,0
2026/06/09 21:37:53,0.1,2797,61909,0
2026/06/09 21:37:58,0.4,2798,61909,0
2026/06/09 21:38:02,0.2,2798,61909,0
2026/06/09 21:38:07,0.1,2798,61909,0
2026/06/09 21:38:11,0.2,2798,61909,0
2026/06/09 21:38:16,0.2,2798,61909,0
2026/06/09 21:38:20,0.1,2797,61909,0
2026/06/09 21:38:25,0.2,2797,61909,0
2026/06/09 21:38:29,0.1,2797,61909,0
2026/06/09 21:38:34,0.2,2798,61909,0
2026/06/09 21:38:38,0.2,2797,61909,0
2026/06/09 21:38:43,0.2,2797,61909,0
2026/06/09 21:38:47,0.2,2798,61909,0
2026/06/09 21:38:52,0.2,2798,61909,0
2026/06/09 21:38:56,0.4,2797,61909,0
2026/06/09 21:39:01,0.1,2796,61909,0
2026/06/09 21:39:05,0.2,2796,61909,0
2026/06/09 21:39:10,0.2,2795,61909,0
2026/06/09 21:39:15,0.1,2795,61909,0
2026/06/09 21:39:19,0.2,2794,61909,0
2026/06/09 21:39:24,0.1,2794,61909,0
2026/06/09 21:39:28,0.1,2794,61909,0
2026/06/09 21:39:33,0.2,2794,61909,0
2026/06/09 21:39:37,0.2,2795,61909,0
2026/06/09 21:39:42,0.4,2794,61909,0
2026/06/09 21:39:46,0.2,2794,61909,0
2026/06/09 21:39:51,0.2,2794,61909,0
2026/06/09 21:39:55,0.2,2794,61909,0
2026/06/09 21:40:00,0.1,2793,61909,0
2026/06/09 21:40:04,0.1,2794,61909,0
2026/06/09 21:40:09,0.1,2794,61909,0
2026/06/09 21:40:13,0.1,2793,61909,0
2026/06/09 21:40:18,0.1,2793,61909,0
2026/06/09 21:40:22,0.4,2792,61909,0
2026/06/09 21:40:27,0.4,2792,61909,0
2026/06/09 21:40:31,0.2,2792,61909,0
2026/06/09 21:40:36,0.2,2793,61909,0
2026/06/09 21:40:40,0.2,2793,61909,0
2026/06/09 21:40:45,0.2,2793,61909,0
2026/06/09 21:40:49,0.2,2793,61909,0
2026/06/09 21:40:54,0.2,2793,61909,0
2026/06/09 21:40:58,0.2,2793,61909,0
2026/06/09 21:41:03,0.1,2793,61909,0
2026/06/09 21:41:07,0.4,2792,61909,0
2026/06/09 21:41:12,0.2,2793,61909,0
2026/06/09 21:41:17,0.2,2793,61909,0
2026/06/09 21:41:21,0.2,2794,61909,0
2026/06/09 21:41:26,0.4,2793,61909,0
2026/06/09 21:41:30,0.2,2794,61909,0
2026/06/09 21:41:35,0.4,2793,61909,0
2026/06/09 21:41:39,0.1,2792,61909,0
2026/06/09 21:41:44,0.2,2791,61909,0
2026/06/09 21:41:48,0.1,2792,61909,0
2026/06/09 21:41:53,0.4,2792,61909,0
2026/06/09 21:41:57,0.2,2791,61909,0
2026/06/09 21:42:02,0.1,2792,61909,0
2026/06/09 21:42:06,0.4,2791,61909,0
2026/06/09 21:42:11,0.2,2792,61909,0
2026/06/09 21:42:15,0.2,2791,61909,0
2026/06/09 21:42:20,0.4,2791,61909,0
2026/06/09 21:42:24,0.2,2791,61909,0
2026/06/09 21:42:29,0.2,2791,61909,0
2026/06/09 21:42:33,0.2,2792,61909,0
2026/06/09 21:42:38,0.2,2791,61909,0
2026/06/09 21:42:42,0.2,2791,61909,0
2026/06/09 21:42:47,0.2,2792,61909,0
2026/06/09 21:42:51,0.2,2792,61909,0
2026/06/09 21:42:56,0.4,2792,61909,0
2026/06/09 21:43:00,0.1,2793,61909,0
2026/06/09 21:43:05,0.1,2793,61909,0
2026/06/09 21:43:09,0.2,2792,61909,0
2026/06/09 21:43:14,0.2,2793,61909,0
2026/06/09 21:43:18,0.2,2792,61909,0
2026/06/09 21:43:23,0.1,2793,61909,0
2026/06/09 21:43:28,0.1,2793,61909,0
2026/06/09 21:43:32,0.2,2792,61909,0
2026/06/09 21:43:37,0.1,2792,61909,0
2026/06/09 21:43:41,0.2,2792,61909,0
2026/06/09 21:43:46,0.2,2791,61909,0
2026/06/09 21:43:50,0.1,2792,61909,0
2026/06/09 21:43:55,0.1,2792,61909,0
2026/06/09 21:43:59,0.4,2792,61909,0
2026/06/09 21:44:04,0.2,2792,61909,0
2026/06/09 21:44:08,0.2,2792,61909,0
2026/06/09 21:44:13,0.2,2793,61909,0
2026/06/09 21:44:17,0.1,2792,61909,0
2026/06/09 21:44:22,0.1,2793,61909,0
2026/06/09 21:44:26,0.2,2793,61909,0
2026/06/09 21:44:31,0.2,2793,61909,0
2026/06/09 21:44:35,0.1,2793,61909,0
2026/06/09 21:44:40,0.2,2793,61909,0
2026/06/09 21:44:44,0.2,2793,61909,0
2026/06/09 21:44:49,0.1,2792,61909,0
2026/06/09 21:44:53,0.2,2793,61909,0
2026/06/09 21:44:58,0.1,2793,61909,0
2026/06/09 21:45:02,0.2,2793,61909,0
2026/06/09 21:45:07,0.1,2793,61909,0
2026/06/09 21:45:11,0.2,2793,61909,0
2026/06/09 21:45:16,0.2,2794,61909,0
2026/06/09 21:45:20,0.2,2794,61909,0
2026/06/09 21:45:25,0.5,2794,61909,0
2026/06/09 21:45:30,0.2,2795,61909,0
2026/06/09 21:45:34,0.2,2794,61909,0
2026/06/09 21:45:39,0.2,2794,61909,0
2026/06/09 21:45:43,0.2,2794,61909,0
2026/06/09 21:45:48,0.1,2796,61909,0
2026/06/09 21:45:52,0.2,2795,61909,0
2026/06/09 21:45:57,0.2,2795,61909,0
2026/06/09 21:46:01,0.2,2795,61909,0
2026/06/09 21:46:06,0.2,2795,61909,0
2026/06/09 21:46:10,0.2,2795,61909,0
2026/06/09 21:46:15,0.1,2795,61909,0
2026/06/09 21:46:19,0.1,2794,61909,0
2026/06/09 21:46:24,0.2,2795,61909,0
2026/06/09 21:46:28,0.1,2794,61909,0
2026/06/09 21:46:33,0.1,2793,61909,0
2026/06/09 21:46:37,0.4,2793,61909,0
2026/06/09 21:46:42,0.2,2793,61909,0
2026/06/09 21:46:46,0.2,2794,61909,0
2026/06/09 21:46:51,0.2,2794,61909,0
2026/06/09 21:46:55,0.4,2795,61909,0
2026/06/09 21:47:00,0.2,2795,61909,0
2026/06/09 21:47:04,0.2,2796,61909,0
2026/06/09 21:47:09,0.4,2794,61909,0
2026/06/09 21:47:13,0.2,2795,61909,0
2026/06/09 21:47:18,0.2,2794,61909,0
2026/06/09 21:47:22,0.2,2794,61909,0
2026/06/09 21:47:27,0.2,2794,61909,0
2026/06/09 21:47:31,0.2,2794,61909,0
2026/06/09 21:47:36,0.4,2795,61909,0
2026/06/09 21:47:41,0.2,2795,61909,0
2026/06/09 21:47:45,0.2,2795,61909,0
2026/06/09 21:47:50,0.2,2794,61909,0
2026/06/09 21:47:54,0.2,2794,61909,0
2026/06/09 21:47:59,0.4,2794,61909,0
2026/06/09 21:48:03,0.2,2795,61909,0
2026/06/09 21:48:08,0.2,2795,61909,0
2026/06/09 21:48:12,0.2,2795,61909,0
2026/06/09 21:48:17,0.2,2795,61909,0
2026/06/09 21:48:21,0.1,2795,61909,0
2026/06/09 21:48:26,0.2,2795,61909,0
2026/06/09 21:48:30,0.2,2795,61909,0
2026/06/09 21:48:35,0.0,2795,61909,0
2026/06/09 21:48:39,0.4,2796,61909,0
2026/06/09 21:48:44,0.1,2795,61909,0
2026/06/09 21:48:48,0.4,2795,61909,0
2026/06/09 21:48:53,0.2,2795,61909,0
2026/06/09 21:48:57,0.2,2795,61909,0
2026/06/09 21:49:02,0.2,2796,61909,0
2026/06/09 21:49:06,0.1,2796,61909,0
2026/06/09 21:49:11,0.4,2795,61909,0
2026/06/09 21:49:15,0.2,2796,61909,0
2026/06/09 21:49:20,0.2,2796,61909,0
2026/06/09 21:49:24,0.0,2795,61909,0
2026/06/09 21:49:29,0.2,2796,61909,0
2026/06/09 21:49:33,0.2,2795,61909,0
2026/06/09 21:49:38,0.2,2796,61909,0
2026/06/09 21:49:43,0.1,2796,61909,0
2026/06/09 21:49:47,0.1,2796,61909,0
2026/06/09 21:49:52,0.1,2796,61909,0
2026/06/09 21:49:56,0.1,2795,61909,0
2026/06/09 21:50:01,0.1,2796,61909,0
2026/06/09 21:50:05,0.1,2796,61909,0
2026/06/09 21:50:10,0.2,2795,61909,0
2026/06/09 21:50:14,0.1,2796,61909,0
2026/06/09 21:50:19,0.2,2818,61909,0
2026/06/09 21:50:23,6.5,2994,61909,0
2026/06/09 21:50:28,0.4,2965,61909,0
2026/06/09 21:50:32,0.1,2935,61909,0
2026/06/09 21:50:37,0.2,2919,61909,0
2026/06/09 21:50:41,0.2,2887,61909,0
2026/06/09 21:50:46,0.1,2871,61909,0
2026/06/09 21:50:50,0.1,2839,61909,0
2026/06/09 21:50:55,0.1,2816,61909,0
2026/06/09 21:50:59,0.5,2799,61909,0
2026/06/09 21:51:04,0.2,2791,61909,0
2026/06/09 21:51:08,0.2,2791,61909,0
2026/06/09 21:51:13,0.2,2791,61909,0
2026/06/09 21:51:17,0.2,2791,61909,0
2026/06/09 21:51:22,0.4,2791,61909,0
2026/06/09 21:51:26,0.2,2791,61909,0
2026/06/09 21:51:31,0.2,2791,61909,0
2026/06/09 21:51:35,0.2,2792,61909,0
2026/06/09 21:51:40,0.2,2792,61909,0
2026/06/09 21:51:44,0.2,2792,61909,0
2026/06/09 21:51:49,0.1,2792,61909,0
2026/06/09 21:51:54,0.2,2791,61909,0
2026/06/09 21:51:58,0.2,2790,61909,0
2026/06/09 21:52:03,0.2,2791,61909,0
2026/06/09 21:52:07,0.2,2791,61909,0
2026/06/09 21:52:12,0.2,2790,61909,0
2026/06/09 21:52:16,0.2,2791,61909,0
2026/06/09 21:52:21,0.1,2791,61909,0
2026/06/09 21:52:25,0.2,2791,61909,0
2026/06/09 21:52:30,0.2,2790,61909,0
2026/06/09 21:52:34,0.1,2790,61909,0
2026/06/09 21:52:39,0.2,2790,61909,0
2026/06/09 21:52:43,0.1,2790,61909,0
2026/06/09 21:52:48,0.2,2789,61909,0
2026/06/09 21:52:52,0.2,2789,61909,0
2026/06/09 21:52:57,0.2,2789,61909,0
2026/06/09 21:53:01,0.1,2788,61909,0
2026/06/09 21:53:06,0.2,2787,61909,0
2026/06/09 21:53:10,0.1,2788,61909,0
2026/06/09 21:53:15,0.2,2788,61909,0
2026/06/09 21:53:19,0.2,2788,61909,0
2026/06/09 21:53:24,0.2,2789,61909,0
2026/06/09 21:53:28,0.2,2789,61909,0
2026/06/09 21:53:33,0.2,2790,61909,0
2026/06/09 21:53:37,0.4,2790,61909,0
2026/06/09 21:53:42,0.1,2790,61909,0
2026/06/09 21:53:46,0.1,2790,61909,0
2026/06/09 21:53:51,0.2,2790,61909,0
2026/06/09 21:53:55,0.2,2790,61909,0
2026/06/09 21:54:00,0.2,2790,61909,0
2026/06/09 21:54:05,0.4,2791,61909,0
2026/06/09 21:54:09,0.5,2791,61909,0
2026/06/09 21:54:14,0.2,2791,61909,0
2026/06/09 21:54:18,0.2,2790,61909,0
2026/06/09 21:54:23,0.2,2790,61909,0
2026/06/09 21:54:27,0.2,2790,61909,0
2026/06/09 21:54:32,0.1,2790,61909,0
2026/06/09 21:54:36,0.2,2790,61909,0
2026/06/09 21:54:41,0.1,2791,61909,0
2026/06/09 21:54:45,0.2,2791,61909,0
2026/06/09 21:54:50,0.4,2791,61909,0
2026/06/09 21:54:54,0.4,2791,61909,0
2026/06/09 21:54:59,0.2,2792,61909,0
2026/06/09 21:55:03,0.1,2791,61909,0
2026/06/09 21:55:08,0.2,2791,61909,0
2026/06/09 21:55:12,0.2,2792,61909,0
2026/06/09 21:55:17,0.2,2793,61909,0
2026/06/09 21:55:21,0.0,2792,61909,0
2026/06/09 21:55:26,0.1,2792,61909,0
2026/06/09 21:55:30,0.2,2792,61909,0
2026/06/09 21:55:35,0.1,2791,61909,0
2026/06/09 21:55:39,0.2,2792,61909,0
2026/06/09 21:55:44,0.1,2792,61909,0
2026/06/09 21:55:48,0.2,2792,61909,0
2026/06/09 21:55:53,0.1,2792,61909,0
2026/06/09 21:55:57,0.1,2791,61909,0
2026/06/09 21:56:02,0.2,2792,61909,0
2026/06/09 21:56:07,0.2,2792,61909,0
2026/06/09 21:56:11,0.1,2792,61909,0
2026/06/09 21:56:16,0.1,2792,61909,0
2026/06/09 21:56:20,0.2,2792,61909,0
2026/06/09 21:56:25,0.1,2792,61909,0
2026/06/09 21:56:29,0.1,2792,61909,0
2026/06/09 21:56:34,0.2,2792,61909,0
2026/06/09 21:56:38,0.5,2791,61909,0
2026/06/09 21:56:43,0.1,2791,61909,0
2026/06/09 21:56:47,0.2,2791,61909,0
2026/06/09 21:56:52,0.2,2791,61909,0
2026/06/09 21:56:56,0.2,2791,61909,0
2026/06/09 21:57:01,0.2,2792,61909,0
2026/06/09 21:57:05,0.2,2792,61909,0
2026/06/09 21:57:10,0.1,2792,61909,0
2026/06/09 21:57:14,0.2,2792,61909,0
2026/06/09 21:57:19,0.1,2792,61909,0
2026/06/09 21:57:23,0.1,2791,61909,0
2026/06/09 21:57:28,0.2,2792,61909,0
2026/06/09 21:57:32,0.2,2792,61909,0
2026/06/09 21:57:37,0.1,2792,61909,0
2026/06/09 21:57:41,0.2,2792,61909,0
2026/06/09 21:57:46,0.2,2792,61909,0
2026/06/09 21:57:50,0.2,2792,61909,0
2026/06/09 21:57:55,0.2,2792,61909,0
2026/06/09 21:57:59,0.2,2793,61909,0
2026/06/09 21:58:04,0.2,2793,61909,0
2026/06/09 21:58:08,0.2,2793,61909,0
2026/06/09 21:58:13,0.2,2793,61909,0
2026/06/09 21:58:18,0.4,2793,61909,0
2026/06/09 21:58:22,0.2,2794,61909,0
2026/06/09 21:58:27,0.1,2794,61909,0
2026/06/09 21:58:31,0.2,2794,61909,0
2026/06/09 21:58:36,0.4,2793,61909,0
2026/06/09 21:58:40,0.2,2793,61909,0
2026/06/09 21:58:45,0.2,2794,61909,0
2026/06/09 21:58:49,0.2,2794,61909,0
2026/06/09 21:58:54,0.4,2793,61909,0
2026/06/09 21:58:58,0.2,2793,61909,0
2026/06/09 21:59:03,0.2,2793,61909,0
2026/06/09 21:59:07,0.2,2793,61909,0
2026/06/09 21:59:12,0.0,2793,61909,0
2026/06/09 21:59:16,0.1,2792,61909,0
2026/06/09 21:59:21,0.1,2792,61909,0
2026/06/09 21:59:25,0.2,2792,61909,0
2026/06/09 21:59:30,0.0,2793,61909,0
2026/06/09 21:59:34,0.2,2793,61909,0
2026/06/09 21:59:39,0.2,2793,61909,0
2026/06/09 21:59:43,0.1,2793,61909,0
2026/06/09 21:59:48,0.1,2792,61909,0
2026/06/09 21:59:52,0.2,2793,61909,0
2026/06/09 21:59:57,0.1,2792,61909,0
2026/06/09 22:00:01,0.2,2791,61909,0
2026/06/09 22:00:06,0.2,2791,61909,0
2026/06/09 22:00:10,0.2,2790,61909,0
2026/06/09 22:00:15,0.2,2790,61909,0
2026/06/09 22:00:20,0.1,2791,61909,0
2026/06/09 22:00:24,0.1,2791,61909,0
2026/06/09 22:00:29,0.2,2791,61909,0
2026/06/09 22:00:33,0.2,2791,61909,0
2026/06/09 22:00:38,0.1,2791,61909,0
2026/06/09 22:00:42,0.2,2792,61909,0
2026/06/09 22:00:47,0.1,2792,61909,0
2026/06/09 22:00:51,0.2,2792,61909,0
2026/06/09 22:00:56,0.2,2792,61909,0
2026/06/09 22:01:00,0.1,2792,61909,0
2026/06/09 22:01:05,0.2,2791,61909,0
2026/06/09 22:01:09,0.4,2791,61909,0
2026/06/09 22:01:14,0.2,2791,61909,0
2026/06/09 22:01:18,0.2,2792,61909,0
2026/06/09 22:01:23,0.4,2791,61909,0
2026/06/09 22:01:27,0.2,2791,61909,0
2026/06/09 22:01:32,0.2,2791,61909,0
2026/06/09 22:01:36,0.2,2791,61909,0
2026/06/09 22:01:41,0.2,2792,61909,0
2026/06/09 22:01:45,0.2,2792,61909,0
2026/06/09 22:01:50,0.2,2792,61909,0
2026/06/09 22:01:54,0.2,2792,61909,0
2026/06/09 22:01:59,0.2,2792,61909,0
2026/06/09 22:02:03,0.2,2791,61909,0
2026/06/09 22:02:08,0.4,2791,61909,0
2026/06/09 22:02:12,0.0,2791,61909,0
2026/06/09 22:02:17,0.1,2792,61909,0
2026/06/09 22:02:21,0.4,2792,61909,0
2026/06/09 22:02:26,0.2,2792,61909,0
2026/06/09 22:02:31,0.1,2792,61909,0
2026/06/09 22:02:35,0.2,2792,61909,0
2026/06/09 22:02:40,0.1,2793,61909,0
2026/06/09 22:02:44,0.1,2792,61909,0
2026/06/09 22:02:49,0.4,2792,61909,0
2026/06/09 22:02:53,0.1,2792,61909,0
2026/06/09 22:02:58,0.1,2792,61909,0
2026/06/09 22:03:02,0.1,2793,61909,0
2026/06/09 22:03:07,0.1,2792,61909,0
2026/06/09 22:03:11,0.4,2791,61909,0
2026/06/09 22:03:16,0.2,2791,61909,0
2026/06/09 22:03:20,0.2,2791,61909,0
2026/06/09 22:03:25,0.2,2791,61909,0
2026/06/09 22:03:29,0.2,2791,61909,0
2026/06/09 22:03:34,0.2,2791,61909,0
2026/06/09 22:03:38,0.2,2791,61909,0
2026/06/09 22:03:43,0.2,2792,61909,0
2026/06/09 22:03:47,0.2,2791,61909,0
2026/06/09 22:03:52,0.2,2792,61909,0
2026/06/09 22:03:56,0.2,2791,61909,0
2026/06/09 22:04:01,0.4,2792,61909,0
2026/06/09 22:04:05,0.4,2793,61909,0
2026/06/09 22:04:10,0.2,2793,61909,0
2026/06/09 22:04:14,0.2,2792,61909,0
2026/06/09 22:04:19,1.9,2797,61909,0
2026/06/09 22:04:23,4.6,2818,61909,0
2026/06/09 22:04:28,0.4,2733,61909,0
2026/06/09 22:04:33,0.7,2761,61909,0
2026/06/09 22:04:37,0.2,2753,61909,0
2026/06/09 22:04:42,1.1,2749,61909,0
2026/06/09 22:04:46,0.4,2753,61909,0
2026/06/09 22:04:51,0.2,2754,61909,0
2026/06/09 22:04:55,0.4,2756,61909,0
2026/06/09 22:05:00,0.5,2756,61909,0
2026/06/09 22:05:04,0.5,2757,61909,0
2026/06/09 22:05:09,0.2,2758,61909,0
2026/06/09 22:05:13,0.4,2759,61909,0
2026/06/09 22:05:18,0.4,2761,61909,0
2026/06/09 22:05:22,0.1,2761,61909,0
2026/06/09 22:05:27,0.5,2761,61909,0
2026/06/09 22:05:31,0.1,2762,61909,0
2026/06/09 22:05:36,0.4,2762,61909,0
2026/06/09 22:05:40,0.4,2763,61909,0
2026/06/09 22:05:45,0.5,2764,61909,0
2026/06/09 22:05:49,0.6,2762,61909,0
2026/06/09 22:05:54,0.5,2764,61909,0
2026/06/09 22:05:58,0.2,2764,61909,0
2026/06/09 22:06:03,0.5,2765,61909,0
2026/06/09 22:06:07,0.2,2765,61909,0
2026/06/09 22:06:12,0.1,2766,61909,0
2026/06/09 22:06:16,0.4,2767,61909,0
2026/06/09 22:06:21,0.2,2768,61909,0
2026/06/09 22:06:25,0.2,2769,61909,0
2026/06/09 22:06:30,0.2,2770,61909,0
2026/06/09 22:06:34,0.2,2771,61909,0
2026/06/09 22:06:39,0.1,2772,61909,0
2026/06/09 22:06:44,0.2,2772,61909,0
2026/06/09 22:06:48,0.2,2772,61909,0
2026/06/09 22:06:53,0.1,2772,61909,0
2026/06/09 22:06:57,0.2,2773,61909,0
2026/06/09 22:07:02,0.2,2773,61909,0
2026/06/09 22:07:06,0.2,2774,61909,0
2026/06/09 22:07:11,0.1,2774,61909,0
2026/06/09 22:07:15,0.1,2774,61909,0
2026/06/09 22:07:20,0.1,2774,61909,0
2026/06/09 22:07:24,0.1,2775,61909,0
2026/06/09 22:07:29,0.1,2775,61909,0
2026/06/09 22:07:33,0.2,2776,61909,0
2026/06/09 22:07:38,0.2,2777,61909,0
2026/06/09 22:07:42,0.2,2778,61909,0
2026/06/09 22:07:47,0.4,2778,61909,0
2026/06/09 22:07:51,0.2,2779,61909,0
2026/06/09 22:07:56,0.2,2779,61909,0
2026/06/09 22:08:00,0.1,2779,61909,0
2026/06/09 22:08:05,0.2,2780,61909,0
2026/06/09 22:08:09,0.1,2781,61909,0
2026/06/09 22:08:14,0.2,2781,61909,0
2026/06/09 22:08:18,0.1,2782,61909,0
2026/06/09 22:08:23,0.4,2782,61909,0
2026/06/09 22:08:27,0.4,2783,61909,0
2026/06/09 22:08:32,0.1,2783,61909,0
2026/06/09 22:08:36,0.2,2784,61909,0
2026/06/09 22:08:41,0.1,2785,61909,0
2026/06/09 22:08:46,0.1,2785,61909,0
2026/06/09 22:08:50,0.4,2786,61909,0
2026/06/09 22:08:55,0.2,2786,61909,0
2026/06/09 22:08:59,0.2,2811,61909,0
2026/06/09 22:09:04,2.9,2811,61909,0
2026/06/09 22:09:08,0.5,2766,61909,0
2026/06/09 22:09:13,1.2,2760,61909,0
2026/06/09 22:09:17,2.2,2784,61909,0
2026/06/09 22:09:22,0.6,2762,61909,0
2026/06/09 22:09:26,0.5,2770,61909,0
2026/06/09 22:09:31,0.4,2771,61909,0
2026/06/09 22:09:35,6.7,3412,61909,0
2026/06/09 22:09:40,6.6,3856,61909,0
2026/06/09 22:09:44,0.4,2774,61909,0
2026/06/09 22:09:49,0.2,2772,61909,0
2026/06/09 22:09:53,0.2,2771,61909,0
2026/06/09 22:09:58,0.4,2770,61909,0
2026/06/09 22:10:02,0.4,2772,61909,0
2026/06/09 22:10:07,0.1,2772,61909,0
2026/06/09 22:10:11,0.5,2773,61909,0
2026/06/09 22:10:16,0.4,2773,61909,0
2026/06/09 22:10:20,0.4,2774,61909,0
2026/06/09 22:10:25,0.4,2774,61909,0
2026/06/09 22:10:29,0.2,2774,61909,0
2026/06/09 22:10:34,0.5,2774,61909,0
2026/06/09 22:10:38,0.5,2774,61909,0
2026/06/09 22:10:43,0.4,2771,61909,0
2026/06/09 22:10:47,0.4,2772,61909,0
2026/06/09 22:10:52,0.5,2772,61909,0
2026/06/09 22:10:57,0.1,2772,61909,0
2026/06/09 22:11:01,0.2,2773,61909,0
2026/06/09 22:11:06,0.4,2773,61909,0
2026/06/09 22:11:10,0.2,2776,61909,0
2026/06/09 22:11:15,0.1,2774,61909,0
2026/06/09 22:11:19,0.2,2775,61909,0
2026/06/09 22:11:24,0.1,2776,61909,0
2026/06/09 22:11:28,0.2,2776,61909,0
2026/06/09 22:11:33,0.1,2777,61909,0
2026/06/09 22:11:37,0.4,2778,61909,0
2026/06/09 22:11:42,0.1,2778,61909,0
2026/06/09 22:11:46,0.1,2779,61909,0
2026/06/09 22:11:51,0.1,2780,61909,0
2026/06/09 22:11:55,0.4,2782,61909,0
2026/06/09 22:12:00,0.2,2782,61909,0
2026/06/09 22:12:04,0.1,2782,61909,0
2026/06/09 22:12:09,0.2,2784,61909,0
2026/06/09 22:12:13,0.2,2784,61909,0
2026/06/09 22:12:18,0.1,2784,61909,0
2026/06/09 22:12:22,0.2,2785,61909,0
2026/06/09 22:12:27,0.1,2785,61909,0
2026/06/09 22:12:31,0.2,2786,61909,0
2026/06/09 22:12:36,0.1,2787,61909,0
2026/06/09 22:12:40,0.2,2787,61909,0
2026/06/09 22:12:45,0.1,2787,61909,0
2026/06/09 22:12:49,0.2,2788,61909,0
2026/06/09 22:12:54,0.1,2789,61909,0
2026/06/09 22:12:59,0.0,2790,61909,0
2026/06/09 22:13:03,0.1,2791,61909,0
2026/06/09 22:13:08,0.1,2791,61909,0
2026/06/09 22:13:12,0.1,2791,61909,0
2026/06/09 22:13:17,0.4,2791,61909,0
2026/06/09 22:13:21,0.1,2791,61909,0
2026/06/09 22:13:26,0.1,2791,61909,0
2026/06/09 22:13:30,0.1,2792,61909,0
2026/06/09 22:13:35,0.4,2792,61909,0
2026/06/09 22:13:39,0.2,2793,61909,0
2026/06/09 22:13:44,0.2,2793,61909,0
2026/06/09 22:13:48,0.1,2793,61909,0
2026/06/09 22:13:53,0.4,2794,61909,0
2026/06/09 22:13:57,0.2,2793,61909,0
2026/06/09 22:14:02,0.1,2793,61909,0
2026/06/09 22:14:06,0.2,2794,61909,0
2026/06/09 22:14:11,0.1,2794,61909,0
2026/06/09 22:14:15,0.2,2795,61909,0
2026/06/09 22:14:20,0.2,2795,61909,0
2026/06/09 22:14:24,0.4,2797,61909,0
2026/06/09 22:14:29,0.1,2797,61909,0
2026/06/09 22:14:33,0.1,2798,61909,0
2026/06/09 22:14:38,0.1,2799,61909,0
2026/06/09 22:14:42,0.2,2799,61909,0
2026/06/09 22:14:47,0.2,2800,61909,0
2026/06/09 22:14:51,0.1,2801,61909,0
2026/06/09 22:14:56,0.2,2801,61909,0
2026/06/09 22:15:00,0.2,2802,61909,0
2026/06/09 22:15:05,0.2,2802,61909,0
2026/06/09 22:15:10,0.1,2803,61909,0
2026/06/09 22:15:14,0.4,2804,61909,0
2026/06/09 22:15:19,0.2,2804,61909,0
2026/06/09 22:15:23,0.2,2804,61909,0
2026/06/09 22:15:28,0.2,2805,61909,0
2026/06/09 22:15:32,0.5,2805,61909,0
2026/06/09 22:15:37,0.2,2806,61909,0
2026/06/09 22:15:41,0.4,2806,61909,0
2026/06/09 22:15:46,0.0,2807,61909,0
2026/06/09 22:15:50,0.2,2807,61909,0
2026/06/09 22:15:55,0.2,2809,61909,0
2026/06/09 22:15:59,0.2,2809,61909,0
2026/06/09 22:16:04,0.2,2809,61909,0
2026/06/09 22:16:08,0.2,2808,61909,0
2026/06/09 22:16:13,0.2,2809,61909,0
2026/06/09 22:16:17,0.2,2810,61909,0
2026/06/09 22:16:22,0.4,2810,61909,0
2026/06/09 22:16:26,0.2,2811,61909,0
2026/06/09 22:16:31,0.4,2811,61909,0
2026/06/09 22:16:35,0.2,2811,61909,0
2026/06/09 22:16:40,0.2,2811,61909,0
2026/06/09 22:16:44,0.4,2811,61909,0
2026/06/09 22:16:49,0.4,2811,61909,0
2026/06/09 22:16:53,0.2,2812,61909,0
2026/06/09 22:16:58,0.2,2812,61909,0
2026/06/09 22:17:02,0.1,2813,61909,0
2026/06/09 22:17:07,0.2,2813,61909,0
2026/06/09 22:17:11,0.1,2814,61909,0
2026/06/09 22:17:16,0.2,2814,61909,0
2026/06/09 22:17:21,0.2,2815,61909,0
2026/06/09 22:17:25,0.2,2815,61909,0
2026/06/09 22:17:30,0.1,2815,61909,0
2026/06/09 22:17:34,0.1,2815,61909,0
2026/06/09 22:17:39,0.2,2816,61909,0
2026/06/09 22:17:43,0.1,2816,61909,0
2026/06/09 22:17:48,0.1,2817,61909,0
2026/06/09 22:17:52,0.1,2817,61909,0
2026/06/09 22:17:57,0.1,2818,61909,0
2026/06/09 22:18:01,0.2,2818,61909,0
2026/06/09 22:18:06,0.2,2817,61909,0
2026/06/09 22:18:10,0.2,2817,61909,0
2026/06/09 22:18:15,0.1,2818,61909,0
2026/06/09 22:18:19,0.2,2818,61909,0
2026/06/09 22:18:24,0.2,2818,61909,0
2026/06/09 22:18:28,0.2,2817,61909,0
2026/06/09 22:18:33,0.4,2817,61909,0
2026/06/09 22:18:37,0.2,2817,61909,0
2026/06/09 22:18:42,0.4,2818,61909,0
2026/06/09 22:18:46,0.2,2818,61909,0
2026/06/09 22:18:51,0.2,2819,61909,0
2026/06/09 22:18:55,0.2,2819,61909,0
2026/06/09 22:19:00,0.2,2819,61909,0
2026/06/09 22:19:04,0.2,2820,61909,0
2026/06/09 22:19:09,0.2,2820,61909,0
2026/06/09 22:19:13,0.2,2820,61909,0
2026/06/09 22:19:18,0.2,2819,61909,0
2026/06/09 22:19:23,0.2,2819,61909,0
2026/06/09 22:19:27,0.2,2820,61909,0
2026/06/09 22:19:32,0.2,2820,61909,0
2026/06/09 22:19:36,0.2,2821,61909,0
2026/06/09 22:19:41,0.1,2821,61909,0
2026/06/09 22:19:45,0.4,2820,61909,0
2026/06/09 22:19:50,0.2,2820,61909,0
2026/06/09 22:19:54,0.1,2821,61909,0
2026/06/09 22:19:59,0.4,2821,61909,0
2026/06/09 22:20:03,0.1,2821,61909,0
2026/06/09 22:20:08,0.1,2821,61909,0
2026/06/09 22:20:12,0.2,2821,61909,0
2026/06/09 22:20:17,0.1,2821,61909,0
2026/06/09 22:20:21,0.2,2823,61909,0
2026/06/09 22:20:26,0.2,2823,61909,0
2026/06/09 22:20:30,0.0,2822,61909,0
2026/06/09 22:20:35,0.2,2822,61909,0
2026/06/09 22:20:39,0.2,2822,61909,0
2026/06/09 22:20:44,0.2,2822,61909,0
2026/06/09 22:20:48,0.2,2823,61909,0
2026/06/09 22:20:53,0.2,2823,61909,0
2026/06/09 22:20:57,0.1,2822,61909,0
2026/06/09 22:21:02,0.4,2822,61909,0
2026/06/09 22:21:06,0.1,2821,61909,0
2026/06/09 22:21:11,0.1,2821,61909,0
2026/06/09 22:21:15,0.4,2821,61909,0
2026/06/09 22:21:20,0.2,2821,61909,0
2026/06/09 22:21:24,0.1,2821,61909,0
2026/06/09 22:21:29,0.2,2821,61909,0
2026/06/09 22:21:34,0.4,2821,61909,0
2026/06/09 22:21:38,0.4,2820,61909,0
2026/06/09 22:21:43,0.2,2820,61909,0
2026/06/09 22:21:47,0.1,2821,61909,0
2026/06/09 22:21:52,0.2,2821,61909,0
2026/06/09 22:21:56,0.1,2821,61909,0
2026/06/09 22:22:01,0.1,2821,61909,0
2026/06/09 22:22:05,0.4,2822,61909,0
2026/06/09 22:22:10,0.2,2822,61909,0
2026/06/09 22:22:14,0.2,2822,61909,0
2026/06/09 22:22:19,0.2,2822,61909,0
2026/06/09 22:22:23,0.2,2823,61909,0
2026/06/09 22:22:28,0.2,2822,61909,0
2026/06/09 22:22:32,0.4,2822,61909,0
2026/06/09 22:22:37,0.2,2822,61909,0
2026/06/09 22:22:41,0.2,2822,61909,0
2026/06/09 22:22:46,0.2,2822,61909,0
2026/06/09 22:22:50,0.4,2822,61909,0
2026/06/09 22:22:55,0.2,2822,61909,0
2026/06/09 22:22:59,0.4,2822,61909,0
2026/06/09 22:23:04,0.2,2823,61909,0
2026/06/09 22:23:08,0.2,2823,61909,0
2026/06/09 22:23:13,0.2,2823,61909,0
2026/06/09 22:23:17,0.2,2822,61909,0
2026/06/09 22:23:22,0.2,2823,61909,0
2026/06/09 22:23:26,0.2,2823,61909,0
2026/06/09 22:23:31,0.4,2823,61909,0
2026/06/09 22:23:36,0.4,2823,61909,0
2026/06/09 22:23:40,0.4,2824,61909,0
2026/06/09 22:23:45,0.2,2824,61909,0
2026/06/09 22:23:49,0.2,2824,61909,0
2026/06/09 22:23:54,0.1,2824,61909,0
2026/06/09 22:23:58,0.2,2824,61909,0
2026/06/09 22:24:03,0.2,2823,61909,0
2026/06/09 22:24:07,0.0,2823,61909,0
2026/06/09 22:24:12,0.1,2823,61909,0
2026/06/09 22:24:16,0.2,2822,61909,0
2026/06/09 22:24:21,0.2,2822,61909,0
2026/06/09 22:24:25,0.1,2821,61909,0
2026/06/09 22:24:30,0.2,2820,61909,0
2026/06/09 22:24:34,0.2,2820,61909,0
2026/06/09 22:24:39,0.2,2820,61909,0
2026/06/09 22:24:43,0.2,2820,61909,0
2026/06/09 22:24:48,0.1,2820,61909,0
2026/06/09 22:24:52,0.2,2821,61909,0
2026/06/09 22:24:57,0.2,2822,61909,0
2026/06/09 22:25:01,0.2,2822,61909,0
2026/06/09 22:25:06,0.2,2822,61909,0
2026/06/09 22:25:10,0.1,2821,61909,0
2026/06/09 22:25:15,0.1,2821,61909,0
2026/06/09 22:25:19,0.2,2822,61909,0
2026/06/09 22:25:24,0.1,2822,61909,0
2026/06/09 22:25:28,0.2,2822,61909,0
2026/06/09 22:25:33,0.2,2822,61909,0
2026/06/09 22:25:37,0.4,2823,61909,0
2026/06/09 22:25:42,0.2,2822,61909,0
2026/06/09 22:25:47,0.1,2821,61909,0
2026/06/09 22:25:51,0.1,2822,61909,0
2026/06/09 22:25:56,0.1,2822,61909,0
2026/06/09 22:26:00,0.2,2822,61909,0
2026/06/09 22:26:05,0.2,2822,61909,0
2026/06/09 22:26:09,0.4,2822,61909,0
2026/06/09 22:26:14,0.1,2822,61909,0
2026/06/09 22:26:18,0.2,2823,61909,0
2026/06/09 22:26:23,0.1,2823,61909,0
2026/06/09 22:26:27,0.2,2823,61909,0
2026/06/09 22:26:32,0.2,2823,61909,0
2026/06/09 22:26:36,0.2,2824,61909,0
2026/06/09 22:26:41,0.0,2824,61909,0
2026/06/09 22:26:45,0.1,2824,61909,0
2026/06/09 22:26:50,0.4,2824,61909,0
2026/06/09 22:26:54,0.2,2824,61909,0
2026/06/09 22:26:59,0.2,2824,61909,0
2026/06/09 22:27:03,0.2,2824,61909,0
2026/06/09 22:27:08,0.2,2824,61909,0
2026/06/09 22:27:12,0.2,2824,61909,0
2026/06/09 22:27:17,0.2,2823,61909,0
2026/06/09 22:27:21,0.1,2823,61909,0
2026/06/09 22:27:26,0.2,2823,61909,0
2026/06/09 22:27:30,0.1,2822,61909,0
2026/06/09 22:27:35,0.1,2823,61909,0
2026/06/09 22:27:39,0.2,2823,61909,0
2026/06/09 22:27:44,0.2,2823,61909,0
2026/06/09 22:27:49,0.1,2823,61909,0
2026/06/09 22:27:53,0.4,2823,61909,0
2026/06/09 22:27:58,0.1,2824,61909,0
2026/06/09 22:28:02,0.1,2824,61909,0
2026/06/09 22:28:07,0.2,2823,61909,0
2026/06/09 22:28:11,0.2,2823,61909,0
2026/06/09 22:28:16,0.1,2823,61909,0
2026/06/09 22:28:20,0.4,2824,61909,0
2026/06/09 22:28:25,0.1,2823,61909,0
2026/06/09 22:28:29,0.2,2823,61909,0
2026/06/09 22:28:34,0.2,2823,61909,0
2026/06/09 22:28:38,0.2,2824,61909,0
2026/06/09 22:28:43,0.4,2824,61909,0
2026/06/09 22:28:47,0.2,2823,61909,0
2026/06/09 22:28:52,0.2,2823,61909,0
2026/06/09 22:28:56,0.1,2823,61909,0
2026/06/09 22:29:01,0.1,2823,61909,0
2026/06/09 22:29:05,0.2,2823,61909,0
2026/06/09 22:29:10,0.1,2823,61909,0
2026/06/09 22:29:14,0.1,2824,61909,0
2026/06/09 22:29:19,0.4,2824,61909,0
2026/06/09 22:29:23,0.2,2824,61909,0
2026/06/09 22:29:28,0.2,2825,61909,0
2026/06/09 22:29:32,0.1,2825,61909,0
2026/06/09 22:29:37,0.2,2824,61909,0
2026/06/09 22:29:41,0.2,2824,61909,0
2026/06/09 22:29:46,0.2,2824,61909,0
2026/06/09 22:29:50,0.2,2824,61909,0
2026/06/09 22:29:55,0.4,2824,61909,0
2026/06/09 22:30:00,0.2,2824,61909,0
2026/06/09 22:30:04,0.2,2824,61909,0
2026/06/09 22:30:09,0.1,2823,61909,0
2026/06/09 22:30:13,0.1,2824,61909,0
2026/06/09 22:30:18,0.1,2824,61909,0
2026/06/09 22:30:22,0.1,2824,61909,0
2026/06/09 22:30:27,0.2,2824,61909,0
2026/06/09 22:30:31,0.4,2823,61909,0
2026/06/09 22:30:36,0.2,2823,61909,0
2026/06/09 22:30:40,0.1,2823,61909,0
2026/06/09 22:30:45,0.2,2824,61909,0
2026/06/09 22:30:49,0.2,2824,61909,0
2026/06/09 22:30:54,0.1,2824,61909,0
2026/06/09 22:30:58,0.1,2824,61909,0
2026/06/09 22:31:03,0.1,2824,61909,0
2026/06/09 22:31:07,0.2,2823,61909,0
2026/06/09 22:31:12,0.1,2823,61909,0
2026/06/09 22:31:16,0.1,2824,61909,0
2026/06/09 22:31:21,0.1,2824,61909,0
2026/06/09 22:31:25,0.1,2823,61909,0
2026/06/09 22:31:30,0.2,2823,61909,0
2026/06/09 22:31:34,0.1,2823,61909,0
2026/06/09 22:31:39,0.2,2823,61909,0
2026/06/09 22:31:43,0.1,2823,61909,0
2026/06/09 22:31:48,0.1,2824,61909,0
2026/06/09 22:31:52,0.1,2825,61909,0
2026/06/09 22:31:57,0.1,2824,61909,0
2026/06/09 22:32:01,0.1,2824,61909,0
2026/06/09 22:32:06,0.2,2825,61909,0
2026/06/09 22:32:11,0.2,2825,61909,0
2026/06/09 22:32:15,0.2,2825,61909,0
2026/06/09 22:32:20,0.2,2825,61909,0
2026/06/09 22:32:24,0.2,2826,61909,0
2026/06/09 22:32:29,0.2,2825,61909,0
2026/06/09 22:32:33,0.2,2826,61909,0
2026/06/09 22:32:38,0.2,2825,61909,0
2026/06/09 22:32:42,0.2,2825,61909,0
2026/06/09 22:32:47,0.1,2825,61909,0
2026/06/09 22:32:51,0.0,2826,61909,0
2026/06/09 22:32:56,0.1,2826,61909,0
2026/06/09 22:33:00,0.2,2826,61909,0
2026/06/09 22:33:05,0.2,2825,61909,0
2026/06/09 22:33:09,0.2,2825,61909,0
2026/06/09 22:33:14,0.2,2825,61909,0
2026/06/09 22:33:18,0.1,2826,61909,0
2026/06/09 22:33:23,0.2,2826,61909,0
2026/06/09 22:33:27,0.2,2826,61909,0
2026/06/09 22:33:32,0.2,2826,61909,0
2026/06/09 22:33:36,0.1,2826,61909,0
2026/06/09 22:33:41,0.4,2826,61909,0
2026/06/09 22:33:45,0.2,2825,61909,0
2026/06/09 22:33:50,0.2,2827,61909,0
2026/06/09 22:33:54,0.2,2826,61909,0
2026/06/09 22:33:59,0.2,2827,61909,0
2026/06/09 22:34:03,0.2,2826,61909,0
2026/06/09 22:34:08,0.2,2826,61909,0
2026/06/09 22:34:13,0.2,2827,61909,0
2026/06/09 22:34:17,0.1,2827,61909,0
2026/06/09 22:34:22,0.1,2826,61909,0
2026/06/09 22:34:26,0.2,2826,61909,0
2026/06/09 22:34:31,0.1,2826,61909,0
2026/06/09 22:34:35,0.1,2827,61909,0
2026/06/09 22:34:40,0.1,2827,61909,0
2026/06/09 22:34:44,0.2,2827,61909,0
2026/06/09 22:34:49,0.4,2828,61909,0
2026/06/09 22:34:53,0.5,2828,61909,0
2026/06/09 22:34:58,0.2,2827,61909,0
2026/06/09 22:35:02,0.1,2826,61909,0
2026/06/09 22:35:07,0.1,2826,61909,0
2026/06/09 22:35:11,0.2,2826,61909,0
2026/06/09 22:35:16,0.1,2826,61909,0
2026/06/09 22:35:20,0.1,2827,61909,0
2026/06/09 22:35:25,0.1,2825,61909,0
2026/06/09 22:35:29,0.1,2825,61909,0
2026/06/09 22:35:34,0.2,2825,61909,0
2026/06/09 22:35:38,0.2,2826,61909,0
2026/06/09 22:35:43,0.2,2826,61909,0
2026/06/09 22:35:47,0.1,2826,61909,0
2026/06/09 22:35:52,0.2,2826,61909,0
2026/06/09 22:35:56,0.1,2826,61909,0
2026/06/09 22:36:01,0.1,2826,61909,0
2026/06/09 22:36:05,0.2,2826,61909,0
2026/06/09 22:36:10,0.1,2826,61909,0
2026/06/09 22:36:14,0.1,2826,61909,0
2026/06/09 22:36:19,0.2,2825,61909,0
2026/06/09 22:36:24,0.1,2825,61909,0
2026/06/09 22:36:28,0.2,2824,61909,0
2026/06/09 22:36:33,0.2,2824,61909,0
2026/06/09 22:36:37,0.1,2823,61909,0
2026/06/09 22:36:42,0.2,2823,61909,0
2026/06/09 22:36:46,0.1,2823,61909,0
2026/06/09 22:36:51,0.2,2823,61909,0
2026/06/09 22:36:55,0.4,2823,61909,0
2026/06/09 22:37:00,0.4,2823,61909,0
2026/06/09 22:37:04,0.2,2823,61909,0
2026/06/09 22:37:09,0.2,2823,61909,0
2026/06/09 22:37:13,0.2,2823,61909,0
2026/06/09 22:37:18,0.2,2823,61909,0
2026/06/09 22:37:22,0.1,2823,61909,0
2026/06/09 22:37:27,0.2,2823,61909,0
2026/06/09 22:37:31,0.2,2823,61909,0
2026/06/09 22:37:36,0.1,2823,61909,0
2026/06/09 22:37:40,0.2,2824,61909,0
2026/06/09 22:37:45,0.1,2823,61909,0
2026/06/09 22:37:49,0.1,2823,61909,0
2026/06/09 22:37:54,0.2,2823,61909,0
2026/06/09 22:37:58,0.1,2824,61909,0
2026/06/09 22:38:03,0.2,2824,61909,0
2026/06/09 22:38:07,0.1,2824,61909,0
2026/06/09 22:38:12,0.4,2824,61909,0
2026/06/09 22:38:16,0.2,2824,61909,0
2026/06/09 22:38:21,0.1,2824,61909,0
2026/06/09 22:38:26,0.2,2823,61909,0
2026/06/09 22:38:30,0.1,2822,61909,0
2026/06/09 22:38:35,0.4,2823,61909,0
2026/06/09 22:38:39,0.1,2823,61909,0
2026/06/09 22:38:44,0.2,2822,61909,0
2026/06/09 22:38:48,0.0,2822,61909,0
2026/06/09 22:38:53,0.2,2822,61909,0
2026/06/09 22:38:57,0.0,2822,61909,0
2026/06/09 22:39:02,0.2,2822,61909,0
2026/06/09 22:39:06,0.2,2822,61909,0
2026/06/09 22:39:11,0.2,2821,61909,0
2026/06/09 22:39:15,0.1,2820,61909,0
2026/06/09 22:39:20,0.1,2821,61909,0
2026/06/09 22:39:24,0.1,2821,61909,0
2026/06/09 22:39:29,0.2,2821,61909,0
2026/06/09 22:39:33,0.4,2821,61909,0
2026/06/09 22:39:38,0.2,2822,61909,0
2026/06/09 22:39:42,0.4,2822,61909,0
2026/06/09 22:39:47,0.4,2821,61909,0
2026/06/09 22:39:51,0.2,2821,61909,0
2026/06/09 22:39:56,0.2,2821,61909,0
2026/06/09 22:40:00,0.1,2821,61909,0
2026/06/09 22:40:05,0.1,2822,61909,0
2026/06/09 22:40:09,0.2,2823,61909,0
2026/06/09 22:40:14,0.1,2823,61909,0
2026/06/09 22:40:18,0.2,2823,61909,0
2026/06/09 22:40:23,0.1,2823,61909,0
2026/06/09 22:40:27,0.2,2822,61909,0
2026/06/09 22:40:32,0.2,2822,61909,0
2026/06/09 22:40:37,0.1,2821,61909,0
2026/06/09 22:40:41,0.2,2823,61909,0
2026/06/09 22:40:46,0.2,2823,61909,0
2026/06/09 22:40:50,0.2,2822,61909,0
2026/06/09 22:40:55,0.2,2823,61909,0
2026/06/09 22:40:59,0.4,2823,61909,0
2026/06/09 22:41:04,0.1,2822,61909,0
2026/06/09 22:41:08,0.2,2822,61909,0
2026/06/09 22:41:13,0.1,2822,61909,0
2026/06/09 22:41:17,0.1,2821,61909,0
2026/06/09 22:41:22,0.2,2821,61909,0
2026/06/09 22:41:26,0.2,2822,61909,0
2026/06/09 22:41:31,0.1,2822,61909,0
2026/06/09 22:41:35,0.1,2822,61909,0
2026/06/09 22:41:40,0.2,2822,61909,0
2026/06/09 22:41:44,0.1,2821,61909,0
2026/06/09 22:41:49,0.2,2821,61909,0
2026/06/09 22:41:53,0.2,2821,61909,0
2026/06/09 22:41:58,0.1,2822,61909,0
2026/06/09 22:42:02,0.2,2821,61909,0
2026/06/09 22:42:07,0.4,2822,61909,0
2026/06/09 22:42:11,0.1,2822,61909,0
2026/06/09 22:42:16,0.4,2822,61909,0
2026/06/09 22:42:20,0.2,2822,61909,0
2026/06/09 22:42:25,0.1,2822,61909,0
2026/06/09 22:42:29,0.2,2823,61909,0
2026/06/09 22:42:34,0.2,2823,61909,0
2026/06/09 22:42:39,0.2,2823,61909,0
2026/06/09 22:42:43,0.2,2823,61909,0
2026/06/09 22:42:48,0.2,2823,61909,0
2026/06/09 22:42:52,0.1,2824,61909,0
2026/06/09 22:42:57,0.4,2824,61909,0
2026/06/09 22:43:01,0.2,2824,61909,0
2026/06/09 22:43:06,0.2,2824,61909,0
2026/06/09 22:43:10,0.1,2824,61909,0
2026/06/09 22:43:15,0.1,2824,61909,0
2026/06/09 22:43:19,0.4,2824,61909,0
2026/06/09 22:43:24,0.2,2825,61909,0
2026/06/09 22:43:28,0.2,2826,61909,0
2026/06/09 22:43:33,0.4,2826,61909,0
2026/06/09 22:43:37,0.4,2827,61909,0
2026/06/09 22:43:42,0.2,2826,61909,0
2026/06/09 22:43:46,0.2,2826,61909,0
2026/06/09 22:43:51,0.1,2826,61909,0
2026/06/09 22:43:55,0.1,2826,61909,0
2026/06/09 22:44:00,0.2,2826,61909,0
2026/06/09 22:44:04,0.2,2826,61909,0
2026/06/09 22:44:09,0.2,2828,61909,0
2026/06/09 22:44:13,0.2,2827,61909,0
2026/06/09 22:44:18,0.2,2827,61909,0
2026/06/09 22:44:22,0.1,2828,61909,0
2026/06/09 22:44:27,0.2,2829,61909,0
2026/06/09 22:44:31,0.2,2829,61909,0
2026/06/09 22:44:36,0.2,2829,61909,0
2026/06/09 22:44:40,0.1,2829,61909,0
2026/06/09 22:44:45,0.1,2830,61909,0
2026/06/09 22:44:50,0.1,2830,61909,0
2026/06/09 22:44:54,0.2,2829,61909,0
2026/06/09 22:44:59,0.1,2829,61909,0
2026/06/09 22:45:03,0.2,2828,61909,0
2026/06/09 22:45:08,0.1,2828,61909,0
2026/06/09 22:45:12,0.2,2828,61909,0
2026/06/09 22:45:17,0.2,2829,61909,0
2026/06/09 22:45:21,0.2,2829,61909,0
2026/06/09 22:45:26,0.1,2829,61909,0
2026/06/09 22:45:30,0.2,2828,61909,0
2026/06/09 22:45:35,0.2,2827,61909,0
2026/06/09 22:45:39,0.1,2827,61909,0
2026/06/09 22:45:44,0.4,2828,61909,0
2026/06/09 22:45:48,0.4,2827,61909,0
2026/06/09 22:45:53,0.1,2828,61909,0
2026/06/09 22:45:57,0.1,2827,61909,0
2026/06/09 22:46:02,0.2,2828,61909,0
2026/06/09 22:46:06,0.1,2828,61909,0
2026/06/09 22:46:11,0.2,2828,61909,0
2026/06/09 22:46:15,0.1,2827,61909,0
2026/06/09 22:46:20,0.2,2826,61909,0
2026/06/09 22:46:24,0.1,2826,61909,0
2026/06/09 22:46:29,0.4,2826,61909,0
2026/06/09 22:46:33,0.1,2826,61909,0
2026/06/09 22:46:38,0.2,2827,61909,0
2026/06/09 22:46:42,0.2,2827,61909,0
2026/06/09 22:46:47,0.1,2827,61909,0
2026/06/09 22:46:51,0.2,2827,61909,0
2026/06/09 22:46:56,0.1,2828,61909,0
2026/06/09 22:47:01,0.1,2828,61909,0
2026/06/09 22:47:05,0.1,2828,61909,0
2026/06/09 22:47:10,0.2,2827,61909,0
2026/06/09 22:47:14,0.2,2828,61909,0
2026/06/09 22:47:19,0.2,2827,61909,0
2026/06/09 22:47:23,0.1,2828,61909,0
2026/06/09 22:47:28,0.2,2828,61909,0
2026/06/09 22:47:32,0.1,2828,61909,0
2026/06/09 22:47:37,0.2,2828,61909,0
2026/06/09 22:47:41,0.2,2828,61909,0
2026/06/09 22:47:46,0.1,2828,61909,0
2026/06/09 22:47:50,0.4,2829,61909,0
2026/06/09 22:47:55,0.1,2829,61909,0
2026/06/09 22:47:59,0.4,2829,61909,0
2026/06/09 22:48:04,0.1,2829,61909,0
2026/06/09 22:48:08,0.2,2829,61909,0
2026/06/09 22:48:13,0.1,2830,61909,0
2026/06/09 22:48:17,0.1,2831,61909,0
2026/06/09 22:48:22,0.2,2832,61909,0
2026/06/09 22:48:26,0.2,2831,61909,0
2026/06/09 22:48:31,0.1,2832,61909,0
2026/06/09 22:48:35,0.2,2832,61909,0
2026/06/09 22:48:40,0.2,2831,61909,0
2026/06/09 22:48:44,0.2,2832,61909,0
2026/06/09 22:48:49,0.2,2831,61909,0
2026/06/09 22:48:53,0.2,2831,61909,0
2026/06/09 22:48:58,0.2,2831,61909,0
2026/06/09 22:49:03,0.2,2832,61909,0
2026/06/09 22:49:07,0.1,2831,61909,0
2026/06/09 22:49:12,0.1,2832,61909,0
2026/06/09 22:49:16,0.2,2832,61909,0
2026/06/09 22:49:21,0.4,2832,61909,0
2026/06/09 22:49:25,0.2,2831,61909,0
2026/06/09 22:49:30,0.1,2832,61909,0
2026/06/09 22:49:34,0.2,2832,61909,0
2026/06/09 22:49:39,0.2,2832,61909,0
2026/06/09 22:49:43,0.2,2831,61909,0
2026/06/09 22:49:48,0.1,2832,61909,0
2026/06/09 22:49:52,0.2,2832,61909,0
2026/06/09 22:49:57,0.2,2832,61909,0
2026/06/09 22:50:01,0.4,2831,61909,0
2026/06/09 22:50:06,0.1,2831,61909,0
2026/06/09 22:50:10,0.2,2831,61909,0
2026/06/09 22:50:15,0.2,2831,61909,0
2026/06/09 22:50:19,0.2,2831,61909,0
2026/06/09 22:50:24,0.1,2832,61909,0
2026/06/09 22:50:28,0.2,2832,61909,0
2026/06/09 22:50:33,0.2,2831,61909,0
2026/06/09 22:50:37,0.1,2832,61909,0
2026/06/09 22:50:42,0.1,2832,61909,0
2026/06/09 22:50:46,0.1,2831,61909,0
2026/06/09 22:50:51,0.1,2832,61909,0
2026/06/09 22:50:55,0.2,2831,61909,0
2026/06/09 22:51:00,0.2,2832,61909,0
2026/06/09 22:51:04,0.2,2831,61909,0
2026/06/09 22:51:09,0.5,2831,61909,0
2026/06/09 22:51:14,0.1,2831,61909,0
2026/06/09 22:51:18,0.2,2831,61909,0
2026/06/09 22:51:23,0.2,2831,61909,0
2026/06/09 22:51:27,0.2,2831,61909,0
2026/06/09 22:51:32,0.2,2831,61909,0
2026/06/09 22:51:36,0.2,2831,61909,0
2026/06/09 22:51:41,0.2,2831,61909,0
2026/06/09 22:51:45,0.4,2831,61909,0
2026/06/09 22:51:50,0.1,2832,61909,0
2026/06/09 22:51:54,0.1,2832,61909,0
2026/06/09 22:51:59,0.2,2833,61909,0
2026/06/09 22:52:03,0.1,2833,61909,0
2026/06/09 22:52:08,0.2,2832,61909,0
2026/06/09 22:52:12,0.1,2831,61909,0
2026/06/09 22:52:17,0.1,2832,61909,0
2026/06/09 22:52:21,0.1,2831,61909,0
2026/06/09 22:52:26,0.1,2832,61909,0
2026/06/09 22:52:30,0.2,2830,61909,0
2026/06/09 22:52:35,0.1,2831,61909,0
2026/06/09 22:52:39,0.2,2831,61909,0
2026/06/09 22:52:44,0.1,2831,61909,0
2026/06/09 22:52:48,0.2,2831,61909,0
2026/06/09 22:52:53,0.2,2831,61909,0
2026/06/09 22:52:57,0.2,2831,61909,0
2026/06/09 22:53:02,0.2,2830,61909,0
2026/06/09 22:53:06,0.2,2831,61909,0
2026/06/09 22:53:11,0.2,2831,61909,0
2026/06/09 22:53:16,0.4,2831,61909,0
2026/06/09 22:53:20,0.1,2831,61909,0
2026/06/09 22:53:25,0.2,2831,61909,0
2026/06/09 22:53:29,0.2,2831,61909,0
2026/06/09 22:53:34,0.2,2831,61909,0
2026/06/09 22:53:38,0.1,2832,61909,0
2026/06/09 22:53:43,0.1,2833,61909,0
2026/06/09 22:53:47,0.2,2833,61909,0
2026/06/09 22:53:52,0.2,2833,61909,0
2026/06/09 22:53:56,0.1,2830,61909,0
2026/06/09 22:54:01,0.2,2830,61909,0
2026/06/09 22:54:05,0.2,2831,61909,0
2026/06/09 22:54:10,0.1,2831,61909,0
2026/06/09 22:54:14,0.2,2830,61909,0
2026/06/09 22:54:19,0.2,2830,61909,0
2026/06/09 22:54:23,0.1,2830,61909,0
2026/06/09 22:54:28,0.1,2831,61909,0
2026/06/09 22:54:32,0.4,2830,61909,0
2026/06/09 22:54:37,0.2,2830,61909,0
2026/06/09 22:54:41,0.1,2830,61909,0
2026/06/09 22:54:46,0.1,2830,61909,0
2026/06/09 22:54:50,0.4,2830,61909,0
2026/06/09 22:54:55,0.1,2831,61909,0
2026/06/09 22:54:59,0.4,2831,61909,0
2026/06/09 22:55:04,0.2,2831,61909,0
2026/06/09 22:55:08,0.2,2832,61909,0
2026/06/09 22:55:13,0.2,2832,61909,0
2026/06/09 22:55:17,0.1,2832,61909,0
2026/06/09 22:55:22,0.1,2832,61909,0
2026/06/09 22:55:27,0.1,2833,61909,0
2026/06/09 22:55:31,0.2,2832,61909,0
2026/06/09 22:55:36,0.2,2833,61909,0
2026/06/09 22:55:40,0.2,2833,61909,0
2026/06/09 22:55:45,0.2,2833,61909,0
2026/06/09 22:55:49,0.2,2833,61909,0
2026/06/09 22:55:54,0.4,2833,61909,0
2026/06/09 22:55:58,0.2,2833,61909,0
2026/06/09 22:56:03,0.1,2833,61909,0
2026/06/09 22:56:07,0.2,2833,61909,0
2026/06/09 22:56:12,0.2,2833,61909,0
2026/06/09 22:56:16,0.1,2832,61909,0
2026/06/09 22:56:21,0.2,2833,61909,0
2026/06/09 22:56:25,0.2,2833,61909,0
2026/06/09 22:56:30,0.2,2834,61909,0
2026/06/09 22:56:34,0.1,2834,61909,0
2026/06/09 22:56:39,0.2,2835,61909,0
2026/06/09 22:56:43,0.2,2834,61909,0
2026/06/09 22:56:48,0.2,2835,61909,0
2026/06/09 22:56:52,0.2,2835,61909,0
2026/06/09 22:56:57,0.2,2835,61909,0
2026/06/09 22:57:01,0.2,2835,61909,0
2026/06/09 22:57:06,0.1,2834,61909,0
2026/06/09 22:57:10,0.0,2834,61909,0
2026/06/09 22:57:15,0.1,2834,61909,0
2026/06/09 22:57:19,0.2,2834,61909,0
2026/06/09 22:57:24,0.4,2834,61909,0
2026/06/09 22:57:29,0.1,2834,61909,0
2026/06/09 22:57:33,0.2,2834,61909,0
2026/06/09 22:57:38,0.1,2835,61909,0
2026/06/09 22:57:42,0.1,2835,61909,0
2026/06/09 22:57:47,0.4,2834,61909,0
2026/06/09 22:57:51,0.2,2834,61909,0
2026/06/09 22:57:56,0.2,2834,61909,0
2026/06/09 22:58:00,0.1,2834,61909,0
2026/06/09 22:58:05,0.1,2834,61909,0
2026/06/09 22:58:09,0.2,2833,61909,0
2026/06/09 22:58:14,0.1,2833,61909,0
2026/06/09 22:58:18,0.4,2833,61909,0
2026/06/09 22:58:23,0.2,2832,61909,0
2026/06/09 22:58:27,0.1,2832,61909,0
2026/06/09 22:58:32,0.1,2831,61909,0
2026/06/09 22:58:36,0.2,2831,61909,0
2026/06/09 22:58:41,0.4,2831,61909,0
2026/06/09 22:58:45,0.2,2831,61909,0
2026/06/09 22:58:50,0.1,2831,61909,0
2026/06/09 22:58:54,0.1,2830,61909,0
2026/06/09 22:58:59,0.2,2829,61909,0
2026/06/09 22:59:03,0.2,2829,61909,0
2026/06/09 22:59:08,0.1,2830,61909,0
2026/06/09 22:59:12,0.4,2829,61909,0
2026/06/09 22:59:17,0.0,2828,61909,0
2026/06/09 22:59:21,0.1,2828,61909,0
2026/06/09 22:59:26,0.2,2828,61909,0
2026/06/09 22:59:30,0.1,2828,61909,0
2026/06/09 22:59:35,0.2,2828,61909,0
2026/06/09 22:59:40,0.1,2828,61909,0
2026/06/09 22:59:44,0.2,2828,61909,0
2026/06/09 22:59:49,0.1,2828,61909,0
2026/06/09 22:59:53,0.2,2828,61909,0
2026/06/09 22:59:58,0.2,2828,61909,0
2026/06/09 23:00:02,0.2,2828,61909,0
2026/06/09 23:00:07,0.2,2827,61909,0
2026/06/09 23:00:11,0.1,2827,61909,0
2026/06/09 23:00:16,0.4,2828,61909,0
2026/06/09 23:00:20,0.2,2828,61909,0
2026/06/09 23:00:25,0.2,2828,61909,0
2026/06/09 23:00:29,0.2,2828,61909,0
2026/06/09 23:00:34,0.2,2828,61909,0
2026/06/09 23:00:38,0.1,2828,61909,0
2026/06/09 23:00:43,0.2,2828,61909,0
2026/06/09 23:00:47,0.4,2828,61909,0
2026/06/09 23:00:52,0.1,2828,61909,0
2026/06/09 23:00:56,0.2,2828,61909,0
2026/06/09 23:01:01,0.2,2828,61909,0
2026/06/09 23:01:05,0.1,2828,61909,0
2026/06/09 23:01:10,0.4,2828,61909,0
2026/06/09 23:01:14,0.2,2828,61909,0
2026/06/09 23:01:19,0.2,2827,61909,0
2026/06/09 23:01:23,0.2,2828,61909,0
2026/06/09 23:01:28,0.2,2828,61909,0
2026/06/09 23:01:32,0.1,2828,61909,0
2026/06/09 23:01:37,0.2,2828,61909,0
2026/06/09 23:01:42,0.1,2827,61909,0
2026/06/09 23:01:46,0.1,2827,61909,0
2026/06/09 23:01:51,0.1,2826,61909,0
2026/06/09 23:01:55,0.2,2826,61909,0
2026/06/09 23:02:00,0.2,2826,61909,0
2026/06/09 23:02:04,0.0,2826,61909,0
2026/06/09 23:02:09,0.2,2826,61909,0
2026/06/09 23:02:13,0.0,2827,61909,0
2026/06/09 23:02:18,0.2,2826,61909,0
2026/06/09 23:02:22,0.2,2826,61909,0
2026/06/09 23:02:27,0.2,2826,61909,0
2026/06/09 23:02:31,0.1,2825,61909,0
2026/06/09 23:02:36,0.2,2825,61909,0
2026/06/09 23:02:40,0.1,2825,61909,0
2026/06/09 23:02:45,0.4,2824,61909,0
2026/06/09 23:02:49,0.2,2824,61909,0
2026/06/09 23:02:54,0.5,2825,61909,0
2026/06/09 23:02:58,0.2,2825,61909,0
2026/06/09 23:03:03,0.4,2824,61909,0
2026/06/09 23:03:07,0.0,2825,61909,0
2026/06/09 23:03:12,0.1,2826,61909,0
2026/06/09 23:03:16,0.1,2826,61909,0
2026/06/09 23:03:21,0.1,2826,61909,0
2026/06/09 23:03:25,0.1,2826,61909,0
2026/06/09 23:03:30,0.2,2826,61909,0
2026/06/09 23:03:34,0.2,2826,61909,0
2026/06/09 23:03:39,0.1,2826,61909,0
2026/06/09 23:03:43,0.2,2827,61909,0
2026/06/09 23:03:48,0.2,2827,61909,0
2026/06/09 23:03:53,0.2,2827,61909,0
2026/06/09 23:03:57,0.1,2827,61909,0
2026/06/09 23:04:02,0.2,2827,61909,0
2026/06/09 23:04:06,0.2,2826,61909,0
2026/06/09 23:04:11,0.1,2826,61909,0
2026/06/09 23:04:15,0.4,2826,61909,0
2026/06/09 23:04:20,0.2,2826,61909,0
2026/06/09 23:04:24,0.2,2825,61909,0
2026/06/09 23:04:29,0.5,2825,61909,0
2026/06/09 23:04:33,0.2,2825,61909,0
2026/06/09 23:04:38,0.2,2824,61909,0
2026/06/09 23:04:42,0.2,2825,61909,0
2026/06/09 23:04:47,0.1,2825,61909,0
2026/06/09 23:04:51,0.1,2825,61909,0
2026/06/09 23:04:56,0.1,2825,61909,0
2026/06/09 23:05:00,0.0,2825,61909,0
2026/06/09 23:05:05,0.4,2825,61909,0
2026/06/09 23:05:09,0.2,2826,61909,0
2026/06/09 23:05:14,0.2,2827,61909,0
2026/06/09 23:05:18,0.1,2826,61909,0
2026/06/09 23:05:23,0.1,2826,61909,0
2026/06/09 23:05:27,0.2,2826,61909,0
2026/06/09 23:05:32,0.4,2826,61909,0
2026/06/09 23:05:36,0.2,2826,61909,0
2026/06/09 23:05:41,0.2,2826,61909,0
2026/06/09 23:05:45,0.0,2826,61909,0
2026/06/09 23:05:50,0.2,2827,61909,0
2026/06/09 23:05:55,0.2,2826,61909,0
2026/06/09 23:05:59,0.4,2826,61909,0
2026/06/09 23:06:04,0.2,2826,61909,0
2026/06/09 23:06:08,0.2,2826,61909,0
2026/06/09 23:06:13,0.2,2826,61909,0
2026/06/09 23:06:17,0.2,2826,61909,0
2026/06/09 23:06:22,0.2,2826,61909,0
2026/06/09 23:06:26,0.2,2826,61909,0
2026/06/09 23:06:31,0.2,2826,61909,0
2026/06/09 23:06:35,0.4,2826,61909,0
2026/06/09 23:06:40,0.2,2827,61909,0
2026/06/09 23:06:44,0.1,2827,61909,0
2026/06/09 23:06:49,0.2,2826,61909,0
2026/06/09 23:06:53,0.2,2827,61909,0
2026/06/09 23:06:58,0.1,2827,61909,0
2026/06/09 23:07:02,0.2,2827,61909,0
2026/06/09 23:07:07,0.1,2826,61909,0
2026/06/09 23:07:11,0.4,2826,61909,0
2026/06/09 23:07:16,0.2,2825,61909,0
2026/06/09 23:07:20,0.2,2825,61909,0
2026/06/09 23:07:25,0.1,2826,61909,0
2026/06/09 23:07:29,0.4,2826,61909,0
2026/06/09 23:07:34,0.2,2826,61909,0
2026/06/09 23:07:38,0.2,2826,61909,0
2026/06/09 23:07:43,0.1,2827,61909,0
2026/06/09 23:07:47,0.2,2827,61909,0
2026/06/09 23:07:52,0.1,2827,61909,0
2026/06/09 23:07:56,0.2,2827,61909,0
2026/06/09 23:08:01,0.1,2827,61909,0
2026/06/09 23:08:06,0.2,2827,61909,0
2026/06/09 23:08:10,0.1,2828,61909,0
2026/06/09 23:08:15,0.1,2827,61909,0
2026/06/09 23:08:19,0.1,2827,61909,0
2026/06/09 23:08:24,0.1,2827,61909,0
2026/06/09 23:08:28,0.2,2828,61909,0
2026/06/09 23:08:33,0.1,2828,61909,0
2026/06/09 23:08:37,0.2,2828,61909,0
2026/06/09 23:08:42,0.2,2827,61909,0
2026/06/09 23:08:46,0.1,2827,61909,0
2026/06/09 23:08:51,0.2,2827,61909,0
2026/06/09 23:08:55,0.1,2827,61909,0
2026/06/09 23:09:00,0.2,2827,61909,0
2026/06/09 23:09:04,0.1,2826,61909,0
2026/06/09 23:09:09,0.2,2828,61909,0
2026/06/09 23:09:13,0.1,2828,61909,0
2026/06/09 23:09:18,0.2,2828,61909,0
2026/06/09 23:09:22,0.2,2827,61909,0
2026/06/09 23:09:27,0.2,2827,61909,0
2026/06/09 23:09:31,0.2,2827,61909,0
2026/06/09 23:09:36,0.2,2826,61909,0
2026/06/09 23:09:40,0.2,2826,61909,0
2026/06/09 23:09:45,0.1,2827,61909,0
2026/06/09 23:09:49,0.4,2828,61909,0
2026/06/09 23:09:54,0.4,2828,61909,0
2026/06/09 23:09:58,0.2,2828,61909,0
2026/06/09 23:10:03,0.2,2828,61909,0
2026/06/09 23:10:07,0.2,2828,61909,0
2026/06/09 23:10:12,0.2,2829,61909,0
2026/06/09 23:10:17,0.2,2828,61909,0
2026/06/09 23:10:21,0.1,2828,61909,0
2026/06/09 23:10:26,0.2,2827,61909,0
2026/06/09 23:10:30,0.4,2828,61909,0
2026/06/09 23:10:35,0.2,2828,61909,0
2026/06/09 23:10:39,0.1,2828,61909,0
2026/06/09 23:10:44,0.2,2827,61909,0
2026/06/09 23:10:48,0.1,2828,61909,0
2026/06/09 23:10:53,0.4,2828,61909,0
2026/06/09 23:10:57,0.1,2828,61909,0
2026/06/09 23:11:02,0.1,2828,61909,0
2026/06/09 23:11:06,0.2,2828,61909,0
2026/06/09 23:11:11,0.1,2827,61909,0
2026/06/09 23:11:15,0.1,2828,61909,0
2026/06/09 23:11:20,0.1,2829,61909,0
2026/06/09 23:11:24,0.4,2829,61909,0
2026/06/09 23:11:29,0.2,2829,61909,0
2026/06/09 23:11:33,0.2,2829,61909,0
2026/06/09 23:11:38,0.1,2829,61909,0
2026/06/09 23:11:42,0.2,2829,61909,0
2026/06/09 23:11:47,0.1,2829,61909,0
2026/06/09 23:11:51,0.2,2828,61909,0
2026/06/09 23:11:56,0.1,2828,61909,0
2026/06/09 23:12:00,0.1,2828,61909,0
2026/06/09 23:12:05,0.1,2828,61909,0
2026/06/09 23:12:09,0.2,2828,61909,0
2026/06/09 23:12:14,0.2,2828,61909,0
2026/06/09 23:12:19,0.2,2828,61909,0
2026/06/09 23:12:23,0.2,2827,61909,0
2026/06/09 23:12:28,0.0,2828,61909,0
2026/06/09 23:12:32,0.1,2827,61909,0
2026/06/09 23:12:37,0.2,2827,61909,0
2026/06/09 23:12:41,0.2,2828,61909,0
2026/06/09 23:12:46,0.2,2828,61909,0
2026/06/09 23:12:50,0.1,2828,61909,0
2026/06/09 23:12:55,0.1,2828,61909,0
2026/06/09 23:12:59,0.2,2828,61909,0
2026/06/09 23:13:04,0.1,2827,61909,0
2026/06/09 23:13:08,0.1,2828,61909,0
2026/06/09 23:13:13,0.1,2828,61909,0
2026/06/09 23:13:17,0.2,2828,61909,0
2026/06/09 23:13:22,0.2,2828,61909,0
2026/06/09 23:13:26,0.1,2827,61909,0
2026/06/09 23:13:31,0.2,2828,61909,0
2026/06/09 23:13:35,0.1,2827,61909,0
2026/06/09 23:13:40,0.2,2828,61909,0
2026/06/09 23:13:44,0.2,2828,61909,0
2026/06/09 23:13:49,0.1,2829,61909,0
2026/06/09 23:13:53,0.2,2829,61909,0
2026/06/09 23:13:58,0.2,2829,61909,0
2026/06/09 23:14:02,0.2,2829,61909,0
2026/06/09 23:14:07,0.2,2829,61909,0
2026/06/09 23:14:11,0.4,2829,61909,0
2026/06/09 23:14:16,0.0,2830,61909,0
2026/06/09 23:14:20,0.2,2830,61909,0
2026/06/09 23:14:25,0.1,2830,61909,0
2026/06/09 23:14:30,0.2,2829,61909,0
2026/06/09 23:14:34,0.1,2830,61909,0
2026/06/09 23:14:39,0.2,2830,61909,0
2026/06/09 23:14:43,0.1,2830,61909,0
2026/06/09 23:14:48,0.2,2830,61909,0
2026/06/09 23:14:52,0.2,2830,61909,0
2026/06/09 23:14:57,0.2,2829,61909,0
2026/06/09 23:15:01,0.1,2829,61909,0
2026/06/09 23:15:06,0.4,2829,61909,0
2026/06/09 23:15:10,0.2,2829,61909,0
2026/06/09 23:15:15,0.1,2830,61909,0
2026/06/09 23:15:19,0.2,2830,61909,0
2026/06/09 23:15:24,0.2,2829,61909,0
2026/06/09 23:15:28,0.1,2829,61909,0
2026/06/09 23:15:33,0.2,2830,61909,0
2026/06/09 23:15:37,0.1,2830,61909,0
2026/06/09 23:15:42,0.1,2830,61909,0
2026/06/09 23:15:46,0.0,2830,61909,0
2026/06/09 23:15:51,0.1,2829,61909,0
2026/06/09 23:15:55,0.1,2829,61909,0
2026/06/09 23:16:00,0.2,2829,61909,0
2026/06/09 23:16:04,0.2,2830,61909,0
2026/06/09 23:16:09,0.5,2829,61909,0
2026/06/09 23:16:13,0.2,2829,61909,0
2026/06/09 23:16:18,0.2,2830,61909,0
2026/06/09 23:16:22,0.4,2829,61909,0
2026/06/09 23:16:27,0.2,2829,61909,0
2026/06/09 23:16:32,0.1,2829,61909,0
2026/06/09 23:16:36,0.2,2830,61909,0
2026/06/09 23:16:41,0.4,2830,61909,0
2026/06/09 23:16:45,0.1,2830,61909,0
2026/06/09 23:16:50,0.1,2830,61909,0
2026/06/09 23:16:54,0.4,2830,61909,0
2026/06/09 23:16:59,0.1,2830,61909,0
2026/06/09 23:17:03,0.1,2830,61909,0
2026/06/09 23:17:08,0.2,2829,61909,0
2026/06/09 23:17:12,0.2,2830,61909,0
2026/06/09 23:17:17,0.2,2830,61909,0
2026/06/09 23:17:21,0.2,2830,61909,0
2026/06/09 23:17:26,0.2,2830,61909,0
2026/06/09 23:17:30,0.1,2831,61909,0
2026/06/09 23:17:35,0.2,2830,61909,0
2026/06/09 23:17:39,0.1,2829,61909,0
2026/06/09 23:17:44,0.2,2830,61909,0
2026/06/09 23:17:48,0.1,2830,61909,0
2026/06/09 23:17:53,0.2,2830,61909,0
2026/06/09 23:17:57,0.2,2831,61909,0
2026/06/09 23:18:02,0.1,2830,61909,0
2026/06/09 23:18:06,0.1,2831,61909,0
2026/06/09 23:18:11,0.0,2831,61909,0
2026/06/09 23:18:15,0.2,2831,61909,0
2026/06/09 23:18:20,0.2,2829,61909,0
2026/06/09 23:18:24,0.1,2829,61909,0
2026/06/09 23:18:29,0.2,2828,61909,0
2026/06/09 23:18:33,0.2,2828,61909,0
2026/06/09 23:18:38,0.2,2828,61909,0
2026/06/09 23:18:43,0.2,2828,61909,0
2026/06/09 23:18:47,0.1,2828,61909,0
2026/06/09 23:18:52,0.4,2828,61909,0
2026/06/09 23:18:56,0.1,2827,61909,0
2026/06/09 23:19:01,0.1,2826,61909,0
2026/06/09 23:19:05,0.2,2826,61909,0
2026/06/09 23:19:10,0.2,2826,61909,0
2026/06/09 23:19:14,0.2,2826,61909,0
2026/06/09 23:19:19,0.0,2827,61909,0
2026/06/09 23:19:23,0.1,2827,61909,0
2026/06/09 23:19:28,0.1,2831,61909,0
2026/06/09 23:19:32,0.2,2829,61909,0
2026/06/09 23:19:37,0.1,2829,61909,0
2026/06/09 23:19:41,0.2,2828,61909,0
2026/06/09 23:19:46,0.1,2828,61909,0
2026/06/09 23:19:50,0.1,2828,61909,0
2026/06/09 23:19:55,0.2,2828,61909,0
2026/06/09 23:19:59,0.2,2828,61909,0
2026/06/09 23:20:04,0.1,2828,61909,0
2026/06/09 23:20:08,0.2,2828,61909,0
2026/06/09 23:20:13,0.1,2827,61909,0
2026/06/09 23:20:17,0.2,2827,61909,0
2026/06/09 23:20:22,0.1,2828,61909,0
2026/06/09 23:20:26,0.2,2828,61909,0
2026/06/09 23:20:31,0.2,2827,61909,0
2026/06/09 23:20:35,0.2,2828,61909,0
2026/06/09 23:20:40,0.2,2828,61909,0
2026/06/09 23:20:45,0.2,2829,61909,0
2026/06/09 23:20:49,0.2,2829,61909,0
2026/06/09 23:20:54,0.2,2830,61909,0
2026/06/09 23:20:58,0.1,2829,61909,0
2026/06/09 23:21:03,0.1,2830,61909,0
2026/06/09 23:21:07,0.4,2830,61909,0
2026/06/09 23:21:12,0.2,2831,61909,0
2026/06/09 23:21:16,0.4,2830,61909,0
2026/06/09 23:21:21,0.2,2830,61909,0
2026/06/09 23:21:25,0.2,2830,61909,0
2026/06/09 23:21:30,0.2,2829,61909,0
2026/06/09 23:21:34,0.2,2829,61909,0
2026/06/09 23:21:39,0.2,2830,61909,0
2026/06/09 23:21:43,0.2,2830,61909,0
2026/06/09 23:21:48,0.1,2830,61909,0
2026/06/09 23:21:52,0.4,2829,61909,0
2026/06/09 23:21:57,0.1,2829,61909,0
2026/06/09 23:22:01,0.2,2830,61909,0
2026/06/09 23:22:06,0.1,2829,61909,0
2026/06/09 23:22:10,0.7,2826,61909,0
2026/06/09 23:22:15,0.1,2826,61909,0
2026/06/09 23:22:19,0.2,2826,61909,0
2026/06/09 23:22:24,0.4,2826,61909,0
2026/06/09 23:22:28,0.1,2827,61909,0
2026/06/09 23:22:33,0.1,2827,61909,0
2026/06/09 23:22:37,0.1,2827,61909,0
2026/06/09 23:22:42,0.2,2827,61909,0
2026/06/09 23:22:46,0.1,2827,61909,0
2026/06/09 23:22:51,0.2,2827,61909,0
2026/06/09 23:22:56,0.1,2826,61909,0
2026/06/09 23:23:00,0.2,2826,61909,0
2026/06/09 23:23:05,0.1,2827,61909,0
2026/06/09 23:23:09,0.4,2827,61909,0
2026/06/09 23:23:14,0.4,2827,61909,0
2026/06/09 23:23:18,0.2,2827,61909,0
2026/06/09 23:23:23,0.4,2827,61909,0
2026/06/09 23:23:27,0.2,2827,61909,0
2026/06/09 23:23:32,0.2,2828,61909,0
2026/06/09 23:23:36,0.1,2828,61909,0
2026/06/09 23:23:41,0.1,2828,61909,0
2026/06/09 23:23:45,0.2,2828,61909,0
2026/06/09 23:23:50,0.2,2828,61909,0
2026/06/09 23:23:54,0.2,2829,61909,0
2026/06/09 23:23:59,0.2,2829,61909,0
2026/06/09 23:24:03,0.2,2829,61909,0
2026/06/09 23:24:08,0.2,2828,61909,0
2026/06/09 23:24:12,0.1,2828,61909,0
2026/06/09 23:24:17,0.4,2828,61909,0
2026/06/09 23:24:21,0.2,2829,61909,0
2026/06/09 23:24:26,0.1,2829,61909,0
2026/06/09 23:24:30,0.1,2828,61909,0
2026/06/09 23:24:35,0.2,2827,61909,0
2026/06/09 23:24:39,0.2,2827,61909,0
2026/06/09 23:24:44,0.1,2828,61909,0
2026/06/09 23:24:48,0.2,2827,61909,0
2026/06/09 23:24:53,0.4,2827,61909,0
2026/06/09 23:24:58,0.1,2827,61909,0
2026/06/09 23:25:02,0.1,2827,61909,0
2026/06/09 23:25:07,0.1,2827,61909,0
2026/06/09 23:25:11,0.4,2827,61909,0
2026/06/09 23:25:16,0.2,2827,61909,0
2026/06/09 23:25:20,0.4,2826,61909,0
2026/06/09 23:25:25,0.0,2826,61909,0
2026/06/09 23:25:29,0.1,2826,61909,0
