timestamp,cpu_util_pct,mem_used_MB,mem_total_MB,swap_used_MB
2026/06/04 18:22:09,9.2,3857,61909,0
2026/06/04 18:22:13,6.5,4155,61909,0
2026/06/04 18:22:18,6.7,4222,61909,0
2026/06/04 18:22:22,6.6,4199,61909,0
2026/06/04 18:22:27,6.8,4231,61909,0
2026/06/04 18:22:31,6.6,4183,61909,0
2026/06/04 18:22:36,7.7,4225,61909,0
2026/06/04 18:22:40,6.7,4202,61909,0
2026/06/04 18:22:45,7.9,4167,61909,0
2026/06/04 18:22:49,6.5,4162,61909,0
2026/06/04 18:22:54,6.5,4151,61909,0
2026/06/04 18:22:58,6.5,4122,61909,0
2026/06/04 18:23:03,6.5,4136,61909,0
2026/06/04 18:23:07,6.3,4232,61909,0
2026/06/04 18:23:12,6.7,4233,61909,0
2026/06/04 18:23:16,6.5,4208,61909,0
2026/06/04 18:23:21,6.5,4177,61909,0
2026/06/04 18:23:25,6.6,4210,61909,0
2026/06/04 18:23:30,6.6,4216,61909,0
2026/06/04 18:23:35,6.8,4167,61909,0
2026/06/04 18:23:39,7.2,4280,61909,0
2026/06/04 18:23:44,6.6,4252,61909,0
2026/06/04 18:23:48,6.5,4215,61909,0
2026/06/04 18:23:53,6.5,4211,61909,0
2026/06/04 18:23:57,6.5,4187,61909,0
2026/06/04 18:24:02,6.5,4268,61909,0
2026/06/04 18:24:06,6.3,4185,61909,0
2026/06/04 18:24:11,6.6,4299,61909,0
2026/06/04 18:24:15,6.5,4384,61909,0
2026/06/04 18:24:20,6.7,4333,61909,0
2026/06/04 18:24:24,6.7,4260,61909,0
2026/06/04 18:24:29,7.2,4210,61909,0
2026/06/04 18:24:33,7.1,4157,61909,0
2026/06/04 18:24:38,7.3,4117,61909,0
2026/06/04 18:24:42,6.3,4202,61909,0
2026/06/04 18:24:47,6.6,4202,61909,0
2026/06/04 18:24:51,6.3,4213,61909,0
2026/06/04 18:24:56,6.5,4195,61909,0
2026/06/04 18:25:00,6.5,4188,61909,0
2026/06/04 18:25:05,6.5,4173,61909,0
2026/06/04 18:25:09,7.2,4130,61909,0
2026/06/04 18:25:14,7.5,4133,61909,0
2026/06/04 18:25:18,7.2,4267,61909,0
2026/06/04 18:25:23,6.5,4209,61909,0
2026/06/04 18:25:27,6.6,4204,61909,0
2026/06/04 18:25:32,6.6,4167,61909,0
2026/06/04 18:25:37,6.5,4140,61909,0
2026/06/04 18:25:41,6.6,3980,61909,0
2026/06/04 18:25:46,7.2,4066,61909,0
2026/06/04 18:25:50,8.2,4085,61909,0
2026/06/04 18:25:55,7.3,4058,61909,0
2026/06/04 18:25:59,7.2,4038,61909,0
2026/06/04 18:26:04,6.8,4044,61909,0
2026/06/04 18:26:08,6.4,4052,61909,0
2026/06/04 18:26:13,6.3,4042,61909,0
2026/06/04 18:26:17,6.5,4149,61909,0
2026/06/04 18:26:22,6.6,4181,61909,0
2026/06/04 18:26:26,6.5,4187,61909,0
2026/06/04 18:26:31,6.6,4162,61909,0
2026/06/04 18:26:35,7.1,4139,61909,0
2026/06/04 18:26:40,7.7,4129,61909,0
2026/06/04 18:26:44,7.2,4095,61909,0
2026/06/04 18:26:49,6.5,4199,61909,0
2026/06/04 18:26:53,6.5,4193,61909,0
2026/06/04 18:26:58,6.6,4206,61909,0
2026/06/04 18:27:02,6.5,4187,61909,0
2026/06/04 18:27:07,6.6,4172,61909,0
2026/06/04 18:27:11,6.4,4132,61909,0
2026/06/04 18:27:16,7.3,4187,61909,0
2026/06/04 18:27:20,7.3,4127,61909,0
2026/06/04 18:27:25,7.2,4234,61909,0
2026/06/04 18:27:29,6.9,4234,61909,0
2026/06/04 18:27:34,6.4,4211,61909,0
2026/06/04 18:27:39,6.5,4188,61909,0
2026/06/04 18:27:43,6.6,4185,61909,0
2026/06/04 18:27:48,6.3,4148,61909,0
2026/06/04 18:27:52,6.5,4125,61909,0
2026/06/04 18:27:57,6.3,4078,61909,0
2026/06/04 18:28:01,7.1,4077,61909,0
2026/06/04 18:28:06,7.4,4192,61909,0
2026/06/04 18:28:10,7.2,4202,61909,0
2026/06/04 18:28:15,6.6,4211,61909,0
2026/06/04 18:28:19,6.3,4210,61909,0
2026/06/04 18:28:24,6.3,4202,61909,0
2026/06/04 18:28:28,6.6,4208,61909,0
2026/06/04 18:28:33,6.5,4217,61909,0
2026/06/04 18:28:37,6.3,4205,61909,0
2026/06/04 18:28:42,6.7,4167,61909,0
2026/06/04 18:28:46,7.0,4261,61909,0
2026/06/04 18:28:51,7.2,4216,61909,0
2026/06/04 18:28:55,7.2,4182,61909,0
2026/06/04 18:29:00,6.5,4194,61909,0
2026/06/04 18:29:04,6.3,4143,61909,0
2026/06/04 18:29:09,6.6,4132,61909,0
2026/06/04 18:29:13,6.7,4135,61909,0
2026/06/04 18:29:18,6.3,4114,61909,0
2026/06/04 18:29:22,6.3,4129,61909,0
2026/06/04 18:29:27,7.2,3981,61909,0
2026/06/04 18:29:31,7.1,4093,61909,0
2026/06/04 18:29:36,7.1,4085,61909,0
2026/06/04 18:29:41,6.5,4069,61909,0
2026/06/04 18:29:45,6.5,4080,61909,0
2026/06/04 18:29:50,6.3,4038,61909,0
2026/06/04 18:29:54,6.5,4025,61909,0
2026/06/04 18:29:59,6.5,4027,61909,0
2026/06/04 18:30:03,6.3,4014,61909,0
2026/06/04 18:30:08,6.5,4029,61909,0
2026/06/04 18:30:12,7.1,4137,61909,0
2026/06/04 18:30:17,7.2,4117,61909,0
2026/06/04 18:30:21,7.2,4116,61909,0
2026/06/04 18:30:26,6.4,4108,61909,0
2026/06/04 18:30:30,6.3,4104,61909,0
2026/06/04 18:30:35,6.5,4105,61909,0
2026/06/04 18:30:39,6.4,4082,61909,0
2026/06/04 18:30:44,6.6,4065,61909,0
2026/06/04 18:30:48,6.3,4324,61909,0
2026/06/04 18:30:53,57.1,4314,61909,0
2026/06/04 18:30:57,59.3,4606,61909,0
2026/06/04 18:31:02,21.6,4649,61909,0
2026/06/04 18:31:06,6.7,4643,61909,0
2026/06/04 18:31:11,6.6,4653,61909,0
2026/06/04 18:31:15,6.3,4687,61909,0
2026/06/04 18:31:20,6.3,4961,61909,0
2026/06/04 18:31:25,6.3,4904,61909,0
2026/06/04 18:31:29,6.5,4854,61909,0
2026/06/04 18:31:34,6.6,4868,61909,0
2026/06/04 18:31:38,7.2,4880,61909,0
2026/06/04 18:31:43,7.1,4887,61909,0
2026/06/04 18:31:47,7.1,4882,61909,0
2026/06/04 18:31:52,6.5,4643,61909,0
2026/06/04 18:31:56,6.3,4661,61909,0
2026/06/04 18:32:01,6.3,4827,61909,0
2026/06/04 18:32:05,6.3,4690,61909,0
2026/06/04 18:32:10,6.5,4720,61909,0
2026/06/04 18:32:14,6.5,4738,61909,0
2026/06/04 18:32:19,7.2,4748,61909,0
2026/06/04 18:32:23,7.2,4750,61909,0
2026/06/04 18:32:28,7.2,4769,61909,0
2026/06/04 18:32:32,6.6,4784,61909,0
2026/06/04 18:32:37,6.5,4809,61909,0
2026/06/04 18:32:41,6.5,4829,61909,0
2026/06/04 18:32:46,6.5,4823,61909,0
2026/06/04 18:32:50,9.5,4705,61909,0
2026/06/04 18:32:55,31.0,4595,61909,0
2026/06/04 18:32:59,50.6,4550,61909,0
2026/06/04 18:33:04,66.3,4473,61909,0
2026/06/04 18:33:08,67.2,4474,61909,0
2026/06/04 18:33:13,44.5,4834,61909,0
2026/06/04 18:33:18,32.5,4837,61909,0
2026/06/04 18:33:22,29.0,4821,61909,0
2026/06/04 18:33:27,25.1,4823,61909,0
2026/06/04 18:33:31,10.0,4780,61909,0
2026/06/04 18:33:36,6.8,4797,61909,0
2026/06/04 18:33:40,6.7,4785,61909,0
2026/06/04 18:33:45,7.1,4797,61909,0
2026/06/04 18:33:49,7.2,4793,61909,0
2026/06/04 18:33:54,6.9,4803,61909,0
2026/06/04 18:33:58,6.3,4788,61909,0
2026/06/04 18:34:03,6.3,4770,61909,0
2026/06/04 18:34:07,6.3,4777,61909,0
2026/06/04 18:34:12,6.5,4765,61909,0
2026/06/04 18:34:16,6.5,4769,61909,0
2026/06/04 18:34:21,6.7,4751,61909,0
2026/06/04 18:34:25,7.2,4776,61909,0
2026/06/04 18:34:30,7.2,4760,61909,0
2026/06/04 18:34:34,7.1,4751,61909,0
2026/06/04 18:34:39,6.4,4750,61909,0
2026/06/04 18:34:43,7.1,4753,61909,0
2026/06/04 18:34:48,7.1,4749,61909,0
2026/06/04 18:34:52,6.8,4743,61909,0
2026/06/04 18:34:57,7.1,4720,61909,0
2026/06/04 18:35:01,7.2,4712,61909,0
2026/06/04 18:35:06,7.7,4711,61909,0
2026/06/04 18:35:11,7.8,4713,61909,0
2026/06/04 18:35:15,7.1,4674,61909,0
2026/06/04 18:35:20,7.7,4691,61909,0
2026/06/04 18:35:24,9.5,4734,61909,0
2026/06/04 18:35:29,6.9,4712,61909,0
2026/06/04 18:35:33,6.5,4707,61909,0
2026/06/04 18:35:38,6.6,4724,61909,0
2026/06/04 18:35:42,7.1,4724,61909,0
2026/06/04 18:35:47,18.4,4700,61909,0
2026/06/04 18:35:51,40.5,4709,61909,0
2026/06/04 18:35:56,66.1,4437,61909,0
2026/06/04 18:36:00,65.2,4526,61909,0
2026/06/04 18:36:05,32.3,4650,61909,0
2026/06/04 18:36:09,6.8,4728,61909,0
2026/06/04 18:36:14,6.6,4740,61909,0
2026/06/04 18:36:18,6.7,4681,61909,0
2026/06/04 18:36:23,6.4,4688,61909,0
2026/06/04 18:36:27,7.6,4660,61909,0
2026/06/04 18:36:32,7.2,4624,61909,0
2026/06/04 18:36:36,7.1,4621,61909,0
2026/06/04 18:36:41,6.5,4583,61909,0
2026/06/04 18:36:45,6.6,4596,61909,0
2026/06/04 18:36:50,6.3,4594,61909,0
2026/06/04 18:36:55,6.8,4599,61909,0
2026/06/04 18:36:59,6.6,4612,61909,0
2026/06/04 18:37:04,6.6,4596,61909,0
2026/06/04 18:37:08,7.3,4594,61909,0
2026/06/04 18:37:13,7.6,4609,61909,0
2026/06/04 18:37:17,30.1,4610,61909,0
2026/06/04 18:37:22,64.3,4503,61909,0
2026/06/04 18:37:26,6.7,4582,61909,0
2026/06/04 18:37:31,6.6,4576,61909,0
2026/06/04 18:37:35,6.3,4576,61909,0
2026/06/04 18:37:40,6.7,4532,61909,0
2026/06/04 18:37:44,6.7,4542,61909,0
2026/06/04 18:37:49,7.3,4547,61909,0
2026/06/04 18:37:53,7.3,4543,61909,0
2026/06/04 18:37:58,7.1,4545,61909,0
2026/06/04 18:38:02,6.5,4534,61909,0
2026/06/04 18:38:07,55.3,4532,61909,0
2026/06/04 18:38:11,43.5,4458,61909,0
2026/06/04 18:38:16,10.3,4480,61909,0
2026/06/04 18:38:20,6.7,4985,61909,0
2026/06/04 18:38:25,30.1,4915,61909,0
2026/06/04 18:38:29,7.7,4824,61909,0
2026/06/04 18:38:34,9.4,4443,61909,0
2026/06/04 18:38:38,7.4,4874,61909,0
2026/06/04 18:38:43,37.5,4659,61909,0
2026/06/04 18:38:48,7.0,4895,61909,0
2026/06/04 18:38:52,11.0,4780,61909,0
2026/06/04 18:38:57,7.4,4785,61909,0
2026/06/04 18:39:01,6.7,4905,61909,0
2026/06/04 18:39:06,6.8,4888,61909,0
2026/06/04 18:39:10,7.5,4722,61909,0
2026/06/04 18:39:15,7.3,4718,61909,0
2026/06/04 18:39:19,7.9,4795,61909,0
2026/06/04 18:39:24,7.9,4800,61909,0
2026/06/04 18:39:28,6.7,4801,61909,0
2026/06/04 18:39:33,27.6,4143,61909,0
2026/06/04 18:39:37,6.7,4823,61909,0
2026/06/04 18:39:42,13.5,4657,61909,0
2026/06/04 18:39:46,6.3,4960,61909,0
2026/06/04 18:39:51,50.3,4871,61909,0
2026/06/04 18:39:55,8.0,5110,61909,0
2026/06/04 18:40:00,53.8,4898,61909,0
2026/06/04 18:40:04,6.5,4996,61909,0
2026/06/04 18:40:09,52.4,4915,61909,0
2026/06/04 18:40:13,6.5,4951,61909,0
2026/06/04 18:40:18,6.3,4921,61909,0
2026/06/04 18:40:22,6.5,4926,61909,0
2026/06/04 18:40:27,6.5,4975,61909,0
2026/06/04 18:40:31,6.9,4972,61909,0
2026/06/04 18:40:36,7.6,4858,61909,0
2026/06/04 18:40:41,7.8,4859,61909,0
2026/06/04 18:40:45,7.1,4998,61909,0
2026/06/04 18:40:50,6.7,4998,61909,0
2026/06/04 18:40:54,6.7,4883,61909,0
2026/06/04 18:40:59,6.5,4884,61909,0
2026/06/04 18:41:03,6.5,4953,61909,0
2026/06/04 18:41:08,6.4,4954,61909,0
2026/06/04 18:41:12,6.5,4833,61909,0
2026/06/04 18:41:17,7.2,4839,61909,0
2026/06/04 18:41:21,9.1,4881,61909,0
2026/06/04 18:41:26,30.6,4259,61909,0
2026/06/04 18:41:30,7.2,4879,61909,0
2026/06/04 18:41:35,41.0,4645,61909,0
2026/06/04 18:41:39,7.2,4858,61909,0
2026/06/04 18:41:44,51.1,4936,61909,0
2026/06/04 18:41:48,6.3,4998,61909,0
2026/06/04 18:41:53,51.4,5095,61909,0
2026/06/04 18:41:57,7.5,5149,61909,0
2026/06/04 18:42:02,22.5,5172,61909,0
2026/06/04 18:42:06,7.6,5173,61909,0
2026/06/04 18:42:11,6.8,5141,61909,0
2026/06/04 18:42:15,6.8,5081,61909,0
2026/06/04 18:42:20,7.0,4953,61909,0
2026/06/04 18:42:24,7.0,4933,61909,0
2026/06/04 18:42:29,6.8,5079,61909,0
2026/06/04 18:42:33,7.2,5065,61909,0
2026/06/04 18:42:38,7.7,4970,61909,0
2026/06/04 18:42:43,7.6,4963,61909,0
2026/06/04 18:42:47,7.3,4836,61909,0
2026/06/04 18:42:52,7.6,4843,61909,0
2026/06/04 18:42:56,6.8,4887,61909,0
2026/06/04 18:43:01,7.2,4883,61909,0
2026/06/04 18:43:05,6.7,4846,61909,0
2026/06/04 18:43:10,7.3,4848,61909,0
2026/06/04 18:43:14,6.3,4869,61909,0
2026/06/04 18:43:19,25.3,4871,61909,0
2026/06/04 18:43:23,7.2,5144,61909,0
2026/06/04 18:43:28,26.1,5147,61909,0
2026/06/04 18:43:32,7.1,5120,61909,0
2026/06/04 18:43:37,16.4,5139,61909,0
2026/06/04 18:43:41,6.4,5118,61909,0
2026/06/04 18:43:46,6.6,5128,61909,0
2026/06/04 18:43:50,6.7,5184,61909,0
2026/06/04 18:43:55,21.4,5184,61909,0
2026/06/04 18:43:59,6.6,5215,61909,0
2026/06/04 18:44:04,8.8,4406,61909,0
2026/06/04 18:44:08,7.2,4870,61909,0
2026/06/04 18:44:13,55.4,4926,61909,0
2026/06/04 18:44:17,6.6,4936,61909,0
2026/06/04 18:44:22,25.8,5150,61909,0
2026/06/04 18:44:26,7.1,5134,61909,0
2026/06/04 18:44:31,7.0,5101,61909,0
2026/06/04 18:44:35,6.8,5097,61909,0
2026/06/04 18:44:40,6.5,4775,61909,0
2026/06/04 18:44:45,16.4,4788,61909,0
2026/06/04 18:44:49,7.3,4935,61909,0
2026/06/04 18:44:54,33.3,4483,61909,0
2026/06/04 18:44:58,6.6,4800,61909,0
2026/06/04 18:45:03,12.7,4591,61909,0
2026/06/04 18:45:07,6.6,5014,61909,0
2026/06/04 18:45:12,41.2,5154,61909,0
2026/06/04 18:45:16,6.5,5157,61909,0
2026/06/04 18:45:21,7.0,4867,61909,0
2026/06/04 18:45:25,7.1,4873,61909,0
2026/06/04 18:45:30,7.8,4929,61909,0
2026/06/04 18:45:34,7.8,4933,61909,0
2026/06/04 18:45:39,7.2,4890,61909,0
2026/06/04 18:45:43,6.8,4882,61909,0
2026/06/04 18:45:48,6.7,4741,61909,0
2026/06/04 18:45:52,29.1,4621,61909,0
2026/06/04 18:45:57,6.8,4954,61909,0
2026/06/04 18:46:01,53.8,4788,61909,0
2026/06/04 18:46:06,7.2,4886,61909,0
2026/06/04 18:46:10,41.2,5035,61909,0
2026/06/04 18:46:15,1.0,3939,61909,0
2026/06/04 18:46:19,1.9,3928,61909,0
2026/06/04 18:46:24,0.6,3889,61909,0
2026/06/04 18:46:28,1.5,3886,61909,0
2026/06/04 18:46:33,0.9,3884,61909,0
2026/06/04 18:46:37,0.7,3893,61909,0
2026/06/04 18:46:42,0.7,3865,61909,0
2026/06/04 18:46:47,1.5,3872,61909,0
2026/06/04 18:46:51,1.5,3879,61909,0
2026/06/04 18:46:56,2.5,3878,61909,0
2026/06/04 18:47:00,2.2,3881,61909,0
2026/06/04 18:47:05,2.6,3891,61909,0
2026/06/04 18:47:09,1.1,3881,61909,0
2026/06/04 18:47:14,6.9,3959,61909,0
2026/06/04 18:47:18,7.3,4264,61909,0
2026/06/04 18:47:23,7.1,4274,61909,0
2026/06/04 18:47:27,7.2,4212,61909,0
2026/06/04 18:47:32,6.7,4221,61909,0
2026/06/04 18:47:36,7.9,4212,61909,0
2026/06/04 18:47:41,7.3,4308,61909,0
2026/06/04 18:47:45,7.5,4266,61909,0
2026/06/04 18:47:50,6.8,4242,61909,0
2026/06/04 18:47:54,7.3,4229,61909,0
2026/06/04 18:47:59,7.1,4227,61909,0
2026/06/04 18:48:03,7.2,4196,61909,0
2026/06/04 18:48:08,10.4,4226,61909,0
2026/06/04 18:48:12,9.1,4292,61909,0
2026/06/04 18:48:17,6.7,4260,61909,0
2026/06/04 18:48:21,7.8,4298,61909,0
2026/06/04 18:48:26,7.7,4254,61909,0
2026/06/04 18:48:30,7.7,4240,61909,0
2026/06/04 18:48:35,6.8,4184,61909,0
2026/06/04 18:48:39,6.9,4153,61909,0
2026/06/04 18:48:44,6.5,4255,61909,0
2026/06/04 18:48:49,6.6,4250,61909,0
2026/06/04 18:48:53,6.7,4214,61909,0
2026/06/04 18:48:58,7.3,4192,61909,0
2026/06/04 18:49:02,7.7,4105,61909,0
2026/06/04 18:49:07,7.5,4031,61909,0
2026/06/04 18:49:11,7.3,4015,61909,0
2026/06/04 18:49:16,6.6,4166,61909,0
2026/06/04 18:49:20,7.1,4174,61909,0
2026/06/04 18:49:25,6.7,4196,61909,0
2026/06/04 18:49:29,7.4,4073,61909,0
2026/06/04 18:49:34,7.2,4118,61909,0
2026/06/04 18:49:38,6.6,4128,61909,0
2026/06/04 18:49:43,7.1,4216,61909,0
2026/06/04 18:49:47,7.2,4207,61909,0
2026/06/04 18:49:52,7.4,4120,61909,0
2026/06/04 18:49:56,7.6,4177,61909,0
2026/06/04 18:50:01,6.6,4130,61909,0
2026/06/04 18:50:05,7.4,4125,61909,0
2026/06/04 18:50:10,6.7,4135,61909,0
2026/06/04 18:50:14,6.7,4216,61909,0
2026/06/04 18:50:19,6.4,4189,61909,0
2026/06/04 18:50:23,6.4,4198,61909,0
2026/06/04 18:50:28,7.1,4204,61909,0
2026/06/04 18:50:32,7.4,4178,61909,0
2026/06/04 18:50:37,7.2,4138,61909,0
2026/06/04 18:50:41,6.8,4119,61909,0
2026/06/04 18:50:46,6.4,4197,61909,0
2026/06/04 18:50:51,6.7,4201,61909,0
2026/06/04 18:50:55,6.3,4189,61909,0
2026/06/04 18:51:00,6.5,4160,61909,0
2026/06/04 18:51:04,6.6,4131,61909,0
2026/06/04 18:51:09,7.0,4131,61909,0
2026/06/04 18:51:13,7.1,4227,61909,0
2026/06/04 18:51:18,7.2,4191,61909,0
2026/06/04 18:51:22,6.6,4170,61909,0
2026/06/04 18:51:27,6.3,4150,61909,0
2026/06/04 18:51:31,6.3,4192,61909,0
2026/06/04 18:51:36,6.6,4123,61909,0
2026/06/04 18:51:40,6.6,4132,61909,0
2026/06/04 18:51:45,6.3,4266,61909,0
2026/06/04 18:51:49,6.3,4226,61909,0
2026/06/04 18:51:54,7.1,4207,61909,0
2026/06/04 18:51:58,7.2,4177,61909,0
2026/06/04 18:52:03,7.2,4158,61909,0
2026/06/04 18:52:07,6.6,4112,61909,0
2026/06/04 18:52:12,6.3,4123,61909,0
2026/06/04 18:52:16,6.5,4283,61909,0
2026/06/04 18:52:21,7.2,4259,61909,0
2026/06/04 18:52:25,7.7,4248,61909,0
2026/06/04 18:52:30,6.9,4206,61909,0
2026/06/04 18:52:34,7.6,4194,61909,0
2026/06/04 18:52:39,7.9,4203,61909,0
2026/06/04 18:52:43,7.4,4222,61909,0
2026/06/04 18:52:48,7.5,4211,61909,0
2026/06/04 18:52:53,6.8,4299,61909,0
2026/06/04 18:52:57,6.9,4307,61909,0
2026/06/04 18:53:02,6.6,4290,61909,0
2026/06/04 18:53:06,6.6,4332,61909,0
2026/06/04 18:53:11,6.3,4333,61909,0
2026/06/04 18:53:15,6.6,4258,61909,0
2026/06/04 18:53:20,7.1,4248,61909,0
2026/06/04 18:53:24,7.2,4248,61909,0
2026/06/04 18:53:29,7.2,4302,61909,0
2026/06/04 18:53:33,6.5,4304,61909,0
2026/06/04 18:53:38,6.4,4315,61909,0
2026/06/04 18:53:42,6.5,4340,61909,0
2026/06/04 18:53:47,6.7,4277,61909,0
2026/06/04 18:53:51,6.3,4303,61909,0
2026/06/04 18:53:56,6.5,4244,61909,0
2026/06/04 18:54:00,7.3,3795,61909,0
2026/06/04 18:54:05,7.3,3780,61909,0
2026/06/04 18:54:09,7.2,3838,61909,0
2026/06/04 18:54:14,6.3,3854,61909,0
2026/06/04 18:54:18,6.2,3826,61909,0
2026/06/04 18:54:23,6.5,3829,61909,0
2026/06/04 18:54:27,6.5,3804,61909,0
2026/06/04 18:54:32,6.3,3811,61909,0
2026/06/04 18:54:36,6.3,3781,61909,0
2026/06/04 18:54:41,6.4,3752,61909,0
2026/06/04 18:54:45,7.1,3882,61909,0
2026/06/04 18:54:50,7.1,3860,61909,0
2026/06/04 18:54:55,7.1,3829,61909,0
2026/06/04 18:54:59,6.3,3814,61909,0
2026/06/04 18:55:04,6.2,3829,61909,0
2026/06/04 18:55:08,6.5,3679,61909,0
2026/06/04 18:55:13,6.4,3793,61909,0
2026/06/04 18:55:17,6.3,3850,61909,0
2026/06/04 18:55:22,6.4,3849,61909,0
2026/06/04 18:55:26,6.5,3941,61909,0
2026/06/04 18:55:31,7.2,3869,61909,0
2026/06/04 18:55:35,7.1,3777,61909,0
2026/06/04 18:55:40,7.1,3793,61909,0
2026/06/04 18:55:44,6.5,3752,61909,0
2026/06/04 18:55:49,6.6,3773,61909,0
2026/06/04 18:55:53,6.3,3750,61909,0
2026/06/04 18:55:58,5.8,4084,61909,0
2026/06/04 18:56:02,39.5,4094,61909,0
2026/06/04 18:56:07,66.0,4030,61909,0
2026/06/04 18:56:11,45.8,4290,61909,0
2026/06/04 18:56:16,8.9,4305,61909,0
2026/06/04 18:56:20,7.2,4293,61909,0
2026/06/04 18:56:25,7.1,4308,61909,0
2026/06/04 18:56:29,6.3,4331,61909,0
2026/06/04 18:56:34,6.4,4351,61909,0
2026/06/04 18:56:38,6.4,4363,61909,0
2026/06/04 18:56:43,6.5,4676,61909,0
2026/06/04 18:56:48,6.4,4688,61909,0
2026/06/04 18:56:52,6.4,4634,61909,0
2026/06/04 18:56:57,6.5,4391,61909,0
2026/06/04 18:57:01,7.2,4418,61909,0
2026/06/04 18:57:06,7.1,4440,61909,0
2026/06/04 18:57:10,7.2,4455,61909,0
2026/06/04 18:57:15,6.4,4474,61909,0
2026/06/04 18:57:19,6.5,4508,61909,0
2026/06/04 18:57:24,6.3,4484,61909,0
2026/06/04 18:57:28,6.4,4472,61909,0
2026/06/04 18:57:33,6.4,4444,61909,0
2026/06/04 18:57:37,6.4,4443,61909,0
2026/06/04 18:57:42,6.8,4442,61909,0
2026/06/04 18:57:46,7.1,4402,61909,0
2026/06/04 18:57:51,7.1,4373,61909,0
2026/06/04 18:57:55,7.2,4465,61909,0
2026/06/04 18:58:00,21.7,4344,61909,0
2026/06/04 18:58:04,49.9,4314,61909,0
2026/06/04 18:58:09,67.9,4354,61909,0
2026/06/04 18:58:13,63.9,4507,61909,0
2026/06/04 18:58:18,43.9,4512,61909,0
2026/06/04 18:58:22,23.1,4518,61909,0
2026/06/04 18:58:27,10.9,4496,61909,0
2026/06/04 18:58:32,7.2,4509,61909,0
2026/06/04 18:58:36,7.2,4502,61909,0
2026/06/04 18:58:41,7.2,4503,61909,0
2026/06/04 18:58:45,6.3,4500,61909,0
2026/06/04 18:58:50,6.4,4508,61909,0
2026/06/04 18:58:54,6.5,4349,61909,0
2026/06/04 18:58:59,6.3,4355,61909,0
2026/06/04 18:59:03,6.4,4367,61909,0
2026/06/04 18:59:08,6.3,4381,61909,0
2026/06/04 18:59:12,7.2,4394,61909,0
2026/06/04 18:59:17,7.2,4409,61909,0
2026/06/04 18:59:21,7.1,4422,61909,0
2026/06/04 18:59:26,6.5,4430,61909,0
2026/06/04 18:59:30,6.4,4449,61909,0
2026/06/04 18:59:35,6.5,4454,61909,0
2026/06/04 18:59:39,6.3,4445,61909,0
2026/06/04 18:59:44,6.5,4468,61909,0
2026/06/04 18:59:48,6.2,4452,61909,0
2026/06/04 18:59:53,6.4,4408,61909,0
2026/06/04 18:59:57,7.2,4369,61909,0
2026/06/04 19:00:02,7.1,4368,61909,0
2026/06/04 19:00:06,7.1,4378,61909,0
2026/06/04 19:00:11,6.3,4373,61909,0
2026/06/04 19:00:15,6.5,4372,61909,0
2026/06/04 19:00:20,6.5,4368,61909,0
2026/06/04 19:00:24,6.3,4350,61909,0
2026/06/04 19:00:29,6.4,4352,61909,0
2026/06/04 19:00:34,6.3,4365,61909,0
2026/06/04 19:00:38,7.1,4378,61909,0
2026/06/04 19:00:43,7.1,4503,61909,0
2026/06/04 19:00:47,7.2,4523,61909,0
2026/06/04 19:00:52,14.9,4539,61909,0
2026/06/04 19:00:56,40.7,4552,61909,0
2026/06/04 19:01:01,65.7,4579,61909,0
2026/06/04 19:01:05,65.1,4383,61909,0
2026/06/04 19:01:10,40.6,4476,61909,0
2026/06/04 19:01:14,8.9,4396,61909,0
2026/06/04 19:01:19,6.4,4511,61909,0
2026/06/04 19:01:23,7.1,4464,61909,0
2026/06/04 19:01:28,7.0,4359,61909,0
2026/06/04 19:01:32,6.3,4363,61909,0
2026/06/04 19:01:37,6.5,4368,61909,0
2026/06/04 19:01:41,6.4,4434,61909,0
2026/06/04 19:01:46,6.4,4428,61909,0
2026/06/04 19:01:50,6.3,4396,61909,0
2026/06/04 19:01:55,6.5,4388,61909,0
2026/06/04 19:01:59,6.4,4349,61909,0
2026/06/04 19:02:04,6.5,4325,61909,0
2026/06/04 19:02:08,6.3,4315,61909,0
2026/06/04 19:02:13,6.5,4263,61909,0
2026/06/04 19:02:18,6.4,4241,61909,0
2026/06/04 19:02:22,6.4,4173,61909,0
2026/06/04 19:02:27,47.7,4167,61909,0
2026/06/04 19:02:31,48.9,4086,61909,0
2026/06/04 19:02:36,6.4,4119,61909,0
2026/06/04 19:02:40,6.5,4111,61909,0
2026/06/04 19:02:45,6.4,4119,61909,0
2026/06/04 19:02:49,6.3,4135,61909,0
2026/06/04 19:02:54,6.6,4136,61909,0
2026/06/04 19:02:58,6.5,4115,61909,0
2026/06/04 19:03:03,6.5,4137,61909,0
2026/06/04 19:03:07,6.3,4137,61909,0
2026/06/04 19:03:12,22.9,4155,61909,0
2026/06/04 19:03:16,71.3,4048,61909,0
2026/06/04 19:03:21,6.3,4081,61909,0
2026/06/04 19:03:25,6.5,4122,61909,0
2026/06/04 19:03:30,6.4,4637,61909,0
2026/06/04 19:03:34,23.3,4638,61909,0
2026/06/04 19:03:39,6.5,4600,61909,0
2026/06/04 19:03:43,32.3,4060,61909,0
2026/06/04 19:03:48,6.3,4656,61909,0
2026/06/04 19:03:52,9.8,4309,61909,0
2026/06/04 19:03:57,6.3,4654,61909,0
2026/06/04 19:04:01,36.7,4496,61909,0
2026/06/04 19:04:06,6.4,4495,61909,0
2026/06/04 19:04:11,6.3,4556,61909,0
2026/06/04 19:04:15,6.4,4544,61909,0
2026/06/04 19:04:20,6.3,4403,61909,0
2026/06/04 19:04:24,6.4,4383,61909,0
2026/06/04 19:04:29,6.3,4459,61909,0
2026/06/04 19:04:33,6.5,4443,61909,0
2026/06/04 19:04:38,6.3,4468,61909,0
2026/06/04 19:04:42,25.9,4469,61909,0
2026/06/04 19:04:47,6.6,4432,61909,0
2026/06/04 19:04:51,12.0,4048,61909,0
2026/06/04 19:04:56,6.3,4376,61909,0
2026/06/04 19:05:00,49.9,4361,61909,0
2026/06/04 19:05:05,6.4,4585,61909,0
2026/06/04 19:05:09,51.1,4796,61909,0
2026/06/04 19:05:14,6.4,4811,61909,0
2026/06/04 19:05:18,37.5,4760,61909,0
2026/06/04 19:05:23,6.3,4758,61909,0
2026/06/04 19:05:27,6.4,4699,61909,0
2026/06/04 19:05:32,6.3,4688,61909,0
2026/06/04 19:05:36,6.3,4707,61909,0
2026/06/04 19:05:41,6.4,4703,61909,0
2026/06/04 19:05:45,6.4,4567,61909,0
2026/06/04 19:05:50,6.3,4554,61909,0
2026/06/04 19:05:54,6.4,4668,61909,0
2026/06/04 19:05:59,6.3,4653,61909,0
2026/06/04 19:06:03,6.4,4521,61909,0
2026/06/04 19:06:08,6.3,4505,61909,0
2026/06/04 19:06:13,6.3,4560,61909,0
2026/06/04 19:06:17,6.3,4558,61909,0
2026/06/04 19:06:22,6.5,4657,61909,0
2026/06/04 19:06:26,26.2,4620,61909,0
2026/06/04 19:06:31,6.3,4656,61909,0
2026/06/04 19:06:35,16.1,4046,61909,0
2026/06/04 19:06:40,6.3,4621,61909,0
2026/06/04 19:06:44,51.5,4511,61909,0
2026/06/04 19:06:49,6.5,4600,61909,0
2026/06/04 19:06:53,21.6,4694,61909,0
2026/06/04 19:06:58,6.3,4688,61909,0
2026/06/04 19:07:02,12.4,4767,61909,0
2026/06/04 19:07:07,6.3,4750,61909,0
2026/06/04 19:07:11,6.5,4631,61909,0
2026/06/04 19:07:16,6.3,4622,61909,0
2026/06/04 19:07:20,6.3,4595,61909,0
2026/06/04 19:07:25,6.5,4596,61909,0
2026/06/04 19:07:29,6.3,4828,61909,0
2026/06/04 19:07:34,6.5,4812,61909,0
2026/06/04 19:07:38,6.4,4955,61909,0
2026/06/04 19:07:43,6.4,4932,61909,0
2026/06/04 19:07:47,6.4,4803,61909,0
2026/06/04 19:07:52,6.3,4771,61909,0
2026/06/04 19:07:56,6.5,4614,61909,0
2026/06/04 19:08:01,6.4,4576,61909,0
2026/06/04 19:08:05,6.5,4605,61909,0
2026/06/04 19:08:10,13.8,4579,61909,0
2026/06/04 19:08:15,6.5,4517,61909,0
2026/06/04 19:08:19,11.5,3948,61909,0
2026/06/04 19:08:24,6.5,4491,61909,0
2026/06/04 19:08:28,38.6,4576,61909,0
2026/06/04 19:08:33,6.3,4921,61909,0
2026/06/04 19:08:37,21.0,4423,61909,0
2026/06/04 19:08:42,6.3,4849,61909,0
2026/06/04 19:08:46,16.9,4336,61909,0
2026/06/04 19:08:51,6.6,4701,61909,0
2026/06/04 19:08:55,5.3,4028,61909,0
2026/06/04 19:09:00,6.5,4586,61909,0
2026/06/04 19:09:04,7.4,4179,61909,0
2026/06/04 19:09:09,6.4,4619,61909,0
2026/06/04 19:09:13,52.3,4330,61909,0
2026/06/04 19:09:18,6.4,4471,61909,0
2026/06/04 19:09:22,6.6,4394,61909,0
2026/06/04 19:09:27,6.4,4399,61909,0
2026/06/04 19:09:31,6.3,4639,61909,0
2026/06/04 19:09:36,6.4,4642,61909,0
2026/06/04 19:09:40,6.4,4636,61909,0
2026/06/04 19:09:45,6.4,4640,61909,0
2026/06/04 19:09:49,6.5,4366,61909,0
2026/06/04 19:09:54,6.3,4135,61909,0
2026/06/04 19:09:58,6.4,4531,61909,0
2026/06/04 19:10:03,51.2,4289,61909,0
2026/06/04 19:10:08,6.5,4418,61909,0
2026/06/04 19:10:12,53.0,4569,61909,0
2026/06/04 19:10:17,6.3,4639,61909,0
2026/06/04 19:10:21,6.3,4826,61909,0
2026/06/04 19:10:26,6.4,4824,61909,0
2026/06/04 19:10:30,6.3,4543,61909,0
2026/06/04 19:10:35,6.3,4544,61909,0
2026/06/04 19:10:39,6.3,4589,61909,0
2026/06/04 19:10:44,6.3,4571,61909,0
2026/06/04 19:10:48,6.3,4486,61909,0
2026/06/04 19:10:53,26.9,3992,61909,0
2026/06/04 19:10:57,6.4,4338,61909,0
2026/06/04 19:11:02,7.4,4547,61909,0
2026/06/04 19:11:06,6.5,4550,61909,0
2026/06/04 19:11:11,6.4,4456,61909,0
2026/06/04 19:11:15,6.5,4460,61909,0
2026/06/04 19:11:20,6.5,4614,61909,0
2026/06/04 19:11:24,6.5,4617,61909,0
2026/06/04 19:11:29,6.5,4608,61909,0
2026/06/04 19:11:33,21.2,3840,61909,0
2026/06/04 19:11:38,6.6,4470,61909,0
2026/06/04 19:11:42,18.4,4098,61909,0
2026/06/04 19:11:47,6.3,4367,61909,0
2026/06/04 19:11:51,42.6,4284,61909,0
2026/06/04 19:11:56,6.3,4480,61909,0
2026/06/04 19:12:00,37.0,4391,61909,0
2026/06/04 19:12:05,6.3,4398,61909,0
2026/06/04 19:12:10,19.1,4490,61909,0
2026/06/04 19:12:14,6.3,4485,61909,0
2026/06/04 19:12:19,6.5,4367,61909,0
2026/06/04 19:12:23,6.4,4367,61909,0
2026/06/04 19:12:28,6.5,4389,61909,0
2026/06/04 19:12:32,6.3,4393,61909,0
2026/06/04 19:12:37,6.5,4279,61909,0
2026/06/04 19:12:41,6.3,4282,61909,0
2026/06/04 19:12:46,6.5,4542,61909,0
2026/06/04 19:12:50,6.4,4538,61909,0
2026/06/04 19:12:55,6.3,4372,61909,0
2026/06/04 19:12:59,25.0,4092,61909,0
2026/06/04 19:13:04,6.4,4441,61909,0
2026/06/04 19:13:08,7.4,4036,61909,0
2026/06/04 19:13:13,6.4,4497,61909,0
2026/06/04 19:13:17,41.1,4236,61909,0
2026/06/04 19:13:22,6.4,4443,61909,0
2026/06/04 19:13:26,51.0,4380,61909,0
2026/06/04 19:13:31,6.3,4452,61909,0
2026/06/04 19:13:35,31.8,4407,61909,0
2026/06/04 19:13:40,6.2,4414,61909,0
2026/06/04 19:13:44,6.5,4432,61909,0
2026/06/04 19:13:49,6.5,4436,61909,0
2026/06/04 19:13:53,6.3,4370,61909,0
2026/06/04 19:13:58,6.4,4366,61909,0
2026/06/04 19:14:02,6.3,4278,61909,0
2026/06/04 19:14:07,6.5,4279,61909,0
2026/06/04 19:14:12,6.4,4511,61909,0
2026/06/04 19:14:16,27.3,3818,61909,0
2026/06/04 19:14:21,6.5,4290,61909,0
2026/06/04 19:14:25,44.3,4356,61909,0
2026/06/04 19:14:30,6.5,4355,61909,0
2026/06/04 19:14:34,6.3,4477,61909,0
2026/06/04 19:14:39,6.6,4483,61909,0
2026/06/04 19:14:43,6.5,4559,61909,0
2026/06/04 19:14:48,6.3,4569,61909,0
2026/06/04 19:14:52,6.5,4570,61909,0
2026/06/04 19:14:57,12.2,4579,61909,0
2026/06/04 19:15:01,6.3,4517,61909,0
2026/06/04 19:15:06,31.6,4079,61909,0
2026/06/04 19:15:10,6.5,4480,61909,0
2026/06/04 19:15:15,10.9,4126,61909,0
2026/06/04 19:15:19,6.5,4451,61909,0
2026/06/04 19:15:24,51.8,4369,61909,0
2026/06/04 19:15:28,6.3,4503,61909,0
2026/06/04 19:15:33,6.6,4444,61909,0
2026/06/04 19:15:37,6.5,4452,61909,0
2026/06/04 19:15:42,6.4,4376,61909,0
2026/06/04 19:15:46,6.3,4382,61909,0
2026/06/04 19:15:51,6.5,4442,61909,0
2026/06/04 19:15:55,6.3,4444,61909,0
2026/06/04 19:16:00,6.4,4457,61909,0
2026/06/04 19:16:04,41.6,4491,61909,0
2026/06/04 19:16:09,6.6,4430,61909,0
2026/06/04 19:16:14,16.8,3997,61909,0
2026/06/04 19:16:18,6.5,4343,61909,0
2026/06/04 19:16:23,37.0,4128,61909,0
2026/06/04 19:16:27,6.3,4329,61909,0
2026/06/04 19:16:32,6.3,4362,61909,0
2026/06/04 19:16:36,6.3,4371,61909,0
2026/06/04 19:16:41,6.4,4343,61909,0
2026/06/04 19:16:45,6.3,4346,61909,0
2026/06/04 19:16:50,6.5,4459,61909,0
2026/06/04 19:16:54,6.4,4462,61909,0
2026/06/04 19:16:59,6.6,4383,61909,0
2026/06/04 19:17:03,26.1,4385,61909,0
2026/06/04 19:17:08,6.5,4325,61909,0
2026/06/04 19:17:12,21.4,4105,61909,0
2026/06/04 19:17:17,6.3,4411,61909,0
2026/06/04 19:17:21,52.8,4422,61909,0
2026/06/04 19:17:26,6.3,4529,61909,0
2026/06/04 19:17:30,6.4,4003,61909,0
2026/06/04 19:17:35,6.3,5141,61909,0
2026/06/04 19:17:39,4.5,5338,61909,0
2026/06/04 19:17:44,4.6,5697,61909,0
2026/06/04 19:17:48,3.0,6193,61909,0
2026/06/04 19:17:53,3.7,6627,61909,0
2026/06/04 19:17:57,6.4,6829,61909,0
2026/06/04 19:18:02,6.5,6991,61909,0
2026/06/04 19:18:06,6.4,6774,61909,0
2026/06/04 19:18:11,6.3,6327,61909,0
2026/06/04 19:18:16,82.7,6469,61909,0
2026/06/04 19:18:20,99.3,6406,61909,0
2026/06/04 19:18:25,99.6,6349,61909,0
2026/06/04 19:18:29,99.6,6303,61909,0
2026/06/04 19:18:34,99.3,6279,61909,0
2026/06/04 19:18:38,57.0,6272,61909,0
2026/06/04 19:18:43,99.6,6267,61909,0
2026/06/04 19:18:47,98.4,6265,61909,0
2026/06/04 19:18:52,99.0,6264,61909,0
2026/06/04 19:18:56,99.6,6264,61909,0
2026/06/04 19:19:01,99.6,6264,61909,0
2026/06/04 19:19:05,99.6,6265,61909,0
2026/06/04 19:19:10,49.8,7137,61909,0
2026/06/04 19:19:15,48.7,7298,61909,0
2026/06/04 19:19:19,100.0,6980,61909,0
2026/06/04 19:19:24,100.0,6980,61909,0
2026/06/04 19:19:28,6.5,6601,61909,0
2026/06/04 19:19:33,93.9,6547,61909,0
2026/06/04 19:19:37,84.4,6467,61909,0
2026/06/04 19:19:42,99.8,6457,61909,0
2026/06/04 19:19:46,99.9,6451,61909,0
2026/06/04 19:19:51,99.9,6452,61909,0
2026/06/04 19:19:55,99.9,6452,61909,0
2026/06/04 19:20:00,99.9,6458,61909,0
2026/06/04 19:20:04,99.9,6462,61909,0
2026/06/04 19:20:09,74.6,7753,61909,0
2026/06/04 19:20:14,95.6,6722,61909,0
2026/06/04 19:20:18,100.0,8245,61909,0
2026/06/04 19:20:23,100.0,8262,61909,0
2026/06/04 19:20:27,100.0,8246,61909,0
2026/06/04 19:20:32,100.0,6803,61909,0
2026/06/04 19:20:36,99.1,6615,61909,0
2026/06/04 19:20:41,36.6,6530,61909,0
2026/06/04 19:20:45,98.8,6510,61909,0
2026/06/04 19:20:50,99.4,6511,61909,0
2026/06/04 19:20:54,43.0,6510,61909,0
2026/06/04 19:20:59,99.0,6524,61909,0
2026/06/04 19:21:04,98.9,6525,61909,0
2026/06/04 19:21:08,77.4,6525,61909,0
2026/06/04 19:21:13,98.9,6525,61909,0
2026/06/04 19:21:17,99.3,6525,61909,0
2026/06/04 19:21:22,99.9,6525,61909,0
2026/06/04 19:21:26,99.4,6526,61909,0
2026/06/04 19:21:31,98.3,6527,61909,0
2026/06/04 19:21:35,99.1,6526,61909,0
2026/06/04 19:21:40,99.8,6527,61909,0
2026/06/04 19:21:44,99.1,6529,61909,0
2026/06/04 19:21:49,6.3,7810,61909,0
2026/06/04 19:21:53,86.5,6757,61909,0
2026/06/04 19:21:58,100.0,7709,61909,0
2026/06/04 19:22:03,100.0,7657,61909,0
2026/06/04 19:22:07,100.0,7582,61909,0
2026/06/04 19:22:12,100.0,7517,61909,0
2026/06/04 19:22:16,100.0,7496,61909,0
2026/06/04 19:22:21,97.2,6958,61909,0
2026/06/04 19:22:25,77.6,6802,61909,0
2026/06/04 19:22:30,99.5,6754,61909,0
2026/06/04 19:22:34,25.9,6726,61909,0
2026/06/04 19:22:39,67.5,6740,61909,0
2026/06/04 19:22:43,99.8,6747,61909,0
2026/06/04 19:22:48,88.5,6747,61909,0
2026/06/04 19:22:52,99.8,6750,61909,0
2026/06/04 19:22:57,99.5,6752,61909,0
2026/06/04 19:23:02,99.5,6752,61909,0
2026/06/04 19:23:06,98.5,6753,61909,0
2026/06/04 19:23:11,99.5,6753,61909,0
2026/06/04 19:23:15,99.6,6763,61909,0
2026/06/04 19:23:20,83.8,6767,61909,0
2026/06/04 19:23:24,9.3,8088,61909,0
2026/06/04 19:23:29,100.0,8429,61909,0
2026/06/04 19:23:33,73.7,7927,61909,0
2026/06/04 19:23:38,100.0,7884,61909,0
2026/06/04 19:23:42,54.7,7230,61909,0
2026/06/04 19:23:47,86.6,7036,61909,0
2026/06/04 19:23:52,97.3,6915,61909,0
2026/06/04 19:23:56,93.7,6859,61909,0
2026/06/04 19:24:01,37.8,6836,61909,0
2026/06/04 19:24:05,99.6,6804,61909,0
2026/06/04 19:24:10,99.4,6775,61909,0
2026/06/04 19:24:14,61.2,6755,61909,0
2026/06/04 19:24:19,99.0,6746,61909,0
2026/06/04 19:24:23,99.5,6748,61909,0
2026/06/04 19:24:28,71.1,6748,61909,0
2026/06/04 19:24:32,6.5,8268,61909,0
2026/06/04 19:24:37,16.6,7653,61909,0
2026/06/04 19:24:41,100.0,7632,61909,0
2026/06/04 19:24:46,99.8,7424,61909,0
2026/06/04 19:24:51,100.0,7290,61909,0
2026/06/04 19:24:55,69.4,7139,61909,0
2026/06/04 19:25:00,46.6,7048,61909,0
2026/06/04 19:25:04,99.4,6946,61909,0
2026/06/04 19:25:09,72.5,6872,61909,0
2026/06/04 19:25:13,99.1,6792,61909,0
2026/06/04 19:25:18,57.4,6730,61909,0
2026/06/04 19:25:22,99.0,6651,61909,0
2026/06/04 19:25:27,11.3,6604,61909,0
2026/06/04 19:25:31,98.9,6572,61909,0
2026/06/04 19:25:36,97.7,6556,61909,0
2026/06/04 19:25:40,99.4,6553,61909,0
2026/06/04 19:25:45,70.7,6553,61909,0
2026/06/04 19:25:50,86.3,6554,61909,0
2026/06/04 19:25:54,99.3,6554,61909,0
2026/06/04 19:25:59,6.5,8052,61909,0
2026/06/04 19:26:03,34.9,7741,61909,0
2026/06/04 19:26:08,99.9,7257,61909,0
2026/06/04 19:26:12,98.5,7104,61909,0
2026/06/04 19:26:17,99.0,6981,61909,0
2026/06/04 19:26:21,72.0,6838,61909,0
2026/06/04 19:26:26,99.6,6761,61909,0
2026/06/04 19:26:30,99.6,6696,61909,0
2026/06/04 19:26:35,80.4,6643,61909,0
2026/06/04 19:26:39,70.1,6602,61909,0
2026/06/04 19:26:44,98.9,6573,61909,0
2026/06/04 19:26:48,99.3,6559,61909,0
2026/06/04 19:26:53,81.1,6550,61909,0
2026/06/04 19:26:58,79.5,6547,61909,0
2026/06/04 19:27:02,46.5,6547,61909,0
2026/06/04 19:27:07,7.7,7869,61909,0
2026/06/04 19:27:11,72.8,8116,61909,0
2026/06/04 19:27:16,86.3,7675,61909,0
2026/06/04 19:27:20,100.0,7616,61909,0
2026/06/04 19:27:25,66.4,7127,61909,0
2026/06/04 19:27:29,95.9,6957,61909,0
2026/06/04 19:27:34,100.0,6876,61909,0
2026/06/04 19:27:38,87.5,6848,61909,0
2026/06/04 19:27:43,99.6,6808,61909,0
2026/06/04 19:27:48,99.4,6776,61909,0
2026/06/04 19:27:52,99.9,6736,61909,0
2026/06/04 19:27:57,99.9,6725,61909,0
2026/06/04 19:28:01,99.9,6704,61909,0
2026/06/04 19:28:06,99.9,6698,61909,0
2026/06/04 19:28:10,74.4,7933,61909,0
2026/06/04 19:28:15,100.0,6989,61909,0
2026/06/04 19:28:19,100.0,7455,61909,0
2026/06/04 19:28:24,100.0,7368,61909,0
2026/06/04 19:28:28,100.0,7270,61909,0
2026/06/04 19:28:33,100.0,7215,61909,0
2026/06/04 19:28:37,35.8,6884,61909,0
2026/06/04 19:28:42,100.0,6723,61909,0
2026/06/04 19:28:47,97.5,6686,61909,0
2026/06/04 19:28:51,99.0,6684,61909,0
2026/06/04 19:28:56,97.9,6680,61909,0
2026/06/04 19:29:00,98.8,6681,61909,0
2026/06/04 19:29:05,98.0,6697,61909,0
2026/06/04 19:29:09,99.0,6700,61909,0
2026/06/04 19:29:14,78.7,6707,61909,0
2026/06/04 19:29:18,6.3,7836,61909,0
2026/06/04 19:29:23,60.0,6884,61909,0
2026/06/04 19:29:27,100.0,7488,61909,0
2026/06/04 19:29:32,100.0,7407,61909,0
2026/06/04 19:29:36,100.0,6847,61909,0
2026/06/04 19:29:41,97.2,6746,61909,0
2026/06/04 19:29:46,97.9,6706,61909,0
2026/06/04 19:29:50,98.2,6688,61909,0
2026/06/04 19:29:55,99.4,6684,61909,0
2026/06/04 19:29:59,96.9,6691,61909,0
2026/06/04 19:30:04,99.0,6703,61909,0
2026/06/04 19:30:08,98.5,6703,61909,0
2026/06/04 19:30:13,99.0,6701,61909,0
2026/06/04 19:30:17,98.7,6705,61909,0
2026/06/04 19:30:22,75.7,6705,61909,0
2026/06/04 19:30:26,99.3,6706,61909,0
2026/06/04 19:30:31,41.1,7607,61909,0
2026/06/04 19:30:35,84.0,7923,61909,0
2026/06/04 19:30:40,100.0,7564,61909,0
2026/06/04 19:30:45,100.0,7533,61909,0
2026/06/04 19:30:49,60.6,6952,61909,0
2026/06/04 19:30:54,85.8,6832,61909,0
2026/06/04 19:30:58,78.1,6748,61909,0
2026/06/04 19:31:03,79.1,6734,61909,0
2026/06/04 19:31:07,62.4,6725,61909,0
2026/06/04 19:31:12,99.5,6724,61909,0
2026/06/04 19:31:16,61.2,6724,61909,0
2026/06/04 19:31:21,98.7,6727,61909,0
2026/06/04 19:31:25,99.6,6731,61909,0
2026/06/04 19:31:30,99.8,6742,61909,0
2026/06/04 19:31:34,6.3,7655,61909,0
2026/06/04 19:31:39,70.8,7080,61909,0
2026/06/04 19:31:44,100.0,7706,61909,0
2026/06/04 19:31:48,100.0,7609,61909,0
2026/06/04 19:31:53,54.5,7035,61909,0
2026/06/04 19:31:57,83.9,6890,61909,0
2026/06/04 19:32:02,99.9,6831,61909,0
2026/06/04 19:32:06,71.0,6778,61909,0
2026/06/04 19:32:11,99.8,6748,61909,0
2026/06/04 19:32:15,99.9,6734,61909,0
2026/06/04 19:32:20,99.0,6728,61909,0
2026/06/04 19:32:24,74.3,6720,61909,0
2026/06/04 19:32:29,71.9,6718,61909,0
2026/06/04 19:32:34,6.3,8297,61909,0
2026/06/04 19:32:38,16.4,7222,61909,0
2026/06/04 19:32:43,100.0,8024,61909,0
2026/06/04 19:32:47,100.0,7902,61909,0
2026/06/04 19:32:52,100.0,7821,61909,0
2026/06/04 19:32:56,12.6,7353,61909,0
2026/06/04 19:33:01,100.0,7079,61909,0
2026/06/04 19:33:05,68.5,6941,61909,0
2026/06/04 19:33:10,99.8,6865,61909,0
2026/06/04 19:33:14,99.6,6829,61909,0
2026/06/04 19:33:19,99.5,6798,61909,0
2026/06/04 19:33:23,99.0,6784,61909,0
2026/06/04 19:33:28,99.6,6773,61909,0
2026/06/04 19:33:33,83.1,6773,61909,0
2026/06/04 19:33:37,51.5,6773,61909,0
2026/06/04 19:33:42,99.6,6772,61909,0
2026/06/04 19:33:46,54.9,6773,61909,0
2026/06/04 19:33:51,99.0,6775,61909,0
2026/06/04 19:33:55,99.6,6774,61909,0
2026/06/04 19:34:00,99.8,6782,61909,0
2026/06/04 19:34:04,82.8,6782,61909,0
2026/06/04 19:34:09,6.5,7854,61909,0
2026/06/04 19:34:13,24.5,7382,61909,0
2026/06/04 19:34:18,100.0,7033,61909,0
2026/06/04 19:34:22,100.0,6941,61909,0
2026/06/04 19:34:27,34.3,6844,61909,0
2026/06/04 19:34:32,65.0,6801,61909,0
2026/06/04 19:34:36,100.0,6768,61909,0
2026/06/04 19:34:41,76.8,6759,61909,0
2026/06/04 19:34:45,81.6,7780,61909,0
2026/06/04 19:34:50,100.0,6854,61909,0
2026/06/04 19:34:54,100.0,7094,61909,0
2026/06/04 19:34:59,100.0,7055,61909,0
2026/06/04 19:35:03,100.0,6844,61909,0
2026/06/04 19:35:08,79.2,6814,61909,0
2026/06/04 19:35:12,76.3,6807,61909,0
2026/06/04 19:35:17,99.9,6800,61909,0
2026/06/04 19:35:22,100.0,6798,61909,0
2026/06/04 19:35:26,6.5,7942,61909,0
2026/06/04 19:35:31,15.7,6917,61909,0
2026/06/04 19:35:35,100.0,6960,61909,0
2026/06/04 19:35:40,98.9,6884,61909,0
2026/06/04 19:35:44,77.8,6782,61909,0
2026/06/04 19:35:49,79.9,6716,61909,0
2026/06/04 19:35:53,99.8,6665,61909,0
2026/06/04 19:35:58,99.6,6640,61909,0
2026/06/04 19:36:02,99.9,6636,61909,0
2026/06/04 19:36:07,99.9,6650,61909,0
2026/06/04 19:36:11,60.2,8287,61909,0
2026/06/04 19:36:16,96.6,7306,61909,0
2026/06/04 19:36:21,100.0,7189,61909,0
2026/06/04 19:36:25,77.1,7040,61909,0
2026/06/04 19:36:30,48.6,6945,61909,0
2026/06/04 19:36:34,90.7,6866,61909,0
2026/06/04 19:36:39,99.9,6826,61909,0
2026/06/04 19:36:43,99.6,6781,61909,0
2026/06/04 19:36:48,80.6,6749,61909,0
2026/06/04 19:36:52,99.6,6735,61909,0
2026/06/04 19:36:57,61.0,6723,61909,0
2026/06/04 19:37:01,99.4,6716,61909,0
2026/06/04 19:37:06,99.6,6717,61909,0
2026/06/04 19:37:10,95.0,6717,61909,0
2026/06/04 19:37:15,99.9,6717,61909,0
2026/06/04 19:37:20,35.2,8057,61909,0
2026/06/04 19:37:24,100.0,7254,61909,0
2026/06/04 19:37:29,100.0,7158,61909,0
2026/06/04 19:37:33,41.1,7076,61909,0
2026/06/04 19:37:38,90.6,7003,61909,0
2026/06/04 19:37:42,84.4,6932,61909,0
2026/06/04 19:37:47,81.9,6891,61909,0
2026/06/04 19:37:51,100.0,6871,61909,0
2026/06/04 19:37:56,100.0,6857,61909,0
2026/06/04 19:38:00,28.1,7799,61909,0
2026/06/04 19:38:05,29.7,7454,61909,0
2026/06/04 19:38:09,100.0,7129,61909,0
2026/06/04 19:38:14,100.0,7047,61909,0
2026/06/04 19:38:19,55.3,6972,61909,0
2026/06/04 19:38:23,44.2,6905,61909,0
2026/06/04 19:38:28,100.0,6893,61909,0
2026/06/04 19:38:32,99.9,6882,61909,0
2026/06/04 19:38:37,99.9,6880,61909,0
2026/06/04 19:38:41,100.0,6875,61909,0
2026/06/04 19:38:46,100.0,6875,61909,0
2026/06/04 19:38:50,88.4,6875,61909,0
2026/06/04 19:38:55,66.5,8155,61909,0
2026/06/04 19:38:59,100.0,7100,61909,0
2026/06/04 19:39:04,97.1,6987,61909,0
2026/06/04 19:39:08,49.8,6932,61909,0
2026/06/04 19:39:13,82.7,6859,61909,0
2026/06/04 19:39:18,100.0,6805,61909,0
2026/06/04 19:39:22,99.9,6765,61909,0
2026/06/04 19:39:27,100.0,6751,61909,0
2026/06/04 19:39:31,73.9,6749,61909,0
2026/06/04 19:39:36,28.5,7636,61909,0
2026/06/04 19:39:40,31.5,7815,61909,0
2026/06/04 19:39:45,100.0,6938,61909,0
2026/06/04 19:39:49,42.7,6870,61909,0
2026/06/04 19:39:54,72.2,6845,61909,0
2026/06/04 19:39:58,43.1,6796,61909,0
2026/06/04 19:40:03,99.9,6769,61909,0
2026/06/04 19:40:07,99.9,6776,61909,0
2026/06/04 19:40:12,100.0,6767,61909,0
2026/06/04 19:40:17,99.6,6762,61909,0
2026/06/04 19:40:21,99.9,6762,61909,0
2026/06/04 19:40:26,99.9,6773,61909,0
2026/06/04 19:40:30,76.6,8036,61909,0
2026/06/04 19:40:35,80.2,7495,61909,0
2026/06/04 19:40:39,100.0,7413,61909,0
2026/06/04 19:40:44,100.0,7316,61909,0
2026/06/04 19:40:48,100.0,7170,61909,0
2026/06/04 19:40:53,56.9,7097,61909,0
2026/06/04 19:40:57,97.7,7079,61909,0
2026/06/04 19:41:02,37.8,7086,61909,0
2026/06/04 19:41:06,99.6,7093,61909,0
2026/06/04 19:41:11,99.3,7102,61909,0
2026/06/04 19:41:16,33.7,7101,61909,0
2026/06/04 19:41:20,97.9,7117,61909,0
2026/06/04 19:41:25,98.9,7118,61909,0
2026/06/04 19:41:29,99.8,7120,61909,0
2026/06/04 19:41:34,88.0,7120,61909,0
2026/06/04 19:41:38,32.2,8379,61909,0
2026/06/04 19:41:43,98.2,7113,61909,0
2026/06/04 19:41:47,100.0,8148,61909,0
2026/06/04 19:41:52,100.0,8117,61909,0
2026/06/04 19:41:56,81.3,7195,61909,0
2026/06/04 19:42:01,52.2,7050,61909,0
2026/06/04 19:42:05,100.0,6996,61909,0
2026/06/04 19:42:10,78.1,6996,61909,0
2026/06/04 19:42:15,99.8,7002,61909,0
2026/06/04 19:42:19,62.3,7002,61909,0
2026/06/04 19:42:24,99.6,7018,61909,0
2026/06/04 19:42:28,99.8,7042,61909,0
2026/06/04 19:42:33,99.4,7040,61909,0
2026/06/04 19:42:37,99.6,7043,61909,0
2026/06/04 19:42:42,55.2,7043,61909,0
2026/06/04 19:42:46,99.4,7051,61909,0
2026/06/04 19:42:51,99.4,7050,61909,0
2026/06/04 19:42:55,99.4,7050,61909,0
2026/06/04 19:43:00,99.1,7050,61909,0
2026/06/04 19:43:05,99.4,7050,61909,0
2026/06/04 19:43:09,44.3,7050,61909,0
2026/06/04 19:43:14,99.4,7050,61909,0
2026/06/04 19:43:18,99.0,7050,61909,0
2026/06/04 19:43:23,99.5,7050,61909,0
2026/06/04 19:43:27,99.4,7050,61909,0
2026/06/04 19:43:32,99.8,7050,61909,0
2026/06/04 19:43:36,99.8,7051,61909,0
2026/06/04 19:43:41,96.8,7051,61909,0
2026/06/04 19:43:45,8.4,8386,61909,0
2026/06/04 19:43:50,52.4,8764,61909,0
2026/06/04 19:43:54,100.0,7887,61909,0
2026/06/04 19:43:59,100.0,7755,61909,0
2026/06/04 19:44:04,48.4,7550,61909,0
2026/06/04 19:44:08,52.0,7417,61909,0
2026/06/04 19:44:13,100.0,7365,61909,0
2026/06/04 19:44:17,99.8,7314,61909,0
2026/06/04 19:44:22,99.9,7273,61909,0
2026/06/04 19:44:26,99.9,7255,61909,0
2026/06/04 19:44:31,72.8,7224,61909,0
2026/06/04 19:44:35,99.9,7186,61909,0
2026/06/04 19:44:40,99.6,7161,61909,0
2026/06/04 19:44:44,100.0,7154,61909,0
2026/06/04 19:44:49,77.4,7150,61909,0
2026/06/04 19:44:53,6.4,8198,61909,0
2026/06/04 19:44:58,65.2,7446,61909,0
2026/06/04 19:45:03,100.0,8237,61909,0
2026/06/04 19:45:07,85.4,7424,61909,0
2026/06/04 19:45:12,100.0,7256,61909,0
2026/06/04 19:45:16,95.2,7106,61909,0
2026/06/04 19:45:21,99.9,7065,61909,0
2026/06/04 19:45:25,99.6,7027,61909,0
2026/06/04 19:45:30,99.8,7022,61909,0
2026/06/04 19:45:34,99.8,7014,61909,0
2026/06/04 19:45:39,99.5,7012,61909,0
2026/06/04 19:45:43,99.6,7012,61909,0
2026/06/04 19:45:48,99.6,7013,61909,0
2026/06/04 19:45:52,99.9,7016,61909,0
2026/06/04 19:45:57,99.8,7018,61909,0
2026/06/04 19:46:02,99.9,7018,61909,0
2026/06/04 19:46:06,6.4,8379,61909,0
2026/06/04 19:46:11,98.9,7443,61909,0
2026/06/04 19:46:15,100.0,7668,61909,0
2026/06/04 19:46:20,100.0,7550,61909,0
2026/06/04 19:46:24,99.6,7324,61909,0
2026/06/04 19:46:29,100.0,7208,61909,0
2026/06/04 19:46:33,99.6,7152,61909,0
2026/06/04 19:46:38,76.9,7121,61909,0
2026/06/04 19:46:42,86.4,7109,61909,0
2026/06/04 19:46:47,60.9,7102,61909,0
2026/06/04 19:46:52,99.6,7107,61909,0
2026/06/04 19:46:56,87.2,7115,61909,0
2026/06/04 19:47:01,6.3,9016,61909,0
2026/06/04 19:47:05,43.0,7511,61909,0
2026/06/04 19:47:10,100.0,8188,61909,0
2026/06/04 19:47:14,100.0,8115,61909,0
2026/06/04 19:47:19,96.4,7400,61909,0
2026/06/04 19:47:23,95.7,7259,61909,0
2026/06/04 19:47:28,73.9,7164,61909,0
2026/06/04 19:47:32,72.4,7141,61909,0
2026/06/04 19:47:37,64.6,7107,61909,0
2026/06/04 19:47:41,76.2,7085,61909,0
2026/06/04 19:47:46,99.8,7062,61909,0
2026/06/04 19:47:51,99.6,7051,61909,0
2026/06/04 19:47:55,99.6,7044,61909,0
2026/06/04 19:48:00,98.5,7044,61909,0
2026/06/04 19:48:04,99.6,7043,61909,0
2026/06/04 19:48:09,99.8,7044,61909,0
2026/06/04 19:48:13,99.6,7044,61909,0
2026/06/04 19:48:18,6.4,8398,61909,0
2026/06/04 19:48:22,44.3,6942,61909,0
2026/06/04 19:48:27,6.4,7684,61909,0
2026/06/04 19:48:31,12.1,7040,61909,0
2026/06/04 19:48:36,100.0,7078,61909,0
2026/06/04 19:48:40,97.2,7005,61909,0
2026/06/04 19:48:45,97.5,6965,61909,0
2026/06/04 19:48:50,97.4,6941,61909,0
2026/06/04 19:48:54,99.0,6929,61909,0
2026/06/04 19:48:59,49.6,8686,61909,0
2026/06/04 19:49:03,44.6,7629,61909,0
2026/06/04 19:49:08,99.8,7524,61909,0
2026/06/04 19:49:12,97.4,7409,61909,0
2026/06/04 19:49:17,97.3,7335,61909,0
2026/06/04 19:49:21,100.0,7263,61909,0
2026/06/04 19:49:26,15.6,8444,61909,0
2026/06/04 19:49:30,37.5,8484,61909,0
2026/06/04 19:49:35,96.2,7492,61909,0
2026/06/04 19:49:39,99.3,7380,61909,0
2026/06/04 19:49:44,99.3,7272,61909,0
2026/06/04 19:49:49,99.4,7228,61909,0
2026/06/04 19:49:53,99.3,7173,61909,0
2026/06/04 19:49:58,6.3,8320,61909,0
2026/06/04 19:50:02,82.9,8494,61909,0
2026/06/04 19:50:07,99.8,7306,61909,0
2026/06/04 19:50:11,87.7,7212,61909,0
2026/06/04 19:50:16,99.8,7139,61909,0
2026/06/04 19:50:20,99.6,7052,61909,0
2026/06/04 19:50:25,97.9,6985,61909,0
2026/06/04 19:50:29,6.4,8381,61909,0
2026/06/04 19:50:34,100.0,8539,61909,0
2026/06/04 19:50:38,98.4,7898,61909,0
2026/06/04 19:50:43,97.3,7684,61909,0
2026/06/04 19:50:48,97.3,7523,61909,0
2026/06/04 19:50:52,85.0,7372,61909,0
2026/06/04 19:50:57,99.1,7282,61909,0
2026/06/04 19:51:01,13.4,7177,61909,0
2026/06/04 19:51:06,100.0,7127,61909,0
2026/06/04 19:51:10,99.1,7087,61909,0
2026/06/04 19:51:15,100.0,7050,61909,0
2026/06/04 19:51:19,6.4,8545,61909,0
2026/06/04 19:51:24,16.0,7511,61909,0
2026/06/04 19:51:28,98.0,7481,61909,0
2026/06/04 19:51:33,93.8,7354,61909,0
2026/06/04 19:51:37,98.3,7259,61909,0
2026/06/04 19:51:42,98.2,7144,61909,0
2026/06/04 19:51:46,76.2,7081,61909,0
2026/06/04 19:51:51,97.7,7040,61909,0
2026/06/04 19:51:56,6.5,8471,61909,0
2026/06/04 19:52:00,17.7,7663,61909,0
2026/06/04 19:52:05,100.0,7536,61909,0
2026/06/04 19:52:09,100.0,7393,61909,0
2026/06/04 19:52:14,28.1,7297,61909,0
2026/06/04 19:52:18,99.4,7174,61909,0
2026/06/04 19:52:23,97.3,7088,61909,0
2026/06/04 19:52:27,97.3,7033,61909,0
2026/06/04 19:52:32,97.2,6998,61909,0
2026/06/04 19:52:36,98.0,6960,61909,0
2026/06/04 19:52:41,6.3,8187,61909,0
2026/06/04 19:52:45,98.3,7095,61909,0
2026/06/04 19:52:50,98.8,7034,61909,0
2026/06/04 19:52:55,98.8,6966,61909,0
2026/06/04 19:52:59,6.4,8433,61909,0
2026/06/04 19:53:04,34.9,7555,61909,0
2026/06/04 19:53:08,99.4,7403,61909,0
2026/06/04 19:53:13,99.6,7282,61909,0
2026/06/04 19:53:17,6.5,8436,61909,0
2026/06/04 19:53:22,15.9,7828,61909,0
2026/06/04 19:53:26,99.0,7633,61909,0
2026/06/04 19:53:31,99.6,7429,61909,0
2026/06/04 19:53:35,55.8,8563,61909,0
2026/06/04 19:53:40,100.0,7601,61909,0
2026/06/04 19:53:44,99.3,7435,61909,0
2026/06/04 19:53:49,17.6,7271,61909,0
2026/06/04 19:53:54,97.5,7148,61909,0
2026/06/04 19:53:58,30.8,8387,61909,0
2026/06/04 19:54:03,66.3,8551,61909,0
2026/06/04 19:54:07,6.5,7775,61909,0
2026/06/04 19:54:12,6.5,7980,61909,0
2026/06/04 19:54:16,97.2,7880,61909,0
2026/06/04 19:54:21,100.0,7763,61909,0
2026/06/04 19:54:25,100.0,7656,61909,0
2026/06/04 19:54:30,99.1,7578,61909,0
2026/06/04 19:54:34,91.8,7414,61909,0
2026/06/04 19:54:39,93.2,7504,61909,0
2026/06/04 19:54:43,97.2,7470,61909,0
2026/06/04 19:54:48,100.0,7431,61909,0
2026/06/04 19:54:53,100.0,7406,61909,0
2026/06/04 19:54:57,100.0,7390,61909,0
2026/06/04 19:55:02,100.0,7381,61909,0
2026/06/04 19:55:06,93.0,7375,61909,0
2026/06/04 19:55:11,100.0,7375,61909,0
2026/06/04 19:55:15,100.0,7370,61909,0
2026/06/04 19:55:20,94.9,7369,61909,0
2026/06/04 19:55:24,100.0,7368,61909,0
2026/06/04 19:55:29,97.2,7368,61909,0
2026/06/04 19:55:33,100.0,7367,61909,0
2026/06/04 19:55:38,40.8,8571,61909,0
2026/06/04 19:55:43,62.8,8540,61909,0
2026/06/04 19:55:47,6.4,8131,61909,0
2026/06/04 19:55:52,6.5,8642,61909,0
2026/06/04 19:55:56,97.3,8608,61909,0
2026/06/04 19:56:01,100.0,8506,61909,0
2026/06/04 19:56:05,100.0,8397,61909,0
2026/06/04 19:56:10,87.6,8315,61909,0
2026/06/04 19:56:14,100.0,8244,61909,0
2026/06/04 19:56:19,100.0,8199,61909,0
2026/06/04 19:56:23,100.0,8150,61909,0
2026/06/04 19:56:28,89.1,8112,61909,0
2026/06/04 19:56:32,100.0,8094,61909,0
2026/06/04 19:56:37,100.0,8081,61909,0
2026/06/04 19:56:42,100.0,8076,61909,0
2026/06/04 19:56:46,88.6,8076,61909,0
2026/06/04 19:56:51,100.0,8075,61909,0
2026/06/04 19:56:55,100.0,8076,61909,0
2026/06/04 19:57:00,100.0,8075,61909,0
2026/06/04 19:57:04,84.6,8076,61909,0
2026/06/04 19:57:09,100.0,8074,61909,0
2026/06/04 19:57:13,100.0,8074,61909,0
2026/06/04 19:57:18,100.0,8075,61909,0
2026/06/04 19:57:22,87.5,8075,61909,0
2026/06/04 19:57:27,100.0,8075,61909,0
2026/06/04 19:57:31,100.0,8075,61909,0
2026/06/04 19:57:36,96.7,8075,61909,0
2026/06/04 19:57:41,85.6,8075,61909,0
2026/06/04 19:57:45,95.1,8075,61909,0
2026/06/04 19:57:50,100.0,8076,61909,0
2026/06/04 19:57:54,78.6,7748,61909,0
2026/06/04 19:57:59,100.0,8071,61909,0
2026/06/04 19:58:03,100.0,8072,61909,0
2026/06/04 19:58:08,87.8,8072,61909,0
2026/06/04 19:58:12,85.8,8072,61909,0
2026/06/04 19:58:17,99.9,8072,61909,0
2026/06/04 19:58:21,100.0,8072,61909,0
2026/06/04 19:58:26,100.0,8072,61909,0
2026/06/04 19:58:31,100.0,8072,61909,0
2026/06/04 19:58:35,100.0,8072,61909,0
2026/06/04 19:58:40,100.0,8072,61909,0
2026/06/04 19:58:44,100.0,8072,61909,0
2026/06/04 19:58:49,100.0,8071,61909,0
2026/06/04 19:58:53,81.3,8072,61909,0
2026/06/04 19:58:58,92.3,8072,61909,0
2026/06/04 19:59:02,100.0,8072,61909,0
2026/06/04 19:59:07,86.2,8072,61909,0
2026/06/04 19:59:11,88.8,8072,61909,0
2026/06/04 19:59:16,100.0,8072,61909,0
2026/06/04 19:59:20,82.4,8072,61909,0
2026/06/04 19:59:25,87.1,8072,61909,0
2026/06/04 19:59:30,100.0,8073,61909,0
2026/06/04 19:59:34,85.2,8072,61909,0
2026/06/04 19:59:39,94.5,8072,61909,0
2026/06/04 19:59:43,100.0,8073,61909,0
2026/06/04 19:59:48,85.6,8072,61909,0
2026/06/04 19:59:52,93.5,8072,61909,0
2026/06/04 19:59:57,9.1,8724,61909,0
2026/06/04 20:00:01,36.3,8988,61909,0
2026/06/04 20:00:06,6.4,9046,61909,0
2026/06/04 20:00:10,6.3,8436,61909,0
2026/06/04 20:00:15,100.0,8599,61909,0
2026/06/04 20:00:19,100.0,8524,61909,0
2026/06/04 20:00:24,100.0,8352,61909,0
2026/06/04 20:00:29,100.0,8215,61909,0
2026/06/04 20:00:33,100.0,8073,61909,0
2026/06/04 20:00:38,100.0,7976,61909,0
2026/06/04 20:00:42,100.0,7881,61909,0
2026/06/04 20:00:47,95.6,7825,61909,0
2026/06/04 20:00:51,100.0,7776,61909,0
2026/06/04 20:00:56,90.7,7749,61909,0
2026/06/04 20:01:00,100.0,7737,61909,0
2026/06/04 20:01:05,100.0,7729,61909,0
2026/06/04 20:01:09,100.0,7728,61909,0
2026/06/04 20:01:14,91.3,7729,61909,0
2026/06/04 20:01:19,100.0,7728,61909,0
2026/06/04 20:01:23,100.0,7728,61909,0
2026/06/04 20:01:28,100.0,7728,61909,0
2026/06/04 20:01:32,84.3,7542,61909,0
2026/06/04 20:01:37,100.0,7732,61909,0
2026/06/04 20:01:41,95.5,7732,61909,0
2026/06/04 20:01:46,87.2,7732,61909,0
2026/06/04 20:01:50,100.0,7732,61909,0
2026/06/04 20:01:55,100.0,7732,61909,0
2026/06/04 20:01:59,95.6,7731,61909,0
2026/06/04 20:02:04,86.9,7732,61909,0
2026/06/04 20:02:08,100.0,7732,61909,0
2026/06/04 20:02:13,6.4,7543,61909,0
2026/06/04 20:02:18,6.3,8995,61909,0
2026/06/04 20:02:22,21.2,8628,61909,0
2026/06/04 20:02:27,31.2,8557,61909,0
2026/06/04 20:02:31,6.5,9505,61909,0
2026/06/04 20:02:36,93.3,10052,61909,0
2026/06/04 20:02:40,6.3,9798,61909,0
2026/06/04 20:02:45,100.0,10351,61909,0
2026/06/04 20:02:49,100.0,10259,61909,0
2026/06/04 20:02:54,100.0,10300,61909,0
2026/06/04 20:02:58,100.0,10259,61909,0
2026/06/04 20:03:03,100.0,10219,61909,0
2026/06/04 20:03:07,84.5,10177,61909,0
2026/06/04 20:03:12,100.0,10112,61909,0
2026/06/04 20:03:17,100.0,10068,61909,0
2026/06/04 20:03:21,96.7,10032,61909,0
2026/06/04 20:03:26,100.0,9999,61909,0
2026/06/04 20:03:30,95.7,9994,61909,0
2026/06/04 20:03:35,81.9,9974,61909,0
2026/06/04 20:03:39,100.0,9961,61909,0
2026/06/04 20:03:44,100.0,9989,61909,0
2026/06/04 20:03:48,73.8,9973,61909,0
2026/06/04 20:03:53,100.0,9964,61909,0
2026/06/04 20:03:57,100.0,9988,61909,0
2026/06/04 20:04:02,100.0,9973,61909,0
2026/06/04 20:04:07,100.0,9965,61909,0
2026/06/04 20:04:11,87.6,9971,61909,0
2026/06/04 20:04:16,100.0,9962,61909,0
2026/06/04 20:04:20,80.4,9979,61909,0
2026/06/04 20:04:25,89.4,9968,61909,0
2026/06/04 20:04:29,100.0,9958,61909,0
2026/06/04 20:04:34,100.0,9978,61909,0
2026/06/04 20:04:38,100.0,9962,61909,0
2026/06/04 20:04:43,100.0,9955,61909,0
2026/06/04 20:04:47,87.5,9969,61909,0
2026/06/04 20:04:52,100.0,9958,61909,0
2026/06/04 20:04:56,100.0,9978,61909,0
2026/06/04 20:05:01,100.0,9964,61909,0
2026/06/04 20:05:06,100.0,9958,61909,0
2026/06/04 20:05:10,100.0,9963,61909,0
2026/06/04 20:05:15,100.0,9958,61909,0
2026/06/04 20:05:19,100.0,9971,61909,0
2026/06/04 20:05:24,100.0,9960,61909,0
2026/06/04 20:05:28,100.0,9979,61909,0
2026/06/04 20:05:33,100.0,9962,61909,0
2026/06/04 20:05:37,100.0,9956,61909,0
2026/06/04 20:05:42,100.0,9966,61909,0
2026/06/04 20:05:46,100.0,9957,61909,0
2026/06/04 20:05:51,100.0,9971,61909,0
2026/06/04 20:05:56,100.0,9960,61909,0
2026/06/04 20:06:00,100.0,9976,61909,0
2026/06/04 20:06:05,100.0,9964,61909,0
2026/06/04 20:06:09,100.0,9955,61909,0
2026/06/04 20:06:14,100.0,9971,61909,0
2026/06/04 20:06:18,100.0,9959,61909,0
2026/06/04 20:06:23,100.0,9977,61909,0
2026/06/04 20:06:27,100.0,9963,61909,0
2026/06/04 20:06:32,100.0,9974,61909,0
2026/06/04 20:06:36,6.3,9292,61909,0
2026/06/04 20:06:41,6.4,9256,61909,0
2026/06/04 20:06:46,100.0,9957,61909,0
2026/06/04 20:06:50,88.8,9996,61909,0
2026/06/04 20:06:55,100.0,10023,61909,0
2026/06/04 20:06:59,100.0,10005,61909,0
2026/06/04 20:07:04,100.0,9976,61909,0
2026/06/04 20:07:08,100.0,9961,61909,0
2026/06/04 20:07:13,100.0,9971,61909,0
2026/06/04 20:07:17,100.0,9962,61909,0
2026/06/04 20:07:22,91.7,10000,61909,0
2026/06/04 20:07:26,100.0,9974,61909,0
2026/06/04 20:07:31,100.0,9962,61909,0
2026/06/04 20:07:35,100.0,9984,61909,0
2026/06/04 20:07:40,100.0,9969,61909,0
2026/06/04 20:07:45,100.0,9988,61909,0
2026/06/04 20:07:49,100.0,9971,61909,0
2026/06/04 20:07:54,100.0,9964,61909,0
2026/06/04 20:07:58,100.0,9979,61909,0
2026/06/04 20:08:03,100.0,9969,61909,0
2026/06/04 20:08:07,100.0,9971,61909,0
2026/06/04 20:08:12,100.0,9967,61909,0
2026/06/04 20:08:16,100.0,9984,61909,0
2026/06/04 20:08:21,6.4,9131,61909,0
2026/06/04 20:08:25,6.6,10609,61909,0
2026/06/04 20:08:30,100.0,9560,61909,0
2026/06/04 20:08:34,6.3,9404,61909,0
2026/06/04 20:08:39,35.1,8667,61909,0
2026/06/04 20:08:44,6.5,9407,61909,0
2026/06/04 20:08:48,93.3,9986,61909,0
2026/06/04 20:08:53,6.4,9892,61909,0
2026/06/04 20:08:57,100.0,10539,61909,0
2026/06/04 20:09:02,100.0,10421,61909,0
2026/06/04 20:09:06,100.0,10404,61909,0
2026/06/04 20:09:11,100.0,10317,61909,0
2026/06/04 20:09:15,100.0,10228,61909,0
2026/06/04 20:09:20,100.0,10130,61909,0
2026/06/04 20:09:24,100.0,10073,61909,0
2026/06/04 20:09:29,100.0,10027,61909,0
2026/06/04 20:09:33,100.0,9996,61909,0
2026/06/04 20:09:38,100.0,9991,61909,0
2026/06/04 20:09:43,100.0,9974,61909,0
2026/06/04 20:09:47,100.0,9986,61909,0
2026/06/04 20:09:52,100.0,9975,61909,0
2026/06/04 20:09:56,100.0,9965,61909,0
2026/06/04 20:10:01,100.0,9973,61909,0
2026/06/04 20:10:05,100.0,9967,61909,0
2026/06/04 20:10:10,100.0,9978,61909,0
2026/06/04 20:10:14,100.0,9968,61909,0
2026/06/04 20:10:19,100.0,9987,61909,0
2026/06/04 20:10:23,100.0,9973,61909,0
2026/06/04 20:10:28,100.0,9963,61909,0
2026/06/04 20:10:33,100.0,9973,61909,0
2026/06/04 20:10:37,100.0,9963,61909,0
2026/06/04 20:10:42,100.0,9980,61909,0
2026/06/04 20:10:46,100.0,9966,61909,0
2026/06/04 20:10:51,100.0,9978,61909,0
2026/06/04 20:10:55,100.0,9969,61909,0
2026/06/04 20:11:00,100.0,9961,61909,0
2026/06/04 20:11:04,89.4,9972,61909,0
2026/06/04 20:11:09,69.7,9221,61909,0
2026/06/04 20:11:13,6.3,9267,61909,0
2026/06/04 20:11:18,100.0,9972,61909,0
2026/06/04 20:11:23,100.0,9974,61909,0
2026/06/04 20:11:27,100.0,10040,61909,0
2026/06/04 20:11:32,100.0,10042,61909,0
2026/06/04 20:11:36,100.0,10001,61909,0
2026/06/04 20:11:41,89.6,9985,61909,0
2026/06/04 20:11:45,100.0,9974,61909,0
2026/06/04 20:11:50,100.0,9997,61909,0
2026/06/04 20:11:54,77.1,9979,61909,0
2026/06/04 20:11:59,100.0,9970,61909,0
2026/06/04 20:12:03,100.0,9984,61909,0
2026/06/04 20:12:08,74.2,9973,61909,0
2026/06/04 20:12:12,100.0,9966,61909,0
2026/06/04 20:12:17,100.0,9983,61909,0
2026/06/04 20:12:22,74.1,9964,61909,0
2026/06/04 20:12:26,100.0,9965,61909,0
2026/06/04 20:12:31,100.0,9981,61909,0
2026/06/04 20:12:35,81.2,9968,61909,0
2026/06/04 20:12:40,100.0,9963,61909,0
2026/06/04 20:12:44,100.0,9978,61909,0
2026/06/04 20:12:49,94.0,9968,61909,0
2026/06/04 20:12:53,100.0,9963,61909,0
2026/06/04 20:12:58,100.0,9978,61909,0
2026/06/04 20:13:02,100.0,9966,61909,0
2026/06/04 20:13:07,100.0,9962,61909,0
2026/06/04 20:13:12,100.0,9981,61909,0
2026/06/04 20:13:16,77.1,9969,61909,0
2026/06/04 20:13:21,100.0,9963,61909,0
2026/06/04 20:13:25,99.9,9982,61909,0
2026/06/04 20:13:30,79.9,9971,61909,0
2026/06/04 20:13:34,100.0,9963,61909,0
2026/06/04 20:13:39,100.0,9982,61909,0
2026/06/04 20:13:43,89.1,9970,61909,0
2026/06/04 20:13:48,100.0,9964,61909,0
2026/06/04 20:13:52,100.0,9997,61909,0
2026/06/04 20:13:57,96.0,9979,61909,0
2026/06/04 20:14:02,100.0,9971,61909,0
2026/06/04 20:14:06,100.0,9988,61909,0
2026/06/04 20:14:11,87.5,9975,61909,0
2026/06/04 20:14:15,100.0,9967,61909,0
2026/06/04 20:14:20,100.0,9999,61909,0
2026/06/04 20:14:24,87.4,9982,61909,0
2026/06/04 20:14:29,100.0,9973,61909,0
2026/06/04 20:14:33,80.8,9987,61909,0
2026/06/04 20:14:38,87.8,9976,61909,0
2026/06/04 20:14:42,100.0,9969,61909,0
2026/06/04 20:14:47,90.6,9996,61909,0
2026/06/04 20:14:51,87.7,9976,61909,0
2026/06/04 20:14:56,100.0,9967,61909,0
2026/06/04 20:15:01,100.0,9960,61909,0
2026/06/04 20:15:05,94.9,9976,61909,0
2026/06/04 20:15:10,100.0,9963,61909,0
2026/06/04 20:15:14,100.0,9963,61909,0
2026/06/04 20:15:19,87.5,9970,61909,0
2026/06/04 20:15:23,100.0,9967,61909,0
2026/06/04 20:15:28,100.0,9964,61909,0
2026/06/04 20:15:32,87.7,9971,61909,0
2026/06/04 20:15:37,100.0,9966,61909,0
2026/06/04 20:15:41,100.0,9962,61909,0
2026/06/04 20:15:46,87.4,9981,61909,0
2026/06/04 20:15:51,6.6,9133,61909,0
2026/06/04 20:15:55,6.6,9308,61909,0
2026/06/04 20:16:00,6.4,9370,61909,0
2026/06/04 20:16:04,100.0,10064,61909,0
2026/06/04 20:16:09,100.0,10032,61909,0
2026/06/04 20:16:13,87.7,10061,61909,0
2026/06/04 20:16:18,100.0,10040,61909,0
2026/06/04 20:16:22,80.2,9990,61909,0
2026/06/04 20:16:27,87.9,9975,61909,0
2026/06/04 20:16:31,100.0,9967,61909,0
2026/06/04 20:16:36,100.0,9997,61909,0
2026/06/04 20:16:40,87.6,9981,61909,0
2026/06/04 20:16:45,100.0,9970,61909,0
2026/06/04 20:16:50,100.0,9989,61909,0
2026/06/04 20:16:54,77.1,9974,61909,0
2026/06/04 20:16:59,100.0,9967,61909,0
2026/06/04 20:17:03,100.0,9990,61909,0
2026/06/04 20:17:08,89.3,9976,61909,0
2026/06/04 20:17:12,100.0,9968,61909,0
2026/06/04 20:17:17,100.0,9981,61909,0
2026/06/04 20:17:21,100.0,9971,61909,0
2026/06/04 20:17:26,100.0,9964,61909,0
2026/06/04 20:17:30,100.0,9982,61909,0
2026/06/04 20:17:35,100.0,9969,61909,0
2026/06/04 20:17:40,100.0,9963,61909,0
2026/06/04 20:17:44,100.0,9978,61909,0
2026/06/04 20:17:49,100.0,9967,61909,0
2026/06/04 20:17:53,100.0,9961,61909,0
2026/06/04 20:17:58,88.4,9977,61909,0
2026/06/04 20:18:02,100.0,9966,61909,0
2026/06/04 20:18:07,100.0,9961,61909,0
2026/06/04 20:18:11,88.2,9974,61909,0
2026/06/04 20:18:16,100.0,9964,61909,0
2026/06/04 20:18:20,99.3,9983,61909,0
2026/06/04 20:18:25,88.1,9970,61909,0
2026/06/04 20:18:30,100.0,9964,61909,0
2026/06/04 20:18:34,100.0,9982,61909,0
2026/06/04 20:18:39,95.6,9970,61909,0
2026/06/04 20:18:43,100.0,9963,61909,0
2026/06/04 20:18:48,100.0,9980,61909,0
2026/06/04 20:18:52,100.0,9969,61909,0
2026/06/04 20:18:57,100.0,9964,61909,0
2026/06/04 20:19:01,99.6,9979,61909,0
2026/06/04 20:19:06,100.0,9968,61909,0
2026/06/04 20:19:10,100.0,9963,61909,0
2026/06/04 20:19:15,88.1,9975,61909,0
2026/06/04 20:19:20,100.0,9968,61909,0
2026/06/04 20:19:24,80.0,9987,61909,0
2026/06/04 20:19:29,88.7,9976,61909,0
2026/06/04 20:19:33,100.0,9966,61909,0
2026/06/04 20:19:38,100.0,9987,61909,0
2026/06/04 20:19:42,79.3,9973,61909,0
2026/06/04 20:19:47,100.0,9967,61909,0
2026/06/04 20:19:51,100.0,9983,61909,0
2026/06/04 20:19:56,100.0,9969,61909,0
2026/06/04 20:20:00,100.0,9966,61909,0
2026/06/04 20:20:05,100.0,9979,61909,0
2026/06/04 20:20:09,100.0,9968,61909,0
2026/06/04 20:20:14,100.0,9963,61909,0
2026/06/04 20:20:19,86.5,9985,61909,0
2026/06/04 20:20:23,22.4,9307,61909,0
2026/06/04 20:20:28,6.3,9256,61909,0
2026/06/04 20:20:32,100.0,9949,61909,0
2026/06/04 20:20:37,100.0,9950,61909,0
2026/06/04 20:20:41,89.5,10005,61909,0
2026/06/04 20:20:46,100.0,9998,61909,0
2026/06/04 20:20:50,80.6,9962,61909,0
2026/06/04 20:20:55,89.6,9950,61909,0
2026/06/04 20:20:59,100.0,9944,61909,0
2026/06/04 20:21:04,99.4,9964,61909,0
2026/06/04 20:21:08,88.8,9951,61909,0
2026/06/04 20:21:13,100.0,9943,61909,0
2026/06/04 20:21:18,80.9,9980,61909,0
2026/06/04 20:21:22,85.5,9964,61909,0
2026/06/04 20:21:27,100.0,9954,61909,0
2026/06/04 20:21:31,86.8,9978,61909,0
2026/06/04 20:21:36,86.5,9957,61909,0
2026/06/04 20:21:40,100.0,9947,61909,0
2026/06/04 20:21:45,100.0,9943,61909,0
2026/06/04 20:21:49,85.5,9955,61909,0
2026/06/04 20:21:54,100.0,9945,61909,0
2026/06/04 20:21:58,100.0,9942,61909,0
2026/06/04 20:22:03,85.9,9954,61909,0
2026/06/04 20:22:08,100.0,9946,61909,0
2026/06/04 20:22:12,100.0,9942,61909,0
2026/06/04 20:22:17,88.8,9956,61909,0
2026/06/04 20:22:21,100.0,9946,61909,0
2026/06/04 20:22:26,100.0,9941,61909,0
2026/06/04 20:22:30,88.6,9956,61909,0
2026/06/04 20:22:35,100.0,9945,61909,0
2026/06/04 20:22:39,100.0,9938,61909,0
2026/06/04 20:22:44,92.9,9955,61909,0
2026/06/04 20:22:48,100.0,9943,61909,0
2026/06/04 20:22:53,100.0,9938,61909,0
2026/06/04 20:22:57,85.7,9960,61909,0
2026/06/04 20:23:02,100.0,9946,61909,0
2026/06/04 20:23:07,100.0,9941,61909,0
2026/06/04 20:23:11,89.2,9964,61909,0
2026/06/04 20:23:16,77.7,9952,61909,0
2026/06/04 20:23:20,100.0,9945,61909,0
2026/06/04 20:23:25,100.0,9961,61909,0
2026/06/04 20:23:29,89.0,9948,61909,0
2026/06/04 20:23:34,100.0,9942,61909,0
2026/06/04 20:23:38,100.0,9957,61909,0
2026/06/04 20:23:43,89.4,9949,61909,0
2026/06/04 20:23:47,100.0,9944,61909,0
2026/06/04 20:23:52,100.0,9966,61909,0
2026/06/04 20:23:57,89.1,9953,61909,0
2026/06/04 20:24:01,100.0,9945,61909,0
2026/06/04 20:24:06,80.7,9971,61909,0
2026/06/04 20:24:10,89.2,9955,61909,0
2026/06/04 20:24:15,100.0,9946,61909,0
2026/06/04 20:24:19,100.0,9941,61909,0
2026/06/04 20:24:24,89.6,9960,61909,0
2026/06/04 20:24:28,100.0,9951,61909,0
2026/06/04 20:24:33,100.0,9945,61909,0
2026/06/04 20:24:37,88.8,9958,61909,0
2026/06/04 20:24:42,100.0,9948,61909,0
2026/06/04 20:24:47,100.0,9944,61909,0
2026/06/04 20:24:51,100.0,9958,61909,0
2026/06/04 20:24:56,83.5,9949,61909,0
2026/06/04 20:25:00,100.0,9942,61909,0
2026/06/04 20:25:05,100.0,9962,61909,0
2026/06/04 20:25:09,91.7,9949,61909,0
2026/06/04 20:25:14,6.3,9316,61909,0
2026/06/04 20:25:18,6.3,9365,61909,0
2026/06/04 20:25:23,100.0,10011,61909,0
2026/06/04 20:25:27,96.4,10004,61909,0
2026/06/04 20:25:32,100.0,9994,61909,0
2026/06/04 20:25:36,100.0,9995,61909,0
2026/06/04 20:25:41,100.0,9957,61909,0
2026/06/04 20:25:46,100.0,9951,61909,0
2026/06/04 20:25:50,100.0,9936,61909,0
2026/06/04 20:25:55,100.0,9953,61909,0
2026/06/04 20:25:59,100.0,9936,61909,0
2026/06/04 20:26:04,94.5,9950,61909,0
2026/06/04 20:26:08,100.0,9936,61909,0
2026/06/04 20:26:13,96.8,9960,61909,0
2026/06/04 20:26:17,100.0,9943,61909,0
2026/06/04 20:26:22,100.0,9932,61909,0
2026/06/04 20:26:26,86.8,9951,61909,0
2026/06/04 20:26:31,100.0,9937,61909,0
2026/06/04 20:26:35,100.0,9959,61909,0
2026/06/04 20:26:40,100.0,9940,61909,0
2026/06/04 20:26:45,80.1,9951,61909,0
2026/06/04 20:26:49,81.1,9937,61909,0
2026/06/04 20:26:54,100.0,9929,61909,0
2026/06/04 20:26:58,100.0,9947,61909,0
2026/06/04 20:27:03,100.0,9935,61909,0
2026/06/04 20:27:07,81.3,9964,61909,0
2026/06/04 20:27:12,91.4,9935,61909,0
2026/06/04 20:27:16,100.0,9927,61909,0
2026/06/04 20:27:21,100.0,9941,61909,0
2026/06/04 20:27:25,100.0,9929,61909,0
2026/06/04 20:27:30,100.0,9921,61909,0
2026/06/04 20:27:35,91.4,9935,61909,0
2026/06/04 20:27:39,100.0,9924,61909,0
2026/06/04 20:27:44,80.3,9941,61909,0
2026/06/04 20:27:48,89.8,9930,61909,0
2026/06/04 20:27:53,100.0,9923,61909,0
2026/06/04 20:27:57,100.0,9947,61909,0
2026/06/04 20:28:02,100.0,9933,61909,0
2026/06/04 20:28:06,90.2,9935,61909,0
2026/06/04 20:28:11,100.0,9925,61909,0
2026/06/04 20:28:16,100.0,9945,61909,0
2026/06/04 20:28:20,100.0,9930,61909,0
2026/06/04 20:28:25,89.7,9936,61909,0
2026/06/04 20:28:29,100.0,9924,61909,0
2026/06/04 20:28:34,80.2,9938,61909,0
2026/06/04 20:28:38,89.5,9929,61909,0
2026/06/04 20:28:43,100.0,9921,61909,0
2026/06/04 20:28:47,6.4,9144,61909,0
2026/06/04 20:28:52,6.4,9256,61909,0
2026/06/04 20:28:56,92.2,9927,61909,0
2026/06/04 20:29:01,100.0,9928,61909,0
2026/06/04 20:29:05,90.1,9994,61909,0
2026/06/04 20:29:10,100.0,9988,61909,0
2026/06/04 20:29:15,100.0,9946,61909,0
2026/06/04 20:29:19,85.9,9928,61909,0
2026/06/04 20:29:24,100.0,9918,61909,0
2026/06/04 20:29:28,89.5,9929,61909,0
2026/06/04 20:29:33,100.0,9919,61909,0
2026/06/04 20:29:37,100.0,9952,61909,0
2026/06/04 20:29:42,79.4,9932,61909,0
2026/06/04 20:29:46,100.0,9920,61909,0
2026/06/04 20:29:51,89.8,9931,61909,0
2026/06/04 20:29:55,100.0,9921,61909,0
2026/06/04 20:30:00,99.3,9943,61909,0
2026/06/04 20:30:05,79.6,9927,61909,0
2026/06/04 20:30:09,100.0,9916,61909,0
2026/06/04 20:30:14,92.3,9927,61909,0
2026/06/04 20:30:18,100.0,9915,61909,0
2026/06/04 20:30:23,88.2,9933,61909,0
2026/06/04 20:30:27,79.8,9920,61909,0
2026/06/04 20:30:32,100.0,9913,61909,0
2026/06/04 20:30:36,100.0,9927,61909,0
2026/06/04 20:30:41,100.0,9915,61909,0
2026/06/04 20:30:45,80.7,9939,61909,0
2026/06/04 20:30:50,79.5,9926,61909,0
2026/06/04 20:30:54,100.0,9917,61909,0
2026/06/04 20:30:59,100.0,9929,61909,0
2026/06/04 20:31:04,100.0,9918,61909,0
2026/06/04 20:31:08,80.5,9946,61909,0
2026/06/04 20:31:13,82.7,9930,61909,0
2026/06/04 20:31:17,100.0,9920,61909,0
2026/06/04 20:31:22,100.0,9935,61909,0
2026/06/04 20:31:26,100.0,9922,61909,0
2026/06/04 20:31:31,80.9,9945,61909,0
2026/06/04 20:31:35,88.5,9925,61909,0
2026/06/04 20:31:40,100.0,9916,61909,0
2026/06/04 20:31:44,100.0,9937,61909,0
2026/06/04 20:31:49,100.0,9920,61909,0
2026/06/04 20:31:54,80.5,9935,61909,0
2026/06/04 20:31:58,89.9,9922,61909,0
2026/06/04 20:32:03,100.0,9914,61909,0
2026/06/04 20:32:07,100.0,9925,61909,0
2026/06/04 20:32:12,100.0,9914,61909,0
2026/06/04 20:32:16,80.5,9931,61909,0
2026/06/04 20:32:21,89.9,9917,61909,0
2026/06/04 20:32:25,100.0,9910,61909,0
2026/06/04 20:32:30,100.0,9925,61909,0
2026/06/04 20:32:34,100.0,9914,61909,0
2026/06/04 20:32:39,80.5,9931,61909,0
2026/06/04 20:32:44,90.2,9919,61909,0
2026/06/04 20:32:48,6.3,9311,61909,0
2026/06/04 20:32:53,6.3,9266,61909,0
2026/06/04 20:32:57,100.0,9928,61909,0
2026/06/04 20:33:02,100.0,9962,61909,0
2026/06/04 20:33:06,100.0,9924,61909,0
2026/06/04 20:33:11,100.0,9914,61909,0
2026/06/04 20:33:15,92.6,9929,61909,0
2026/06/04 20:33:20,100.0,9915,61909,0
2026/06/04 20:33:24,100.0,9928,61909,0
2026/06/04 20:33:29,100.0,9914,61909,0
2026/06/04 20:33:33,100.0,9908,61909,0
2026/06/04 20:33:38,92.4,9918,61909,0
2026/06/04 20:33:43,100.0,9910,61909,0
2026/06/04 20:33:47,100.0,9923,61909,0
2026/06/04 20:33:52,100.0,9912,61909,0
2026/06/04 20:33:56,80.8,9930,61909,0
2026/06/04 20:34:01,90.0,9919,61909,0
2026/06/04 20:34:05,100.0,9908,61909,0
2026/06/04 20:34:10,100.0,9925,61909,0
2026/06/04 20:34:14,100.0,9913,61909,0
2026/06/04 20:34:19,86.0,9929,61909,0
2026/06/04 20:34:23,82.5,9916,61909,0
2026/06/04 20:34:28,100.0,9907,61909,0
2026/06/04 20:34:32,92.8,9922,61909,0
2026/06/04 20:34:37,100.0,9912,61909,0
2026/06/04 20:34:42,100.0,9924,61909,0
2026/06/04 20:34:46,100.0,9915,61909,0
2026/06/04 20:34:51,100.0,9907,61909,0
2026/06/04 20:34:55,90.6,9922,61909,0
2026/06/04 20:35:00,100.0,9912,61909,0
2026/06/04 20:35:04,100.0,9929,61909,0
2026/06/04 20:35:09,100.0,9916,61909,0
2026/06/04 20:35:13,100.0,9907,61909,0
2026/06/04 20:35:18,88.5,9930,61909,0
2026/06/04 20:35:22,100.0,9922,61909,0
2026/06/04 20:35:27,100.0,9933,61909,0
2026/06/04 20:35:32,100.0,9920,61909,0
2026/06/04 20:35:36,100.0,9912,61909,0
2026/06/04 20:35:41,85.4,9925,61909,0
2026/06/04 20:35:45,100.0,9913,61909,0
2026/06/04 20:35:50,100.0,9932,61909,0
2026/06/04 20:35:54,100.0,9916,61909,0
2026/06/04 20:35:59,81.7,9956,61909,0
2026/06/04 20:36:03,79.5,9918,61909,0
2026/06/04 20:36:08,100.0,9909,61909,0
2026/06/04 20:36:12,89.8,9925,61909,0
2026/06/04 20:36:17,100.0,9911,61909,0
2026/06/04 20:36:22,100.0,9941,61909,0
2026/06/04 20:36:26,100.0,9923,61909,0
2026/06/04 20:36:31,100.0,9915,61909,0
2026/06/04 20:36:35,89.9,9924,61909,0
2026/06/04 20:36:40,6.3,9326,61909,0
2026/06/04 20:36:44,6.3,9272,61909,0
2026/06/04 20:36:49,100.0,9925,61909,0
2026/06/04 20:36:53,6.3,8099,61909,0
2026/06/04 20:36:58,6.5,9016,61909,0
2026/06/04 20:37:02,6.5,9376,61909,0
2026/06/04 20:37:07,6.4,10321,61909,0
2026/06/04 20:37:11,100.0,10827,61909,0
2026/06/04 20:37:16,74.6,10678,61909,0
2026/06/04 20:37:20,85.9,10571,61909,0
2026/06/04 20:37:25,100.0,10441,61909,0
2026/06/04 20:37:30,92.1,10334,61909,0
2026/06/04 20:37:34,100.0,10223,61909,0
2026/06/04 20:37:39,100.0,10144,61909,0
2026/06/04 20:37:43,100.0,10059,61909,0
2026/06/04 20:37:48,100.0,10016,61909,0
2026/06/04 20:37:52,100.0,9999,61909,0
2026/06/04 20:37:57,100.0,9978,61909,0
2026/06/04 20:38:01,87.8,9993,61909,0
2026/06/04 20:38:06,100.0,9980,61909,0
2026/06/04 20:38:10,100.0,9998,61909,0
2026/06/04 20:38:15,100.0,9982,61909,0
2026/06/04 20:38:20,100.0,10002,61909,0
2026/06/04 20:38:24,100.0,9984,61909,0
2026/06/04 20:38:29,100.0,9976,61909,0
2026/06/04 20:38:33,100.0,9986,61909,0
2026/06/04 20:38:38,100.0,9976,61909,0
2026/06/04 20:38:42,89.2,9992,61909,0
2026/06/04 20:38:47,100.0,9980,61909,0
2026/06/04 20:38:51,100.0,9996,61909,0
2026/06/04 20:38:56,100.0,9980,61909,0
2026/06/04 20:39:00,100.0,10008,61909,0
2026/06/04 20:39:05,100.0,9986,61909,0
2026/06/04 20:39:10,81.0,10008,61909,0
2026/06/04 20:39:14,100.0,9988,61909,0
2026/06/04 20:39:19,100.0,9979,61909,0
2026/06/04 20:39:23,100.0,9990,61909,0
2026/06/04 20:39:28,100.0,9980,61909,0
2026/06/04 20:39:32,100.0,9987,61909,0
2026/06/04 20:39:37,100.0,9978,61909,0
2026/06/04 20:39:41,100.0,9991,61909,0
2026/06/04 20:39:46,100.0,9979,61909,0
2026/06/04 20:39:50,100.0,9987,61909,0
2026/06/04 20:39:55,100.0,9977,61909,0
2026/06/04 20:39:59,100.0,9992,61909,0
2026/06/04 20:40:04,100.0,9979,61909,0
2026/06/04 20:40:09,96.7,9993,61909,0
2026/06/04 20:40:13,100.0,9979,61909,0
2026/06/04 20:40:18,80.9,10001,61909,0
2026/06/04 20:40:22,100.0,9985,61909,0
2026/06/04 20:40:27,82.8,9999,61909,0
2026/06/04 20:40:31,100.0,9984,61909,0
2026/06/04 20:40:36,81.1,10002,61909,0
2026/06/04 20:40:40,100.0,9987,61909,0
2026/06/04 20:40:45,96.5,9994,61909,0
2026/06/04 20:40:49,87.6,9983,61909,0
2026/06/04 20:40:54,100.0,9977,61909,0
2026/06/04 20:40:59,100.0,10000,61909,0
2026/06/04 20:41:03,87.6,9987,61909,0
2026/06/04 20:41:08,88.4,9980,61909,0
2026/06/04 20:41:12,100.0,9977,61909,0
2026/06/04 20:41:17,100.0,9977,61909,0
2026/06/04 20:41:21,100.0,9997,61909,0
2026/06/04 20:41:26,100.0,9986,61909,0
2026/06/04 20:41:30,100.0,9996,61909,0
2026/06/04 20:41:35,100.0,9983,61909,0
2026/06/04 20:41:39,100.0,9995,61909,0
2026/06/04 20:41:44,100.0,9984,61909,0
2026/06/04 20:41:48,90.9,9999,61909,0
2026/06/04 20:41:53,100.0,9985,61909,0
2026/06/04 20:41:58,100.0,9978,61909,0
2026/06/04 20:42:02,90.6,9997,61909,0
2026/06/04 20:42:07,100.0,9985,61909,0
2026/06/04 20:42:11,100.0,10001,61909,0
2026/06/04 20:42:16,90.6,9988,61909,0
2026/06/04 20:42:20,100.0,9977,61909,0
2026/06/04 20:42:25,100.0,9975,61909,0
2026/06/04 20:42:29,87.0,9996,61909,0
2026/06/04 20:42:34,86.3,9982,61909,0
2026/06/04 20:42:38,90.1,9977,61909,0
2026/06/04 20:42:43,6.3,9319,61909,0
2026/06/04 20:42:48,6.5,9980,61909,0
2026/06/04 20:42:52,100.0,9983,61909,0
2026/06/04 20:42:57,98.9,10994,61909,0
2026/06/04 20:43:01,100.0,10996,61909,0
2026/06/04 20:43:06,6.4,10704,61909,0
2026/06/04 20:43:10,6.3,7443,61909,0
2026/06/04 20:43:15,0.1,3428,61909,0
2026/06/04 20:43:19,0.2,3428,61909,0
2026/06/04 20:43:24,0.1,3428,61909,0
2026/06/04 20:43:28,0.4,3429,61909,0
2026/06/04 20:43:33,0.0,3429,61909,0
2026/06/04 20:43:37,0.2,3430,61909,0
2026/06/04 20:43:42,0.1,3430,61909,0
2026/06/04 20:43:46,0.1,3431,61909,0
2026/06/04 20:43:51,0.1,3432,61909,0
2026/06/04 20:43:55,0.2,3432,61909,0
2026/06/04 20:44:00,0.2,3433,61909,0
2026/06/04 20:44:04,0.2,3433,61909,0
2026/06/04 20:44:09,0.2,3433,61909,0
2026/06/04 20:44:13,0.2,3433,61909,0
2026/06/04 20:44:18,0.4,3434,61909,0
2026/06/04 20:44:22,0.2,3434,61909,0
2026/06/04 20:44:27,0.2,3435,61909,0
2026/06/04 20:44:31,0.1,3435,61909,0
2026/06/04 20:44:36,0.4,3435,61909,0
2026/06/04 20:44:41,0.2,3436,61909,0
2026/06/04 20:44:45,0.1,3436,61909,0
2026/06/04 20:44:50,0.1,3436,61909,0
2026/06/04 20:44:54,0.1,3436,61909,0
2026/06/04 20:44:59,0.2,3436,61909,0
2026/06/04 20:45:03,0.1,3437,61909,0
2026/06/04 20:45:08,0.2,3437,61909,0
2026/06/04 20:45:12,0.5,3438,61909,0
2026/06/04 20:45:17,0.1,3439,61909,0
2026/06/04 20:45:21,0.2,3440,61909,0
2026/06/04 20:45:26,0.2,3440,61909,0
2026/06/04 20:45:30,0.4,3440,61909,0
2026/06/04 20:45:35,0.2,3440,61909,0
2026/06/04 20:45:39,0.2,3440,61909,0
2026/06/04 20:45:44,0.2,3440,61909,0
2026/06/04 20:45:48,0.1,3440,61909,0
2026/06/04 20:45:53,0.1,3440,61909,0
2026/06/04 20:45:57,0.1,3440,61909,0
2026/06/04 20:46:02,0.2,3440,61909,0
2026/06/04 20:46:06,0.1,3441,61909,0
2026/06/04 20:46:11,0.4,3441,61909,0
2026/06/04 20:46:15,0.4,3441,61909,0
2026/06/04 20:46:20,0.2,3441,61909,0
2026/06/04 20:46:24,0.2,3441,61909,0
2026/06/04 20:46:29,0.1,3441,61909,0
2026/06/04 20:46:33,0.2,3441,61909,0
2026/06/04 20:46:38,0.1,3441,61909,0
2026/06/04 20:46:43,0.1,3441,61909,0
2026/06/04 20:46:47,0.1,3441,61909,0
2026/06/04 20:46:52,0.2,3442,61909,0
2026/06/04 20:46:56,0.2,3441,61909,0
2026/06/04 20:47:01,0.2,3441,61909,0
2026/06/04 20:47:05,0.2,3441,61909,0
2026/06/04 20:47:10,0.1,3441,61909,0
2026/06/04 20:47:14,0.4,3442,61909,0
2026/06/04 20:47:19,0.2,3441,61909,0
2026/06/04 20:47:23,0.2,3442,61909,0
2026/06/04 20:47:28,0.2,3442,61909,0
2026/06/04 20:47:32,0.2,3442,61909,0
2026/06/04 20:47:37,0.1,3442,61909,0
2026/06/04 20:47:41,0.4,3442,61909,0
2026/06/04 20:47:46,0.4,3442,61909,0
2026/06/04 20:47:50,0.1,3441,61909,0
2026/06/04 20:47:55,0.1,3441,61909,0
2026/06/04 20:47:59,0.2,3442,61909,0
2026/06/04 20:48:04,0.2,3443,61909,0
2026/06/04 20:48:08,0.2,3443,61909,0
2026/06/04 20:48:13,0.4,3443,61909,0
2026/06/04 20:48:17,0.4,3443,61909,0
2026/06/04 20:48:22,0.2,3443,61909,0
2026/06/04 20:48:26,0.2,3443,61909,0
2026/06/04 20:48:31,0.2,3443,61909,0
2026/06/04 20:48:35,0.2,3444,61909,0
2026/06/04 20:48:40,0.2,3444,61909,0
2026/06/04 20:48:45,0.2,3444,61909,0
2026/06/04 20:48:49,0.4,3444,61909,0
2026/06/04 20:48:54,0.1,3444,61909,0
2026/06/04 20:48:58,0.1,3444,61909,0
2026/06/04 20:49:03,0.4,3444,61909,0
2026/06/04 20:49:07,0.2,3444,61909,0
2026/06/04 20:49:12,0.1,3444,61909,0
2026/06/04 20:49:16,0.1,3444,61909,0
2026/06/04 20:49:21,0.2,3444,61909,0
2026/06/04 20:49:25,0.0,3444,61909,0
2026/06/04 20:49:30,0.1,3445,61909,0
2026/06/04 20:49:34,0.2,3445,61909,0
2026/06/04 20:49:39,0.1,3445,61909,0
2026/06/04 20:49:43,0.2,3445,61909,0
2026/06/04 20:49:48,0.1,3445,61909,0
2026/06/04 20:49:52,0.4,3445,61909,0
2026/06/04 20:49:57,0.2,3446,61909,0
2026/06/04 20:50:01,0.4,3445,61909,0
2026/06/04 20:50:06,0.2,3446,61909,0
2026/06/04 20:50:10,0.2,3446,61909,0
2026/06/04 20:50:15,0.2,3446,61909,0
2026/06/04 20:50:19,0.4,3446,61909,0
2026/06/04 20:50:24,0.2,3446,61909,0
2026/06/04 20:50:28,0.2,3446,61909,0
2026/06/04 20:50:33,0.2,3446,61909,0
2026/06/04 20:50:37,0.4,3447,61909,0
2026/06/04 20:50:42,0.1,3447,61909,0
2026/06/04 20:50:47,0.2,3446,61909,0
2026/06/04 20:50:51,0.2,3447,61909,0
2026/06/04 20:50:56,0.1,3447,61909,0
2026/06/04 20:51:00,0.1,3447,61909,0
2026/06/04 20:51:05,0.1,3447,61909,0
2026/06/04 20:51:09,0.5,3448,61909,0
2026/06/04 20:51:14,0.1,3448,61909,0
2026/06/04 20:51:18,0.2,3449,61909,0
2026/06/04 20:51:23,0.2,3449,61909,0
2026/06/04 20:51:27,0.2,3448,61909,0
2026/06/04 20:51:32,0.2,3448,61909,0
2026/06/04 20:51:36,0.2,3447,61909,0
2026/06/04 20:51:41,0.2,3447,61909,0
2026/06/04 20:51:45,0.4,3447,61909,0
2026/06/04 20:51:50,0.2,3448,61909,0
2026/06/04 20:51:54,0.1,3448,61909,0
2026/06/04 20:51:59,0.2,3448,61909,0
2026/06/04 20:52:03,0.1,3448,61909,0
2026/06/04 20:52:08,0.2,3449,61909,0
2026/06/04 20:52:12,0.1,3450,61909,0
2026/06/04 20:52:17,0.1,3449,61909,0
2026/06/04 20:52:21,0.2,3448,61909,0
2026/06/04 20:52:26,0.1,3448,61909,0
2026/06/04 20:52:30,0.1,3449,61909,0
2026/06/04 20:52:35,0.2,3449,61909,0
2026/06/04 20:52:39,0.2,3449,61909,0
2026/06/04 20:52:44,0.1,3448,61909,0
2026/06/04 20:52:49,0.2,3447,61909,0
2026/06/04 20:52:53,0.2,3448,61909,0
2026/06/04 20:52:58,0.2,3448,61909,0
2026/06/04 20:53:02,0.2,3448,61909,0
2026/06/04 20:53:07,0.0,3449,61909,0
2026/06/04 20:53:11,0.1,3449,61909,0
2026/06/04 20:53:16,0.1,3448,61909,0
2026/06/04 20:53:20,0.2,3448,61909,0
2026/06/04 20:53:25,0.2,3449,61909,0
2026/06/04 20:53:29,0.1,3449,61909,0
2026/06/04 20:53:34,0.1,3448,61909,0
2026/06/04 20:53:38,0.2,3448,61909,0
2026/06/04 20:53:43,0.1,3448,61909,0
2026/06/04 20:53:47,0.2,3449,61909,0
2026/06/04 20:53:52,0.1,3449,61909,0
2026/06/04 20:53:56,0.2,3450,61909,0
2026/06/04 20:54:01,0.2,3450,61909,0
2026/06/04 20:54:05,0.1,3450,61909,0
2026/06/04 20:54:10,0.1,3451,61909,0
2026/06/04 20:54:14,0.2,3451,61909,0
2026/06/04 20:54:19,0.1,3451,61909,0
2026/06/04 20:54:23,0.1,3449,61909,0
2026/06/04 20:54:28,0.2,3450,61909,0
2026/06/04 20:54:32,0.1,3450,61909,0
2026/06/04 20:54:37,0.2,3450,61909,0
2026/06/04 20:54:41,0.2,3449,61909,0
2026/06/04 20:54:46,0.1,3449,61909,0
2026/06/04 20:54:50,0.2,3450,61909,0
2026/06/04 20:54:55,0.2,3450,61909,0
2026/06/04 20:55:00,0.1,3449,61909,0
2026/06/04 20:55:04,0.2,3450,61909,0
2026/06/04 20:55:09,0.2,3450,61909,0
2026/06/04 20:55:13,0.6,3449,61909,0
2026/06/04 20:55:18,0.2,3451,61909,0
2026/06/04 20:55:22,0.2,3450,61909,0
2026/06/04 20:55:27,0.4,3450,61909,0
2026/06/04 20:55:31,0.0,3450,61909,0
2026/06/04 20:55:36,0.4,3450,61909,0
2026/06/04 20:55:40,0.2,3450,61909,0
2026/06/04 20:55:45,0.1,3450,61909,0
2026/06/04 20:55:49,0.2,3450,61909,0
2026/06/04 20:55:54,0.2,3451,61909,0
2026/06/04 20:55:58,0.2,3451,61909,0
2026/06/04 20:56:03,0.1,3451,61909,0
2026/06/04 20:56:07,0.1,3451,61909,0
2026/06/04 20:56:12,0.1,3450,61909,0
2026/06/04 20:56:16,0.2,3451,61909,0
2026/06/04 20:56:21,0.1,3451,61909,0
2026/06/04 20:56:25,0.2,3451,61909,0
2026/06/04 20:56:30,0.0,3450,61909,0
2026/06/04 20:56:34,0.2,3451,61909,0
2026/06/04 20:56:39,0.2,3450,61909,0
2026/06/04 20:56:43,0.2,3450,61909,0
2026/06/04 20:56:48,0.2,3450,61909,0
2026/06/04 20:56:52,0.1,3450,61909,0
2026/06/04 20:56:57,0.2,3451,61909,0
2026/06/04 20:57:02,0.2,3451,61909,0
2026/06/04 20:57:06,0.2,3451,61909,0
2026/06/04 20:57:11,0.1,3452,61909,0
2026/06/04 20:57:15,0.1,3451,61909,0
2026/06/04 20:57:20,0.2,3451,61909,0
2026/06/04 20:57:24,0.2,3452,61909,0
2026/06/04 20:57:29,0.2,3451,61909,0
2026/06/04 20:57:33,0.1,3452,61909,0
2026/06/04 20:57:38,0.2,3452,61909,0
2026/06/04 20:57:42,0.2,3452,61909,0
2026/06/04 20:57:47,0.2,3453,61909,0
2026/06/04 20:57:51,0.2,3453,61909,0
2026/06/04 20:57:56,0.2,3453,61909,0
2026/06/04 20:58:00,0.4,3453,61909,0
2026/06/04 20:58:05,0.1,3453,61909,0
2026/06/04 20:58:09,0.5,3452,61909,0
2026/06/04 20:58:14,0.2,3451,61909,0
2026/06/04 20:58:18,0.1,3452,61909,0
2026/06/04 20:58:23,0.2,3451,61909,0
2026/06/04 20:58:27,0.2,3452,61909,0
2026/06/04 20:58:32,0.2,3453,61909,0
2026/06/04 20:58:36,0.2,3452,61909,0
2026/06/04 20:58:41,0.2,3452,61909,0
2026/06/04 20:58:45,0.1,3453,61909,0
2026/06/04 20:58:50,0.1,3452,61909,0
2026/06/04 20:58:54,0.1,3452,61909,0
2026/06/04 20:58:59,0.2,3451,61909,0
2026/06/04 20:59:04,0.2,3452,61909,0
2026/06/04 20:59:08,0.0,3452,61909,0
2026/06/04 20:59:13,0.2,3451,61909,0
2026/06/04 20:59:17,0.1,3451,61909,0
2026/06/04 20:59:22,0.2,3451,61909,0
2026/06/04 20:59:26,0.2,3452,61909,0
2026/06/04 20:59:31,0.1,3452,61909,0
2026/06/04 20:59:35,0.2,3451,61909,0
2026/06/04 20:59:40,0.2,3452,61909,0
2026/06/04 20:59:44,0.2,3452,61909,0
2026/06/04 20:59:49,0.2,3453,61909,0
2026/06/04 20:59:53,0.2,3451,61909,0
2026/06/04 20:59:58,0.4,3451,61909,0
2026/06/04 21:00:02,0.2,3451,61909,0
2026/06/04 21:00:07,0.2,3451,61909,0
2026/06/04 21:00:11,0.4,3451,61909,0
2026/06/04 21:00:16,0.2,3450,61909,0
2026/06/04 21:00:20,0.2,3451,61909,0
2026/06/04 21:00:25,0.2,3450,61909,0
2026/06/04 21:00:29,0.2,3449,61909,0
2026/06/04 21:00:34,0.1,3450,61909,0
2026/06/04 21:00:38,0.2,3450,61909,0
2026/06/04 21:00:43,0.1,3450,61909,0
2026/06/04 21:00:47,0.4,3450,61909,0
2026/06/04 21:00:52,0.1,3449,61909,0
2026/06/04 21:00:56,0.1,3450,61909,0
2026/06/04 21:01:01,0.2,3450,61909,0
2026/06/04 21:01:06,0.2,3450,61909,0
2026/06/04 21:01:10,0.1,3450,61909,0
2026/06/04 21:01:15,0.2,3450,61909,0
2026/06/04 21:01:19,0.2,3451,61909,0
2026/06/04 21:01:24,0.2,3451,61909,0
2026/06/04 21:01:28,0.1,3451,61909,0
2026/06/04 21:01:33,0.2,3451,61909,0
2026/06/04 21:01:37,0.2,3451,61909,0
2026/06/04 21:01:42,0.2,3451,61909,0
2026/06/04 21:01:46,0.1,3451,61909,0
2026/06/04 21:01:51,0.2,3451,61909,0
2026/06/04 21:01:55,0.2,3450,61909,0
2026/06/04 21:02:00,0.2,3450,61909,0
2026/06/04 21:02:04,0.2,3450,61909,0
2026/06/04 21:02:09,0.1,3451,61909,0
2026/06/04 21:02:13,0.2,3451,61909,0
2026/06/04 21:02:18,0.2,3451,61909,0
2026/06/04 21:02:22,0.2,3450,61909,0
2026/06/04 21:02:27,0.2,3451,61909,0
2026/06/04 21:02:31,0.2,3451,61909,0
2026/06/04 21:02:36,0.2,3451,61909,0
2026/06/04 21:02:40,0.2,3451,61909,0
2026/06/04 21:02:45,0.1,3451,61909,0
2026/06/04 21:02:49,0.2,3452,61909,0
2026/06/04 21:02:54,0.1,3451,61909,0
2026/06/04 21:02:58,0.1,3450,61909,0
2026/06/04 21:03:03,0.4,3451,61909,0
2026/06/04 21:03:07,0.1,3451,61909,0
2026/06/04 21:03:12,0.1,3451,61909,0
2026/06/04 21:03:17,0.4,3451,61909,0
2026/06/04 21:03:21,0.2,3451,61909,0
2026/06/04 21:03:26,0.2,3451,61909,0
2026/06/04 21:03:30,0.4,3451,61909,0
2026/06/04 21:03:35,0.1,3450,61909,0
2026/06/04 21:03:39,0.1,3450,61909,0
2026/06/04 21:03:44,0.2,3450,61909,0
2026/06/04 21:03:48,0.1,3451,61909,0
2026/06/04 21:03:53,0.4,3451,61909,0
2026/06/04 21:03:57,0.1,3451,61909,0
2026/06/04 21:04:02,0.2,3451,61909,0
2026/06/04 21:04:06,0.1,3451,61909,0
2026/06/04 21:04:11,0.1,3452,61909,0
2026/06/04 21:04:15,0.2,3451,61909,0
2026/06/04 21:04:20,0.1,3451,61909,0
2026/06/04 21:04:24,0.2,3451,61909,0
2026/06/04 21:04:29,0.2,3451,61909,0
2026/06/04 21:04:33,0.2,3451,61909,0
2026/06/04 21:04:38,0.2,3452,61909,0
2026/06/04 21:04:42,0.1,3451,61909,0
2026/06/04 21:04:47,0.1,3451,61909,0
2026/06/04 21:04:51,0.1,3451,61909,0
2026/06/04 21:04:56,0.2,3452,61909,0
2026/06/04 21:05:00,0.2,3452,61909,0
2026/06/04 21:05:05,0.1,3452,61909,0
2026/06/04 21:05:09,0.2,3452,61909,0
2026/06/04 21:05:14,0.1,3452,61909,0
2026/06/04 21:05:19,0.2,3452,61909,0
2026/06/04 21:05:23,0.1,3451,61909,0
2026/06/04 21:05:28,0.2,3451,61909,0
2026/06/04 21:05:32,0.2,3451,61909,0
2026/06/04 21:05:37,0.2,3451,61909,0
2026/06/04 21:05:41,0.1,3451,61909,0
2026/06/04 21:05:46,0.1,3452,61909,0
2026/06/04 21:05:50,0.2,3451,61909,0
2026/06/04 21:05:55,0.2,3451,61909,0
2026/06/04 21:05:59,0.1,3451,61909,0
2026/06/04 21:06:04,0.2,3451,61909,0
2026/06/04 21:06:08,0.2,3450,61909,0
2026/06/04 21:06:13,0.2,3451,61909,0
2026/06/04 21:06:17,0.1,3450,61909,0
2026/06/04 21:06:22,0.2,3451,61909,0
2026/06/04 21:06:26,0.2,3451,61909,0
2026/06/04 21:06:31,0.4,3450,61909,0
2026/06/04 21:06:35,0.2,3451,61909,0
2026/06/04 21:06:40,0.2,3451,61909,0
2026/06/04 21:06:44,0.2,3452,61909,0
2026/06/04 21:06:49,0.1,3452,61909,0
2026/06/04 21:06:53,0.1,3452,61909,0
2026/06/04 21:06:58,0.1,3451,61909,0
2026/06/04 21:07:02,0.2,3450,61909,0
2026/06/04 21:07:07,0.2,3451,61909,0
2026/06/04 21:07:11,0.1,3451,61909,0
2026/06/04 21:07:16,0.2,3450,61909,0
2026/06/04 21:07:21,0.2,3451,61909,0
2026/06/04 21:07:25,0.2,3451,61909,0
2026/06/04 21:07:30,0.2,3451,61909,0
2026/06/04 21:07:34,0.2,3451,61909,0
2026/06/04 21:07:39,0.2,3450,61909,0
2026/06/04 21:07:43,0.2,3451,61909,0
2026/06/04 21:07:48,0.1,3451,61909,0
2026/06/04 21:07:52,0.2,3451,61909,0
2026/06/04 21:07:57,0.1,3451,61909,0
2026/06/04 21:08:01,0.1,3451,61909,0
2026/06/04 21:08:06,0.1,3451,61909,0
2026/06/04 21:08:10,0.2,3451,61909,0
2026/06/04 21:08:15,0.1,3451,61909,0
2026/06/04 21:08:19,0.2,3452,61909,0
2026/06/04 21:08:24,0.2,3452,61909,0
2026/06/04 21:08:28,0.4,3451,61909,0
2026/06/04 21:08:33,0.2,3452,61909,0
2026/06/04 21:08:37,0.2,3452,61909,0
2026/06/04 21:08:42,0.1,3452,61909,0
2026/06/04 21:08:46,0.2,3451,61909,0
2026/06/04 21:08:51,0.2,3451,61909,0
2026/06/04 21:08:55,0.4,3451,61909,0
2026/06/04 21:09:00,0.4,3451,61909,0
2026/06/04 21:09:04,0.2,3452,61909,0
2026/06/04 21:09:09,0.2,3451,61909,0
2026/06/04 21:09:13,0.2,3450,61909,0
2026/06/04 21:09:18,0.2,3450,61909,0
2026/06/04 21:09:22,0.2,3450,61909,0
2026/06/04 21:09:27,0.2,3451,61909,0
2026/06/04 21:09:32,0.2,3451,61909,0
2026/06/04 21:09:36,0.2,3450,61909,0
2026/06/04 21:09:41,0.1,3450,61909,0
2026/06/04 21:09:45,0.2,3450,61909,0
2026/06/04 21:09:50,0.4,3450,61909,0
2026/06/04 21:09:54,0.1,3449,61909,0
2026/06/04 21:09:59,0.1,3449,61909,0
2026/06/04 21:10:03,0.1,3448,61909,0
2026/06/04 21:10:08,0.1,3447,61909,0
2026/06/04 21:10:12,0.2,3448,61909,0
2026/06/04 21:10:17,0.2,3448,61909,0
2026/06/04 21:10:21,0.1,3448,61909,0
2026/06/04 21:10:26,0.2,3448,61909,0
2026/06/04 21:10:30,0.4,3447,61909,0
2026/06/04 21:10:35,0.4,3447,61909,0
2026/06/04 21:10:39,0.2,3446,61909,0
2026/06/04 21:10:44,0.2,3446,61909,0
2026/06/04 21:10:48,0.4,3446,61909,0
2026/06/04 21:10:53,0.2,3447,61909,0
2026/06/04 21:10:57,0.1,3446,61909,0
2026/06/04 21:11:02,0.2,3447,61909,0
2026/06/04 21:11:06,0.1,3447,61909,0
2026/06/04 21:11:11,0.2,3447,61909,0
2026/06/04 21:11:15,0.1,3447,61909,0
2026/06/04 21:11:20,0.2,3447,61909,0
2026/06/04 21:11:24,0.4,3447,61909,0
2026/06/04 21:11:29,0.2,3447,61909,0
2026/06/04 21:11:34,0.1,3447,61909,0
2026/06/04 21:11:38,0.1,3447,61909,0
2026/06/04 21:11:43,0.2,3446,61909,0
2026/06/04 21:11:47,0.2,3446,61909,0
2026/06/04 21:11:52,0.1,3447,61909,0
2026/06/04 21:11:56,0.4,3446,61909,0
2026/06/04 21:12:01,0.2,3446,61909,0
2026/06/04 21:12:05,0.2,3447,61909,0
2026/06/04 21:12:10,0.2,3447,61909,0
2026/06/04 21:12:14,0.2,3447,61909,0
2026/06/04 21:12:19,0.2,3447,61909,0
2026/06/04 21:12:23,0.1,3446,61909,0
2026/06/04 21:12:28,0.1,3446,61909,0
2026/06/04 21:12:32,0.2,3447,61909,0
2026/06/04 21:12:37,0.1,3446,61909,0
2026/06/04 21:12:41,0.2,3446,61909,0
2026/06/04 21:12:46,0.2,3446,61909,0
2026/06/04 21:12:50,0.1,3446,61909,0
2026/06/04 21:12:55,0.1,3446,61909,0
2026/06/04 21:12:59,0.2,3445,61909,0
2026/06/04 21:13:04,0.4,3446,61909,0
2026/06/04 21:13:08,0.2,3446,61909,0
2026/06/04 21:13:13,0.0,3446,61909,0
2026/06/04 21:13:17,0.2,3445,61909,0
2026/06/04 21:13:22,0.1,3445,61909,0
2026/06/04 21:13:26,0.1,3446,61909,0
2026/06/04 21:13:31,0.2,3447,61909,0
2026/06/04 21:13:36,0.2,3447,61909,0
2026/06/04 21:13:40,0.1,3447,61909,0
2026/06/04 21:13:45,0.2,3447,61909,0
2026/06/04 21:13:49,0.2,3447,61909,0
2026/06/04 21:13:54,0.2,3447,61909,0
2026/06/04 21:13:58,0.2,3447,61909,0
2026/06/04 21:14:03,0.4,3447,61909,0
2026/06/04 21:14:07,0.1,3446,61909,0
2026/06/04 21:14:12,0.1,3445,61909,0
2026/06/04 21:14:16,0.2,3446,61909,0
2026/06/04 21:14:21,0.2,3446,61909,0
2026/06/04 21:14:25,0.2,3446,61909,0
2026/06/04 21:14:30,0.1,3446,61909,0
2026/06/04 21:14:34,0.2,3445,61909,0
2026/06/04 21:14:39,0.2,3445,61909,0
2026/06/04 21:14:43,0.2,3446,61909,0
2026/06/04 21:14:48,0.1,3446,61909,0
2026/06/04 21:14:52,0.4,3446,61909,0
2026/06/04 21:14:57,0.0,3446,61909,0
2026/06/04 21:15:01,0.2,3447,61909,0
2026/06/04 21:15:06,0.2,3446,61909,0
2026/06/04 21:15:10,0.1,3446,61909,0
2026/06/04 21:15:15,0.2,3446,61909,0
2026/06/04 21:15:19,0.1,3445,61909,0
2026/06/04 21:15:24,0.2,3446,61909,0
2026/06/04 21:15:28,0.1,3446,61909,0
2026/06/04 21:15:33,0.1,3446,61909,0
2026/06/04 21:15:38,0.2,3446,61909,0
2026/06/04 21:15:42,0.2,3446,61909,0
2026/06/04 21:15:47,0.2,3446,61909,0
2026/06/04 21:15:51,0.4,3446,61909,0
2026/06/04 21:15:56,0.2,3447,61909,0
2026/06/04 21:16:00,0.2,3447,61909,0
2026/06/04 21:16:05,0.2,3446,61909,0
2026/06/04 21:16:09,0.4,3446,61909,0
2026/06/04 21:16:14,0.2,3446,61909,0
2026/06/04 21:16:18,0.1,3447,61909,0
2026/06/04 21:16:23,0.1,3447,61909,0
2026/06/04 21:16:27,0.1,3446,61909,0
2026/06/04 21:16:32,0.0,3446,61909,0
2026/06/04 21:16:36,0.2,3445,61909,0
2026/06/04 21:16:41,0.2,3446,61909,0
2026/06/04 21:16:45,0.2,3445,61909,0
2026/06/04 21:16:50,0.2,3444,61909,0
2026/06/04 21:16:54,0.1,3445,61909,0
2026/06/04 21:16:59,0.2,3445,61909,0
2026/06/04 21:17:03,0.2,3444,61909,0
2026/06/04 21:17:08,0.1,3444,61909,0
2026/06/04 21:17:12,0.4,3445,61909,0
2026/06/04 21:17:17,0.2,3444,61909,0
2026/06/04 21:17:21,0.1,3444,61909,0
2026/06/04 21:17:26,0.2,3444,61909,0
2026/06/04 21:17:30,0.0,3444,61909,0
2026/06/04 21:17:35,0.1,3444,61909,0
2026/06/04 21:17:39,0.2,3444,61909,0
2026/06/04 21:17:44,0.1,3445,61909,0
2026/06/04 21:17:49,0.1,3445,61909,0
2026/06/04 21:17:53,0.1,3445,61909,0
2026/06/04 21:17:58,0.2,3445,61909,0
2026/06/04 21:18:02,0.2,3445,61909,0
2026/06/04 21:18:07,0.1,3445,61909,0
2026/06/04 21:18:11,0.1,3445,61909,0
2026/06/04 21:18:16,0.2,3445,61909,0
2026/06/04 21:18:20,0.2,3444,61909,0
2026/06/04 21:18:25,0.1,3444,61909,0
2026/06/04 21:18:29,0.1,3444,61909,0
2026/06/04 21:18:34,0.2,3444,61909,0
2026/06/04 21:18:38,0.1,3444,61909,0
2026/06/04 21:18:43,0.1,3444,61909,0
2026/06/04 21:18:47,0.2,3443,61909,0
2026/06/04 21:18:52,0.2,3443,61909,0
2026/06/04 21:18:56,0.1,3442,61909,0
2026/06/04 21:19:01,0.1,3443,61909,0
2026/06/04 21:19:05,0.1,3444,61909,0
2026/06/04 21:19:10,0.4,3443,61909,0
2026/06/04 21:19:14,0.1,3442,61909,0
2026/06/04 21:19:19,0.1,3442,61909,0
2026/06/04 21:19:23,0.1,3442,61909,0
2026/06/04 21:19:28,0.1,3442,61909,0
2026/06/04 21:19:32,0.2,3443,61909,0
2026/06/04 21:19:37,0.2,3442,61909,0
2026/06/04 21:19:41,0.1,3442,61909,0
2026/06/04 21:19:46,0.2,3443,61909,0
2026/06/04 21:19:51,0.1,3443,61909,0
2026/06/04 21:19:55,0.1,3443,61909,0
2026/06/04 21:20:00,0.4,3443,61909,0
2026/06/04 21:20:04,0.2,3444,61909,0
2026/06/04 21:20:09,0.1,3444,61909,0
2026/06/04 21:20:13,0.2,3443,61909,0
2026/06/04 21:20:18,0.2,3443,61909,0
2026/06/04 21:20:22,0.2,3444,61909,0
2026/06/04 21:20:27,0.2,3444,61909,0
2026/06/04 21:20:31,0.2,3443,61909,0
2026/06/04 21:20:36,0.2,3444,61909,0
2026/06/04 21:20:40,0.4,3443,61909,0
2026/06/04 21:20:45,0.1,3443,61909,0
2026/06/04 21:20:49,0.4,3443,61909,0
2026/06/04 21:20:54,0.1,3443,61909,0
2026/06/04 21:20:58,0.2,3443,61909,0
2026/06/04 21:21:03,0.2,3444,61909,0
2026/06/04 21:21:07,0.0,3443,61909,0
2026/06/04 21:21:12,0.2,3443,61909,0
2026/06/04 21:21:16,0.2,3444,61909,0
2026/06/04 21:21:21,0.2,3443,61909,0
2026/06/04 21:21:25,0.2,3443,61909,0
2026/06/04 21:21:30,0.1,3443,61909,0
2026/06/04 21:21:34,0.2,3444,61909,0
2026/06/04 21:21:39,0.1,3444,61909,0
2026/06/04 21:21:43,0.2,3444,61909,0
2026/06/04 21:21:48,0.2,3445,61909,0
2026/06/04 21:21:53,0.1,3445,61909,0
2026/06/04 21:21:57,0.2,3445,61909,0
2026/06/04 21:22:02,0.2,3444,61909,0
2026/06/04 21:22:06,0.2,3444,61909,0
2026/06/04 21:22:11,0.2,3444,61909,0
2026/06/04 21:22:15,0.2,3444,61909,0
2026/06/04 21:22:20,0.1,3444,61909,0
2026/06/04 21:22:24,0.4,3444,61909,0
2026/06/04 21:22:29,0.2,3444,61909,0
2026/06/04 21:22:33,0.1,3444,61909,0
2026/06/04 21:22:38,0.1,3444,61909,0
2026/06/04 21:22:42,0.1,3444,61909,0
2026/06/04 21:22:47,0.2,3445,61909,0
2026/06/04 21:22:51,0.4,3445,61909,0
2026/06/04 21:22:56,0.2,3444,61909,0
2026/06/04 21:23:00,0.2,3444,61909,0
2026/06/04 21:23:05,0.2,3445,61909,0
2026/06/04 21:23:09,0.5,3446,61909,0
2026/06/04 21:23:14,0.2,3446,61909,0
2026/06/04 21:23:18,0.2,3446,61909,0
2026/06/04 21:23:23,0.2,3445,61909,0
2026/06/04 21:23:27,0.2,3446,61909,0
2026/06/04 21:23:32,0.2,3445,61909,0
2026/06/04 21:23:36,0.1,3446,61909,0
2026/06/04 21:23:41,0.4,3446,61909,0
2026/06/04 21:23:45,0.2,3446,61909,0
2026/06/04 21:23:50,0.2,3447,61909,0
2026/06/04 21:23:55,0.2,3447,61909,0
2026/06/04 21:23:59,0.2,3447,61909,0
2026/06/04 21:24:04,0.1,3447,61909,0
2026/06/04 21:24:08,0.1,3448,61909,0
2026/06/04 21:24:13,0.2,3448,61909,0
2026/06/04 21:24:17,0.2,3447,61909,0
2026/06/04 21:24:22,0.1,3447,61909,0
2026/06/04 21:24:26,0.2,3447,61909,0
2026/06/04 21:24:31,0.2,3447,61909,0
2026/06/04 21:24:35,0.2,3448,61909,0
2026/06/04 21:24:40,0.2,3448,61909,0
2026/06/04 21:24:44,0.2,3447,61909,0
2026/06/04 21:24:49,0.2,3448,61909,0
2026/06/04 21:24:53,0.2,3448,61909,0
2026/06/04 21:24:58,0.1,3448,61909,0
2026/06/04 21:25:02,0.2,3448,61909,0
2026/06/04 21:25:07,0.2,3448,61909,0
2026/06/04 21:25:11,0.4,3447,61909,0
2026/06/04 21:25:16,0.2,3448,61909,0
2026/06/04 21:25:20,0.1,3448,61909,0
2026/06/04 21:25:25,0.2,3446,61909,0
2026/06/04 21:25:29,0.2,3446,61909,0
2026/06/04 21:25:34,0.1,3447,61909,0
2026/06/04 21:25:38,0.2,3446,61909,0
2026/06/04 21:25:43,0.4,3447,61909,0
2026/06/04 21:25:47,0.1,3447,61909,0
2026/06/04 21:25:52,0.4,3447,61909,0
2026/06/04 21:25:56,0.2,3447,61909,0
2026/06/04 21:26:01,0.2,3448,61909,0
2026/06/04 21:26:06,0.4,3447,61909,0
2026/06/04 21:26:10,0.2,3447,61909,0
2026/06/04 21:26:15,0.2,3447,61909,0
2026/06/04 21:26:19,0.2,3447,61909,0
2026/06/04 21:26:24,0.2,3447,61909,0
2026/06/04 21:26:28,0.2,3447,61909,0
2026/06/04 21:26:33,0.1,3447,61909,0
2026/06/04 21:26:37,0.2,3447,61909,0
2026/06/04 21:26:42,0.2,3447,61909,0
2026/06/04 21:26:46,0.1,3447,61909,0
2026/06/04 21:26:51,0.2,3447,61909,0
2026/06/04 21:26:55,0.2,3447,61909,0
2026/06/04 21:27:00,0.1,3446,61909,0
2026/06/04 21:27:04,0.4,3447,61909,0
2026/06/04 21:27:09,0.4,3446,61909,0
2026/06/04 21:27:13,0.2,3447,61909,0
2026/06/04 21:27:18,0.1,3447,61909,0
2026/06/04 21:27:22,0.2,3448,61909,0
2026/06/04 21:27:27,0.2,3448,61909,0
2026/06/04 21:27:31,0.2,3447,61909,0
2026/06/04 21:27:36,0.0,3448,61909,0
2026/06/04 21:27:40,0.4,3447,61909,0
2026/06/04 21:27:45,0.2,3448,61909,0
2026/06/04 21:27:49,0.2,3449,61909,0
2026/06/04 21:27:54,0.4,3449,61909,0
2026/06/04 21:27:58,0.4,3449,61909,0
2026/06/04 21:28:03,0.2,3448,61909,0
2026/06/04 21:28:08,0.2,3449,61909,0
2026/06/04 21:28:12,0.4,3448,61909,0
2026/06/04 21:28:17,0.1,3448,61909,0
2026/06/04 21:28:21,0.2,3448,61909,0
2026/06/04 21:28:26,0.1,3449,61909,0
2026/06/04 21:28:30,0.2,3449,61909,0
2026/06/04 21:28:35,0.2,3448,61909,0
2026/06/04 21:28:39,0.2,3448,61909,0
2026/06/04 21:28:44,0.1,3448,61909,0
2026/06/04 21:28:48,0.1,3448,61909,0
2026/06/04 21:28:53,0.2,3449,61909,0
2026/06/04 21:28:57,0.2,3448,61909,0
2026/06/04 21:29:02,0.1,3449,61909,0
2026/06/04 21:29:06,0.2,3448,61909,0
2026/06/04 21:29:11,0.2,3447,61909,0
2026/06/04 21:29:15,0.2,3448,61909,0
2026/06/04 21:29:20,0.2,3448,61909,0
2026/06/04 21:29:24,0.2,3448,61909,0
2026/06/04 21:29:29,0.1,3448,61909,0
2026/06/04 21:29:33,0.1,3448,61909,0
2026/06/04 21:29:38,0.4,3449,61909,0
2026/06/04 21:29:42,0.1,3448,61909,0
2026/06/04 21:29:47,0.2,3448,61909,0
2026/06/04 21:29:51,0.2,3448,61909,0
2026/06/04 21:29:56,0.1,3449,61909,0
2026/06/04 21:30:00,0.2,3448,61909,0
2026/06/04 21:30:05,0.1,3448,61909,0
2026/06/04 21:30:10,0.4,3449,61909,0
2026/06/04 21:30:14,0.1,3448,61909,0
2026/06/04 21:30:19,0.2,3448,61909,0
2026/06/04 21:30:23,0.1,3448,61909,0
2026/06/04 21:30:28,0.2,3449,61909,0
2026/06/04 21:30:32,0.2,3448,61909,0
2026/06/04 21:30:37,0.1,3448,61909,0
2026/06/04 21:30:41,0.1,3448,61909,0
2026/06/04 21:30:46,0.2,3448,61909,0
2026/06/04 21:30:50,0.2,3448,61909,0
2026/06/04 21:30:55,0.2,3447,61909,0
2026/06/04 21:30:59,0.2,3447,61909,0
2026/06/04 21:31:04,0.4,3447,61909,0
2026/06/04 21:31:08,0.2,3448,61909,0
2026/06/04 21:31:13,0.4,3448,61909,0
2026/06/04 21:31:17,0.4,3448,61909,0
2026/06/04 21:31:22,0.4,3448,61909,0
2026/06/04 21:31:26,0.4,3448,61909,0
2026/06/04 21:31:31,0.2,3448,61909,0
2026/06/04 21:31:35,0.2,3447,61909,0
2026/06/04 21:31:40,0.2,3447,61909,0
2026/06/04 21:31:44,0.2,3449,61909,0
2026/06/04 21:31:49,0.1,3448,61909,0
2026/06/04 21:31:53,0.1,3448,61909,0
2026/06/04 21:31:58,0.1,3449,61909,0
2026/06/04 21:32:02,0.2,3448,61909,0
2026/06/04 21:32:07,0.1,3448,61909,0
2026/06/04 21:32:11,0.2,3449,61909,0
2026/06/04 21:32:16,0.1,3449,61909,0
2026/06/04 21:32:21,0.2,3450,61909,0
2026/06/04 21:32:25,0.2,3449,61909,0
2026/06/04 21:32:30,0.2,3449,61909,0
2026/06/04 21:32:34,0.2,3449,61909,0
2026/06/04 21:32:39,0.1,3449,61909,0
2026/06/04 21:32:43,0.2,3449,61909,0
2026/06/04 21:32:48,0.2,3449,61909,0
2026/06/04 21:32:52,0.1,3448,61909,0
2026/06/04 21:32:57,0.4,3448,61909,0
2026/06/04 21:33:01,0.2,3449,61909,0
2026/06/04 21:33:06,0.1,3449,61909,0
2026/06/04 21:33:10,0.2,3449,61909,0
2026/06/04 21:33:15,0.2,3450,61909,0
2026/06/04 21:33:19,0.1,3449,61909,0
2026/06/04 21:33:24,0.2,3451,61909,0
2026/06/04 21:33:28,0.2,3450,61909,0
2026/06/04 21:33:33,0.2,3450,61909,0
2026/06/04 21:33:37,0.2,3449,61909,0
2026/06/04 21:33:42,0.1,3449,61909,0
2026/06/04 21:33:46,0.2,3449,61909,0
2026/06/04 21:33:51,0.1,3449,61909,0
2026/06/04 21:33:55,0.2,3449,61909,0
2026/06/04 21:34:00,0.1,3448,61909,0
2026/06/04 21:34:04,0.1,3449,61909,0
2026/06/04 21:34:09,0.2,3448,61909,0
2026/06/04 21:34:13,0.1,3448,61909,0
2026/06/04 21:34:18,0.2,3448,61909,0
2026/06/04 21:34:23,0.2,3448,61909,0
2026/06/04 21:34:27,0.4,3449,61909,0
2026/06/04 21:34:32,0.2,3449,61909,0
2026/06/04 21:34:36,0.2,3450,61909,0
2026/06/04 21:34:41,0.1,3450,61909,0
2026/06/04 21:34:45,0.2,3450,61909,0
2026/06/04 21:34:50,0.2,3450,61909,0
2026/06/04 21:34:54,0.4,3450,61909,0
2026/06/04 21:34:59,0.2,3450,61909,0
2026/06/04 21:35:03,0.2,3450,61909,0
2026/06/04 21:35:08,0.4,3449,61909,0
2026/06/04 21:35:12,0.2,3450,61909,0
2026/06/04 21:35:17,0.2,3450,61909,0
2026/06/04 21:35:21,0.2,3450,61909,0
2026/06/04 21:35:26,0.1,3450,61909,0
2026/06/04 21:35:30,0.4,3450,61909,0
2026/06/04 21:35:35,0.1,3449,61909,0
2026/06/04 21:35:39,0.2,3450,61909,0
2026/06/04 21:35:44,0.2,3449,61909,0
2026/06/04 21:35:48,0.1,3449,61909,0
2026/06/04 21:35:53,0.2,3449,61909,0
2026/06/04 21:35:57,0.2,3448,61909,0
2026/06/04 21:36:02,0.1,3447,61909,0
2026/06/04 21:36:06,0.1,3447,61909,0
2026/06/04 21:36:11,0.1,3448,61909,0
2026/06/04 21:36:15,0.2,3448,61909,0
2026/06/04 21:36:20,0.1,3448,61909,0
2026/06/04 21:36:25,0.1,3448,61909,0
2026/06/04 21:36:29,0.1,3448,61909,0
2026/06/04 21:36:34,0.2,3449,61909,0
2026/06/04 21:36:38,0.2,3448,61909,0
2026/06/04 21:36:43,0.4,3448,61909,0
2026/06/04 21:36:47,0.2,3448,61909,0
2026/06/04 21:36:52,0.1,3448,61909,0
2026/06/04 21:36:56,0.2,3448,61909,0
2026/06/04 21:37:01,0.0,3446,61909,0
2026/06/04 21:37:05,0.2,3446,61909,0
2026/06/04 21:37:10,0.1,3446,61909,0
2026/06/04 21:37:14,0.2,3446,61909,0
2026/06/04 21:37:19,0.1,3445,61909,0
2026/06/04 21:37:23,0.1,3446,61909,0
2026/06/04 21:37:28,0.2,3447,61909,0
2026/06/04 21:37:32,0.1,3446,61909,0
2026/06/04 21:37:37,0.4,3446,61909,0
2026/06/04 21:37:41,0.1,3446,61909,0
2026/06/04 21:37:46,0.2,3446,61909,0
2026/06/04 21:37:50,0.0,3446,61909,0
2026/06/04 21:37:55,0.1,3446,61909,0
2026/06/04 21:37:59,0.2,3446,61909,0
2026/06/04 21:38:04,0.2,3446,61909,0
2026/06/04 21:38:08,0.4,3446,61909,0
2026/06/04 21:38:13,0.2,3445,61909,0
2026/06/04 21:38:17,0.2,3446,61909,0
2026/06/04 21:38:22,0.1,3446,61909,0
2026/06/04 21:38:26,0.1,3446,61909,0
2026/06/04 21:38:31,0.2,3446,61909,0
2026/06/04 21:38:36,0.2,3447,61909,0
2026/06/04 21:38:40,0.2,3447,61909,0
2026/06/04 21:38:45,0.2,3447,61909,0
2026/06/04 21:38:49,0.2,3447,61909,0
2026/06/04 21:38:54,0.2,3447,61909,0
2026/06/04 21:38:58,0.1,3447,61909,0
2026/06/04 21:39:03,0.1,3447,61909,0
2026/06/04 21:39:07,0.4,3447,61909,0
2026/06/04 21:39:12,0.1,3447,61909,0
2026/06/04 21:39:16,0.2,3447,61909,0
2026/06/04 21:39:21,0.1,3447,61909,0
2026/06/04 21:39:25,0.2,3447,61909,0
2026/06/04 21:39:30,0.2,3446,61909,0
2026/06/04 21:39:34,0.1,3446,61909,0
2026/06/04 21:39:39,0.4,3446,61909,0
2026/06/04 21:39:43,0.2,3446,61909,0
2026/06/04 21:39:48,0.4,3446,61909,0
2026/06/04 21:39:52,0.2,3447,61909,0
2026/06/04 21:39:57,0.2,3446,61909,0
2026/06/04 21:40:01,0.4,3446,61909,0
2026/06/04 21:40:06,0.2,3446,61909,0
2026/06/04 21:40:10,0.2,3446,61909,0
2026/06/04 21:40:15,0.1,3445,61909,0
2026/06/04 21:40:19,0.2,3445,61909,0
2026/06/04 21:40:24,0.2,3445,61909,0
2026/06/04 21:40:28,0.2,3445,61909,0
2026/06/04 21:40:33,0.2,3445,61909,0
2026/06/04 21:40:38,0.1,3446,61909,0
2026/06/04 21:40:42,0.2,3445,61909,0
2026/06/04 21:40:47,0.1,3446,61909,0
2026/06/04 21:40:51,0.2,3446,61909,0
2026/06/04 21:40:56,0.0,3446,61909,0
2026/06/04 21:41:00,0.2,3446,61909,0
2026/06/04 21:41:05,0.2,3447,61909,0
2026/06/04 21:41:09,0.4,3446,61909,0
2026/06/04 21:41:14,0.1,3447,61909,0
2026/06/04 21:41:18,0.1,3447,61909,0
2026/06/04 21:41:23,0.2,3447,61909,0
2026/06/04 21:41:27,0.2,3448,61909,0
2026/06/04 21:41:32,0.2,3448,61909,0
2026/06/04 21:41:36,0.2,3448,61909,0
2026/06/04 21:41:41,0.2,3448,61909,0
2026/06/04 21:41:45,0.2,3448,61909,0
2026/06/04 21:41:50,0.2,3448,61909,0
2026/06/04 21:41:54,0.2,3448,61909,0
2026/06/04 21:41:59,0.2,3449,61909,0
2026/06/04 21:42:03,0.2,3449,61909,0
2026/06/04 21:42:08,0.2,3448,61909,0
2026/06/04 21:42:12,0.4,3447,61909,0
2026/06/04 21:42:17,0.1,3448,61909,0
2026/06/04 21:42:21,0.1,3448,61909,0
2026/06/04 21:42:26,0.2,3448,61909,0
2026/06/04 21:42:30,0.0,3448,61909,0
2026/06/04 21:42:35,0.4,3448,61909,0
2026/06/04 21:42:40,0.4,3448,61909,0
2026/06/04 21:42:44,0.2,3448,61909,0
2026/06/04 21:42:49,0.1,3447,61909,0
2026/06/04 21:42:53,0.2,3448,61909,0
2026/06/04 21:42:58,0.1,3448,61909,0
2026/06/04 21:43:02,0.1,3448,61909,0
2026/06/04 21:43:07,0.2,3448,61909,0
2026/06/04 21:43:11,0.4,3449,61909,0
2026/06/04 21:43:16,0.2,3448,61909,0
2026/06/04 21:43:20,0.2,3448,61909,0
2026/06/04 21:43:25,0.1,3449,61909,0
2026/06/04 21:43:29,0.2,3449,61909,0
2026/06/04 21:43:34,0.2,3450,61909,0
2026/06/04 21:43:38,0.1,3451,61909,0
2026/06/04 21:43:43,0.1,3452,61909,0
2026/06/04 21:43:47,0.2,3452,61909,0
2026/06/04 21:43:52,0.1,3452,61909,0
2026/06/04 21:43:56,0.0,3452,61909,0
2026/06/04 21:44:01,0.0,3452,61909,0
2026/06/04 21:44:05,0.4,3452,61909,0
2026/06/04 21:44:10,0.1,3453,61909,0
2026/06/04 21:44:14,0.1,3452,61909,0
2026/06/04 21:44:19,0.2,3452,61909,0
2026/06/04 21:44:23,0.2,3452,61909,0
2026/06/04 21:44:28,0.1,3453,61909,0
2026/06/04 21:44:32,0.2,3453,61909,0
2026/06/04 21:44:37,0.2,3453,61909,0
2026/06/04 21:44:41,0.2,3453,61909,0
2026/06/04 21:44:46,0.2,3453,61909,0
2026/06/04 21:44:51,0.0,3453,61909,0
2026/06/04 21:44:55,0.2,3452,61909,0
2026/06/04 21:45:00,0.2,3453,61909,0
2026/06/04 21:45:04,0.4,3453,61909,0
2026/06/04 21:45:09,0.1,3453,61909,0
2026/06/04 21:45:13,0.2,3454,61909,0
2026/06/04 21:45:18,0.1,3453,61909,0
2026/06/04 21:45:22,0.2,3453,61909,0
2026/06/04 21:45:27,0.4,3453,61909,0
2026/06/04 21:45:31,0.2,3453,61909,0
2026/06/04 21:45:36,0.1,3453,61909,0
2026/06/04 21:45:40,0.1,3454,61909,0
2026/06/04 21:45:45,0.2,3454,61909,0
2026/06/04 21:45:49,0.1,3455,61909,0
2026/06/04 21:45:54,0.2,3454,61909,0
2026/06/04 21:45:58,0.1,3455,61909,0
2026/06/04 21:46:03,0.2,3455,61909,0
2026/06/04 21:46:07,0.2,3455,61909,0
2026/06/04 21:46:12,0.1,3455,61909,0
2026/06/04 21:46:16,0.4,3455,61909,0
2026/06/04 21:46:21,0.1,3455,61909,0
2026/06/04 21:46:25,0.2,3456,61909,0
2026/06/04 21:46:30,0.1,3455,61909,0
2026/06/04 21:46:34,0.1,3456,61909,0
2026/06/04 21:46:39,0.2,3456,61909,0
2026/06/04 21:46:43,0.2,3456,61909,0
2026/06/04 21:46:48,0.1,3456,61909,0
2026/06/04 21:46:53,0.2,3457,61909,0
2026/06/04 21:46:57,0.0,3457,61909,0
2026/06/04 21:47:02,0.2,3457,61909,0
2026/06/04 21:47:06,0.1,3456,61909,0
2026/06/04 21:47:11,0.2,3456,61909,0
2026/06/04 21:47:15,0.2,3455,61909,0
2026/06/04 21:47:20,0.2,3455,61909,0
2026/06/04 21:47:24,0.2,3454,61909,0
2026/06/04 21:47:29,0.2,3454,61909,0
2026/06/04 21:47:33,0.2,3455,61909,0
2026/06/04 21:47:38,0.1,3455,61909,0
2026/06/04 21:47:42,0.0,3455,61909,0
2026/06/04 21:47:47,0.4,3455,61909,0
2026/06/04 21:47:51,0.2,3455,61909,0
2026/06/04 21:47:56,0.2,3456,61909,0
2026/06/04 21:48:00,0.1,3466,61909,0
2026/06/04 21:48:05,13.4,3725,61909,0
2026/06/04 21:48:09,0.2,3696,61909,0
2026/06/04 21:48:14,0.5,3670,61909,0
2026/06/04 21:48:18,0.2,3654,61909,0
2026/06/04 21:48:23,0.7,3647,61909,0
2026/06/04 21:48:27,0.4,3644,61909,0
2026/06/04 21:48:32,0.4,3643,61909,0
2026/06/04 21:48:36,0.2,3642,61909,0
2026/06/04 21:48:41,0.1,3643,61909,0
2026/06/04 21:48:45,0.4,3643,61909,0
2026/06/04 21:48:50,0.1,3642,61909,0
2026/06/04 21:48:55,0.2,3614,61909,0
2026/06/04 21:48:59,0.4,3615,61909,0
2026/06/04 21:49:04,0.2,3615,61909,0
2026/06/04 21:49:08,0.1,3615,61909,0
2026/06/04 21:49:13,0.2,3615,61909,0
2026/06/04 21:49:17,0.4,3617,61909,0
2026/06/04 21:49:22,0.1,3617,61909,0
2026/06/04 21:49:26,0.4,3617,61909,0
2026/06/04 21:49:31,0.2,3617,61909,0
2026/06/04 21:49:35,0.4,3616,61909,0
2026/06/04 21:49:40,0.1,3617,61909,0
2026/06/04 21:49:44,0.2,3617,61909,0
2026/06/04 21:49:49,0.1,3618,61909,0
2026/06/04 21:49:53,0.1,3619,61909,0
2026/06/04 21:49:58,0.4,3618,61909,0
2026/06/04 21:50:02,0.1,3619,61909,0
2026/06/04 21:50:07,0.1,3620,61909,0
2026/06/04 21:50:11,0.2,3620,61909,0
2026/06/04 21:50:16,0.2,3620,61909,0
2026/06/04 21:50:20,0.2,3620,61909,0
2026/06/04 21:50:25,0.2,3620,61909,0
2026/06/04 21:50:29,0.4,3621,61909,0
2026/06/04 21:50:34,0.1,3620,61909,0
2026/06/04 21:50:38,0.4,3621,61909,0
2026/06/04 21:50:43,0.2,3620,61909,0
2026/06/04 21:50:47,0.1,3619,61909,0
2026/06/04 21:50:52,0.2,3620,61909,0
2026/06/04 21:50:57,0.2,3621,61909,0
2026/06/04 21:51:01,0.2,3620,61909,0
2026/06/04 21:51:06,0.1,3621,61909,0
2026/06/04 21:51:10,0.2,3621,61909,0
2026/06/04 21:51:15,0.4,3623,61909,0
2026/06/04 21:51:19,1.7,3638,61909,0
2026/06/04 21:51:24,1.5,3653,61909,0
2026/06/04 21:51:28,0.4,3664,61909,0
2026/06/04 21:51:33,0.2,3663,61909,0
2026/06/04 21:51:37,0.4,3660,61909,0
2026/06/04 21:51:42,0.4,3661,61909,0
2026/06/04 21:51:46,0.4,3661,61909,0
2026/06/04 21:51:51,1.2,3649,61909,0
2026/06/04 21:51:55,1.2,3649,61909,0
2026/06/04 21:52:00,0.6,3637,61909,0
2026/06/04 21:52:04,0.4,3646,61909,0
2026/06/04 21:52:09,0.4,3646,61909,0
2026/06/04 21:52:13,0.2,3649,61909,0
2026/06/04 21:52:18,1.2,3656,61909,0
2026/06/04 21:52:22,1.4,3652,61909,0
2026/06/04 21:52:27,2.2,3651,61909,0
2026/06/04 21:52:31,0.4,3655,61909,0
2026/06/04 21:52:36,0.2,3655,61909,0
2026/06/04 21:52:40,0.2,3655,61909,0
2026/06/04 21:52:45,0.7,3656,61909,0
2026/06/04 21:52:49,0.4,3656,61909,0
2026/06/04 21:52:54,0.7,3657,61909,0
2026/06/04 21:52:59,0.2,3658,61909,0
2026/06/04 21:53:03,0.4,3658,61909,0
2026/06/04 21:53:08,0.2,3652,61909,0
2026/06/04 21:53:12,0.7,3651,61909,0
2026/06/04 21:53:17,0.4,3652,61909,0
2026/06/04 21:53:21,0.6,3652,61909,0
2026/06/04 21:53:26,0.2,3651,61909,0
2026/06/04 21:53:30,0.5,3651,61909,0
2026/06/04 21:53:35,0.5,3651,61909,0
2026/06/04 21:53:39,0.4,3652,61909,0
2026/06/04 21:53:44,0.2,3652,61909,0
2026/06/04 21:53:48,0.4,3652,61909,0
2026/06/04 21:53:53,0.6,3652,61909,0
2026/06/04 21:53:57,11.1,3766,61909,0
2026/06/04 21:54:02,1.1,3948,61909,0
2026/06/04 21:54:06,0.9,3931,61909,0
2026/06/04 21:54:11,1.0,3687,61909,0
2026/06/04 21:54:15,0.1,3697,61909,0
2026/06/04 21:54:20,0.6,3693,61909,0
2026/06/04 21:54:24,0.6,3674,61909,0
2026/06/04 21:54:29,0.2,3670,61909,0
2026/06/04 21:54:33,0.1,3668,61909,0
2026/06/04 21:54:38,0.4,3669,61909,0
2026/06/04 21:54:42,4.2,3758,61909,0
2026/06/04 21:54:47,1.1,3703,61909,0
2026/06/04 21:54:51,1.2,3690,61909,0
2026/06/04 21:54:56,1.9,3670,61909,0
2026/06/04 21:55:01,0.7,3670,61909,0
2026/06/04 21:55:05,1.0,3669,61909,0
2026/06/04 21:55:10,0.7,3677,61909,0
2026/06/04 21:55:14,0.5,3683,61909,0
2026/06/04 21:55:19,0.1,3680,61909,0
2026/06/04 21:55:23,0.6,3672,61909,0
2026/06/04 21:55:28,0.2,3672,61909,0
2026/06/04 21:55:32,0.1,3672,61909,0
2026/06/04 21:55:37,0.2,3663,61909,0
2026/06/04 21:55:41,0.2,3662,61909,0
2026/06/04 21:55:46,0.4,3662,61909,0
2026/06/04 21:55:50,0.1,3662,61909,0
2026/06/04 21:55:55,0.9,3670,61909,0
2026/06/04 21:55:59,0.4,3670,61909,0
2026/06/04 21:56:04,0.1,3673,61909,0
2026/06/04 21:56:08,0.1,3673,61909,0
2026/06/04 21:56:13,0.2,3676,61909,0
2026/06/04 21:56:17,0.2,3686,61909,0
2026/06/04 21:56:22,0.2,3684,61909,0
2026/06/04 21:56:26,0.1,3685,61909,0
2026/06/04 21:56:31,0.4,3686,61909,0
2026/06/04 21:56:35,0.2,3686,61909,0
2026/06/04 21:56:40,0.4,3686,61909,0
2026/06/04 21:56:44,0.2,3687,61909,0
2026/06/04 21:56:49,0.4,3688,61909,0
2026/06/04 21:56:53,0.2,3688,61909,0
2026/06/04 21:56:58,0.2,3688,61909,0
2026/06/04 21:57:03,0.2,3688,61909,0
2026/06/04 21:57:07,0.4,3688,61909,0
2026/06/04 21:57:12,0.2,3689,61909,0
2026/06/04 21:57:16,0.2,3689,61909,0
2026/06/04 21:57:21,0.1,3690,61909,0
2026/06/04 21:57:25,0.2,3689,61909,0
2026/06/04 21:57:30,0.2,3690,61909,0
2026/06/04 21:57:34,0.2,3690,61909,0
2026/06/04 21:57:39,0.1,3690,61909,0
2026/06/04 21:57:43,0.2,3691,61909,0
2026/06/04 21:57:48,0.2,3691,61909,0
2026/06/04 21:57:52,0.2,3691,61909,0
2026/06/04 21:57:57,0.4,3691,61909,0
2026/06/04 21:58:01,0.2,3692,61909,0
2026/06/04 21:58:06,0.2,3692,61909,0
2026/06/04 21:58:10,0.4,3692,61909,0
2026/06/04 21:58:15,0.2,3692,61909,0
2026/06/04 21:58:19,0.5,3693,61909,0
2026/06/04 21:58:24,0.2,3691,61909,0
2026/06/04 21:58:28,0.4,3692,61909,0
2026/06/04 21:58:33,0.4,3692,61909,0
2026/06/04 21:58:37,0.2,3692,61909,0
2026/06/04 21:58:42,0.2,3679,61909,0
2026/06/04 21:58:46,0.5,3679,61909,0
2026/06/04 21:58:51,0.1,3678,61909,0
2026/06/04 21:58:55,0.4,3678,61909,0
2026/06/04 21:59:00,0.1,3678,61909,0
2026/06/04 21:59:04,0.4,3678,61909,0
2026/06/04 21:59:09,0.4,3678,61909,0
2026/06/04 21:59:14,0.2,3679,61909,0
2026/06/04 21:59:18,0.1,3679,61909,0
2026/06/04 21:59:23,0.2,3679,61909,0
2026/06/04 21:59:27,0.2,3679,61909,0
2026/06/04 21:59:32,0.2,3679,61909,0
2026/06/04 21:59:36,0.2,3679,61909,0
2026/06/04 21:59:41,0.4,3679,61909,0
2026/06/04 21:59:45,0.2,3679,61909,0
2026/06/04 21:59:50,0.1,3679,61909,0
2026/06/04 21:59:54,0.1,3679,61909,0
2026/06/04 21:59:59,0.4,3679,61909,0
2026/06/04 22:00:03,0.2,3679,61909,0
2026/06/04 22:00:08,0.0,3679,61909,0
2026/06/04 22:00:12,0.2,3679,61909,0
2026/06/04 22:00:17,0.2,3680,61909,0
2026/06/04 22:00:21,0.1,3680,61909,0
2026/06/04 22:00:26,0.2,3681,61909,0
2026/06/04 22:00:30,0.1,3680,61909,0
2026/06/04 22:00:35,0.2,3680,61909,0
2026/06/04 22:00:39,0.2,3681,61909,0
2026/06/04 22:00:44,0.2,3681,61909,0
2026/06/04 22:00:48,0.2,3681,61909,0
2026/06/04 22:00:53,0.1,3682,61909,0
2026/06/04 22:00:57,0.0,3682,61909,0
2026/06/04 22:01:02,0.2,3682,61909,0
2026/06/04 22:01:06,0.1,3682,61909,0
2026/06/04 22:01:11,0.2,3682,61909,0
2026/06/04 22:01:16,0.2,3682,61909,0
2026/06/04 22:01:20,0.2,3676,61909,0
2026/06/04 22:01:25,0.2,3676,61909,0
2026/06/04 22:01:29,0.2,3677,61909,0
2026/06/04 22:01:34,0.5,3677,61909,0
2026/06/04 22:01:38,0.2,3677,61909,0
2026/06/04 22:01:43,0.4,3677,61909,0
2026/06/04 22:01:47,0.2,3677,61909,0
2026/06/04 22:01:52,0.4,3678,61909,0
2026/06/04 22:01:56,0.1,3678,61909,0
2026/06/04 22:02:01,0.2,3677,61909,0
2026/06/04 22:02:05,0.2,3677,61909,0
2026/06/04 22:02:10,0.1,3677,61909,0
2026/06/04 22:02:14,0.2,3677,61909,0
2026/06/04 22:02:19,0.0,3676,61909,0
2026/06/04 22:02:23,0.4,3676,61909,0
2026/06/04 22:02:28,0.4,3675,61909,0
2026/06/04 22:02:32,0.2,3675,61909,0
2026/06/04 22:02:37,0.2,3675,61909,0
2026/06/04 22:02:41,0.4,3675,61909,0
2026/06/04 22:02:46,0.2,3674,61909,0
2026/06/04 22:02:50,0.1,3675,61909,0
2026/06/04 22:02:55,0.4,3675,61909,0
2026/06/04 22:02:59,0.2,3674,61909,0
2026/06/04 22:03:04,0.2,3675,61909,0
2026/06/04 22:03:08,0.2,3674,61909,0
2026/06/04 22:03:13,0.4,3675,61909,0
2026/06/04 22:03:18,0.1,3674,61909,0
2026/06/04 22:03:22,0.2,3675,61909,0
2026/06/04 22:03:27,0.2,3674,61909,0
2026/06/04 22:03:31,0.2,3674,61909,0
2026/06/04 22:03:36,0.2,3674,61909,0
2026/06/04 22:03:40,0.1,3674,61909,0
2026/06/04 22:03:45,0.2,3674,61909,0
2026/06/04 22:03:49,0.2,3674,61909,0
2026/06/04 22:03:54,0.1,3675,61909,0
2026/06/04 22:03:58,0.2,3674,61909,0
2026/06/04 22:04:03,0.2,3674,61909,0
2026/06/04 22:04:07,0.1,3675,61909,0
2026/06/04 22:04:12,0.4,3675,61909,0
2026/06/04 22:04:16,0.1,3676,61909,0
2026/06/04 22:04:21,0.4,3677,61909,0
2026/06/04 22:04:25,0.2,3677,61909,0
2026/06/04 22:04:30,0.1,3677,61909,0
2026/06/04 22:04:34,0.4,3677,61909,0
2026/06/04 22:04:39,0.2,3677,61909,0
2026/06/04 22:04:43,0.1,3677,61909,0
2026/06/04 22:04:48,0.4,3678,61909,0
2026/06/04 22:04:52,0.2,3678,61909,0
2026/06/04 22:04:57,0.4,3678,61909,0
2026/06/04 22:05:01,0.1,3679,61909,0
2026/06/04 22:05:06,0.2,3679,61909,0
2026/06/04 22:05:10,0.2,3679,61909,0
2026/06/04 22:05:15,0.4,3679,61909,0
2026/06/04 22:05:20,0.1,3679,61909,0
2026/06/04 22:05:24,0.2,3680,61909,0
2026/06/04 22:05:29,0.2,3679,61909,0
2026/06/04 22:05:33,0.2,3679,61909,0
2026/06/04 22:05:38,0.2,3679,61909,0
2026/06/04 22:05:42,0.2,3678,61909,0
2026/06/04 22:05:47,0.1,3678,61909,0
2026/06/04 22:05:51,0.1,3677,61909,0
2026/06/04 22:05:56,0.2,3678,61909,0
2026/06/04 22:06:00,0.1,3678,61909,0
2026/06/04 22:06:05,0.4,3678,61909,0
2026/06/04 22:06:09,0.4,3678,61909,0
2026/06/04 22:06:14,0.1,3677,61909,0
2026/06/04 22:06:18,0.4,3677,61909,0
2026/06/04 22:06:23,0.1,3677,61909,0
2026/06/04 22:06:27,0.1,3677,61909,0
2026/06/04 22:06:32,0.2,3676,61909,0
2026/06/04 22:06:36,0.2,3676,61909,0
2026/06/04 22:06:41,0.2,3676,61909,0
2026/06/04 22:06:45,0.2,3677,61909,0
2026/06/04 22:06:50,0.2,3676,61909,0
2026/06/04 22:06:54,0.4,3677,61909,0
2026/06/04 22:06:59,0.1,3677,61909,0
2026/06/04 22:07:03,0.1,3678,61909,0
2026/06/04 22:07:08,0.2,3678,61909,0
2026/06/04 22:07:12,0.2,3678,61909,0
2026/06/04 22:07:17,0.4,3678,61909,0
2026/06/04 22:07:21,0.2,3678,61909,0
2026/06/04 22:07:26,0.2,3678,61909,0
2026/06/04 22:07:31,0.2,3678,61909,0
2026/06/04 22:07:35,0.2,3678,61909,0
2026/06/04 22:07:40,0.2,3682,61909,0
2026/06/04 22:07:44,0.2,3683,61909,0
2026/06/04 22:07:49,0.4,3683,61909,0
2026/06/04 22:07:53,0.6,3684,61909,0
2026/06/04 22:07:58,0.2,3684,61909,0
2026/06/04 22:08:02,0.2,3683,61909,0
2026/06/04 22:08:07,0.4,3683,61909,0
2026/06/04 22:08:11,0.1,3683,61909,0
2026/06/04 22:08:16,0.2,3689,61909,0
2026/06/04 22:08:20,1.4,3699,61909,0
2026/06/04 22:08:25,0.4,3701,61909,0
2026/06/04 22:08:29,0.1,3702,61909,0
2026/06/04 22:08:34,0.4,3702,61909,0
2026/06/04 22:08:38,0.4,3702,61909,0
2026/06/04 22:08:43,0.2,3702,61909,0
2026/06/04 22:08:47,0.2,3701,61909,0
2026/06/04 22:08:52,0.1,3701,61909,0
2026/06/04 22:08:56,0.2,3700,61909,0
2026/06/04 22:09:01,0.2,3700,61909,0
2026/06/04 22:09:05,0.2,3700,61909,0
2026/06/04 22:09:10,0.1,3700,61909,0
2026/06/04 22:09:14,0.1,3700,61909,0
2026/06/04 22:09:19,0.2,3700,61909,0
2026/06/04 22:09:23,0.1,3701,61909,0
2026/06/04 22:09:28,0.1,3701,61909,0
2026/06/04 22:09:33,1.4,3702,61909,0
2026/06/04 22:09:37,0.4,3677,61909,0
2026/06/04 22:09:42,0.4,3677,61909,0
2026/06/04 22:09:46,0.4,3676,61909,0
2026/06/04 22:09:51,0.4,3676,61909,0
2026/06/04 22:09:55,0.1,3676,61909,0
2026/06/04 22:10:00,0.5,3676,61909,0
2026/06/04 22:10:04,0.2,3676,61909,0
2026/06/04 22:10:09,0.4,3676,61909,0
2026/06/04 22:10:13,0.2,3676,61909,0
2026/06/04 22:10:18,0.4,3676,61909,0
2026/06/04 22:10:22,0.2,3676,61909,0
2026/06/04 22:10:27,0.2,3677,61909,0
2026/06/04 22:10:31,0.2,3677,61909,0
2026/06/04 22:10:36,0.1,3678,61909,0
2026/06/04 22:10:40,0.4,3678,61909,0
2026/06/04 22:10:45,0.2,3678,61909,0
2026/06/04 22:10:49,0.2,3679,61909,0
2026/06/04 22:10:54,0.4,3679,61909,0
2026/06/04 22:10:58,0.1,3679,61909,0
2026/06/04 22:11:03,0.2,3679,61909,0
2026/06/04 22:11:07,0.2,3679,61909,0
2026/06/04 22:11:12,0.0,3679,61909,0
2026/06/04 22:11:16,0.2,3680,61909,0
2026/06/04 22:11:21,0.2,3679,61909,0
2026/06/04 22:11:25,0.4,3679,61909,0
2026/06/04 22:11:30,0.2,3679,61909,0
2026/06/04 22:11:35,0.2,3678,61909,0
2026/06/04 22:11:39,0.1,3678,61909,0
2026/06/04 22:11:44,0.2,3678,61909,0
2026/06/04 22:11:48,0.1,3678,61909,0
2026/06/04 22:11:53,0.2,3678,61909,0
2026/06/04 22:11:57,0.1,3677,61909,0
2026/06/04 22:12:02,0.4,3678,61909,0
2026/06/04 22:12:06,0.2,3678,61909,0
2026/06/04 22:12:11,0.1,3678,61909,0
2026/06/04 22:12:15,0.2,3678,61909,0
2026/06/04 22:12:20,0.1,3678,61909,0
2026/06/04 22:12:24,0.2,3678,61909,0
2026/06/04 22:12:29,0.1,3678,61909,0
2026/06/04 22:12:33,0.1,3678,61909,0
2026/06/04 22:12:38,0.2,3678,61909,0
2026/06/04 22:12:42,0.2,3679,61909,0
2026/06/04 22:12:47,0.1,3679,61909,0
2026/06/04 22:12:51,0.2,3679,61909,0
2026/06/04 22:12:56,0.4,3679,61909,0
2026/06/04 22:13:00,0.2,3679,61909,0
2026/06/04 22:13:05,0.1,3679,61909,0
2026/06/04 22:13:09,0.2,3679,61909,0
2026/06/04 22:13:14,0.2,3679,61909,0
2026/06/04 22:13:18,0.2,3678,61909,0
2026/06/04 22:13:23,0.1,3678,61909,0
2026/06/04 22:13:27,0.2,3678,61909,0
2026/06/04 22:13:32,0.1,3679,61909,0
2026/06/04 22:13:37,0.2,3679,61909,0
2026/06/04 22:13:41,0.1,3678,61909,0
2026/06/04 22:13:46,0.4,3678,61909,0
2026/06/04 22:13:50,0.4,3678,61909,0
2026/06/04 22:13:55,0.1,3678,61909,0
2026/06/04 22:13:59,0.2,3679,61909,0
2026/06/04 22:14:04,0.4,3679,61909,0
2026/06/04 22:14:08,0.2,3679,61909,0
2026/06/04 22:14:13,0.1,3679,61909,0
2026/06/04 22:14:17,0.1,3680,61909,0
2026/06/04 22:14:22,0.2,3680,61909,0
2026/06/04 22:14:26,0.2,3679,61909,0
2026/06/04 22:14:31,0.2,3679,61909,0
2026/06/04 22:14:35,0.2,3679,61909,0
2026/06/04 22:14:40,0.2,3679,61909,0
2026/06/04 22:14:44,0.2,3679,61909,0
2026/06/04 22:14:49,0.4,3679,61909,0
2026/06/04 22:14:53,0.2,3678,61909,0
2026/06/04 22:14:58,0.1,3677,61909,0
2026/06/04 22:15:02,0.2,3676,61909,0
2026/06/04 22:15:07,0.4,3675,61909,0
2026/06/04 22:15:11,0.1,3677,61909,0
2026/06/04 22:15:16,0.2,3675,61909,0
2026/06/04 22:15:20,0.1,3675,61909,0
2026/06/04 22:15:25,0.1,3675,61909,0
2026/06/04 22:15:29,0.2,3675,61909,0
2026/06/04 22:15:34,0.2,3676,61909,0
2026/06/04 22:15:38,0.1,3676,61909,0
2026/06/04 22:15:43,0.4,3676,61909,0
2026/06/04 22:15:48,0.1,3675,61909,0
2026/06/04 22:15:52,0.2,3676,61909,0
2026/06/04 22:15:57,0.1,3677,61909,0
2026/06/04 22:16:01,0.2,3678,61909,0
2026/06/04 22:16:06,0.4,3678,61909,0
2026/06/04 22:16:10,0.1,3678,61909,0
2026/06/04 22:16:15,0.2,3678,61909,0
2026/06/04 22:16:19,0.2,3677,61909,0
2026/06/04 22:16:24,0.1,3677,61909,0
2026/06/04 22:16:28,0.2,3677,61909,0
2026/06/04 22:16:33,0.1,3676,61909,0
2026/06/04 22:16:37,0.1,3676,61909,0
2026/06/04 22:16:42,0.2,3676,61909,0
2026/06/04 22:16:46,0.1,3677,61909,0
2026/06/04 22:16:51,0.2,3676,61909,0
2026/06/04 22:16:55,0.4,3675,61909,0
2026/06/04 22:17:00,0.1,3675,61909,0
2026/06/04 22:17:04,0.4,3675,61909,0
2026/06/04 22:17:09,0.4,3675,61909,0
2026/06/04 22:17:13,0.2,3674,61909,0
2026/06/04 22:17:18,0.2,3675,61909,0
2026/06/04 22:17:22,0.2,3675,61909,0
2026/06/04 22:17:27,0.2,3675,61909,0
2026/06/04 22:17:31,0.2,3675,61909,0
2026/06/04 22:17:36,0.2,3675,61909,0
2026/06/04 22:17:40,0.4,3675,61909,0
2026/06/04 22:17:45,0.4,3674,61909,0
2026/06/04 22:17:50,0.0,3674,61909,0
2026/06/04 22:17:54,0.1,3674,61909,0
2026/06/04 22:17:59,0.1,3675,61909,0
2026/06/04 22:18:03,0.2,3675,61909,0
2026/06/04 22:18:08,0.2,3675,61909,0
2026/06/04 22:18:12,0.1,3675,61909,0
2026/06/04 22:18:17,0.2,3675,61909,0
2026/06/04 22:18:21,0.2,3675,61909,0
2026/06/04 22:18:26,0.5,3675,61909,0
2026/06/04 22:18:30,0.0,3675,61909,0
2026/06/04 22:18:35,0.2,3675,61909,0
2026/06/04 22:18:39,0.2,3675,61909,0
2026/06/04 22:18:44,0.2,3676,61909,0
2026/06/04 22:18:48,0.2,3675,61909,0
2026/06/04 22:18:53,0.1,3675,61909,0
2026/06/04 22:18:57,0.1,3676,61909,0
2026/06/04 22:19:02,0.2,3676,61909,0
2026/06/04 22:19:06,0.1,3675,61909,0
2026/06/04 22:19:11,0.2,3676,61909,0
2026/06/04 22:19:15,0.4,3675,61909,0
2026/06/04 22:19:20,0.2,3675,61909,0
2026/06/04 22:19:24,0.0,3675,61909,0
2026/06/04 22:19:29,0.2,3676,61909,0
2026/06/04 22:19:33,0.2,3676,61909,0
2026/06/04 22:19:38,0.4,3675,61909,0
2026/06/04 22:19:42,0.2,3675,61909,0
2026/06/04 22:19:47,0.4,3676,61909,0
2026/06/04 22:19:52,0.2,3677,61909,0
2026/06/04 22:19:56,0.2,3677,61909,0
2026/06/04 22:20:01,0.2,3675,61909,0
2026/06/04 22:20:05,0.2,3675,61909,0
2026/06/04 22:20:10,0.2,3675,61909,0
2026/06/04 22:20:14,0.1,3674,61909,0
2026/06/04 22:20:19,0.4,3674,61909,0
2026/06/04 22:20:23,0.1,3673,61909,0
2026/06/04 22:20:28,0.2,3673,61909,0
2026/06/04 22:20:32,0.2,3674,61909,0
2026/06/04 22:20:37,0.2,3674,61909,0
2026/06/04 22:20:41,0.2,3674,61909,0
2026/06/04 22:20:46,0.1,3674,61909,0
2026/06/04 22:20:50,0.2,3674,61909,0
2026/06/04 22:20:55,0.2,3675,61909,0
2026/06/04 22:20:59,0.4,3675,61909,0
2026/06/04 22:21:04,0.2,3675,61909,0
2026/06/04 22:21:08,0.4,3676,61909,0
2026/06/04 22:21:13,0.2,3676,61909,0
2026/06/04 22:21:17,0.2,3676,61909,0
2026/06/04 22:21:22,0.4,3676,61909,0
2026/06/04 22:21:26,0.2,3676,61909,0
2026/06/04 22:21:31,0.2,3677,61909,0
2026/06/04 22:21:35,0.2,3677,61909,0
2026/06/04 22:21:40,0.2,3677,61909,0
2026/06/04 22:21:44,0.2,3676,61909,0
2026/06/04 22:21:49,0.1,3676,61909,0
2026/06/04 22:21:54,0.2,3676,61909,0
2026/06/04 22:21:58,0.2,3676,61909,0
2026/06/04 22:22:03,0.1,3675,61909,0
2026/06/04 22:22:07,0.2,3676,61909,0
2026/06/04 22:22:12,0.2,3676,61909,0
2026/06/04 22:22:16,0.2,3675,61909,0
2026/06/04 22:22:21,0.1,3675,61909,0
2026/06/04 22:22:25,0.2,3676,61909,0
2026/06/04 22:22:30,0.2,3676,61909,0
2026/06/04 22:22:34,0.2,3676,61909,0
2026/06/04 22:22:39,0.2,3676,61909,0
2026/06/04 22:22:43,0.1,3676,61909,0
2026/06/04 22:22:48,0.2,3677,61909,0
2026/06/04 22:22:52,0.1,3678,61909,0
2026/06/04 22:22:57,0.1,3677,61909,0
2026/06/04 22:23:01,0.4,3677,61909,0
2026/06/04 22:23:06,0.2,3678,61909,0
2026/06/04 22:23:10,0.5,3677,61909,0
2026/06/04 22:23:15,0.2,3677,61909,0
2026/06/04 22:23:19,0.2,3677,61909,0
2026/06/04 22:23:24,0.2,3677,61909,0
2026/06/04 22:23:28,0.2,3678,61909,0
2026/06/04 22:23:33,0.1,3677,61909,0
2026/06/04 22:23:37,0.1,3677,61909,0
2026/06/04 22:23:42,0.4,3677,61909,0
2026/06/04 22:23:46,0.1,3679,61909,0
2026/06/04 22:23:51,0.4,3681,61909,0
2026/06/04 22:23:55,0.2,3681,61909,0
2026/06/04 22:24:00,0.5,3681,61909,0
2026/06/04 22:24:05,0.4,3681,61909,0
2026/06/04 22:24:09,1.7,3687,61909,0
2026/06/04 22:24:14,3.1,3705,61909,0
2026/06/04 22:24:18,0.2,3699,61909,0
2026/06/04 22:24:23,0.2,3701,61909,0
2026/06/04 22:24:27,0.2,3701,61909,0
2026/06/04 22:24:32,1.1,3735,61909,0
2026/06/04 22:24:36,1.0,3727,61909,0
2026/06/04 22:24:41,0.7,3723,61909,0
2026/06/04 22:24:45,2.2,3741,61909,0
2026/06/04 22:24:50,0.2,3723,61909,0
2026/06/04 22:24:54,0.4,3714,61909,0
2026/06/04 22:24:59,0.2,3693,61909,0
2026/06/04 22:25:03,0.2,3686,61909,0
2026/06/04 22:25:08,0.1,3686,61909,0
2026/06/04 22:25:12,0.4,3686,61909,0
2026/06/04 22:25:17,0.2,3684,61909,0
2026/06/04 22:25:21,0.2,3684,61909,0
2026/06/04 22:25:26,0.4,3685,61909,0
2026/06/04 22:25:30,0.2,3685,61909,0
2026/06/04 22:25:35,0.4,3685,61909,0
2026/06/04 22:25:39,0.4,3685,61909,0
2026/06/04 22:25:44,0.2,3684,61909,0
2026/06/04 22:25:48,0.4,3685,61909,0
2026/06/04 22:25:53,0.2,3685,61909,0
2026/06/04 22:25:57,0.2,3686,61909,0
2026/06/04 22:26:02,0.1,3686,61909,0
2026/06/04 22:26:07,0.1,3686,61909,0
2026/06/04 22:26:11,0.2,3687,61909,0
2026/06/04 22:26:16,0.1,3687,61909,0
2026/06/04 22:26:20,0.2,3688,61909,0
2026/06/04 22:26:25,0.4,3688,61909,0
2026/06/04 22:26:29,0.4,3688,61909,0
2026/06/04 22:26:34,0.2,3688,61909,0
2026/06/04 22:26:38,0.5,3688,61909,0
2026/06/04 22:26:43,0.1,3688,61909,0
2026/06/04 22:26:47,0.1,3688,61909,0
2026/06/04 22:26:52,0.4,3688,61909,0
2026/06/04 22:26:56,0.4,3687,61909,0
2026/06/04 22:27:01,0.2,3687,61909,0
2026/06/04 22:27:05,0.2,3687,61909,0
2026/06/04 22:27:10,0.1,3687,61909,0
2026/06/04 22:27:14,0.2,3687,61909,0
2026/06/04 22:27:19,0.2,3687,61909,0
2026/06/04 22:27:23,0.4,3686,61909,0
2026/06/04 22:27:28,0.4,3687,61909,0
2026/06/04 22:27:32,0.1,3687,61909,0
2026/06/04 22:27:37,0.2,3687,61909,0
2026/06/04 22:27:41,0.2,3687,61909,0
2026/06/04 22:27:46,0.2,3687,61909,0
2026/06/04 22:27:50,0.2,3687,61909,0
2026/06/04 22:27:55,0.2,3687,61909,0
2026/06/04 22:27:59,0.2,3688,61909,0
2026/06/04 22:28:04,0.4,3688,61909,0
2026/06/04 22:28:09,0.1,3688,61909,0
2026/06/04 22:28:13,0.1,3688,61909,0
2026/06/04 22:28:18,0.2,3688,61909,0
2026/06/04 22:28:22,0.5,3688,61909,0
2026/06/04 22:28:27,0.2,3688,61909,0
2026/06/04 22:28:31,0.2,3688,61909,0
2026/06/04 22:28:36,0.2,3688,61909,0
2026/06/04 22:28:40,0.1,3688,61909,0
2026/06/04 22:28:45,0.2,3688,61909,0
2026/06/04 22:28:49,0.1,3688,61909,0
2026/06/04 22:28:54,0.2,3688,61909,0
2026/06/04 22:28:58,0.2,3688,61909,0
2026/06/04 22:29:03,0.1,3688,61909,0
2026/06/04 22:29:07,0.1,3689,61909,0
2026/06/04 22:29:12,0.2,3688,61909,0
2026/06/04 22:29:16,0.1,3688,61909,0
2026/06/04 22:29:21,0.2,3688,61909,0
2026/06/04 22:29:25,0.4,3689,61909,0
2026/06/04 22:29:30,0.2,3689,61909,0
2026/06/04 22:29:34,0.1,3688,61909,0
2026/06/04 22:29:39,0.2,3689,61909,0
2026/06/04 22:29:43,0.2,3689,61909,0
2026/06/04 22:29:48,0.2,3689,61909,0
2026/06/04 22:29:52,0.1,3689,61909,0
2026/06/04 22:29:57,0.2,3689,61909,0
2026/06/04 22:30:01,0.4,3688,61909,0
2026/06/04 22:30:06,0.2,3687,61909,0
2026/06/04 22:30:11,0.2,3689,61909,0
2026/06/04 22:30:15,0.1,3689,61909,0
2026/06/04 22:30:20,0.0,3690,61909,0
2026/06/04 22:30:24,0.1,3689,61909,0
2026/06/04 22:30:29,0.2,3689,61909,0
2026/06/04 22:30:33,0.2,3690,61909,0
2026/06/04 22:30:38,0.2,3690,61909,0
2026/06/04 22:30:42,0.2,3690,61909,0
2026/06/04 22:30:47,0.4,3690,61909,0
2026/06/04 22:30:51,0.2,3690,61909,0
2026/06/04 22:30:56,0.2,3690,61909,0
2026/06/04 22:31:00,0.1,3691,61909,0
2026/06/04 22:31:05,0.4,3691,61909,0
2026/06/04 22:31:09,0.2,3690,61909,0
2026/06/04 22:31:14,0.2,3690,61909,0
2026/06/04 22:31:18,0.2,3691,61909,0
2026/06/04 22:31:23,0.1,3692,61909,0
2026/06/04 22:31:27,0.2,3692,61909,0
2026/06/04 22:31:32,0.4,3691,61909,0
2026/06/04 22:31:36,0.1,3692,61909,0
2026/06/04 22:31:41,0.1,3692,61909,0
2026/06/04 22:31:45,0.2,3691,61909,0
2026/06/04 22:31:50,0.2,3691,61909,0
2026/06/04 22:31:54,2.0,3689,61909,0
2026/06/04 22:31:59,0.2,3688,61909,0
2026/06/04 22:32:03,0.2,3688,61909,0
2026/06/04 22:32:08,0.2,3688,61909,0
2026/06/04 22:32:13,0.0,3689,61909,0
2026/06/04 22:32:17,0.1,3689,61909,0
2026/06/04 22:32:22,0.2,3690,61909,0
2026/06/04 22:32:26,0.2,3689,61909,0
2026/06/04 22:32:31,0.2,3689,61909,0
2026/06/04 22:32:35,0.1,3689,61909,0
2026/06/04 22:32:40,0.1,3690,61909,0
2026/06/04 22:32:44,0.2,3689,61909,0
2026/06/04 22:32:49,0.2,3689,61909,0
2026/06/04 22:32:53,0.1,3689,61909,0
2026/06/04 22:32:58,0.2,3690,61909,0
2026/06/04 22:33:02,0.1,3690,61909,0
2026/06/04 22:33:07,0.4,3690,61909,0
2026/06/04 22:33:11,0.4,3690,61909,0
2026/06/04 22:33:16,0.1,3691,61909,0
2026/06/04 22:33:20,0.4,3691,61909,0
2026/06/04 22:33:25,0.2,3692,61909,0
2026/06/04 22:33:29,0.2,3691,61909,0
2026/06/04 22:33:34,0.2,3692,61909,0
2026/06/04 22:33:38,0.2,3692,61909,0
2026/06/04 22:33:43,0.1,3692,61909,0
2026/06/04 22:33:47,0.2,3692,61909,0
2026/06/04 22:33:52,0.1,3691,61909,0
2026/06/04 22:33:56,0.2,3692,61909,0
2026/06/04 22:34:01,0.1,3692,61909,0
2026/06/04 22:34:05,0.1,3691,61909,0
2026/06/04 22:34:10,0.2,3691,61909,0
2026/06/04 22:34:15,0.1,3691,61909,0
2026/06/04 22:34:19,0.1,3691,61909,0
2026/06/04 22:34:24,0.2,3691,61909,0
2026/06/04 22:34:28,0.1,3691,61909,0
2026/06/04 22:34:33,0.2,3690,61909,0
2026/06/04 22:34:37,0.2,3690,61909,0
2026/06/04 22:34:42,0.2,3690,61909,0
2026/06/04 22:34:46,0.4,3689,61909,0
2026/06/04 22:34:51,0.2,3689,61909,0
2026/06/04 22:34:55,0.2,3689,61909,0
2026/06/04 22:35:00,0.2,3690,61909,0
2026/06/04 22:35:04,0.1,3688,61909,0
2026/06/04 22:35:09,0.4,3687,61909,0
2026/06/04 22:35:13,0.2,3688,61909,0
2026/06/04 22:35:18,0.2,3687,61909,0
2026/06/04 22:35:22,0.2,3687,61909,0
2026/06/04 22:35:27,0.1,3688,61909,0
2026/06/04 22:35:31,0.1,3688,61909,0
2026/06/04 22:35:36,0.2,3688,61909,0
2026/06/04 22:35:40,0.2,3688,61909,0
2026/06/04 22:35:45,0.1,3688,61909,0
2026/06/04 22:35:49,0.1,3688,61909,0
2026/06/04 22:35:54,0.1,3687,61909,0
2026/06/04 22:35:58,0.2,3687,61909,0
2026/06/04 22:36:03,0.1,3687,61909,0
2026/06/04 22:36:07,0.1,3687,61909,0
2026/06/04 22:36:12,0.2,3687,61909,0
2026/06/04 22:36:16,0.2,3687,61909,0
2026/06/04 22:36:21,0.1,3687,61909,0
2026/06/04 22:36:26,0.1,3688,61909,0
2026/06/04 22:36:30,0.2,3688,61909,0
2026/06/04 22:36:35,0.1,3688,61909,0
2026/06/04 22:36:39,0.2,3688,61909,0
2026/06/04 22:36:44,0.1,3689,61909,0
2026/06/04 22:36:48,0.1,3689,61909,0
2026/06/04 22:36:53,0.2,3689,61909,0
2026/06/04 22:36:57,0.1,3688,61909,0
2026/06/04 22:37:02,0.2,3689,61909,0
2026/06/04 22:37:06,0.2,3689,61909,0
2026/06/04 22:37:11,0.1,3689,61909,0
2026/06/04 22:37:15,0.2,3689,61909,0
2026/06/04 22:37:20,0.1,3689,61909,0
2026/06/04 22:37:24,0.2,3689,61909,0
2026/06/04 22:37:29,0.1,3689,61909,0
2026/06/04 22:37:33,0.2,3689,61909,0
2026/06/04 22:37:38,0.2,3689,61909,0
2026/06/04 22:37:42,0.2,3690,61909,0
2026/06/04 22:37:47,0.2,3689,61909,0
2026/06/04 22:37:51,0.2,3689,61909,0
2026/06/04 22:37:56,0.2,3689,61909,0
2026/06/04 22:38:00,0.2,3688,61909,0
2026/06/04 22:38:05,0.2,3689,61909,0
2026/06/04 22:38:09,0.2,3689,61909,0
2026/06/04 22:38:14,0.1,3689,61909,0
2026/06/04 22:38:18,0.2,3689,61909,0
2026/06/04 22:38:23,0.1,3690,61909,0
2026/06/04 22:38:28,0.1,3690,61909,0
2026/06/04 22:38:32,0.2,3690,61909,0
2026/06/04 22:38:37,0.4,3690,61909,0
2026/06/04 22:38:41,0.1,3690,61909,0
2026/06/04 22:38:46,0.2,3690,61909,0
2026/06/04 22:38:50,0.1,3690,61909,0
2026/06/04 22:38:55,0.1,3690,61909,0
2026/06/04 22:38:59,0.1,3690,61909,0
2026/06/04 22:39:04,0.2,3690,61909,0
2026/06/04 22:39:08,0.1,3690,61909,0
2026/06/04 22:39:13,0.1,3691,61909,0
2026/06/04 22:39:17,0.2,3691,61909,0
2026/06/04 22:39:22,0.1,3692,61909,0
2026/06/04 22:39:26,0.2,3692,61909,0
2026/06/04 22:39:31,0.2,3692,61909,0
2026/06/04 22:39:35,0.2,3692,61909,0
2026/06/04 22:39:40,0.2,3693,61909,0
2026/06/04 22:39:44,0.1,3692,61909,0
2026/06/04 22:39:49,0.2,3692,61909,0
2026/06/04 22:39:53,0.2,3693,61909,0
2026/06/04 22:39:58,0.1,3692,61909,0
2026/06/04 22:40:02,0.2,3690,61909,0
2026/06/04 22:40:07,0.4,3690,61909,0
2026/06/04 22:40:11,0.2,3691,61909,0
2026/06/04 22:40:16,0.1,3691,61909,0
2026/06/04 22:40:20,0.0,3692,61909,0
2026/06/04 22:40:25,0.4,3692,61909,0
2026/06/04 22:40:30,0.1,3692,61909,0
2026/06/04 22:40:34,0.4,3692,61909,0
2026/06/04 22:40:39,0.2,3692,61909,0
2026/06/04 22:40:43,0.2,3692,61909,0
2026/06/04 22:40:48,0.2,3692,61909,0
2026/06/04 22:40:52,0.2,3692,61909,0
2026/06/04 22:40:57,0.4,3693,61909,0
2026/06/04 22:41:01,0.2,3693,61909,0
2026/06/04 22:41:06,0.1,3693,61909,0
2026/06/04 22:41:10,0.4,3693,61909,0
2026/06/04 22:41:15,0.4,3694,61909,0
2026/06/04 22:41:19,0.2,3693,61909,0
2026/06/04 22:41:24,0.2,3694,61909,0
2026/06/04 22:41:28,0.2,3693,61909,0
2026/06/04 22:41:33,0.4,3694,61909,0
2026/06/04 22:41:37,0.2,3693,61909,0
2026/06/04 22:41:42,0.1,3694,61909,0
2026/06/04 22:41:46,0.2,3694,61909,0
2026/06/04 22:41:51,0.2,3694,61909,0
2026/06/04 22:41:55,0.2,3694,61909,0
2026/06/04 22:42:00,0.2,3694,61909,0
2026/06/04 22:42:04,0.1,3693,61909,0
2026/06/04 22:42:09,0.4,3693,61909,0
2026/06/04 22:42:13,0.1,3693,61909,0
2026/06/04 22:42:18,0.2,3694,61909,0
2026/06/04 22:42:22,0.4,3694,61909,0
2026/06/04 22:42:27,0.2,3693,61909,0
2026/06/04 22:42:32,0.1,3694,61909,0
2026/06/04 22:42:36,0.2,3693,61909,0
2026/06/04 22:42:41,0.4,3693,61909,0
2026/06/04 22:42:45,0.4,3692,61909,0
2026/06/04 22:42:50,0.1,3693,61909,0
2026/06/04 22:42:54,0.2,3693,61909,0
2026/06/04 22:42:59,0.2,3693,61909,0
2026/06/04 22:43:03,0.1,3693,61909,0
2026/06/04 22:43:08,0.2,3693,61909,0
2026/06/04 22:43:12,0.2,3693,61909,0
2026/06/04 22:43:17,0.2,3693,61909,0
2026/06/04 22:43:21,0.2,3693,61909,0
2026/06/04 22:43:26,0.5,3692,61909,0
2026/06/04 22:43:30,0.4,3692,61909,0
2026/06/04 22:43:35,0.2,3693,61909,0
2026/06/04 22:43:39,0.2,3693,61909,0
2026/06/04 22:43:44,0.2,3693,61909,0
2026/06/04 22:43:48,0.2,3693,61909,0
2026/06/04 22:43:53,0.7,3695,61909,0
2026/06/04 22:43:57,0.7,3696,61909,0
2026/06/04 22:44:02,0.4,3696,61909,0
2026/06/04 22:44:06,1.7,3713,61909,0
2026/06/04 22:44:11,1.1,3706,61909,0
2026/06/04 22:44:15,0.6,3705,61909,0
2026/06/04 22:44:20,0.7,3700,61909,0
2026/06/04 22:44:24,1.0,3700,61909,0
2026/06/04 22:44:29,0.9,3709,61909,0
2026/06/04 22:44:34,0.9,3711,61909,0
2026/06/04 22:44:38,1.0,3705,61909,0
2026/06/04 22:44:43,0.6,3708,61909,0
2026/06/04 22:44:47,0.9,3704,61909,0
2026/06/04 22:44:52,0.7,3704,61909,0
2026/06/04 22:44:56,1.1,3706,61909,0
2026/06/04 22:45:01,0.9,3709,61909,0
2026/06/04 22:45:05,1.9,3705,61909,0
2026/06/04 22:45:10,0.4,3701,61909,0
2026/06/04 22:45:14,0.6,3702,61909,0
2026/06/04 22:45:19,0.4,3703,61909,0
2026/06/04 22:45:23,0.9,3704,61909,0
2026/06/04 22:45:28,1.0,3714,61909,0
2026/06/04 22:45:32,0.6,3713,61909,0
2026/06/04 22:45:37,0.5,3715,61909,0
2026/06/04 22:45:41,1.1,3707,61909,0
2026/06/04 22:45:46,0.7,3706,61909,0
2026/06/04 22:45:50,2.2,3711,61909,0
2026/06/04 22:45:55,0.2,3706,61909,0
2026/06/04 22:45:59,0.5,3705,61909,0
2026/06/04 22:46:04,0.7,3707,61909,0
2026/06/04 22:46:08,0.4,3708,61909,0
2026/06/04 22:46:13,0.2,3706,61909,0
2026/06/04 22:46:17,1.1,3704,61909,0
2026/06/04 22:46:22,0.5,3702,61909,0
2026/06/04 22:46:26,0.2,3701,61909,0
2026/06/04 22:46:31,0.1,3704,61909,0
2026/06/04 22:46:36,0.7,3706,61909,0
2026/06/04 22:46:40,0.6,3698,61909,0
2026/06/04 22:46:45,0.4,3708,61909,0
2026/06/04 22:46:49,0.4,3709,61909,0
2026/06/04 22:46:54,0.2,3709,61909,0
2026/06/04 22:46:58,0.5,3701,61909,0
2026/06/04 22:47:03,0.1,3702,61909,0
2026/06/04 22:47:07,0.4,3702,61909,0
2026/06/04 22:47:12,0.1,3702,61909,0
2026/06/04 22:47:16,0.2,3702,61909,0
2026/06/04 22:47:21,0.1,3701,61909,0
2026/06/04 22:47:25,0.4,3701,61909,0
2026/06/04 22:47:30,0.2,3701,61909,0
2026/06/04 22:47:34,0.2,3701,61909,0
2026/06/04 22:47:39,0.1,3701,61909,0
2026/06/04 22:47:43,0.2,3700,61909,0
2026/06/04 22:47:48,0.1,3701,61909,0
2026/06/04 22:47:52,0.4,3700,61909,0
2026/06/04 22:47:57,0.2,3700,61909,0
2026/06/04 22:48:01,0.2,3700,61909,0
2026/06/04 22:48:06,0.2,3700,61909,0
2026/06/04 22:48:10,0.4,3700,61909,0
2026/06/04 22:48:15,0.2,3701,61909,0
2026/06/04 22:48:19,0.1,3700,61909,0
2026/06/04 22:48:24,0.1,3700,61909,0
2026/06/04 22:48:28,0.2,3700,61909,0
2026/06/04 22:48:33,0.2,3700,61909,0
2026/06/04 22:48:38,0.2,3700,61909,0
2026/06/04 22:48:42,0.1,3700,61909,0
2026/06/04 22:48:47,0.2,3700,61909,0
2026/06/04 22:48:51,0.2,3700,61909,0
2026/06/04 22:48:56,0.2,3700,61909,0
2026/06/04 22:49:00,0.1,3700,61909,0
2026/06/04 22:49:05,0.4,3700,61909,0
2026/06/04 22:49:09,0.2,3700,61909,0
2026/06/04 22:49:14,0.2,3699,61909,0
2026/06/04 22:49:18,0.2,3699,61909,0
2026/06/04 22:49:23,0.2,3699,61909,0
2026/06/04 22:49:27,0.2,3699,61909,0
2026/06/04 22:49:32,0.1,3699,61909,0
2026/06/04 22:49:36,0.5,3699,61909,0
2026/06/04 22:49:41,0.1,3698,61909,0
2026/06/04 22:49:45,0.1,3698,61909,0
2026/06/04 22:49:50,0.0,3699,61909,0
2026/06/04 22:49:54,0.2,3699,61909,0
2026/06/04 22:49:59,0.2,3699,61909,0
2026/06/04 22:50:03,0.2,3699,61909,0
2026/06/04 22:50:08,0.2,3699,61909,0
2026/06/04 22:50:12,0.4,3699,61909,0
2026/06/04 22:50:17,5.5,3731,61909,0
2026/06/04 22:50:21,1.1,3725,61909,0
2026/06/04 22:50:26,0.6,3706,61909,0
2026/06/04 22:50:30,0.7,3707,61909,0
2026/06/04 22:50:35,0.4,3705,61909,0
2026/06/04 22:50:40,1.0,3707,61909,0
2026/06/04 22:50:44,0.7,3697,61909,0
2026/06/04 22:50:49,0.5,3704,61909,0
2026/06/04 22:50:53,0.7,3707,61909,0
2026/06/04 22:50:58,0.4,3707,61909,0
2026/06/04 22:51:02,0.2,3707,61909,0
2026/06/04 22:51:07,0.2,3707,61909,0
2026/06/04 22:51:11,0.2,3707,61909,0
2026/06/04 22:51:16,0.2,3708,61909,0
2026/06/04 22:51:20,0.2,3708,61909,0
2026/06/04 22:51:25,0.2,3707,61909,0
2026/06/04 22:51:29,0.4,3708,61909,0
2026/06/04 22:51:34,0.4,3708,61909,0
2026/06/04 22:51:38,0.1,3708,61909,0
2026/06/04 22:51:43,0.2,3708,61909,0
2026/06/04 22:51:47,0.2,3709,61909,0
2026/06/04 22:51:52,0.2,3709,61909,0
2026/06/04 22:51:56,0.2,3709,61909,0
2026/06/04 22:52:01,0.2,3710,61909,0
2026/06/04 22:52:05,0.2,3710,61909,0
2026/06/04 22:52:10,0.4,3710,61909,0
2026/06/04 22:52:14,0.2,3710,61909,0
2026/06/04 22:52:19,0.2,3697,61909,0
2026/06/04 22:52:23,0.2,3698,61909,0
2026/06/04 22:52:28,0.2,3699,61909,0
2026/06/04 22:52:32,0.4,3699,61909,0
2026/06/04 22:52:37,0.4,3699,61909,0
2026/06/04 22:52:42,0.1,3699,61909,0
2026/06/04 22:52:46,0.2,3700,61909,0
2026/06/04 22:52:51,0.2,3700,61909,0
2026/06/04 22:52:55,0.1,3700,61909,0
2026/06/04 22:53:00,0.2,3701,61909,0
2026/06/04 22:53:04,0.2,3701,61909,0
2026/06/04 22:53:09,0.2,3701,61909,0
2026/06/04 22:53:13,0.2,3702,61909,0
2026/06/04 22:53:18,0.2,3703,61909,0
2026/06/04 22:53:22,0.2,3702,61909,0
2026/06/04 22:53:27,0.2,3703,61909,0
2026/06/04 22:53:31,0.4,3703,61909,0
2026/06/04 22:53:36,0.2,3704,61909,0
2026/06/04 22:53:40,0.9,3705,61909,0
2026/06/04 22:53:45,0.2,3706,61909,0
2026/06/04 22:53:49,0.2,3707,61909,0
2026/06/04 22:53:54,0.2,3707,61909,0
2026/06/04 22:53:58,0.4,3708,61909,0
2026/06/04 22:54:03,0.1,3708,61909,0
2026/06/04 22:54:07,0.4,3708,61909,0
2026/06/04 22:54:12,0.2,3708,61909,0
2026/06/04 22:54:16,0.4,3709,61909,0
2026/06/04 22:54:21,0.2,3709,61909,0
2026/06/04 22:54:25,0.2,3710,61909,0
2026/06/04 22:54:30,0.1,3710,61909,0
2026/06/04 22:54:34,0.2,3710,61909,0
2026/06/04 22:54:39,0.1,3710,61909,0
2026/06/04 22:54:44,0.4,3710,61909,0
2026/06/04 22:54:48,0.2,3711,61909,0
2026/06/04 22:54:53,0.2,3711,61909,0
2026/06/04 22:54:57,0.2,3711,61909,0
2026/06/04 22:55:02,0.4,3712,61909,0
2026/06/04 22:55:06,0.2,3711,61909,0
2026/06/04 22:55:11,0.1,3712,61909,0
2026/06/04 22:55:15,0.1,3711,61909,0
2026/06/04 22:55:20,0.1,3711,61909,0
2026/06/04 22:55:24,0.4,3710,61909,0
2026/06/04 22:55:29,0.2,3710,61909,0
2026/06/04 22:55:33,0.2,3710,61909,0
2026/06/04 22:55:38,0.1,3710,61909,0
2026/06/04 22:55:42,0.1,3710,61909,0
2026/06/04 22:55:47,0.5,3710,61909,0
2026/06/04 22:55:51,0.2,3710,61909,0
2026/06/04 22:55:56,0.2,3710,61909,0
2026/06/04 22:56:00,0.2,3710,61909,0
2026/06/04 22:56:05,0.2,3711,61909,0
2026/06/04 22:56:09,0.4,3710,61909,0
2026/06/04 22:56:14,0.2,3711,61909,0
2026/06/04 22:56:18,0.2,3711,61909,0
2026/06/04 22:56:23,0.2,3710,61909,0
2026/06/04 22:56:27,0.5,3710,61909,0
2026/06/04 22:56:32,0.4,3711,61909,0
2026/06/04 22:56:36,0.2,3711,61909,0
2026/06/04 22:56:41,0.2,3711,61909,0
2026/06/04 22:56:45,0.4,3711,61909,0
2026/06/04 22:56:50,0.1,3712,61909,0
2026/06/04 22:56:55,0.2,3711,61909,0
2026/06/04 22:56:59,0.2,3711,61909,0
2026/06/04 22:57:04,0.2,3712,61909,0
2026/06/04 22:57:08,0.2,3711,61909,0
2026/06/04 22:57:13,0.4,3712,61909,0
2026/06/04 22:57:17,0.2,3713,61909,0
2026/06/04 22:57:22,0.2,3713,61909,0
2026/06/04 22:57:26,0.2,3712,61909,0
2026/06/04 22:57:31,0.2,3712,61909,0
2026/06/04 22:57:35,0.2,3713,61909,0
2026/06/04 22:57:40,0.2,3713,61909,0
2026/06/04 22:57:44,0.4,3713,61909,0
2026/06/04 22:57:49,0.2,3714,61909,0
2026/06/04 22:57:53,0.2,3714,61909,0
2026/06/04 22:57:58,0.2,3713,61909,0
2026/06/04 22:58:02,0.2,3713,61909,0
2026/06/04 22:58:07,0.2,3714,61909,0
2026/06/04 22:58:11,0.4,3714,61909,0
2026/06/04 22:58:16,0.2,3714,61909,0
2026/06/04 22:58:20,0.2,3714,61909,0
2026/06/04 22:58:25,0.4,3715,61909,0
2026/06/04 22:58:29,0.2,3715,61909,0
2026/06/04 22:58:34,0.2,3715,61909,0
2026/06/04 22:58:38,0.1,3715,61909,0
2026/06/04 22:58:43,0.4,3716,61909,0
2026/06/04 22:58:47,0.2,3716,61909,0
2026/06/04 22:58:52,0.4,3716,61909,0
2026/06/04 22:58:57,0.2,3716,61909,0
2026/06/04 22:59:01,0.2,3716,61909,0
2026/06/04 22:59:06,0.1,3716,61909,0
2026/06/04 22:59:10,0.4,3716,61909,0
2026/06/04 22:59:15,0.4,3717,61909,0
2026/06/04 22:59:19,0.1,3717,61909,0
2026/06/04 22:59:24,0.4,3716,61909,0
2026/06/04 22:59:28,0.4,3717,61909,0
2026/06/04 22:59:33,0.2,3718,61909,0
2026/06/04 22:59:37,0.4,3718,61909,0
2026/06/04 22:59:42,0.2,3719,61909,0
2026/06/04 22:59:46,0.2,3718,61909,0
2026/06/04 22:59:51,0.4,3718,61909,0
2026/06/04 22:59:55,0.2,3718,61909,0
2026/06/04 23:00:00,0.2,3717,61909,0
2026/06/04 23:00:04,0.1,3717,61909,0
2026/06/04 23:00:09,0.2,3717,61909,0
2026/06/04 23:00:13,0.4,3717,61909,0
2026/06/04 23:00:18,0.2,3717,61909,0
2026/06/04 23:00:22,0.5,3718,61909,0
2026/06/04 23:00:27,0.1,3717,61909,0
2026/06/04 23:00:31,0.2,3717,61909,0
2026/06/04 23:00:36,0.2,3717,61909,0
2026/06/04 23:00:40,0.1,3717,61909,0
2026/06/04 23:00:45,0.2,3718,61909,0
2026/06/04 23:00:49,0.2,3718,61909,0
2026/06/04 23:00:54,0.1,3718,61909,0
2026/06/04 23:00:59,0.1,3717,61909,0
2026/06/04 23:01:03,0.2,3717,61909,0
2026/06/04 23:01:08,0.2,3717,61909,0
2026/06/04 23:01:12,0.1,3717,61909,0
2026/06/04 23:01:17,0.2,3716,61909,0
2026/06/04 23:01:21,0.1,3716,61909,0
2026/06/04 23:01:26,0.2,3716,61909,0
2026/06/04 23:01:30,0.1,3717,61909,0
2026/06/04 23:01:35,0.2,3716,61909,0
2026/06/04 23:01:39,0.4,3716,61909,0
2026/06/04 23:01:44,0.2,3716,61909,0
2026/06/04 23:01:48,0.5,3716,61909,0
2026/06/04 23:01:53,0.2,3716,61909,0
2026/06/04 23:01:57,0.1,3716,61909,0
2026/06/04 23:02:02,0.4,3716,61909,0
2026/06/04 23:02:06,0.2,3716,61909,0
2026/06/04 23:02:11,0.2,3717,61909,0
2026/06/04 23:02:15,0.2,3717,61909,0
2026/06/04 23:02:20,0.2,3717,61909,0
2026/06/04 23:02:24,0.2,3717,61909,0
2026/06/04 23:02:29,0.2,3716,61909,0
2026/06/04 23:02:33,0.1,3716,61909,0
2026/06/04 23:02:38,0.2,3716,61909,0
2026/06/04 23:02:42,0.1,3716,61909,0
2026/06/04 23:02:47,0.4,3716,61909,0
2026/06/04 23:02:51,0.1,3716,61909,0
2026/06/04 23:02:56,0.1,3716,61909,0
2026/06/04 23:03:01,0.2,3716,61909,0
2026/06/04 23:03:05,0.4,3716,61909,0
2026/06/04 23:03:10,0.4,3716,61909,0
2026/06/04 23:03:14,0.1,3716,61909,0
2026/06/04 23:03:19,0.2,3716,61909,0
2026/06/04 23:03:23,0.2,3716,61909,0
2026/06/04 23:03:28,0.2,3716,61909,0
2026/06/04 23:03:32,0.2,3716,61909,0
2026/06/04 23:03:37,0.2,3717,61909,0
2026/06/04 23:03:41,0.2,3717,61909,0
2026/06/04 23:03:46,0.4,3716,61909,0
2026/06/04 23:03:50,0.4,3716,61909,0
2026/06/04 23:03:55,0.2,3715,61909,0
2026/06/04 23:03:59,0.1,3715,61909,0
2026/06/04 23:04:04,0.1,3715,61909,0
2026/06/04 23:04:08,0.2,3715,61909,0
2026/06/04 23:04:13,0.2,3715,61909,0
2026/06/04 23:04:17,0.1,3716,61909,0
2026/06/04 23:04:22,0.4,3716,61909,0
2026/06/04 23:04:26,0.2,3716,61909,0
2026/06/04 23:04:31,0.1,3716,61909,0
2026/06/04 23:04:35,0.2,3716,61909,0
2026/06/04 23:04:40,0.2,3716,61909,0
2026/06/04 23:04:44,0.4,3717,61909,0
2026/06/04 23:04:49,0.4,3716,61909,0
2026/06/04 23:04:53,0.2,3717,61909,0
2026/06/04 23:04:58,0.4,3716,61909,0
2026/06/04 23:05:03,0.4,3716,61909,0
2026/06/04 23:05:07,0.1,3716,61909,0
2026/06/04 23:05:12,0.4,3716,61909,0
2026/06/04 23:05:16,0.0,3717,61909,0
2026/06/04 23:05:21,0.2,3717,61909,0
2026/06/04 23:05:25,0.2,3717,61909,0
2026/06/04 23:05:30,0.4,3718,61909,0
2026/06/04 23:05:34,0.2,3717,61909,0
2026/06/04 23:05:39,0.4,3717,61909,0
2026/06/04 23:05:43,0.2,3717,61909,0
2026/06/04 23:05:48,0.2,3717,61909,0
2026/06/04 23:05:52,0.5,3717,61909,0
2026/06/04 23:05:57,0.1,3717,61909,0
2026/06/04 23:06:01,0.4,3717,61909,0
2026/06/04 23:06:06,0.4,3717,61909,0
2026/06/04 23:06:10,0.2,3717,61909,0
2026/06/04 23:06:15,0.1,3717,61909,0
2026/06/04 23:06:19,0.4,3717,61909,0
2026/06/04 23:06:24,0.1,3716,61909,0
2026/06/04 23:06:28,0.2,3716,61909,0
2026/06/04 23:06:33,0.2,3716,61909,0
2026/06/04 23:06:37,0.1,3716,61909,0
2026/06/04 23:06:42,0.1,3716,61909,0
2026/06/04 23:06:46,0.2,3717,61909,0
2026/06/04 23:06:51,0.2,3717,61909,0
2026/06/04 23:06:55,0.2,3718,61909,0
2026/06/04 23:07:00,0.1,3718,61909,0
2026/06/04 23:07:05,0.1,3718,61909,0
2026/06/04 23:07:09,0.5,3718,61909,0
2026/06/04 23:07:14,0.2,3719,61909,0
2026/06/04 23:07:18,0.4,3719,61909,0
2026/06/04 23:07:23,0.1,3719,61909,0
2026/06/04 23:07:27,0.2,3719,61909,0
2026/06/04 23:07:32,0.1,3718,61909,0
2026/06/04 23:07:36,0.2,3718,61909,0
2026/06/04 23:07:41,0.0,3719,61909,0
2026/06/04 23:07:45,0.2,3719,61909,0
2026/06/04 23:07:50,0.1,3718,61909,0
2026/06/04 23:07:54,0.4,3718,61909,0
2026/06/04 23:07:59,0.2,3718,61909,0
2026/06/04 23:08:03,0.1,3718,61909,0
2026/06/04 23:08:08,0.2,3718,61909,0
2026/06/04 23:08:12,0.2,3717,61909,0
2026/06/04 23:08:17,0.1,3717,61909,0
2026/06/04 23:08:21,0.1,3717,61909,0
2026/06/04 23:08:26,0.4,3717,61909,0
2026/06/04 23:08:30,0.2,3717,61909,0
2026/06/04 23:08:35,0.2,3717,61909,0
2026/06/04 23:08:39,0.2,3717,61909,0
2026/06/04 23:08:44,0.2,3717,61909,0
2026/06/04 23:08:48,0.2,3718,61909,0
2026/06/04 23:08:53,0.4,3718,61909,0
2026/06/04 23:08:57,0.2,3719,61909,0
2026/06/04 23:09:02,0.1,3719,61909,0
2026/06/04 23:09:06,0.4,3719,61909,0
2026/06/04 23:09:11,0.2,3718,61909,0
2026/06/04 23:09:16,0.2,3719,61909,0
2026/06/04 23:09:20,0.1,3719,61909,0
2026/06/04 23:09:25,0.2,3719,61909,0
2026/06/04 23:09:29,0.2,3718,61909,0
2026/06/04 23:09:34,0.4,3718,61909,0
2026/06/04 23:09:38,0.2,3718,61909,0
2026/06/04 23:09:43,0.2,3718,61909,0
2026/06/04 23:09:47,0.2,3719,61909,0
2026/06/04 23:09:52,0.1,3718,61909,0
2026/06/04 23:09:56,0.2,3718,61909,0
2026/06/04 23:10:01,0.0,3718,61909,0
2026/06/04 23:10:05,0.2,3719,61909,0
2026/06/04 23:10:10,0.4,3718,61909,0
2026/06/04 23:10:14,0.4,3718,61909,0
2026/06/04 23:10:19,0.4,3718,61909,0
2026/06/04 23:10:23,0.2,3718,61909,0
2026/06/04 23:10:28,0.2,3718,61909,0
2026/06/04 23:10:32,0.2,3718,61909,0
2026/06/04 23:10:37,0.2,3719,61909,0
2026/06/04 23:10:41,0.4,3718,61909,0
2026/06/04 23:10:46,0.1,3718,61909,0
2026/06/04 23:10:50,0.2,3718,61909,0
2026/06/04 23:10:55,0.2,3718,61909,0
2026/06/04 23:10:59,0.1,3716,61909,0
2026/06/04 23:11:04,0.4,3716,61909,0
2026/06/04 23:11:08,0.2,3717,61909,0
2026/06/04 23:11:13,0.2,3717,61909,0
2026/06/04 23:11:18,0.2,3717,61909,0
2026/06/04 23:11:22,0.2,3717,61909,0
2026/06/04 23:11:27,0.2,3717,61909,0
2026/06/04 23:11:31,0.2,3718,61909,0
2026/06/04 23:11:36,0.2,3718,61909,0
2026/06/04 23:11:40,0.2,3717,61909,0
2026/06/04 23:11:45,0.2,3718,61909,0
2026/06/04 23:11:49,0.1,3718,61909,0
2026/06/04 23:11:54,0.4,3717,61909,0
2026/06/04 23:11:58,0.2,3718,61909,0
2026/06/04 23:12:03,0.2,3717,61909,0
2026/06/04 23:12:07,0.2,3718,61909,0
2026/06/04 23:12:12,0.2,3719,61909,0
2026/06/04 23:12:16,0.4,3719,61909,0
2026/06/04 23:12:21,0.2,3719,61909,0
2026/06/04 23:12:25,0.2,3719,61909,0
2026/06/04 23:12:30,0.2,3719,61909,0
2026/06/04 23:12:34,0.4,3719,61909,0
2026/06/04 23:12:39,0.2,3719,61909,0
2026/06/04 23:12:43,0.2,3717,61909,0
2026/06/04 23:12:48,0.2,3717,61909,0
2026/06/04 23:12:52,0.4,3717,61909,0
2026/06/04 23:12:57,0.1,3717,61909,0
2026/06/04 23:13:01,0.4,3717,61909,0
2026/06/04 23:13:06,0.2,3717,61909,0
2026/06/04 23:13:10,0.2,3717,61909,0
2026/06/04 23:13:15,0.2,3717,61909,0
2026/06/04 23:13:20,0.2,3717,61909,0
2026/06/04 23:13:24,0.2,3717,61909,0
2026/06/04 23:13:29,0.2,3718,61909,0
2026/06/04 23:13:33,0.2,3717,61909,0
2026/06/04 23:13:38,0.4,3717,61909,0
2026/06/04 23:13:42,0.2,3717,61909,0
2026/06/04 23:13:47,0.2,3717,61909,0
2026/06/04 23:13:51,0.2,3717,61909,0
2026/06/04 23:13:56,0.1,3717,61909,0
2026/06/04 23:14:00,0.1,3718,61909,0
2026/06/04 23:14:05,0.1,3718,61909,0
2026/06/04 23:14:09,0.4,3718,61909,0
2026/06/04 23:14:14,0.2,3718,61909,0
2026/06/04 23:14:18,0.1,3717,61909,0
2026/06/04 23:14:23,0.4,3717,61909,0
2026/06/04 23:14:27,0.2,3718,61909,0
2026/06/04 23:14:32,0.4,3717,61909,0
2026/06/04 23:14:36,0.2,3717,61909,0
2026/06/04 23:14:41,0.1,3717,61909,0
2026/06/04 23:14:45,0.2,3718,61909,0
2026/06/04 23:14:50,0.1,3717,61909,0
2026/06/04 23:14:54,0.1,3718,61909,0
2026/06/04 23:14:59,0.5,3718,61909,0
2026/06/04 23:15:03,0.1,3718,61909,0
2026/06/04 23:15:08,0.2,3718,61909,0
2026/06/04 23:15:12,0.4,3718,61909,0
2026/06/04 23:15:17,0.4,3718,61909,0
2026/06/04 23:15:22,0.4,3718,61909,0
2026/06/04 23:15:26,0.2,3718,61909,0
2026/06/04 23:15:31,0.4,3718,61909,0
2026/06/04 23:15:35,0.1,3719,61909,0
2026/06/04 23:15:40,0.2,3718,61909,0
2026/06/04 23:15:44,0.1,3718,61909,0
2026/06/04 23:15:49,0.1,3718,61909,0
2026/06/04 23:15:53,0.2,3717,61909,0
2026/06/04 23:15:58,0.2,3717,61909,0
2026/06/04 23:16:02,0.2,3717,61909,0
2026/06/04 23:16:07,0.1,3718,61909,0
2026/06/04 23:16:11,0.2,3718,61909,0
2026/06/04 23:16:16,0.1,3718,61909,0
2026/06/04 23:16:20,0.2,3717,61909,0
2026/06/04 23:16:25,0.1,3717,61909,0
2026/06/04 23:16:29,0.4,3717,61909,0
2026/06/04 23:16:34,0.2,3718,61909,0
2026/06/04 23:16:38,0.2,3718,61909,0
2026/06/04 23:16:43,0.4,3719,61909,0
2026/06/04 23:16:47,0.2,3718,61909,0
2026/06/04 23:16:52,0.4,3718,61909,0
2026/06/04 23:16:56,0.2,3719,61909,0
2026/06/04 23:17:01,0.6,3718,61909,0
2026/06/04 23:17:05,0.1,3719,61909,0
2026/06/04 23:17:10,0.2,3718,61909,0
2026/06/04 23:17:14,0.2,3718,61909,0
2026/06/04 23:17:19,0.2,3718,61909,0
2026/06/04 23:17:24,0.2,3718,61909,0
2026/06/04 23:17:28,0.2,3718,61909,0
2026/06/04 23:17:33,0.1,3717,61909,0
2026/06/04 23:17:37,0.1,3718,61909,0
2026/06/04 23:17:42,0.2,3718,61909,0
2026/06/04 23:17:46,0.2,3718,61909,0
2026/06/04 23:17:51,0.4,3718,61909,0
2026/06/04 23:17:55,0.2,3718,61909,0
2026/06/04 23:18:00,0.2,3717,61909,0
2026/06/04 23:18:04,0.1,3718,61909,0
2026/06/04 23:18:09,0.4,3719,61909,0
2026/06/04 23:18:13,0.2,3719,61909,0
2026/06/04 23:18:18,0.1,3719,61909,0
2026/06/04 23:18:22,0.2,3719,61909,0
2026/06/04 23:18:27,0.4,3719,61909,0
2026/06/04 23:18:31,0.1,3719,61909,0
2026/06/04 23:18:36,0.2,3719,61909,0
2026/06/04 23:18:40,0.1,3720,61909,0
2026/06/04 23:18:45,0.1,3720,61909,0
2026/06/04 23:18:49,0.4,3720,61909,0
2026/06/04 23:18:54,0.2,3719,61909,0
2026/06/04 23:18:58,0.5,3719,61909,0
2026/06/04 23:19:03,0.4,3718,61909,0
2026/06/04 23:19:07,0.2,3719,61909,0
2026/06/04 23:19:12,0.4,3719,61909,0
2026/06/04 23:19:16,0.2,3719,61909,0
2026/06/04 23:19:21,0.1,3718,61909,0
2026/06/04 23:19:26,0.2,3719,61909,0
2026/06/04 23:19:30,0.1,3718,61909,0
2026/06/04 23:19:35,0.5,3719,61909,0
2026/06/04 23:19:39,0.2,3718,61909,0
2026/06/04 23:19:44,0.5,3719,61909,0
2026/06/04 23:19:48,0.1,3719,61909,0
2026/06/04 23:19:53,0.1,3719,61909,0
2026/06/04 23:19:57,0.2,3719,61909,0
2026/06/04 23:20:02,0.2,3719,61909,0
2026/06/04 23:20:06,0.2,3720,61909,0
2026/06/04 23:20:11,0.2,3719,61909,0
2026/06/04 23:20:15,0.2,3719,61909,0
2026/06/04 23:20:20,0.2,3718,61909,0
2026/06/04 23:20:24,0.2,3719,61909,0
2026/06/04 23:20:29,0.4,3719,61909,0
2026/06/04 23:20:33,0.2,3719,61909,0
2026/06/04 23:20:38,0.2,3719,61909,0
2026/06/04 23:20:42,0.2,3719,61909,0
2026/06/04 23:20:47,0.4,3719,61909,0
2026/06/04 23:20:51,0.2,3719,61909,0
2026/06/04 23:20:56,0.1,3719,61909,0
2026/06/04 23:21:00,0.2,3718,61909,0
2026/06/04 23:21:05,0.1,3719,61909,0
2026/06/04 23:21:09,0.4,3718,61909,0
2026/06/04 23:21:14,0.1,3719,61909,0
2026/06/04 23:21:18,0.4,3718,61909,0
2026/06/04 23:21:23,0.2,3718,61909,0
2026/06/04 23:21:28,0.2,3718,61909,0
2026/06/04 23:21:32,0.2,3718,61909,0
2026/06/04 23:21:37,0.4,3718,61909,0
2026/06/04 23:21:41,0.4,3718,61909,0
2026/06/04 23:21:46,6.2,3734,61909,0
2026/06/04 23:21:50,0.4,3739,61909,0
2026/06/04 23:21:55,0.2,3739,61909,0
2026/06/04 23:21:59,0.4,3740,61909,0
2026/06/04 23:22:04,1.0,3745,61909,0
2026/06/04 23:22:08,1.1,3718,61909,0
2026/06/04 23:22:13,0.9,3719,61909,0
2026/06/04 23:22:17,1.0,3714,61909,0
2026/06/04 23:22:22,1.0,3719,61909,0
2026/06/04 23:22:26,0.1,3727,61909,0
2026/06/04 23:22:31,0.4,3728,61909,0
2026/06/04 23:22:35,0.7,3728,61909,0
2026/06/04 23:22:40,0.2,3728,61909,0
2026/06/04 23:22:44,0.2,3728,61909,0
2026/06/04 23:22:49,0.4,3714,61909,0
2026/06/04 23:22:53,0.4,3714,61909,0
2026/06/04 23:22:58,0.4,3714,61909,0
2026/06/04 23:23:02,0.4,3715,61909,0
2026/06/04 23:23:07,0.1,3715,61909,0
2026/06/04 23:23:11,0.1,3715,61909,0
2026/06/04 23:23:16,0.2,3716,61909,0
2026/06/04 23:23:20,0.2,3716,61909,0
2026/06/04 23:23:25,0.2,3716,61909,0
2026/06/04 23:23:30,0.1,3717,61909,0
2026/06/04 23:23:34,0.2,3717,61909,0
2026/06/04 23:23:39,0.1,3717,61909,0
2026/06/04 23:23:43,0.2,3718,61909,0
2026/06/04 23:23:48,0.1,3718,61909,0
2026/06/04 23:23:52,0.4,3718,61909,0
2026/06/04 23:23:57,0.1,3719,61909,0
2026/06/04 23:24:01,0.4,3719,61909,0
2026/06/04 23:24:06,0.2,3720,61909,0
2026/06/04 23:24:10,0.2,3720,61909,0
2026/06/04 23:24:15,0.2,3720,61909,0
2026/06/04 23:24:19,0.2,3721,61909,0
2026/06/04 23:24:24,0.4,3721,61909,0
2026/06/04 23:24:28,0.2,3721,61909,0
2026/06/04 23:24:33,0.2,3721,61909,0
2026/06/04 23:24:37,0.2,3721,61909,0
2026/06/04 23:24:42,0.1,3720,61909,0
2026/06/04 23:24:46,0.2,3721,61909,0
2026/06/04 23:24:51,0.1,3721,61909,0
2026/06/04 23:24:55,0.1,3721,61909,0
2026/06/04 23:25:00,0.4,3721,61909,0
2026/06/04 23:25:04,0.2,3721,61909,0
2026/06/04 23:25:09,0.2,3721,61909,0
2026/06/04 23:25:13,0.4,3721,61909,0
2026/06/04 23:25:18,0.2,3720,61909,0
2026/06/04 23:25:22,0.1,3721,61909,0
2026/06/04 23:25:27,0.2,3721,61909,0
2026/06/04 23:25:32,0.4,3720,61909,0
2026/06/04 23:25:36,0.2,3719,61909,0
2026/06/04 23:25:41,0.4,3720,61909,0
2026/06/04 23:25:45,0.1,3720,61909,0
2026/06/04 23:25:50,0.4,3720,61909,0
2026/06/04 23:25:54,0.2,3721,61909,0
2026/06/04 23:25:59,0.4,3721,61909,0
2026/06/04 23:26:03,0.4,3721,61909,0
2026/06/04 23:26:08,0.1,3721,61909,0
2026/06/04 23:26:12,0.2,3721,61909,0
2026/06/04 23:26:17,0.2,3721,61909,0
2026/06/04 23:26:21,0.2,3721,61909,0
2026/06/04 23:26:26,0.2,3721,61909,0
2026/06/04 23:26:30,0.2,3720,61909,0
2026/06/04 23:26:35,0.4,3720,61909,0
2026/06/04 23:26:39,0.2,3721,61909,0
2026/06/04 23:26:44,0.2,3721,61909,0
2026/06/04 23:26:48,0.2,3721,61909,0
2026/06/04 23:26:53,0.1,3721,61909,0
2026/06/04 23:26:57,0.1,3722,61909,0
2026/06/04 23:27:02,0.2,3722,61909,0
2026/06/04 23:27:06,0.4,3722,61909,0
2026/06/04 23:27:11,0.2,3722,61909,0
2026/06/04 23:27:15,0.5,3722,61909,0
2026/06/04 23:27:20,0.2,3721,61909,0
2026/06/04 23:27:24,0.2,3722,61909,0
2026/06/04 23:27:29,0.5,3722,61909,0
2026/06/04 23:27:34,0.2,3722,61909,0
2026/06/04 23:27:38,0.1,3721,61909,0
2026/06/04 23:27:43,0.2,3721,61909,0
2026/06/04 23:27:47,0.1,3722,61909,0
2026/06/04 23:27:52,0.1,3722,61909,0
2026/06/04 23:27:56,0.4,3722,61909,0
2026/06/04 23:28:01,0.4,3722,61909,0
2026/06/04 23:28:05,0.2,3722,61909,0
2026/06/04 23:28:10,0.2,3722,61909,0
2026/06/04 23:28:14,0.2,3721,61909,0
2026/06/04 23:28:19,0.2,3721,61909,0
2026/06/04 23:28:23,0.2,3721,61909,0
2026/06/04 23:28:28,0.2,3721,61909,0
2026/06/04 23:28:32,0.4,3721,61909,0
2026/06/04 23:28:37,0.1,3722,61909,0
2026/06/04 23:28:41,0.2,3722,61909,0
2026/06/04 23:28:46,0.0,3722,61909,0
2026/06/04 23:28:50,0.5,3722,61909,0
2026/06/04 23:28:55,0.2,3723,61909,0
2026/06/04 23:28:59,0.6,3723,61909,0
2026/06/04 23:29:04,0.2,3723,61909,0
2026/06/04 23:29:08,0.2,3723,61909,0
2026/06/04 23:29:13,0.2,3722,61909,0
2026/06/04 23:29:17,0.1,3722,61909,0
2026/06/04 23:29:22,0.1,3722,61909,0
2026/06/04 23:29:26,0.2,3723,61909,0
2026/06/04 23:29:31,0.1,3724,61909,0
2026/06/04 23:29:35,0.4,3724,61909,0
2026/06/04 23:29:40,0.2,3723,61909,0
2026/06/04 23:29:45,0.2,3724,61909,0
2026/06/04 23:29:49,0.2,3724,61909,0
2026/06/04 23:29:54,0.2,3724,61909,0
2026/06/04 23:29:58,0.5,3724,61909,0
2026/06/04 23:30:03,0.1,3723,61909,0
2026/06/04 23:30:07,0.2,3723,61909,0
2026/06/04 23:30:12,0.2,3723,61909,0
2026/06/04 23:30:16,0.2,3723,61909,0
2026/06/04 23:30:21,0.2,3723,61909,0
2026/06/04 23:30:25,0.2,3723,61909,0
2026/06/04 23:30:30,0.1,3723,61909,0
2026/06/04 23:30:34,0.2,3723,61909,0
2026/06/04 23:30:39,0.4,3723,61909,0
2026/06/04 23:30:43,0.4,3723,61909,0
2026/06/04 23:30:48,0.1,3723,61909,0
2026/06/04 23:30:52,0.2,3722,61909,0
2026/06/04 23:30:57,0.2,3722,61909,0
2026/06/04 23:31:01,0.2,3722,61909,0
2026/06/04 23:31:06,0.4,3722,61909,0
2026/06/04 23:31:10,0.2,3722,61909,0
2026/06/04 23:31:15,0.4,3722,61909,0
2026/06/04 23:31:19,0.1,3722,61909,0
2026/06/04 23:31:24,0.4,3723,61909,0
2026/06/04 23:31:28,0.2,3724,61909,0
2026/06/04 23:31:33,0.1,3724,61909,0
2026/06/04 23:31:37,0.2,3720,61909,0
2026/06/04 23:31:42,0.1,3721,61909,0
2026/06/04 23:31:47,0.2,3721,61909,0
2026/06/04 23:31:51,0.2,3721,61909,0
2026/06/04 23:31:56,0.2,3721,61909,0
2026/06/04 23:32:00,0.2,3722,61909,0
2026/06/04 23:32:05,0.2,3722,61909,0
2026/06/04 23:32:09,0.5,3723,61909,0
2026/06/04 23:32:14,0.2,3723,61909,0
2026/06/04 23:32:18,0.2,3723,61909,0
2026/06/04 23:32:23,0.4,3723,61909,0
2026/06/04 23:32:27,0.1,3722,61909,0
2026/06/04 23:32:32,0.2,3723,61909,0
2026/06/04 23:32:36,0.2,3723,61909,0
2026/06/04 23:32:41,0.4,3723,61909,0
2026/06/04 23:32:45,0.1,3725,61909,0
2026/06/04 23:32:50,0.5,3725,61909,0
2026/06/04 23:32:54,0.2,3725,61909,0
2026/06/04 23:32:59,0.2,3725,61909,0
2026/06/04 23:33:03,0.4,3724,61909,0
2026/06/04 23:33:08,0.1,3724,61909,0
2026/06/04 23:33:12,0.2,3724,61909,0
2026/06/04 23:33:17,0.2,3725,61909,0
2026/06/04 23:33:21,0.4,3726,61909,0
2026/06/04 23:33:26,0.4,3726,61909,0
2026/06/04 23:33:30,0.2,3726,61909,0
2026/06/04 23:33:35,0.1,3726,61909,0
2026/06/04 23:33:39,0.4,3726,61909,0
2026/06/04 23:33:44,0.2,3727,61909,0
2026/06/04 23:33:49,0.1,3727,61909,0
2026/06/04 23:33:53,0.2,3727,61909,0
2026/06/04 23:33:58,0.1,3727,61909,0
2026/06/04 23:34:02,0.2,3728,61909,0
2026/06/04 23:34:07,0.1,3727,61909,0
2026/06/04 23:34:11,0.2,3727,61909,0
2026/06/04 23:34:16,0.2,3727,61909,0
2026/06/04 23:34:20,0.2,3727,61909,0
2026/06/04 23:34:25,0.1,3727,61909,0
2026/06/04 23:34:29,0.4,3727,61909,0
2026/06/04 23:34:34,0.1,3726,61909,0
2026/06/04 23:34:38,0.2,3726,61909,0
2026/06/04 23:34:43,0.2,3727,61909,0
2026/06/04 23:34:47,0.2,3728,61909,0
2026/06/04 23:34:52,0.2,3728,61909,0
2026/06/04 23:34:56,0.1,3728,61909,0
2026/06/04 23:35:01,0.4,3728,61909,0
2026/06/04 23:35:05,0.1,3729,61909,0
2026/06/04 23:35:10,0.2,3730,61909,0
2026/06/04 23:35:14,0.2,3730,61909,0
2026/06/04 23:35:19,0.4,3730,61909,0
2026/06/04 23:35:23,0.2,3730,61909,0
2026/06/04 23:35:28,0.2,3730,61909,0
2026/06/04 23:35:32,0.4,3730,61909,0
2026/06/04 23:35:37,0.2,3730,61909,0
2026/06/04 23:35:41,0.1,3729,61909,0
2026/06/04 23:35:46,0.1,3730,61909,0
2026/06/04 23:35:51,0.2,3731,61909,0
2026/06/04 23:35:55,0.1,3731,61909,0
2026/06/04 23:36:00,0.1,3731,61909,0
2026/06/04 23:36:04,0.4,3731,61909,0
2026/06/04 23:36:09,0.4,3732,61909,0
2026/06/04 23:36:13,0.1,3731,61909,0
2026/06/04 23:36:18,0.2,3731,61909,0
2026/06/04 23:36:22,0.2,3731,61909,0
2026/06/04 23:36:27,0.2,3731,61909,0
2026/06/04 23:36:31,0.4,3731,61909,0
2026/06/04 23:36:36,0.2,3731,61909,0
2026/06/04 23:36:40,0.4,3732,61909,0
2026/06/04 23:36:45,0.1,3733,61909,0
2026/06/04 23:36:49,0.4,3732,61909,0
2026/06/04 23:36:54,0.2,3732,61909,0
2026/06/04 23:36:58,0.1,3732,61909,0
2026/06/04 23:37:03,0.1,3732,61909,0
2026/06/04 23:37:07,0.2,3732,61909,0
2026/06/04 23:37:12,0.2,3732,61909,0
2026/06/04 23:37:16,0.5,3731,61909,0
2026/06/04 23:37:21,0.1,3731,61909,0
2026/06/04 23:37:25,0.2,3732,61909,0
2026/06/04 23:37:30,0.1,3732,61909,0
2026/06/04 23:37:34,0.1,3732,61909,0
2026/06/04 23:37:39,0.4,3732,61909,0
2026/06/04 23:37:43,0.4,3733,61909,0
2026/06/04 23:37:48,0.2,3733,61909,0
2026/06/04 23:37:53,0.1,3733,61909,0
2026/06/04 23:37:57,0.4,3732,61909,0
2026/06/04 23:38:02,0.1,3732,61909,0
2026/06/04 23:38:06,0.4,3733,61909,0
2026/06/04 23:38:11,0.2,3733,61909,0
2026/06/04 23:38:15,0.4,3733,61909,0
2026/06/04 23:38:20,0.2,3732,61909,0
2026/06/04 23:38:24,0.2,3733,61909,0
2026/06/04 23:38:29,0.4,3732,61909,0
2026/06/04 23:38:33,0.2,3732,61909,0
2026/06/04 23:38:38,0.2,3733,61909,0
2026/06/04 23:38:42,0.1,3732,61909,0
2026/06/04 23:38:47,0.2,3731,61909,0
2026/06/04 23:38:51,0.1,3731,61909,0
2026/06/04 23:38:56,0.2,3731,61909,0
2026/06/04 23:39:00,0.4,3731,61909,0
2026/06/04 23:39:05,0.2,3732,61909,0
2026/06/04 23:39:09,0.2,3730,61909,0
2026/06/04 23:39:14,0.2,3730,61909,0
2026/06/04 23:39:18,0.1,3731,61909,0
2026/06/04 23:39:23,0.2,3730,61909,0
2026/06/04 23:39:27,0.1,3730,61909,0
2026/06/04 23:39:32,0.2,3730,61909,0
2026/06/04 23:39:36,0.4,3730,61909,0
2026/06/04 23:39:41,0.2,3730,61909,0
2026/06/04 23:39:45,0.2,3729,61909,0
2026/06/04 23:39:50,0.2,3730,61909,0
2026/06/04 23:39:55,0.4,3730,61909,0
2026/06/04 23:39:59,0.2,3731,61909,0
2026/06/04 23:40:04,0.2,3731,61909,0
2026/06/04 23:40:08,0.2,3731,61909,0
2026/06/04 23:40:13,0.2,3731,61909,0
2026/06/04 23:40:17,0.2,3729,61909,0
2026/06/04 23:40:22,0.1,3730,61909,0
2026/06/04 23:40:26,0.2,3730,61909,0
2026/06/04 23:40:31,0.2,3730,61909,0
2026/06/04 23:40:35,0.1,3731,61909,0
2026/06/04 23:40:40,0.5,3731,61909,0
2026/06/04 23:40:44,0.2,3730,61909,0
2026/06/04 23:40:49,0.2,3731,61909,0
2026/06/04 23:40:53,2.0,3729,61909,0
2026/06/04 23:40:58,1.0,3733,61909,0
2026/06/04 23:41:02,1.4,3735,61909,0
2026/06/04 23:41:07,1.4,3739,61909,0
2026/06/04 23:41:11,0.4,3761,61909,0
2026/06/04 23:41:16,5.4,3788,61909,0
2026/06/04 23:41:20,1.5,3723,61909,0
2026/06/04 23:41:25,1.0,3714,61909,0
2026/06/04 23:41:29,0.2,3715,61909,0
2026/06/04 23:41:34,0.2,3737,61909,0
2026/06/04 23:41:38,1.4,3707,61909,0
2026/06/04 23:41:43,1.2,3709,61909,0
2026/06/04 23:41:47,2.6,3713,61909,0
2026/06/04 23:41:52,0.4,3741,61909,0
2026/06/04 23:41:57,1.1,3714,61909,0
2026/06/04 23:42:01,0.1,3721,61909,0
2026/06/04 23:42:06,0.7,3742,61909,0
2026/06/04 23:42:10,1.1,3741,61909,0
2026/06/04 23:42:15,0.4,3730,61909,0
2026/06/04 23:42:19,1.1,3764,61909,0
2026/06/04 23:42:24,1.4,3753,61909,0
2026/06/04 23:42:28,0.9,3750,61909,0
2026/06/04 23:42:33,0.7,3746,61909,0
2026/06/04 23:42:37,0.7,3724,61909,0
2026/06/04 23:42:42,0.2,3756,61909,0
2026/06/04 23:42:46,0.7,3727,61909,0
2026/06/04 23:42:51,1.9,3727,61909,0
2026/06/04 23:42:55,1.0,3729,61909,0
2026/06/04 23:43:00,2.4,3758,61909,0
2026/06/04 23:43:04,0.2,3747,61909,0
2026/06/04 23:43:09,0.2,3746,61909,0
2026/06/04 23:43:13,0.2,3745,61909,0
2026/06/04 23:43:18,0.5,3745,61909,0
2026/06/04 23:43:22,0.5,3746,61909,0
2026/06/04 23:43:27,0.2,3746,61909,0
2026/06/04 23:43:31,0.4,3746,61909,0
2026/06/04 23:43:36,0.6,3746,61909,0
2026/06/04 23:43:40,0.5,3746,61909,0
2026/06/04 23:43:45,0.6,3746,61909,0
2026/06/04 23:43:49,0.2,3747,61909,0
2026/06/04 23:43:54,0.4,3747,61909,0
2026/06/04 23:43:59,0.4,3748,61909,0
2026/06/04 23:44:03,0.2,3748,61909,0
2026/06/04 23:44:08,0.4,3747,61909,0
2026/06/04 23:44:12,0.2,3748,61909,0
2026/06/04 23:44:17,0.5,3748,61909,0
2026/06/04 23:44:21,0.5,3748,61909,0
2026/06/04 23:44:26,0.5,3747,61909,0
2026/06/04 23:44:30,0.2,3748,61909,0
2026/06/04 23:44:35,0.6,3748,61909,0
2026/06/04 23:44:39,0.5,3748,61909,0
2026/06/04 23:44:44,0.4,3749,61909,0
2026/06/04 23:44:48,0.1,3749,61909,0
2026/06/04 23:44:53,0.2,3748,61909,0
2026/06/04 23:44:57,0.1,3730,61909,0
2026/06/04 23:45:02,0.2,3730,61909,0
2026/06/04 23:45:06,0.2,3730,61909,0
2026/06/04 23:45:11,0.4,3730,61909,0
2026/06/04 23:45:15,0.2,3731,61909,0
2026/06/04 23:45:20,0.4,3731,61909,0
2026/06/04 23:45:24,0.2,3731,61909,0
2026/06/04 23:45:29,0.5,3731,61909,0
2026/06/04 23:45:33,0.2,3732,61909,0
2026/06/04 23:45:38,0.5,3732,61909,0
2026/06/04 23:45:42,0.1,3732,61909,0
2026/06/04 23:45:47,0.6,3733,61909,0
2026/06/04 23:45:51,0.2,3734,61909,0
2026/06/04 23:45:56,0.4,3733,61909,0
2026/06/04 23:46:01,0.5,3733,61909,0
2026/06/04 23:46:05,0.2,3734,61909,0
2026/06/04 23:46:10,0.2,3733,61909,0
2026/06/04 23:46:14,0.2,3734,61909,0
2026/06/04 23:46:19,0.5,3735,61909,0
2026/06/04 23:46:23,0.4,3734,61909,0
2026/06/04 23:46:28,0.5,3736,61909,0
2026/06/04 23:46:32,0.4,3736,61909,0
2026/06/04 23:46:37,0.4,3736,61909,0
2026/06/04 23:46:41,0.2,3736,61909,0
2026/06/04 23:46:46,0.4,3736,61909,0
2026/06/04 23:46:50,0.2,3736,61909,0
2026/06/04 23:46:55,0.6,3736,61909,0
2026/06/04 23:46:59,0.5,3737,61909,0
2026/06/04 23:47:04,0.4,3736,61909,0
2026/06/04 23:47:08,0.5,3735,61909,0
2026/06/04 23:47:13,0.6,3735,61909,0
2026/06/04 23:47:17,0.2,3735,61909,0
2026/06/04 23:47:22,0.6,3735,61909,0
2026/06/04 23:47:26,0.5,3737,61909,0
2026/06/04 23:47:31,0.6,3737,61909,0
2026/06/04 23:47:35,0.6,3737,61909,0
2026/06/04 23:47:40,0.5,3736,61909,0
2026/06/04 23:47:44,0.6,3735,61909,0
2026/06/04 23:47:49,0.2,3735,61909,0
2026/06/04 23:47:53,0.7,3735,61909,0
2026/06/04 23:47:58,0.4,3734,61909,0
2026/06/04 23:48:03,0.5,3734,61909,0
2026/06/04 23:48:07,0.4,3734,61909,0
2026/06/04 23:48:12,0.4,3734,61909,0
2026/06/04 23:48:16,0.5,3735,61909,0
2026/06/04 23:48:21,0.2,3735,61909,0
2026/06/04 23:48:25,0.2,3735,61909,0
2026/06/04 23:48:30,0.4,3736,61909,0
2026/06/04 23:48:34,0.2,3736,61909,0
2026/06/04 23:48:39,0.4,3735,61909,0
2026/06/04 23:48:43,0.4,3736,61909,0
2026/06/04 23:48:48,0.5,3737,61909,0
2026/06/04 23:48:52,0.2,3737,61909,0
2026/06/04 23:48:57,0.5,3737,61909,0
2026/06/04 23:49:01,0.4,3737,61909,0
2026/06/04 23:49:06,0.4,3737,61909,0
2026/06/04 23:49:10,0.2,3738,61909,0
2026/06/04 23:49:15,0.4,3737,61909,0
2026/06/04 23:49:19,0.2,3737,61909,0
2026/06/04 23:49:24,0.4,3737,61909,0
2026/06/04 23:49:28,0.4,3737,61909,0
2026/06/04 23:49:33,0.5,3738,61909,0
2026/06/04 23:49:37,0.6,3738,61909,0
2026/06/04 23:49:42,0.4,3738,61909,0
2026/06/04 23:49:46,0.2,3737,61909,0
2026/06/04 23:49:51,0.7,3739,61909,0
2026/06/04 23:49:55,0.7,3739,61909,0
2026/06/04 23:50:00,0.5,3738,61909,0
2026/06/04 23:50:05,0.4,3739,61909,0
2026/06/04 23:50:09,0.6,3739,61909,0
2026/06/04 23:50:14,0.6,3739,61909,0
2026/06/04 23:50:18,0.6,3739,61909,0
2026/06/04 23:50:23,0.7,3739,61909,0
2026/06/04 23:50:27,0.5,3739,61909,0
2026/06/04 23:50:32,0.7,3739,61909,0
2026/06/04 23:50:36,0.2,3740,61909,0
2026/06/04 23:50:41,0.6,3739,61909,0
2026/06/04 23:50:45,0.7,3740,61909,0
2026/06/04 23:50:50,0.6,3740,61909,0
2026/06/04 23:50:54,0.6,3740,61909,0
2026/06/04 23:50:59,0.6,3741,61909,0
2026/06/04 23:51:03,0.5,3740,61909,0
2026/06/04 23:51:08,0.5,3740,61909,0
2026/06/04 23:51:12,0.6,3740,61909,0
2026/06/04 23:51:17,0.5,3741,61909,0
2026/06/04 23:51:21,0.6,3740,61909,0
2026/06/04 23:51:26,0.4,3740,61909,0
2026/06/04 23:51:30,0.4,3741,61909,0
2026/06/04 23:51:35,0.5,3741,61909,0
2026/06/04 23:51:39,0.4,3741,61909,0
2026/06/04 23:51:44,0.5,3741,61909,0
2026/06/04 23:51:48,0.4,3741,61909,0
2026/06/04 23:51:53,0.6,3741,61909,0
2026/06/04 23:51:57,0.5,3741,61909,0
2026/06/04 23:52:02,0.4,3742,61909,0
2026/06/04 23:52:07,0.6,3742,61909,0
2026/06/04 23:52:11,0.4,3742,61909,0
2026/06/04 23:52:16,0.6,3743,61909,0
2026/06/04 23:52:20,0.5,3743,61909,0
2026/06/04 23:52:25,0.4,3743,61909,0
2026/06/04 23:52:29,0.5,3743,61909,0
2026/06/04 23:52:34,0.5,3744,61909,0
2026/06/04 23:52:38,0.5,3744,61909,0
2026/06/04 23:52:43,0.6,3744,61909,0
2026/06/04 23:52:47,0.5,3743,61909,0
2026/06/04 23:52:52,0.5,3743,61909,0
2026/06/04 23:52:56,0.4,3743,61909,0
2026/06/04 23:53:01,0.4,3743,61909,0
2026/06/04 23:53:05,0.4,3743,61909,0
2026/06/04 23:53:10,0.4,3743,61909,0
2026/06/04 23:53:14,0.7,3743,61909,0
2026/06/04 23:53:19,0.6,3743,61909,0
2026/06/04 23:53:23,0.2,3743,61909,0
2026/06/04 23:53:28,0.6,3744,61909,0
2026/06/04 23:53:32,0.7,3744,61909,0
2026/06/04 23:53:37,0.4,3743,61909,0
2026/06/04 23:53:41,0.5,3744,61909,0
2026/06/04 23:53:46,0.5,3743,61909,0
2026/06/04 23:53:50,0.5,3744,61909,0
2026/06/04 23:53:55,0.4,3743,61909,0
2026/06/04 23:53:59,0.6,3744,61909,0
2026/06/04 23:54:04,0.5,3744,61909,0
2026/06/04 23:54:09,0.5,3744,61909,0
2026/06/04 23:54:13,0.5,3744,61909,0
2026/06/04 23:54:18,0.4,3743,61909,0
2026/06/04 23:54:22,0.4,3743,61909,0
2026/06/04 23:54:27,0.5,3743,61909,0
2026/06/04 23:54:31,0.2,3743,61909,0
2026/06/04 23:54:36,0.2,3743,61909,0
2026/06/04 23:54:40,0.5,3743,61909,0
2026/06/04 23:54:45,0.4,3743,61909,0
2026/06/04 23:54:49,0.2,3744,61909,0
2026/06/04 23:54:54,0.4,3743,61909,0
2026/06/04 23:54:58,0.4,3743,61909,0
2026/06/04 23:55:03,0.4,3743,61909,0
2026/06/04 23:55:07,0.1,3744,61909,0
2026/06/04 23:55:12,0.2,3744,61909,0
2026/06/04 23:55:16,0.2,3744,61909,0
2026/06/04 23:55:21,0.4,3744,61909,0
2026/06/04 23:55:25,0.4,3743,61909,0
2026/06/04 23:55:30,0.4,3744,61909,0
2026/06/04 23:55:34,0.2,3745,61909,0
2026/06/04 23:55:39,0.4,3745,61909,0
2026/06/04 23:55:43,0.4,3744,61909,0
2026/06/04 23:55:48,0.4,3744,61909,0
2026/06/04 23:55:52,0.4,3745,61909,0
2026/06/04 23:55:57,0.2,3744,61909,0
2026/06/04 23:56:01,0.5,3744,61909,0
2026/06/04 23:56:06,0.2,3744,61909,0
2026/06/04 23:56:11,0.5,3744,61909,0
2026/06/04 23:56:15,0.2,3743,61909,0
2026/06/04 23:56:20,0.6,3753,61909,0
2026/06/04 23:56:24,0.7,3752,61909,0
2026/06/04 23:56:29,0.7,3748,61909,0
2026/06/04 23:56:33,0.2,3748,61909,0
2026/06/04 23:56:38,0.6,3747,61909,0
2026/06/04 23:56:42,0.5,3747,61909,0
2026/06/04 23:56:47,0.6,3747,61909,0
2026/06/04 23:56:51,0.5,3746,61909,0
2026/06/04 23:56:56,0.5,3746,61909,0
2026/06/04 23:57:00,0.4,3747,61909,0
2026/06/04 23:57:05,0.4,3746,61909,0
2026/06/04 23:57:09,0.7,3747,61909,0
2026/06/04 23:57:14,0.5,3746,61909,0
2026/06/04 23:57:18,0.5,3746,61909,0
2026/06/04 23:57:23,0.5,3745,61909,0
2026/06/04 23:57:27,0.2,3745,61909,0
2026/06/04 23:57:32,0.9,3745,61909,0
2026/06/04 23:57:36,0.4,3743,61909,0
2026/06/04 23:57:41,0.6,3743,61909,0
2026/06/04 23:57:45,0.4,3742,61909,0
2026/06/04 23:57:50,0.6,3743,61909,0
2026/06/04 23:57:54,0.5,3742,61909,0
2026/06/04 23:57:59,0.5,3743,61909,0
2026/06/04 23:58:03,0.6,3743,61909,0
2026/06/04 23:58:08,0.5,3742,61909,0
2026/06/04 23:58:13,1.0,3742,61909,0
2026/06/04 23:58:17,0.4,3742,61909,0
2026/06/04 23:58:22,0.7,3741,61909,0
2026/06/04 23:58:26,0.4,3742,61909,0
2026/06/04 23:58:31,0.6,3742,61909,0
2026/06/04 23:58:35,0.2,3741,61909,0
2026/06/04 23:58:40,0.4,3741,61909,0
2026/06/04 23:58:44,0.2,3740,61909,0
2026/06/04 23:58:49,0.4,3740,61909,0
2026/06/04 23:58:53,0.1,3739,61909,0
2026/06/04 23:58:58,0.2,3739,61909,0
2026/06/04 23:59:02,0.2,3739,61909,0
2026/06/04 23:59:07,0.2,3740,61909,0
2026/06/04 23:59:11,0.2,3740,61909,0
2026/06/04 23:59:16,0.5,3741,61909,0
2026/06/04 23:59:20,0.1,3740,61909,0
2026/06/04 23:59:25,0.4,3741,61909,0
2026/06/04 23:59:29,0.1,3740,61909,0
2026/06/04 23:59:34,0.4,3740,61909,0
2026/06/04 23:59:38,0.0,3740,61909,0
2026/06/04 23:59:43,0.6,3739,61909,0
2026/06/04 23:59:47,0.2,3739,61909,0
2026/06/04 23:59:52,0.5,3740,61909,0
2026/06/04 23:59:56,0.5,3740,61909,0
2026/06/05 00:00:01,0.4,3732,61909,0
2026/06/05 00:00:05,0.5,3731,61909,0
2026/06/05 00:00:10,0.2,3732,61909,0
2026/06/05 00:00:15,0.5,3732,61909,0
2026/06/05 00:00:19,0.2,3733,61909,0
2026/06/05 00:00:24,0.6,3732,61909,0
2026/06/05 00:00:28,0.2,3733,61909,0
2026/06/05 00:00:33,0.2,3732,61909,0
2026/06/05 00:00:37,0.1,3732,61909,0
2026/06/05 00:00:42,0.6,3733,61909,0
2026/06/05 00:00:46,0.6,3733,61909,0
2026/06/05 00:00:51,0.7,3732,61909,0
2026/06/05 00:00:55,0.6,3732,61909,0
2026/06/05 00:01:00,0.4,3732,61909,0
2026/06/05 00:01:04,0.2,3732,61909,0
2026/06/05 00:01:09,0.6,3732,61909,0
2026/06/05 00:01:13,0.4,3731,61909,0
2026/06/05 00:01:18,0.6,3731,61909,0
2026/06/05 00:01:22,0.7,3738,61909,0
2026/06/05 00:01:27,0.4,3734,61909,0
2026/06/05 00:01:31,0.5,3734,61909,0
2026/06/05 00:01:36,0.5,3734,61909,0
2026/06/05 00:01:40,0.5,3733,61909,0
2026/06/05 00:01:45,0.5,3733,61909,0
2026/06/05 00:01:49,0.6,3734,61909,0
2026/06/05 00:01:54,0.6,3735,61909,0
2026/06/05 00:01:58,0.4,3735,61909,0
2026/06/05 00:02:03,0.5,3735,61909,0
2026/06/05 00:02:07,0.6,3735,61909,0
2026/06/05 00:02:12,0.4,3735,61909,0
2026/06/05 00:02:17,0.4,3735,61909,0
2026/06/05 00:02:21,0.4,3735,61909,0
2026/06/05 00:02:26,0.9,3735,61909,0
2026/06/05 00:02:30,0.5,3736,61909,0
2026/06/05 00:02:35,0.5,3735,61909,0
2026/06/05 00:02:39,0.2,3735,61909,0
2026/06/05 00:02:44,0.5,3735,61909,0
2026/06/05 00:02:48,0.2,3736,61909,0
2026/06/05 00:02:53,0.2,3735,61909,0
2026/06/05 00:02:57,0.1,3736,61909,0
2026/06/05 00:03:02,0.4,3736,61909,0
2026/06/05 00:03:06,0.1,3736,61909,0
2026/06/05 00:03:11,0.4,3737,61909,0
2026/06/05 00:03:15,0.2,3736,61909,0
2026/06/05 00:03:20,0.4,3736,61909,0
2026/06/05 00:03:24,0.1,3736,61909,0
2026/06/05 00:03:29,0.2,3736,61909,0
2026/06/05 00:03:33,0.2,3737,61909,0
2026/06/05 00:03:38,0.2,3737,61909,0
2026/06/05 00:03:42,0.2,3736,61909,0
2026/06/05 00:03:47,0.4,3737,61909,0
2026/06/05 00:03:51,0.2,3738,61909,0
2026/06/05 00:03:56,0.2,3738,61909,0
2026/06/05 00:04:00,0.1,3738,61909,0
2026/06/05 00:04:05,0.2,3738,61909,0
2026/06/05 00:04:09,0.4,3738,61909,0
2026/06/05 00:04:14,0.4,3739,61909,0
2026/06/05 00:04:19,0.2,3739,61909,0
2026/06/05 00:04:23,0.2,3739,61909,0
2026/06/05 00:04:28,0.2,3739,61909,0
2026/06/05 00:04:32,0.2,3739,61909,0
2026/06/05 00:04:37,0.1,3740,61909,0
2026/06/05 00:04:41,0.2,3740,61909,0
2026/06/05 00:04:46,0.1,3739,61909,0
2026/06/05 00:04:50,0.1,3740,61909,0
2026/06/05 00:04:55,0.1,3740,61909,0
2026/06/05 00:04:59,0.4,3741,61909,0
2026/06/05 00:05:04,0.2,3740,61909,0
2026/06/05 00:05:08,0.1,3740,61909,0
2026/06/05 00:05:13,0.1,3741,61909,0
2026/06/05 00:05:17,0.4,3741,61909,0
2026/06/05 00:05:22,0.2,3742,61909,0
2026/06/05 00:05:26,0.4,3742,61909,0
2026/06/05 00:05:31,0.2,3742,61909,0
2026/06/05 00:05:35,0.2,3742,61909,0
2026/06/05 00:05:40,0.2,3742,61909,0
2026/06/05 00:05:44,0.2,3743,61909,0
2026/06/05 00:05:49,0.4,3743,61909,0
2026/06/05 00:05:53,0.2,3743,61909,0
2026/06/05 00:05:58,0.2,3742,61909,0
2026/06/05 00:06:02,0.4,3742,61909,0
2026/06/05 00:06:07,0.2,3741,61909,0
2026/06/05 00:06:11,0.1,3741,61909,0
2026/06/05 00:06:16,0.2,3740,61909,0
2026/06/05 00:06:21,0.1,3740,61909,0
2026/06/05 00:06:25,0.1,3740,61909,0
2026/06/05 00:06:30,0.2,3740,61909,0
2026/06/05 00:06:34,0.4,3739,61909,0
2026/06/05 00:06:39,0.1,3739,61909,0
2026/06/05 00:06:43,0.2,3740,61909,0
2026/06/05 00:06:48,0.2,3740,61909,0
2026/06/05 00:06:52,0.2,3740,61909,0
2026/06/05 00:06:57,0.2,3740,61909,0
2026/06/05 00:07:01,0.1,3739,61909,0
2026/06/05 00:07:06,0.4,3740,61909,0
2026/06/05 00:07:10,0.4,3740,61909,0
2026/06/05 00:07:15,0.2,3739,61909,0
2026/06/05 00:07:19,0.2,3739,61909,0
2026/06/05 00:07:24,0.2,3740,61909,0
2026/06/05 00:07:28,0.2,3740,61909,0
2026/06/05 00:07:33,0.4,3740,61909,0
2026/06/05 00:07:37,0.1,3740,61909,0
2026/06/05 00:07:42,0.4,3740,61909,0
2026/06/05 00:07:46,0.2,3739,61909,0
2026/06/05 00:07:51,0.4,3739,61909,0
2026/06/05 00:07:55,0.2,3740,61909,0
2026/06/05 00:08:00,0.4,3740,61909,0
2026/06/05 00:08:04,0.2,3740,61909,0
2026/06/05 00:08:09,0.4,3740,61909,0
2026/06/05 00:08:13,0.4,3739,61909,0
2026/06/05 00:08:18,0.1,3739,61909,0
2026/06/05 00:08:23,0.2,3739,61909,0
2026/06/05 00:08:27,0.4,3739,61909,0
2026/06/05 00:08:32,0.2,3739,61909,0
2026/06/05 00:08:36,0.2,3740,61909,0
2026/06/05 00:08:41,0.2,3739,61909,0
2026/06/05 00:08:45,0.2,3739,61909,0
2026/06/05 00:08:50,0.2,3740,61909,0
2026/06/05 00:08:54,0.4,3740,61909,0
2026/06/05 00:08:59,0.4,3741,61909,0
2026/06/05 00:09:03,0.1,3740,61909,0
2026/06/05 00:09:08,0.4,3739,61909,0
2026/06/05 00:09:12,0.1,3739,61909,0
2026/06/05 00:09:17,0.4,3739,61909,0
2026/06/05 00:09:21,0.1,3739,61909,0
2026/06/05 00:09:26,0.2,3739,61909,0
2026/06/05 00:09:30,0.1,3739,61909,0
2026/06/05 00:09:35,0.1,3739,61909,0
2026/06/05 00:09:39,0.2,3739,61909,0
2026/06/05 00:09:44,0.4,3740,61909,0
2026/06/05 00:09:48,0.2,3739,61909,0
2026/06/05 00:09:53,0.1,3740,61909,0
2026/06/05 00:09:57,0.2,3741,61909,0
2026/06/05 00:10:02,0.1,3739,61909,0
2026/06/05 00:10:06,0.4,3740,61909,0
2026/06/05 00:10:11,0.2,3739,61909,0
2026/06/05 00:10:15,0.4,3739,61909,0
2026/06/05 00:10:20,0.1,3739,61909,0
2026/06/05 00:10:25,0.4,3740,61909,0
2026/06/05 00:10:29,0.2,3739,61909,0
2026/06/05 00:10:34,0.4,3739,61909,0
2026/06/05 00:10:38,0.2,3739,61909,0
2026/06/05 00:10:43,0.1,3740,61909,0
2026/06/05 00:10:47,0.4,3739,61909,0
2026/06/05 00:10:52,0.2,3739,61909,0
2026/06/05 00:10:56,0.1,3739,61909,0
2026/06/05 00:11:01,0.2,3740,61909,0
2026/06/05 00:11:05,0.2,3740,61909,0
2026/06/05 00:11:10,0.4,3739,61909,0
2026/06/05 00:11:14,0.4,3740,61909,0
2026/06/05 00:11:19,0.1,3740,61909,0
2026/06/05 00:11:23,0.4,3741,61909,0
2026/06/05 00:11:28,0.2,3740,61909,0
2026/06/05 00:11:32,0.4,3739,61909,0
2026/06/05 00:11:37,0.1,3739,61909,0
2026/06/05 00:11:41,0.2,3738,61909,0
2026/06/05 00:11:46,0.2,3739,61909,0
2026/06/05 00:11:50,0.2,3739,61909,0
2026/06/05 00:11:55,0.2,3738,61909,0
2026/06/05 00:11:59,0.4,3738,61909,0
2026/06/05 00:12:04,0.4,3739,61909,0
2026/06/05 00:12:08,0.2,3738,61909,0
2026/06/05 00:12:13,0.2,3738,61909,0
2026/06/05 00:12:17,0.4,3738,61909,0
2026/06/05 00:12:22,0.2,3738,61909,0
2026/06/05 00:12:27,0.2,3738,61909,0
2026/06/05 00:12:31,0.2,3738,61909,0
2026/06/05 00:12:36,0.4,3738,61909,0
2026/06/05 00:12:40,0.2,3738,61909,0
2026/06/05 00:12:45,0.1,3738,61909,0
2026/06/05 00:12:49,0.1,3738,61909,0
2026/06/05 00:12:54,0.2,3738,61909,0
2026/06/05 00:12:58,0.1,3737,61909,0
2026/06/05 00:13:03,0.4,3738,61909,0
2026/06/05 00:13:07,0.4,3737,61909,0
2026/06/05 00:13:12,0.1,3738,61909,0
2026/06/05 00:13:16,0.5,3738,61909,0
2026/06/05 00:13:21,0.2,3738,61909,0
2026/06/05 00:13:25,0.2,3737,61909,0
2026/06/05 00:13:30,0.2,3737,61909,0
2026/06/05 00:13:34,0.2,3737,61909,0
2026/06/05 00:13:39,0.2,3737,61909,0
2026/06/05 00:13:43,0.2,3736,61909,0
2026/06/05 00:13:48,0.5,3736,61909,0
2026/06/05 00:13:52,0.2,3736,61909,0
2026/06/05 00:13:57,0.2,3736,61909,0
2026/06/05 00:14:01,0.2,3736,61909,0
2026/06/05 00:14:06,0.4,3736,61909,0
2026/06/05 00:14:10,0.1,3736,61909,0
2026/06/05 00:14:15,0.2,3736,61909,0
2026/06/05 00:14:19,0.1,3737,61909,0
2026/06/05 00:14:24,0.2,3737,61909,0
2026/06/05 00:14:28,0.1,3735,61909,0
2026/06/05 00:14:33,0.1,3735,61909,0
2026/06/05 00:14:38,0.1,3734,61909,0
2026/06/05 00:14:42,0.2,3734,61909,0
2026/06/05 00:14:47,0.1,3734,61909,0
2026/06/05 00:14:51,0.1,3735,61909,0
2026/06/05 00:14:56,0.2,3735,61909,0
2026/06/05 00:15:00,0.2,3735,61909,0
2026/06/05 00:15:05,0.2,3735,61909,0
2026/06/05 00:15:09,0.2,3735,61909,0
2026/06/05 00:15:14,0.2,3735,61909,0
2026/06/05 00:15:18,0.2,3735,61909,0
2026/06/05 00:15:23,0.1,3736,61909,0
2026/06/05 00:15:27,0.4,3736,61909,0
2026/06/05 00:15:32,0.2,3735,61909,0
2026/06/05 00:15:36,0.2,3735,61909,0
2026/06/05 00:15:41,0.5,3735,61909,0
2026/06/05 00:15:45,0.1,3735,61909,0
2026/06/05 00:15:50,0.5,3736,61909,0
2026/06/05 00:15:54,0.1,3735,61909,0
2026/06/05 00:15:59,0.4,3736,61909,0
2026/06/05 00:16:03,0.2,3736,61909,0
2026/06/05 00:16:08,0.5,3749,61909,0
2026/06/05 00:16:12,0.2,3749,61909,0
2026/06/05 00:16:17,0.4,3748,61909,0
2026/06/05 00:16:21,0.2,3749,61909,0
2026/06/05 00:16:26,0.4,3748,61909,0
2026/06/05 00:16:30,0.1,3748,61909,0
2026/06/05 00:16:35,0.1,3747,61909,0
2026/06/05 00:16:40,0.1,3747,61909,0
2026/06/05 00:16:44,0.4,3747,61909,0
2026/06/05 00:16:49,0.2,3747,61909,0
2026/06/05 00:16:53,0.4,3746,61909,0
2026/06/05 00:16:58,0.4,3732,61909,0
2026/06/05 00:17:02,0.4,3733,61909,0
2026/06/05 00:17:07,0.1,3733,61909,0
2026/06/05 00:17:11,0.1,3733,61909,0
2026/06/05 00:17:16,0.2,3733,61909,0
2026/06/05 00:17:20,0.2,3734,61909,0
2026/06/05 00:17:25,0.2,3733,61909,0
2026/06/05 00:17:29,0.4,3733,61909,0
2026/06/05 00:17:34,0.1,3733,61909,0
2026/06/05 00:17:38,0.4,3734,61909,0
2026/06/05 00:17:43,0.4,3734,61909,0
2026/06/05 00:17:47,0.2,3734,61909,0
2026/06/05 00:17:52,0.2,3733,61909,0
2026/06/05 00:17:56,0.2,3734,61909,0
2026/06/05 00:18:01,0.2,3733,61909,0
2026/06/05 00:18:05,0.4,3734,61909,0
2026/06/05 00:18:10,0.1,3733,61909,0
2026/06/05 00:18:14,0.2,3733,61909,0
2026/06/05 00:18:19,0.4,3734,61909,0
2026/06/05 00:18:23,0.1,3733,61909,0
2026/06/05 00:18:28,0.1,3734,61909,0
2026/06/05 00:18:32,0.2,3734,61909,0
2026/06/05 00:18:37,0.1,3734,61909,0
2026/06/05 00:18:42,0.2,3734,61909,0
2026/06/05 00:18:46,0.4,3734,61909,0
2026/06/05 00:18:51,0.4,3734,61909,0
2026/06/05 00:18:55,0.2,3734,61909,0
2026/06/05 00:19:00,0.4,3733,61909,0
2026/06/05 00:19:04,0.2,3733,61909,0
2026/06/05 00:19:09,0.2,3733,61909,0
2026/06/05 00:19:13,0.2,3734,61909,0
2026/06/05 00:19:18,0.5,3734,61909,0
2026/06/05 00:19:22,0.4,3735,61909,0
2026/06/05 00:19:27,0.4,3735,61909,0
2026/06/05 00:19:31,0.1,3735,61909,0
2026/06/05 00:19:36,0.2,3735,61909,0
2026/06/05 00:19:40,0.2,3735,61909,0
2026/06/05 00:19:45,0.2,3735,61909,0
2026/06/05 00:19:49,0.2,3735,61909,0
2026/06/05 00:19:54,0.2,3735,61909,0
2026/06/05 00:19:58,0.4,3736,61909,0
2026/06/05 00:20:03,0.2,3735,61909,0
2026/06/05 00:20:07,0.2,3734,61909,0
2026/06/05 00:20:12,0.2,3735,61909,0
2026/06/05 00:20:16,0.2,3735,61909,0
2026/06/05 00:20:21,0.2,3735,61909,0
2026/06/05 00:20:25,0.1,3736,61909,0
2026/06/05 00:20:30,0.2,3735,61909,0
2026/06/05 00:20:34,0.2,3735,61909,0
2026/06/05 00:20:39,0.4,3735,61909,0
2026/06/05 00:20:44,0.1,3736,61909,0
2026/06/05 00:20:48,0.1,3735,61909,0
2026/06/05 00:20:53,0.2,3736,61909,0
2026/06/05 00:20:57,0.1,3736,61909,0
2026/06/05 00:21:02,0.4,3736,61909,0
2026/06/05 00:21:06,0.2,3735,61909,0
2026/06/05 00:21:11,0.2,3736,61909,0
2026/06/05 00:21:15,0.4,3735,61909,0
2026/06/05 00:21:20,0.2,3735,61909,0
2026/06/05 00:21:24,0.1,3735,61909,0
2026/06/05 00:21:29,0.2,3735,61909,0
2026/06/05 00:21:33,0.2,3735,61909,0
2026/06/05 00:21:38,0.2,3736,61909,0
2026/06/05 00:21:42,0.2,3736,61909,0
2026/06/05 00:21:47,0.2,3736,61909,0
2026/06/05 00:21:51,0.2,3736,61909,0
2026/06/05 00:21:56,0.2,3736,61909,0
2026/06/05 00:22:00,0.1,3736,61909,0
2026/06/05 00:22:05,0.4,3736,61909,0
2026/06/05 00:22:09,0.2,3735,61909,0
2026/06/05 00:22:14,0.2,3735,61909,0
2026/06/05 00:22:18,0.1,3735,61909,0
2026/06/05 00:22:23,0.4,3736,61909,0
2026/06/05 00:22:27,0.2,3736,61909,0
2026/06/05 00:22:32,0.2,3737,61909,0
2026/06/05 00:22:36,0.1,3737,61909,0
2026/06/05 00:22:41,0.2,3737,61909,0
2026/06/05 00:22:46,0.1,3736,61909,0
2026/06/05 00:22:50,0.4,3737,61909,0
2026/06/05 00:22:55,0.2,3736,61909,0
2026/06/05 00:22:59,0.2,3735,61909,0
2026/06/05 00:23:04,0.2,3735,61909,0
2026/06/05 00:23:08,0.2,3735,61909,0
2026/06/05 00:23:13,0.2,3736,61909,0
2026/06/05 00:23:17,0.2,3737,61909,0
2026/06/05 00:23:22,0.2,3737,61909,0
2026/06/05 00:23:26,0.2,3737,61909,0
2026/06/05 00:23:31,0.2,3737,61909,0
2026/06/05 00:23:35,0.1,3737,61909,0
2026/06/05 00:23:40,0.2,3737,61909,0
2026/06/05 00:23:44,0.2,3736,61909,0
2026/06/05 00:23:49,0.4,3737,61909,0
2026/06/05 00:23:53,0.2,3736,61909,0
2026/06/05 00:23:58,0.2,3737,61909,0
2026/06/05 00:24:02,0.2,3737,61909,0
2026/06/05 00:24:07,0.1,3737,61909,0
2026/06/05 00:24:11,0.2,3737,61909,0
2026/06/05 00:24:16,0.2,3737,61909,0
2026/06/05 00:24:20,0.2,3737,61909,0
2026/06/05 00:24:25,0.2,3737,61909,0
2026/06/05 00:24:29,0.4,3736,61909,0
2026/06/05 00:24:34,0.4,3736,61909,0
2026/06/05 00:24:38,0.2,3737,61909,0
2026/06/05 00:24:43,0.2,3737,61909,0
2026/06/05 00:24:48,0.1,3736,61909,0
2026/06/05 00:24:52,0.2,3736,61909,0
2026/06/05 00:24:57,0.2,3737,61909,0
2026/06/05 00:25:01,0.2,3737,61909,0
2026/06/05 00:25:06,0.1,3737,61909,0
2026/06/05 00:25:10,0.1,3737,61909,0
2026/06/05 00:25:15,0.2,3737,61909,0
2026/06/05 00:25:19,0.1,3737,61909,0
2026/06/05 00:25:24,0.4,3738,61909,0
2026/06/05 00:25:28,0.2,3738,61909,0
2026/06/05 00:25:33,0.1,3738,61909,0
2026/06/05 00:25:37,0.4,3735,61909,0
2026/06/05 00:25:42,0.1,3735,61909,0
2026/06/05 00:25:46,0.5,3735,61909,0
2026/06/05 00:25:51,0.1,3736,61909,0
2026/06/05 00:25:55,0.1,3736,61909,0
2026/06/05 00:26:00,0.5,3736,61909,0
2026/06/05 00:26:04,0.2,3735,61909,0
2026/06/05 00:26:09,0.2,3735,61909,0
2026/06/05 00:26:13,0.4,3735,61909,0
2026/06/05 00:26:18,0.1,3735,61909,0
2026/06/05 00:26:22,0.1,3735,61909,0
2026/06/05 00:26:27,0.1,3736,61909,0
2026/06/05 00:26:31,0.1,3735,61909,0
2026/06/05 00:26:36,1.7,3743,61909,0
2026/06/05 00:26:40,0.4,3773,61909,0
2026/06/05 00:26:45,0.6,3772,61909,0
2026/06/05 00:26:49,1.5,3727,61909,0
2026/06/05 00:26:54,0.2,3734,61909,0
2026/06/05 00:26:59,0.5,3734,61909,0
2026/06/05 00:27:03,0.5,3727,61909,0
2026/06/05 00:27:08,0.4,3726,61909,0
2026/06/05 00:27:12,0.5,3724,61909,0
2026/06/05 00:27:17,0.6,3725,61909,0
2026/06/05 00:27:21,3.7,3758,61909,0
2026/06/05 00:27:26,0.4,3730,61909,0
2026/06/05 00:27:30,1.1,3730,61909,0
2026/06/05 00:27:35,0.4,3721,61909,0
2026/06/05 00:27:39,0.2,3721,61909,0
2026/06/05 00:27:44,0.2,3721,61909,0
2026/06/05 00:27:48,0.7,3722,61909,0
2026/06/05 00:27:53,0.2,3722,61909,0
2026/06/05 00:27:57,0.4,3722,61909,0
2026/06/05 00:28:02,0.5,3722,61909,0
2026/06/05 00:28:06,0.1,3723,61909,0
2026/06/05 00:28:11,0.5,3723,61909,0
2026/06/05 00:28:15,0.2,3723,61909,0
2026/06/05 00:28:20,0.4,3724,61909,0
2026/06/05 00:28:24,0.4,3723,61909,0
2026/06/05 00:28:29,0.2,3723,61909,0
2026/06/05 00:28:33,0.1,3723,61909,0
2026/06/05 00:28:38,0.4,3724,61909,0
2026/06/05 00:28:42,0.2,3725,61909,0
2026/06/05 00:28:47,0.5,3724,61909,0
2026/06/05 00:28:51,0.2,3725,61909,0
2026/06/05 00:28:56,0.6,3724,61909,0
2026/06/05 00:29:01,0.2,3725,61909,0
2026/06/05 00:29:05,0.4,3725,61909,0
2026/06/05 00:29:10,0.1,3726,61909,0
2026/06/05 00:29:14,0.5,3726,61909,0
2026/06/05 00:29:19,0.2,3727,61909,0
2026/06/05 00:29:23,0.4,3727,61909,0
2026/06/05 00:29:28,0.1,3727,61909,0
2026/06/05 00:29:32,0.2,3727,61909,0
2026/06/05 00:29:37,0.2,3727,61909,0
2026/06/05 00:29:41,0.1,3728,61909,0
2026/06/05 00:29:46,0.2,3729,61909,0
2026/06/05 00:29:50,0.1,3729,61909,0
2026/06/05 00:29:55,0.2,3730,61909,0
2026/06/05 00:29:59,0.4,3730,61909,0
2026/06/05 00:30:04,0.4,3730,61909,0
2026/06/05 00:30:08,0.4,3730,61909,0
2026/06/05 00:30:13,0.4,3731,61909,0
2026/06/05 00:30:17,0.4,3731,61909,0
2026/06/05 00:30:22,0.5,3731,61909,0
2026/06/05 00:30:26,0.2,3731,61909,0
2026/06/05 00:30:31,0.6,3731,61909,0
2026/06/05 00:30:35,0.2,3731,61909,0
2026/06/05 00:30:40,0.6,3732,61909,0
2026/06/05 00:30:44,0.5,3732,61909,0
2026/06/05 00:30:49,0.5,3732,61909,0
2026/06/05 00:30:53,0.2,3733,61909,0
2026/06/05 00:30:58,0.4,3733,61909,0
2026/06/05 00:31:03,0.4,3733,61909,0
2026/06/05 00:31:07,0.5,3732,61909,0
2026/06/05 00:31:12,0.2,3732,61909,0
2026/06/05 00:31:16,0.5,3732,61909,0
2026/06/05 00:31:21,0.4,3731,61909,0
2026/06/05 00:31:25,0.4,3731,61909,0
2026/06/05 00:31:30,0.7,3730,61909,0
2026/06/05 00:31:34,0.6,3730,61909,0
2026/06/05 00:31:39,0.4,3731,61909,0
2026/06/05 00:31:43,0.5,3731,61909,0
2026/06/05 00:31:48,0.4,3731,61909,0
2026/06/05 00:31:52,0.4,3730,61909,0
2026/06/05 00:31:57,0.4,3731,61909,0
2026/06/05 00:32:01,0.5,3732,61909,0
2026/06/05 00:32:06,0.5,3732,61909,0
2026/06/05 00:32:10,0.4,3732,61909,0
2026/06/05 00:32:15,0.7,3732,61909,0
2026/06/05 00:32:19,0.7,3731,61909,0
2026/06/05 00:32:24,0.6,3732,61909,0
2026/06/05 00:32:28,0.4,3731,61909,0
2026/06/05 00:32:33,0.5,3732,61909,0
2026/06/05 00:32:37,0.5,3732,61909,0
2026/06/05 00:32:42,0.7,3732,61909,0
2026/06/05 00:32:46,0.6,3733,61909,0
2026/06/05 00:32:51,0.6,3733,61909,0
2026/06/05 00:32:55,0.5,3733,61909,0
2026/06/05 00:33:00,0.5,3733,61909,0
2026/06/05 00:33:05,0.6,3733,61909,0
2026/06/05 00:33:09,0.6,3733,61909,0
2026/06/05 00:33:14,0.5,3733,61909,0
2026/06/05 00:33:18,0.4,3733,61909,0
2026/06/05 00:33:23,0.5,3732,61909,0
2026/06/05 00:33:27,0.7,3732,61909,0
2026/06/05 00:33:32,0.5,3732,61909,0
2026/06/05 00:33:36,0.7,3732,61909,0
2026/06/05 00:33:41,0.5,3732,61909,0
2026/06/05 00:33:45,0.4,3732,61909,0
2026/06/05 00:33:50,0.5,3733,61909,0
2026/06/05 00:33:54,0.5,3734,61909,0
2026/06/05 00:33:59,0.5,3729,61909,0
2026/06/05 00:34:03,0.1,3728,61909,0
2026/06/05 00:34:08,0.2,3729,61909,0
2026/06/05 00:34:12,0.4,3729,61909,0
2026/06/05 00:34:17,0.4,3728,61909,0
2026/06/05 00:34:21,0.2,3727,61909,0
2026/06/05 00:34:26,0.5,3728,61909,0
2026/06/05 00:34:30,0.2,3728,61909,0
2026/06/05 00:34:35,0.5,3727,61909,0
2026/06/05 00:34:39,0.4,3727,61909,0
2026/06/05 00:34:44,0.4,3728,61909,0
2026/06/05 00:34:48,0.4,3728,61909,0
2026/06/05 00:34:53,0.4,3728,61909,0
2026/06/05 00:34:57,0.1,3728,61909,0
2026/06/05 00:35:02,0.4,3728,61909,0
2026/06/05 00:35:07,0.1,3729,61909,0
2026/06/05 00:35:11,0.7,3725,61909,0
2026/06/05 00:35:16,0.2,3725,61909,0
2026/06/05 00:35:20,0.5,3725,61909,0
2026/06/05 00:35:25,0.2,3725,61909,0
2026/06/05 00:35:29,0.5,3725,61909,0
2026/06/05 00:35:34,0.2,3725,61909,0
2026/06/05 00:35:38,0.5,3725,61909,0
2026/06/05 00:35:43,0.5,3725,61909,0
2026/06/05 00:35:47,0.4,3724,61909,0
2026/06/05 00:35:52,0.5,3725,61909,0
2026/06/05 00:35:56,0.2,3725,61909,0
2026/06/05 00:36:01,0.4,3725,61909,0
2026/06/05 00:36:05,0.2,3725,61909,0
2026/06/05 00:36:10,0.2,3726,61909,0
2026/06/05 00:36:14,0.2,3725,61909,0
2026/06/05 00:36:19,0.4,3725,61909,0
2026/06/05 00:36:23,0.2,3725,61909,0
2026/06/05 00:36:28,0.6,3725,61909,0
2026/06/05 00:36:32,0.2,3726,61909,0
2026/06/05 00:36:37,0.6,3727,61909,0
2026/06/05 00:36:41,0.5,3727,61909,0
2026/06/05 00:36:46,0.4,3727,61909,0
2026/06/05 00:36:50,0.2,3728,61909,0
2026/06/05 00:36:55,0.6,3728,61909,0
2026/06/05 00:36:59,0.6,3729,61909,0
2026/06/05 00:37:04,0.6,3729,61909,0
2026/06/05 00:37:09,0.4,3729,61909,0
2026/06/05 00:37:13,0.5,3729,61909,0
2026/06/05 00:37:18,0.2,3730,61909,0
2026/06/05 00:37:22,0.6,3730,61909,0
2026/06/05 00:37:27,0.7,3730,61909,0
2026/06/05 00:37:31,0.5,3730,61909,0
2026/06/05 00:37:36,0.5,3730,61909,0
2026/06/05 00:37:40,0.5,3730,61909,0
2026/06/05 00:37:45,0.2,3730,61909,0
2026/06/05 00:37:49,0.6,3731,61909,0
2026/06/05 00:37:54,0.5,3730,61909,0
2026/06/05 00:37:58,0.4,3731,61909,0
2026/06/05 00:38:03,0.4,3731,61909,0
2026/06/05 00:38:07,0.6,3731,61909,0
2026/06/05 00:38:12,0.6,3732,61909,0
2026/06/05 00:38:16,0.4,3733,61909,0
2026/06/05 00:38:21,0.6,3733,61909,0
2026/06/05 00:38:25,0.6,3733,61909,0
2026/06/05 00:38:30,0.6,3733,61909,0
2026/06/05 00:38:34,0.5,3733,61909,0
2026/06/05 00:38:39,0.7,3734,61909,0
2026/06/05 00:38:43,0.4,3734,61909,0
2026/06/05 00:38:48,0.6,3734,61909,0
2026/06/05 00:38:52,0.5,3734,61909,0
2026/06/05 00:38:57,0.5,3733,61909,0
2026/06/05 00:39:01,0.6,3733,61909,0
2026/06/05 00:39:06,0.2,3733,61909,0
2026/06/05 00:39:11,0.4,3734,61909,0
2026/06/05 00:39:15,0.4,3734,61909,0
2026/06/05 00:39:20,0.2,3734,61909,0
2026/06/05 00:39:24,0.5,3735,61909,0
2026/06/05 00:39:29,0.2,3735,61909,0
2026/06/05 00:39:33,0.5,3735,61909,0
2026/06/05 00:39:38,0.6,3735,61909,0
2026/06/05 00:39:42,0.6,3735,61909,0
2026/06/05 00:39:47,0.9,3735,61909,0
2026/06/05 00:39:51,0.4,3736,61909,0
2026/06/05 00:39:56,0.6,3735,61909,0
2026/06/05 00:40:00,0.2,3735,61909,0
2026/06/05 00:40:05,0.5,3735,61909,0
2026/06/05 00:40:09,0.2,3733,61909,0
2026/06/05 00:40:14,0.5,3733,61909,0
2026/06/05 00:40:18,0.2,3734,61909,0
2026/06/05 00:40:23,0.4,3734,61909,0
2026/06/05 00:40:27,0.2,3734,61909,0
2026/06/05 00:40:32,0.4,3735,61909,0
2026/06/05 00:40:36,0.4,3735,61909,0
2026/06/05 00:40:41,0.4,3735,61909,0
2026/06/05 00:40:45,0.2,3735,61909,0
2026/06/05 00:40:50,0.5,3735,61909,0
2026/06/05 00:40:54,0.2,3735,61909,0
2026/06/05 00:40:59,0.5,3735,61909,0
2026/06/05 00:41:03,0.4,3736,61909,0
2026/06/05 00:41:08,0.2,3736,61909,0
2026/06/05 00:41:13,0.2,3736,61909,0
2026/06/05 00:41:17,0.5,3736,61909,0
2026/06/05 00:41:22,0.2,3736,61909,0
2026/06/05 00:41:26,0.4,3736,61909,0
2026/06/05 00:41:31,0.4,3736,61909,0
2026/06/05 00:41:35,0.4,3736,61909,0
2026/06/05 00:41:40,0.4,3736,61909,0
2026/06/05 00:41:44,0.2,3737,61909,0
2026/06/05 00:41:49,0.7,3737,61909,0
2026/06/05 00:41:53,0.2,3736,61909,0
2026/06/05 00:41:58,0.6,3736,61909,0
2026/06/05 00:42:02,0.1,3736,61909,0
2026/06/05 00:42:07,0.5,3736,61909,0
2026/06/05 00:42:11,0.2,3736,61909,0
2026/06/05 00:42:16,0.6,3736,61909,0
2026/06/05 00:42:20,0.5,3737,61909,0
2026/06/05 00:42:25,0.2,3736,61909,0
2026/06/05 00:42:29,0.7,3737,61909,0
2026/06/05 00:42:34,0.6,3736,61909,0
2026/06/05 00:42:38,0.4,3736,61909,0
2026/06/05 00:42:43,0.5,3736,61909,0
2026/06/05 00:42:47,0.6,3736,61909,0
2026/06/05 00:42:52,0.7,3736,61909,0
2026/06/05 00:42:56,0.4,3736,61909,0
2026/06/05 00:43:01,0.6,3737,61909,0
2026/06/05 00:43:05,0.4,3737,61909,0
2026/06/05 00:43:10,0.4,3737,61909,0
2026/06/05 00:43:15,0.5,3737,61909,0
2026/06/05 00:43:19,0.4,3737,61909,0
2026/06/05 00:43:24,0.5,3737,61909,0
2026/06/05 00:43:28,0.4,3737,61909,0
2026/06/05 00:43:33,0.6,3737,61909,0
2026/06/05 00:43:37,0.6,3737,61909,0
2026/06/05 00:43:42,0.6,3737,61909,0
2026/06/05 00:43:46,0.6,3737,61909,0
2026/06/05 00:43:51,0.5,3737,61909,0
2026/06/05 00:43:55,0.5,3736,61909,0
2026/06/05 00:44:00,0.7,3737,61909,0
2026/06/05 00:44:04,0.7,3737,61909,0
2026/06/05 00:44:09,0.5,3737,61909,0
2026/06/05 00:44:13,0.6,3737,61909,0
2026/06/05 00:44:18,0.4,3738,61909,0
2026/06/05 00:44:22,0.1,3738,61909,0
2026/06/05 00:44:27,0.5,3738,61909,0
2026/06/05 00:44:31,0.6,3738,61909,0
2026/06/05 00:44:36,0.6,3737,61909,0
2026/06/05 00:44:40,0.4,3737,61909,0
2026/06/05 00:44:45,0.5,3738,61909,0
2026/06/05 00:44:49,0.4,3739,61909,0
2026/06/05 00:44:54,0.4,3739,61909,0
2026/06/05 00:44:58,0.1,3739,61909,0
2026/06/05 00:45:03,0.4,3739,61909,0
2026/06/05 00:45:07,0.2,3739,61909,0
2026/06/05 00:45:12,0.4,3739,61909,0
2026/06/05 00:45:17,0.1,3738,61909,0
2026/06/05 00:45:21,0.7,3738,61909,0
2026/06/05 00:45:26,0.2,3738,61909,0
2026/06/05 00:45:30,0.5,3737,61909,0
2026/06/05 00:45:35,0.1,3738,61909,0
2026/06/05 00:45:39,0.6,3737,61909,0
2026/06/05 00:45:44,0.1,3737,61909,0
2026/06/05 00:45:48,0.2,3737,61909,0
2026/06/05 00:45:53,0.4,3737,61909,0
2026/06/05 00:45:57,0.2,3737,61909,0
2026/06/05 00:46:02,0.6,3737,61909,0
2026/06/05 00:46:06,0.1,3740,61909,0
2026/06/05 00:46:11,0.4,3740,61909,0
2026/06/05 00:46:15,0.2,3740,61909,0
2026/06/05 00:46:20,0.5,3740,61909,0
2026/06/05 00:46:24,0.2,3739,61909,0
2026/06/05 00:46:29,0.6,3739,61909,0
2026/06/05 00:46:33,0.1,3738,61909,0
2026/06/05 00:46:38,0.4,3738,61909,0
2026/06/05 00:46:42,0.2,3738,61909,0
2026/06/05 00:46:47,0.4,3738,61909,0
2026/06/05 00:46:51,0.2,3738,61909,0
2026/06/05 00:46:56,0.7,3738,61909,0
2026/06/05 00:47:00,0.4,3738,61909,0
2026/06/05 00:47:05,0.5,3738,61909,0
2026/06/05 00:47:09,0.5,3739,61909,0
2026/06/05 00:47:14,0.7,3738,61909,0
2026/06/05 00:47:19,0.2,3738,61909,0
2026/06/05 00:47:23,0.6,3739,61909,0
2026/06/05 00:47:28,0.7,3749,61909,0
2026/06/05 00:47:32,0.9,3756,61909,0
2026/06/05 00:47:37,1.5,3759,61909,0
2026/06/05 00:47:41,1.1,3762,61909,0
2026/06/05 00:47:46,0.9,3772,61909,0
2026/06/05 00:47:50,1.6,3778,61909,0
2026/06/05 00:47:55,1.4,3785,61909,0
2026/06/05 00:47:59,0.6,3738,61909,0
2026/06/05 00:48:04,0.5,3737,61909,0
2026/06/05 00:48:08,0.2,3737,61909,0
2026/06/05 00:48:13,0.1,3737,61909,0
2026/06/05 00:48:17,0.1,3737,61909,0
2026/06/05 00:48:22,0.4,3737,61909,0
2026/06/05 00:48:26,1.6,3737,61909,0
2026/06/05 00:48:31,0.4,3735,61909,0
2026/06/05 00:48:35,0.1,3736,61909,0
2026/06/05 00:48:40,0.4,3737,61909,0
2026/06/05 00:48:44,0.2,3737,61909,0
2026/06/05 00:48:49,0.2,3738,61909,0
2026/06/05 00:48:53,0.2,3738,61909,0
2026/06/05 00:48:58,0.2,3737,61909,0
2026/06/05 00:49:02,0.1,3738,61909,0
2026/06/05 00:49:07,0.4,3738,61909,0
2026/06/05 00:49:11,0.2,3738,61909,0
2026/06/05 00:49:16,0.2,3738,61909,0
2026/06/05 00:49:21,0.2,3737,61909,0
2026/06/05 00:49:25,0.1,3738,61909,0
2026/06/05 00:49:30,0.4,3738,61909,0
2026/06/05 00:49:34,0.4,3737,61909,0
2026/06/05 00:49:39,0.4,3738,61909,0
2026/06/05 00:49:43,0.1,3739,61909,0
2026/06/05 00:49:48,0.1,3738,61909,0
2026/06/05 00:49:52,0.2,3738,61909,0
2026/06/05 00:49:57,0.2,3738,61909,0
2026/06/05 00:50:01,0.1,3738,61909,0
2026/06/05 00:50:06,0.1,3738,61909,0
2026/06/05 00:50:10,0.2,3738,61909,0
2026/06/05 00:50:15,0.5,3739,61909,0
2026/06/05 00:50:19,0.6,3739,61909,0
2026/06/05 00:50:24,0.4,3739,61909,0
2026/06/05 00:50:28,0.2,3740,61909,0
2026/06/05 00:50:33,0.2,3739,61909,0
2026/06/05 00:50:37,0.2,3740,61909,0
2026/06/05 00:50:42,0.2,3740,61909,0
2026/06/05 00:50:46,0.4,3740,61909,0
2026/06/05 00:50:51,0.1,3740,61909,0
2026/06/05 00:50:55,0.2,3740,61909,0
2026/06/05 00:51:00,0.2,3740,61909,0
2026/06/05 00:51:04,0.2,3740,61909,0
2026/06/05 00:51:09,0.5,3740,61909,0
2026/06/05 00:51:13,0.2,3740,61909,0
2026/06/05 00:51:18,0.1,3740,61909,0
2026/06/05 00:51:23,0.2,3740,61909,0
2026/06/05 00:51:27,0.4,3740,61909,0
2026/06/05 00:51:32,0.2,3739,61909,0
2026/06/05 00:51:36,0.1,3739,61909,0
2026/06/05 00:51:41,0.1,3739,61909,0
2026/06/05 00:51:45,0.7,3741,61909,0
2026/06/05 00:51:50,1.7,3764,61909,0
2026/06/05 00:51:54,1.2,3769,61909,0
2026/06/05 00:51:59,0.9,3774,61909,0
2026/06/05 00:52:03,1.2,3778,61909,0
2026/06/05 00:52:08,1.5,3780,61909,0
2026/06/05 00:52:12,1.7,3788,61909,0
2026/06/05 00:52:17,2.9,3794,61909,0
2026/06/05 00:52:21,0.2,3742,61909,0
2026/06/05 00:52:26,0.2,3742,61909,0
2026/06/05 00:52:30,0.2,3736,61909,0
2026/06/05 00:52:35,0.5,3737,61909,0
2026/06/05 00:52:39,0.1,3736,61909,0
2026/06/05 00:52:44,0.2,3736,61909,0
2026/06/05 00:52:48,0.4,3737,61909,0
2026/06/05 00:52:53,0.2,3737,61909,0
2026/06/05 00:52:57,0.1,3738,61909,0
2026/06/05 00:53:02,0.2,3739,61909,0
2026/06/05 00:53:06,0.1,3738,61909,0
2026/06/05 00:53:11,0.4,3739,61909,0
2026/06/05 00:53:15,0.2,3740,61909,0
2026/06/05 00:53:20,0.4,3740,61909,0
2026/06/05 00:53:25,0.2,3739,61909,0
2026/06/05 00:53:29,0.2,3740,61909,0
2026/06/05 00:53:34,0.2,3741,61909,0
2026/06/05 00:53:38,0.4,3740,61909,0
2026/06/05 00:53:43,0.2,3742,61909,0
2026/06/05 00:53:47,0.2,3741,61909,0
2026/06/05 00:53:52,0.4,3742,61909,0
2026/06/05 00:53:56,0.2,3741,61909,0
2026/06/05 00:54:01,0.2,3741,61909,0
2026/06/05 00:54:05,0.4,3742,61909,0
2026/06/05 00:54:10,0.1,3742,61909,0
2026/06/05 00:54:14,0.2,3742,61909,0
2026/06/05 00:54:19,0.4,3741,61909,0
2026/06/05 00:54:23,0.2,3741,61909,0
2026/06/05 00:54:28,0.2,3741,61909,0
2026/06/05 00:54:32,0.2,3741,61909,0
2026/06/05 00:54:37,0.4,3741,61909,0
2026/06/05 00:54:41,0.4,3741,61909,0
2026/06/05 00:54:46,0.1,3742,61909,0
2026/06/05 00:54:50,0.2,3741,61909,0
2026/06/05 00:54:55,0.2,3741,61909,0
2026/06/05 00:54:59,0.2,3741,61909,0
2026/06/05 00:55:04,0.1,3742,61909,0
2026/06/05 00:55:08,0.2,3742,61909,0
2026/06/05 00:55:13,0.4,3741,61909,0
2026/06/05 00:55:17,0.5,3742,61909,0
2026/06/05 00:55:22,0.4,3742,61909,0
2026/06/05 00:55:27,0.2,3741,61909,0
2026/06/05 00:55:31,0.2,3742,61909,0
2026/06/05 00:55:36,0.2,3741,61909,0
2026/06/05 00:55:40,0.4,3742,61909,0
2026/06/05 00:55:45,0.2,3742,61909,0
2026/06/05 00:55:49,0.4,3742,61909,0
2026/06/05 00:55:54,0.2,3742,61909,0
2026/06/05 00:55:58,0.4,3741,61909,0
2026/06/05 00:56:03,0.1,3741,61909,0
2026/06/05 00:56:07,0.2,3741,61909,0
2026/06/05 00:56:12,0.2,3741,61909,0
2026/06/05 00:56:16,0.4,3741,61909,0
2026/06/05 00:56:21,0.1,3740,61909,0
2026/06/05 00:56:25,0.2,3740,61909,0
2026/06/05 00:56:30,0.1,3740,61909,0
2026/06/05 00:56:34,0.2,3740,61909,0
2026/06/05 00:56:39,0.2,3741,61909,0
2026/06/05 00:56:43,0.2,3741,61909,0
2026/06/05 00:56:48,0.2,3740,61909,0
2026/06/05 00:56:52,0.1,3739,61909,0
2026/06/05 00:56:57,0.4,3740,61909,0
2026/06/05 00:57:01,0.2,3739,61909,0
2026/06/05 00:57:06,0.2,3740,61909,0
2026/06/05 00:57:10,0.2,3740,61909,0
2026/06/05 00:57:15,0.2,3740,61909,0
2026/06/05 00:57:19,0.1,3740,61909,0
2026/06/05 00:57:24,0.2,3740,61909,0
2026/06/05 00:57:29,0.4,3740,61909,0
2026/06/05 00:57:33,0.2,3740,61909,0
2026/06/05 00:57:38,0.4,3741,61909,0
2026/06/05 00:57:42,0.4,3741,61909,0
2026/06/05 00:57:47,0.4,3741,61909,0
2026/06/05 00:57:51,0.1,3741,61909,0
2026/06/05 00:57:56,0.1,3742,61909,0
2026/06/05 00:58:00,0.2,3743,61909,0
2026/06/05 00:58:05,0.2,3743,61909,0
2026/06/05 00:58:09,0.2,3743,61909,0
2026/06/05 00:58:14,0.4,3742,61909,0
2026/06/05 00:58:18,0.2,3742,61909,0
2026/06/05 00:58:23,0.4,3742,61909,0
2026/06/05 00:58:27,0.2,3743,61909,0
2026/06/05 00:58:32,0.4,3742,61909,0
2026/06/05 00:58:36,0.2,3743,61909,0
2026/06/05 00:58:41,0.2,3743,61909,0
2026/06/05 00:58:45,0.2,3743,61909,0
2026/06/05 00:58:50,0.2,3743,61909,0
2026/06/05 00:58:54,0.2,3744,61909,0
2026/06/05 00:58:59,0.2,3743,61909,0
2026/06/05 00:59:03,0.2,3743,61909,0
2026/06/05 00:59:08,0.1,3743,61909,0
2026/06/05 00:59:12,0.4,3744,61909,0
2026/06/05 00:59:17,0.2,3744,61909,0
2026/06/05 00:59:21,0.2,3744,61909,0
2026/06/05 00:59:26,0.1,3743,61909,0
2026/06/05 00:59:30,0.2,3743,61909,0
2026/06/05 00:59:35,0.5,3742,61909,0
2026/06/05 00:59:40,0.1,3743,61909,0
2026/06/05 00:59:44,0.2,3743,61909,0
2026/06/05 00:59:49,0.2,3743,61909,0
2026/06/05 00:59:53,0.5,3757,61909,0
2026/06/05 00:59:58,0.2,3761,61909,0
2026/06/05 01:00:02,1.1,3761,61909,0
2026/06/05 01:00:07,0.6,3758,61909,0
2026/06/05 01:00:11,0.9,3760,61909,0
2026/06/05 01:00:16,1.2,3733,61909,0
2026/06/05 01:00:20,0.4,3736,61909,0
2026/06/05 01:00:25,0.4,3751,61909,0
2026/06/05 01:00:29,0.2,3743,61909,0
2026/06/05 01:00:34,0.2,3740,61909,0
2026/06/05 01:00:38,0.2,3741,61909,0
2026/06/05 01:00:43,0.2,3741,61909,0
2026/06/05 01:00:47,0.4,3741,61909,0
2026/06/05 01:00:52,0.2,3742,61909,0
2026/06/05 01:00:56,0.2,3741,61909,0
2026/06/05 01:01:01,0.2,3741,61909,0
2026/06/05 01:01:05,0.2,3742,61909,0
2026/06/05 01:01:10,0.2,3742,61909,0
2026/06/05 01:01:14,0.1,3743,61909,0
2026/06/05 01:01:19,0.2,3743,61909,0
2026/06/05 01:01:23,0.5,3752,61909,0
2026/06/05 01:01:28,0.7,3751,61909,0
2026/06/05 01:01:32,1.9,3769,61909,0
2026/06/05 01:01:37,1.0,3772,61909,0
2026/06/05 01:01:42,0.9,3766,61909,0
2026/06/05 01:01:46,0.6,3772,61909,0
2026/06/05 01:01:51,1.9,3759,61909,0
2026/06/05 01:01:55,0.1,3734,61909,0
2026/06/05 01:02:00,0.2,3734,61909,0
2026/06/05 01:02:04,0.7,3727,61909,0
2026/06/05 01:02:09,0.9,3728,61909,0
2026/06/05 01:02:13,1.4,3739,61909,0
2026/06/05 01:02:18,0.5,3729,61909,0
2026/06/05 01:02:22,0.6,3731,61909,0
2026/06/05 01:02:27,1.2,3737,61909,0
2026/06/05 01:02:31,0.5,3738,61909,0
2026/06/05 01:02:36,1.0,3730,61909,0
2026/06/05 01:02:40,0.5,3732,61909,0
2026/06/05 01:02:45,0.7,3736,61909,0
2026/06/05 01:02:49,0.5,3731,61909,0
2026/06/05 01:02:54,0.2,3743,61909,0
2026/06/05 01:02:58,0.1,3743,61909,0
2026/06/05 01:03:03,1.0,3729,61909,0
2026/06/05 01:03:07,0.1,3729,61909,0
2026/06/05 01:03:12,1.0,3733,61909,0
2026/06/05 01:03:16,0.1,3737,61909,0
2026/06/05 01:03:21,0.2,3445,61909,0
2026/06/05 01:03:25,0.2,3446,61909,0
2026/06/05 01:03:30,0.4,3437,61909,0
