timestamp,cpu_util_pct,mem_used_MB,mem_total_MB,swap_used_MB
2026/05/29 12:35:19,0,2658,61909,0
2026/05/29 12:35:24,0,2659,61909,0
2026/05/29 12:35:28,0,2656,61909,0
2026/05/29 12:35:33,0,2657,61909,0
2026/05/29 12:35:37,0,2661,61909,0
2026/05/29 12:35:42,0,2660,61909,0
2026/05/29 12:35:46,0,2660,61909,0
2026/05/29 12:35:51,0,2661,61909,0
2026/05/29 12:35:55,0,2662,61909,0
2026/05/29 12:36:00,0,2662,61909,0
2026/05/29 12:36:04,0,2663,61909,0
2026/05/29 12:36:09,0,2663,61909,0
2026/05/29 12:36:13,0,2663,61909,0
2026/05/29 12:36:18,0,2663,61909,0
2026/05/29 12:36:22,0,2664,61909,0
2026/05/29 12:36:27,0,2664,61909,0
2026/05/29 12:36:31,0,2665,61909,0
2026/05/29 12:36:36,0,2665,61909,0
2026/05/29 12:36:40,0,2666,61909,0
2026/05/29 12:36:45,0,2666,61909,0
2026/05/29 12:36:49,0,2667,61909,0
2026/05/29 12:36:54,0,2668,61909,0
2026/05/29 12:36:58,0,2668,61909,0
2026/05/29 12:37:03,0,2668,61909,0
2026/05/29 12:37:07,0,2668,61909,0
2026/05/29 12:37:12,0,2669,61909,0
2026/05/29 12:37:16,0,2669,61909,0
2026/05/29 12:37:21,0,2670,61909,0
2026/05/29 12:37:25,0,2670,61909,0
2026/05/29 12:37:30,0,2670,61909,0
2026/05/29 12:37:35,0,2671,61909,0
2026/05/29 12:37:39,0,2672,61909,0
2026/05/29 12:37:44,0,2672,61909,0
2026/05/29 12:37:48,0,2671,61909,0
2026/05/29 12:37:53,0,2671,61909,0
2026/05/29 12:37:57,0,2672,61909,0
2026/05/29 12:38:02,0,2673,61909,0
2026/05/29 12:38:06,0,2673,61909,0
2026/05/29 12:38:11,0,2672,61909,0
2026/05/29 12:38:15,0,2672,61909,0
2026/05/29 12:38:20,0,2672,61909,0
2026/05/29 12:38:24,0,2673,61909,0
2026/05/29 12:38:29,0,2674,61909,0
2026/05/29 12:38:33,0,2674,61909,0
2026/05/29 12:38:38,0,2674,61909,0
2026/05/29 12:38:42,0,2676,61909,0
2026/05/29 12:38:47,0,2710,61909,0
2026/05/29 12:38:51,0,2788,61909,0
2026/05/29 12:38:56,0,2800,61909,0
2026/05/29 12:39:00,0,2787,61909,0
2026/05/29 12:39:05,0,2771,61909,0
2026/05/29 12:39:09,0,2769,61909,0
2026/05/29 12:39:14,0,2765,61909,0
2026/05/29 12:39:18,0,2770,61909,0
2026/05/29 12:39:23,0,2774,61909,0
2026/05/29 12:39:27,0,2772,61909,0
2026/05/29 12:39:32,0,2782,61909,0
2026/05/29 12:39:37,0,2766,61909,0
2026/05/29 12:39:41,0,2771,61909,0
2026/05/29 12:39:46,0,2775,61909,0
2026/05/29 12:39:50,0,2764,61909,0
2026/05/29 12:39:55,0,2780,61909,0
2026/05/29 12:39:59,0,2753,61909,0
2026/05/29 12:40:04,0,7467,61909,0
2026/05/29 12:40:08,0,6979,61909,0
2026/05/29 12:40:13,0,6727,61909,0
2026/05/29 12:40:17,0,6879,61909,0
2026/05/29 12:40:22,0,7068,61909,0
2026/05/29 12:40:26,0,7359,61909,0
2026/05/29 12:40:31,0,7440,61909,0
2026/05/29 12:40:35,0,6976,61909,0
2026/05/29 12:40:40,0,6874,61909,0
2026/05/29 12:40:45,0,7478,61909,0
2026/05/29 12:40:49,0,7057,61909,0
2026/05/29 12:40:54,0,6720,61909,0
2026/05/29 12:40:58,0,6958,61909,0
2026/05/29 12:41:03,0,7179,61909,0
2026/05/29 12:41:07,0,6125,61909,0
2026/05/29 12:41:12,0,5799,61909,0
2026/05/29 12:41:16,0,5340,61909,0
2026/05/29 12:41:21,0,4870,61909,0
2026/05/29 12:41:25,0,4309,61909,0
2026/05/29 12:41:30,0,3832,61909,0
2026/05/29 12:41:34,0,3414,61909,0
2026/05/29 12:41:39,0,3067,61909,0
2026/05/29 12:41:43,0,2892,61909,0
2026/05/29 12:41:48,0,2766,61909,0
2026/05/29 12:41:52,0,2717,61909,0
2026/05/29 12:41:57,0,2704,61909,0
2026/05/29 12:42:01,0,2704,61909,0
2026/05/29 12:42:06,0,2702,61909,0
2026/05/29 12:42:11,0,2698,61909,0
2026/05/29 12:42:15,0,2697,61909,0
2026/05/29 12:42:20,0,2697,61909,0
2026/05/29 12:42:24,0,2697,61909,0
2026/05/29 12:42:29,0,2697,61909,0
2026/05/29 12:42:33,0,2697,61909,0
2026/05/29 12:42:38,0,2692,61909,0
2026/05/29 12:42:42,0,2691,61909,0
2026/05/29 12:42:47,0,2692,61909,0
2026/05/29 12:42:51,0,2692,61909,0
2026/05/29 12:42:56,0,2692,61909,0
2026/05/29 12:43:00,0,2692,61909,0
2026/05/29 12:43:05,0,2691,61909,0
2026/05/29 12:43:09,0,2691,61909,0
2026/05/29 12:43:14,0,2692,61909,0
2026/05/29 12:43:18,0,2691,61909,0
2026/05/29 12:43:23,0,2691,61909,0
2026/05/29 12:43:27,0,2692,61909,0
2026/05/29 12:43:32,0,2692,61909,0
2026/05/29 12:43:36,0,2692,61909,0
2026/05/29 12:43:41,0,2692,61909,0
2026/05/29 12:43:45,0,2693,61909,0
2026/05/29 12:43:50,0,2693,61909,0
2026/05/29 12:43:54,0,2693,61909,0
2026/05/29 12:43:59,0,2692,61909,0
2026/05/29 12:44:03,0,2692,61909,0
2026/05/29 12:44:08,0,2692,61909,0
2026/05/29 12:44:13,0,2692,61909,0
2026/05/29 12:44:17,0,2691,61909,0
2026/05/29 12:44:22,0,2690,61909,0
2026/05/29 12:44:26,0,2691,61909,0
2026/05/29 12:44:31,0,2690,61909,0
2026/05/29 12:44:35,0,2690,61909,0
2026/05/29 12:44:40,0,2691,61909,0
2026/05/29 12:44:44,0,2691,61909,0
2026/05/29 12:44:49,0,2691,61909,0
2026/05/29 12:44:53,0,2692,61909,0
2026/05/29 12:44:58,0,2692,61909,0
2026/05/29 12:45:02,0,2692,61909,0
2026/05/29 12:45:07,0,2691,61909,0
2026/05/29 12:45:11,0,2690,61909,0
2026/05/29 12:45:16,0,2691,61909,0
2026/05/29 12:45:20,0,2690,61909,0
2026/05/29 12:45:25,0,2690,61909,0
2026/05/29 12:45:29,0,2690,61909,0
2026/05/29 12:45:34,0,2690,61909,0
2026/05/29 12:45:38,0,2690,61909,0
2026/05/29 12:45:43,0,2691,61909,0
2026/05/29 12:45:47,0,2690,61909,0
2026/05/29 12:45:52,0,2690,61909,0
2026/05/29 12:45:56,0,2690,61909,0
2026/05/29 12:46:01,0,2690,61909,0
2026/05/29 12:46:05,0,2690,61909,0
2026/05/29 12:46:10,0,2690,61909,0
2026/05/29 12:46:14,0,2691,61909,0
2026/05/29 12:46:19,0,2691,61909,0
2026/05/29 12:46:24,0,2686,61909,0
2026/05/29 12:46:28,0,6991,61909,0
2026/05/29 12:46:33,0,7165,61909,0
2026/05/29 12:46:37,0,7503,61909,0
2026/05/29 12:46:42,0,6906,61909,0
2026/05/29 12:46:46,0,6926,61909,0
2026/05/29 12:46:51,0,6912,61909,0
2026/05/29 12:46:55,0,7409,61909,0
2026/05/29 12:47:00,0,7211,61909,0
2026/05/29 12:47:04,0,6915,61909,0
2026/05/29 12:47:09,0,6884,61909,0
2026/05/29 12:47:13,0,7289,61909,0
2026/05/29 12:47:18,0,7039,61909,0
2026/05/29 12:47:23,0,7201,61909,0
2026/05/29 12:47:27,0,7182,61909,0
2026/05/29 12:47:32,0,6877,61909,0
2026/05/29 12:47:36,0,5867,61909,0
2026/05/29 12:47:41,0,5392,61909,0
2026/05/29 12:47:45,0,4835,61909,0
2026/05/29 12:47:50,0,4423,61909,0
2026/05/29 12:47:54,0,3877,61909,0
2026/05/29 12:47:59,0,3456,61909,0
2026/05/29 12:48:03,0,3091,61909,0
2026/05/29 12:48:08,0,2905,61909,0
2026/05/29 12:48:12,0,2781,61909,0
2026/05/29 12:48:17,0,2726,61909,0
2026/05/29 12:48:21,0,2704,61909,0
2026/05/29 12:48:26,0,2704,61909,0
2026/05/29 12:48:30,0,2704,61909,0
2026/05/29 12:48:35,0,2704,61909,0
2026/05/29 12:48:39,0,2704,61909,0
2026/05/29 12:48:44,0,2705,61909,0
2026/05/29 12:48:48,0,2701,61909,0
2026/05/29 12:48:53,0,2700,61909,0
2026/05/29 12:48:57,0,2699,61909,0
2026/05/29 12:49:02,0,2698,61909,0
2026/05/29 12:49:06,0,2700,61909,0
2026/05/29 12:49:11,0,2701,61909,0
2026/05/29 12:49:16,0,2697,61909,0
2026/05/29 12:49:20,0,2703,61909,0
2026/05/29 12:49:25,0,2704,61909,0
2026/05/29 12:49:29,0,2707,61909,0
2026/05/29 12:49:34,0,2707,61909,0
2026/05/29 12:49:38,0,2695,61909,0
2026/05/29 12:49:43,0,2697,61909,0
2026/05/29 12:49:47,0,2699,61909,0
2026/05/29 12:49:52,0,2693,61909,0
2026/05/29 12:49:56,0,2700,61909,0
2026/05/29 12:50:01,0,2702,61909,0
2026/05/29 12:50:05,0,2701,61909,0
2026/05/29 12:50:10,0,2702,61909,0
2026/05/29 12:50:14,0,2701,61909,0
2026/05/29 12:50:19,0,2701,61909,0
2026/05/29 12:50:23,0,2702,61909,0
2026/05/29 12:50:28,0,2701,61909,0
2026/05/29 12:50:32,0,2695,61909,0
2026/05/29 12:50:37,0,2710,61909,0
2026/05/29 12:50:41,0,2709,61909,0
2026/05/29 12:50:46,0,2692,61909,0
2026/05/29 12:50:50,0,2693,61909,0
2026/05/29 12:50:55,0,2699,61909,0
2026/05/29 12:50:59,0,2716,61909,0
2026/05/29 12:51:04,0,2715,61909,0
2026/05/29 12:51:08,0,2690,61909,0
2026/05/29 12:51:13,0,2690,61909,0
2026/05/29 12:51:18,0,2698,61909,0
2026/05/29 12:51:22,0,2711,61909,0
2026/05/29 12:51:27,0,2720,61909,0
2026/05/29 12:51:31,0,2720,61909,0
2026/05/29 12:51:36,0,2690,61909,0
2026/05/29 12:51:40,0,2690,61909,0
2026/05/29 12:51:45,0,2691,61909,0
2026/05/29 12:51:49,0,2691,61909,0
2026/05/29 12:51:54,0,2691,61909,0
2026/05/29 12:51:58,0,2691,61909,0
2026/05/29 12:52:03,0,2692,61909,0
2026/05/29 12:52:07,0,2692,61909,0
2026/05/29 12:52:12,0,2691,61909,0
2026/05/29 12:52:16,0,2691,61909,0
2026/05/29 12:52:21,0,2692,61909,0
2026/05/29 12:52:25,0,2691,61909,0
2026/05/29 12:52:30,0,2691,61909,0
2026/05/29 12:52:34,0,2691,61909,0
2026/05/29 12:52:39,0,2692,61909,0
2026/05/29 12:52:43,0,2692,61909,0
2026/05/29 12:52:48,0,2692,61909,0
2026/05/29 12:52:52,0,2691,61909,0
2026/05/29 12:52:57,0,2694,61909,0
2026/05/29 12:53:01,0,2698,61909,0
2026/05/29 12:53:06,0,2697,61909,0
2026/05/29 12:53:10,0,2697,61909,0
2026/05/29 12:53:15,0,2698,61909,0
2026/05/29 12:53:20,0,2698,61909,0
2026/05/29 12:53:24,0,2699,61909,0
2026/05/29 12:53:29,0,2699,61909,0
2026/05/29 12:53:33,0,2698,61909,0
2026/05/29 12:53:38,0,2689,61909,0
2026/05/29 12:53:42,0,2693,61909,0
2026/05/29 12:53:47,0,2696,61909,0
2026/05/29 12:53:51,0,2696,61909,0
2026/05/29 12:53:56,0,2696,61909,0
2026/05/29 12:54:00,0,2686,61909,0
2026/05/29 12:54:05,0,2686,61909,0
2026/05/29 12:54:09,0,2687,61909,0
2026/05/29 12:54:14,0,2687,61909,0
2026/05/29 12:54:18,0,2688,61909,0
2026/05/29 12:54:23,0,2689,61909,0
2026/05/29 12:54:27,0,2689,61909,0
2026/05/29 12:54:32,0,2689,61909,0
2026/05/29 12:54:36,0,2688,61909,0
2026/05/29 12:54:41,0,2689,61909,0
2026/05/29 12:54:45,0,2689,61909,0
2026/05/29 12:54:50,0,2689,61909,0
2026/05/29 12:54:54,0,2704,61909,0
2026/05/29 12:54:59,0,2699,61909,0
2026/05/29 12:55:03,0,2701,61909,0
2026/05/29 12:55:08,0,2698,61909,0
2026/05/29 12:55:12,0,2699,61909,0
2026/05/29 12:55:17,0,2699,61909,0
2026/05/29 12:55:22,0,2699,61909,0
2026/05/29 12:55:26,0,2698,61909,0
2026/05/29 12:55:31,0,2698,61909,0
2026/05/29 12:55:35,0,2698,61909,0
2026/05/29 12:55:40,0,2699,61909,0
2026/05/29 12:55:44,0,2699,61909,0
2026/05/29 12:55:49,0,2699,61909,0
2026/05/29 12:55:53,0,2699,61909,0
2026/05/29 12:55:58,0,2692,61909,0
2026/05/29 12:56:02,0,2701,61909,0
2026/05/29 12:56:07,0,2688,61909,0
2026/05/29 12:56:11,0,2689,61909,0
2026/05/29 12:56:16,0,2691,61909,0
2026/05/29 12:56:20,0,2705,61909,0
2026/05/29 12:56:25,0,2690,61909,0
2026/05/29 12:56:29,0,2686,61909,0
2026/05/29 12:56:34,0,2685,61909,0
2026/05/29 12:56:38,0,2685,61909,0
2026/05/29 12:56:43,0,2678,61909,0
2026/05/29 12:56:47,0,2679,61909,0
2026/05/29 12:56:52,0,2679,61909,0
2026/05/29 12:56:56,0,2680,61909,0
2026/05/29 12:57:01,0,2681,61909,0
2026/05/29 12:57:05,0,2680,61909,0
2026/05/29 12:57:10,0,2680,61909,0
2026/05/29 12:57:14,0,2680,61909,0
2026/05/29 12:57:19,0,2683,61909,0
2026/05/29 12:57:24,0,2682,61909,0
2026/05/29 12:57:28,0,2682,61909,0
2026/05/29 12:57:33,0,2682,61909,0
2026/05/29 12:57:37,0,2682,61909,0
2026/05/29 12:57:42,0,2682,61909,0
2026/05/29 12:57:46,0,2682,61909,0
2026/05/29 12:57:51,0,2683,61909,0
2026/05/29 12:57:55,0,2682,61909,0
2026/05/29 12:58:00,0,2682,61909,0
2026/05/29 12:58:04,0,2682,61909,0
2026/05/29 12:58:09,0,2683,61909,0
2026/05/29 12:58:13,0,2683,61909,0
2026/05/29 12:58:18,0,2683,61909,0
2026/05/29 12:58:22,0,2682,61909,0
2026/05/29 12:58:27,0,2683,61909,0
2026/05/29 12:58:31,0,2684,61909,0
2026/05/29 12:58:36,0,2689,61909,0
2026/05/29 12:58:40,0,2678,61909,0
2026/05/29 12:58:45,0,2688,61909,0
2026/05/29 12:58:49,0,2687,61909,0
2026/05/29 12:58:54,0,2685,61909,0
2026/05/29 12:58:58,0,2685,61909,0
2026/05/29 12:59:03,0,2685,61909,0
2026/05/29 12:59:07,0,2670,61909,0
2026/05/29 12:59:12,0,2674,61909,0
2026/05/29 12:59:16,0,2673,61909,0
2026/05/29 12:59:21,0,2672,61909,0
2026/05/29 12:59:26,0,2672,61909,0
2026/05/29 12:59:30,0,2679,61909,0
2026/05/29 12:59:35,0,2678,61909,0
2026/05/29 12:59:39,0,2678,61909,0
2026/05/29 12:59:44,0,2678,61909,0
2026/05/29 12:59:48,0,2678,61909,0
2026/05/29 12:59:53,0,2678,61909,0
2026/05/29 12:59:57,0,2678,61909,0
2026/05/29 13:00:02,0,2679,61909,0
2026/05/29 13:00:06,0,2679,61909,0
2026/05/29 13:00:11,0,2680,61909,0
2026/05/29 13:00:15,0,2680,61909,0
2026/05/29 13:00:20,0,2680,61909,0
2026/05/29 13:00:24,0,2672,61909,0
2026/05/29 13:00:29,0,2672,61909,0
2026/05/29 13:00:33,0,2672,61909,0
2026/05/29 13:00:38,0,2672,61909,0
2026/05/29 13:00:42,0,2670,61909,0
2026/05/29 13:00:47,0,2673,61909,0
2026/05/29 13:00:51,0,2668,61909,0
2026/05/29 13:00:56,0,2664,61909,0
2026/05/29 13:01:00,0,2668,61909,0
2026/05/29 13:01:05,0,2680,61909,0
2026/05/29 13:01:09,0,2686,61909,0
2026/05/29 13:01:14,0,2687,61909,0
2026/05/29 13:01:18,0,2683,61909,0
2026/05/29 13:01:23,0,2682,61909,0
2026/05/29 13:01:28,0,2682,61909,0
2026/05/29 13:01:32,0,2682,61909,0
2026/05/29 13:01:37,0,2670,61909,0
2026/05/29 13:01:41,0,2671,61909,0
2026/05/29 13:01:46,0,2670,61909,0
2026/05/29 13:01:50,0,2670,61909,0
2026/05/29 13:01:55,0,2671,61909,0
2026/05/29 13:01:59,0,2671,61909,0
2026/05/29 13:02:04,0,2670,61909,0
2026/05/29 13:02:08,0,2671,61909,0
2026/05/29 13:02:13,0,2671,61909,0
2026/05/29 13:02:17,0,2671,61909,0
2026/05/29 13:02:22,0,2671,61909,0
2026/05/29 13:02:26,0,2671,61909,0
2026/05/29 13:02:31,0,2671,61909,0
2026/05/29 13:02:35,0,2671,61909,0
2026/05/29 13:02:40,0,2671,61909,0
2026/05/29 13:02:44,0,2671,61909,0
2026/05/29 13:02:49,0,2671,61909,0
2026/05/29 13:02:53,0,2671,61909,0
2026/05/29 13:02:58,0,2671,61909,0
2026/05/29 13:03:02,0,2671,61909,0
2026/05/29 13:03:07,0,2671,61909,0
2026/05/29 13:03:11,0,2671,61909,0
2026/05/29 13:03:16,0,2671,61909,0
2026/05/29 13:03:20,0,2671,61909,0
2026/05/29 13:03:25,0,2671,61909,0
2026/05/29 13:03:29,0,2671,61909,0
2026/05/29 13:03:34,0,2672,61909,0
2026/05/29 13:03:39,0,2671,61909,0
2026/05/29 13:03:43,0,2672,61909,0
2026/05/29 13:03:48,0,2672,61909,0
2026/05/29 13:03:52,0,2673,61909,0
2026/05/29 13:03:57,0,2672,61909,0
2026/05/29 13:04:01,0,2673,61909,0
2026/05/29 13:04:06,0,2672,61909,0
2026/05/29 13:04:10,0,2672,61909,0
2026/05/29 13:04:15,0,2671,61909,0
2026/05/29 13:04:19,0,2671,61909,0
2026/05/29 13:04:24,0,2670,61909,0
2026/05/29 13:04:28,0,2670,61909,0
2026/05/29 13:04:33,0,2671,61909,0
2026/05/29 13:04:37,0,2670,61909,0
2026/05/29 13:04:42,0,2670,61909,0
2026/05/29 13:04:46,0,2670,61909,0
2026/05/29 13:04:51,0,2671,61909,0
2026/05/29 13:04:55,0,2672,61909,0
2026/05/29 13:05:00,0,2672,61909,0
2026/05/29 13:05:04,0,2672,61909,0
2026/05/29 13:05:09,0,2671,61909,0
2026/05/29 13:05:13,0,2672,61909,0
2026/05/29 13:05:18,0,2672,61909,0
2026/05/29 13:05:22,0,2672,61909,0
2026/05/29 13:05:27,0,2672,61909,0
2026/05/29 13:05:31,0,2672,61909,0
2026/05/29 13:05:36,0,2672,61909,0
2026/05/29 13:05:41,0,2672,61909,0
2026/05/29 13:05:45,0,2672,61909,0
2026/05/29 13:05:50,0,2672,61909,0
2026/05/29 13:05:54,0,2672,61909,0
2026/05/29 13:05:59,0,2672,61909,0
2026/05/29 13:06:03,0,2672,61909,0
2026/05/29 13:06:08,0,2673,61909,0
2026/05/29 13:06:12,0,2672,61909,0
2026/05/29 13:06:17,0,2672,61909,0
2026/05/29 13:06:21,0,2674,61909,0
2026/05/29 13:06:26,0,2674,61909,0
2026/05/29 13:06:30,0,2675,61909,0
2026/05/29 13:06:35,0,2675,61909,0
2026/05/29 13:06:39,0,2675,61909,0
2026/05/29 13:06:44,0,2675,61909,0
2026/05/29 13:06:48,0,2675,61909,0
2026/05/29 13:06:53,0,2676,61909,0
2026/05/29 13:06:57,0,2677,61909,0
2026/05/29 13:07:02,0,2677,61909,0
2026/05/29 13:07:06,0,2677,61909,0
2026/05/29 13:07:11,0,2677,61909,0
2026/05/29 13:07:15,0,2677,61909,0
2026/05/29 13:07:20,0,2677,61909,0
2026/05/29 13:07:24,0,2677,61909,0
2026/05/29 13:07:29,0,2677,61909,0
2026/05/29 13:07:33,0,2677,61909,0
2026/05/29 13:07:38,0,2677,61909,0
2026/05/29 13:07:43,0,2678,61909,0
2026/05/29 13:07:47,0,2677,61909,0
2026/05/29 13:07:52,0,2677,61909,0
2026/05/29 13:07:56,0,2677,61909,0
2026/05/29 13:08:01,0,2678,61909,0
2026/05/29 13:08:05,0,2679,61909,0
2026/05/29 13:08:10,0,2679,61909,0
2026/05/29 13:08:14,0,2679,61909,0
2026/05/29 13:08:19,0,2678,61909,0
2026/05/29 13:08:23,0,2678,61909,0
2026/05/29 13:08:28,0,2678,61909,0
2026/05/29 13:08:32,0,2677,61909,0
2026/05/29 13:08:37,0,2677,61909,0
2026/05/29 13:08:41,0,2677,61909,0
2026/05/29 13:08:46,0,2677,61909,0
2026/05/29 13:08:50,0,2678,61909,0
2026/05/29 13:08:55,0,2679,61909,0
2026/05/29 13:08:59,0,2679,61909,0
2026/05/29 13:09:04,0,2680,61909,0
2026/05/29 13:09:08,0,2680,61909,0
2026/05/29 13:09:13,0,2680,61909,0
2026/05/29 13:09:17,0,2680,61909,0
2026/05/29 13:09:22,0,2680,61909,0
2026/05/29 13:09:26,0,2680,61909,0
2026/05/29 13:09:31,0,2680,61909,0
2026/05/29 13:09:35,0,2680,61909,0
2026/05/29 13:09:40,0,2681,61909,0
2026/05/29 13:09:45,0,2681,61909,0
2026/05/29 13:09:49,0,2681,61909,0
2026/05/29 13:09:54,0,2679,61909,0
2026/05/29 13:09:58,0,2679,61909,0
2026/05/29 13:10:03,0,2679,61909,0
2026/05/29 13:10:07,0,2680,61909,0
2026/05/29 13:10:12,0,2680,61909,0
2026/05/29 13:10:16,0,2681,61909,0
2026/05/29 13:10:21,0,2681,61909,0
2026/05/29 13:10:25,0,2681,61909,0
2026/05/29 13:10:30,0,2683,61909,0
2026/05/29 13:10:34,0,2683,61909,0
2026/05/29 13:10:39,0,2683,61909,0
2026/05/29 13:10:43,0,2684,61909,0
2026/05/29 13:10:48,0,2684,61909,0
2026/05/29 13:10:52,0,2685,61909,0
2026/05/29 13:10:57,0,2685,61909,0
2026/05/29 13:11:01,0,2685,61909,0
2026/05/29 13:11:06,0,2685,61909,0
2026/05/29 13:11:10,0,2685,61909,0
2026/05/29 13:11:15,0,2685,61909,0
2026/05/29 13:11:19,0,2685,61909,0
2026/05/29 13:11:24,0,2685,61909,0
2026/05/29 13:11:28,0,2685,61909,0
2026/05/29 13:11:33,0,2686,61909,0
2026/05/29 13:11:37,0,2686,61909,0
2026/05/29 13:11:42,0,2686,61909,0
2026/05/29 13:11:47,0,2688,61909,0
2026/05/29 13:11:51,0,2687,61909,0
2026/05/29 13:11:56,0,2687,61909,0
2026/05/29 13:12:00,0,2687,61909,0
2026/05/29 13:12:05,0,2688,61909,0
2026/05/29 13:12:09,0,2688,61909,0
2026/05/29 13:12:14,0,2688,61909,0
2026/05/29 13:12:18,0,2688,61909,0
2026/05/29 13:12:23,0,2689,61909,0
2026/05/29 13:12:27,0,2689,61909,0
2026/05/29 13:12:32,0,2689,61909,0
2026/05/29 13:12:36,0,2689,61909,0
2026/05/29 13:12:41,0,2690,61909,0
2026/05/29 13:12:45,0,2701,61909,0
2026/05/29 13:12:50,0,2702,61909,0
2026/05/29 13:12:54,0,2701,61909,0
2026/05/29 13:12:59,0,2700,61909,0
2026/05/29 13:13:03,0,2701,61909,0
2026/05/29 13:13:08,0,2701,61909,0
2026/05/29 13:13:12,0,2701,61909,0
2026/05/29 13:13:17,0,2701,61909,0
2026/05/29 13:13:21,0,2701,61909,0
2026/05/29 13:13:26,0,2702,61909,0
2026/05/29 13:13:30,0,2701,61909,0
2026/05/29 13:13:35,0,2701,61909,0
2026/05/29 13:13:39,0,2702,61909,0
2026/05/29 13:13:44,0,2700,61909,0
2026/05/29 13:13:49,0,2699,61909,0
2026/05/29 13:13:53,0,2691,61909,0
2026/05/29 13:13:58,0,2691,61909,0
2026/05/29 13:14:02,0,2690,61909,0
2026/05/29 13:14:07,0,2691,61909,0
2026/05/29 13:14:11,0,2691,61909,0
2026/05/29 13:14:16,0,2692,61909,0
2026/05/29 13:14:20,0,2691,61909,0
2026/05/29 13:14:25,0,2691,61909,0
2026/05/29 13:14:29,0,2691,61909,0
2026/05/29 13:14:34,0,2691,61909,0
2026/05/29 13:14:38,0,2691,61909,0
2026/05/29 13:14:43,0,2691,61909,0
2026/05/29 13:14:47,0,2691,61909,0
2026/05/29 13:14:52,0,2692,61909,0
2026/05/29 13:14:56,0,2692,61909,0
2026/05/29 13:15:01,0,2691,61909,0
2026/05/29 13:15:05,0,2692,61909,0
2026/05/29 13:15:10,0,2691,61909,0
2026/05/29 13:15:14,0,2691,61909,0
2026/05/29 13:15:19,0,2692,61909,0
2026/05/29 13:15:23,0,2691,61909,0
2026/05/29 13:15:28,0,2691,61909,0
2026/05/29 13:15:32,0,2691,61909,0
2026/05/29 13:15:37,0,2691,61909,0
2026/05/29 13:15:41,0,2692,61909,0
2026/05/29 13:15:46,0,2693,61909,0
2026/05/29 13:15:51,0,2694,61909,0
2026/05/29 13:15:55,0,2696,61909,0
2026/05/29 13:16:00,0,2698,61909,0
2026/05/29 13:16:04,0,2699,61909,0
2026/05/29 13:16:09,0,2701,61909,0
2026/05/29 13:16:13,0,2710,61909,0
2026/05/29 13:16:18,0,2715,61909,0
2026/05/29 13:16:22,0,2715,61909,0
2026/05/29 13:16:27,0,2715,61909,0
2026/05/29 13:16:31,0,2716,61909,0
2026/05/29 13:16:36,0,2698,61909,0
2026/05/29 13:16:40,0,2698,61909,0
2026/05/29 13:16:45,0,2699,61909,0
2026/05/29 13:16:49,0,2698,61909,0
2026/05/29 13:16:54,0,2699,61909,0
2026/05/29 13:16:58,0,2699,61909,0
2026/05/29 13:17:03,0,2699,61909,0
2026/05/29 13:17:07,0,2699,61909,0
2026/05/29 13:17:12,0,2699,61909,0
2026/05/29 13:17:16,0,2700,61909,0
2026/05/29 13:17:21,0,2700,61909,0
2026/05/29 13:17:25,0,2700,61909,0
2026/05/29 13:17:30,0,2701,61909,0
2026/05/29 13:17:34,0,2701,61909,0
2026/05/29 13:17:39,0,2701,61909,0
2026/05/29 13:17:43,0,2706,61909,0
2026/05/29 13:17:48,0,2706,61909,0
2026/05/29 13:17:53,0,2706,61909,0
2026/05/29 13:17:57,0,2709,61909,0
2026/05/29 13:18:02,0,2715,61909,0
2026/05/29 13:18:06,0,2720,61909,0
2026/05/29 13:18:11,0,2704,61909,0
2026/05/29 13:18:15,0,2706,61909,0
2026/05/29 13:18:20,0,2711,61909,0
2026/05/29 13:18:24,0,2700,61909,0
2026/05/29 13:18:29,0,2701,61909,0
2026/05/29 13:18:33,0,2700,61909,0
2026/05/29 13:18:38,0,2699,61909,0
2026/05/29 13:18:42,0,2700,61909,0
2026/05/29 13:18:47,0,2700,61909,0
2026/05/29 13:18:51,0,2699,61909,0
2026/05/29 13:18:56,0,2702,61909,0
2026/05/29 13:19:00,0,2701,61909,0
2026/05/29 13:19:05,0,2702,61909,0
2026/05/29 13:19:09,0,2702,61909,0
2026/05/29 13:19:14,0,2703,61909,0
2026/05/29 13:19:18,0,2703,61909,0
2026/05/29 13:19:23,0,2703,61909,0
2026/05/29 13:19:27,0,2697,61909,0
2026/05/29 13:19:32,0,2697,61909,0
2026/05/29 13:19:36,0,2697,61909,0
2026/05/29 13:19:41,0,2697,61909,0
2026/05/29 13:19:45,0,2698,61909,0
2026/05/29 13:19:50,0,2697,61909,0
2026/05/29 13:19:54,0,2697,61909,0
2026/05/29 13:19:59,0,2697,61909,0
2026/05/29 13:20:04,0,2698,61909,0
2026/05/29 13:20:08,0,2698,61909,0
2026/05/29 13:20:13,0,2698,61909,0
2026/05/29 13:20:17,0,2699,61909,0
2026/05/29 13:20:22,0,2699,61909,0
2026/05/29 13:20:26,0,2699,61909,0
2026/05/29 13:20:31,0,2699,61909,0
2026/05/29 13:20:35,0,2700,61909,0
2026/05/29 13:20:40,0,2700,61909,0
2026/05/29 13:20:44,0,2701,61909,0
2026/05/29 13:20:49,0,2701,61909,0
2026/05/29 13:20:53,0,2701,61909,0
2026/05/29 13:20:58,0,2701,61909,0
2026/05/29 13:21:02,0,2701,61909,0
2026/05/29 13:21:07,0,2701,61909,0
2026/05/29 13:21:11,0,2701,61909,0
2026/05/29 13:21:16,0,2701,61909,0
2026/05/29 13:21:20,0,2701,61909,0
2026/05/29 13:21:25,0,2702,61909,0
2026/05/29 13:21:29,0,2702,61909,0
2026/05/29 13:21:34,0,2702,61909,0
2026/05/29 13:21:38,0,2702,61909,0
2026/05/29 13:21:43,0,2701,61909,0
2026/05/29 13:21:47,0,2702,61909,0
2026/05/29 13:21:52,0,2702,61909,0
2026/05/29 13:21:56,0,2703,61909,0
2026/05/29 13:22:01,0,2703,61909,0
2026/05/29 13:22:06,0,2703,61909,0
2026/05/29 13:22:10,0,2703,61909,0
2026/05/29 13:22:15,0,2703,61909,0
2026/05/29 13:22:19,0,2702,61909,0
2026/05/29 13:22:24,0,2702,61909,0
2026/05/29 13:22:28,0,2701,61909,0
2026/05/29 13:22:33,0,2701,61909,0
2026/05/29 13:22:37,0,2700,61909,0
2026/05/29 13:22:42,0,2700,61909,0
2026/05/29 13:22:46,0,2699,61909,0
2026/05/29 13:22:51,0,2699,61909,0
2026/05/29 13:22:55,0,2699,61909,0
2026/05/29 13:23:00,0,2699,61909,0
2026/05/29 13:23:04,0,2699,61909,0
2026/05/29 13:23:09,0,2699,61909,0
2026/05/29 13:23:13,0,2699,61909,0
2026/05/29 13:23:18,0,2698,61909,0
2026/05/29 13:23:22,0,2698,61909,0
2026/05/29 13:23:27,0,2698,61909,0
2026/05/29 13:23:31,0,2698,61909,0
2026/05/29 13:23:36,0,2697,61909,0
2026/05/29 13:23:40,0,2697,61909,0
2026/05/29 13:23:45,0,2696,61909,0
2026/05/29 13:23:49,0,2696,61909,0
2026/05/29 13:23:54,0,2695,61909,0
2026/05/29 13:23:58,0,2695,61909,0
2026/05/29 13:24:03,0,2695,61909,0
2026/05/29 13:24:08,0,2695,61909,0
2026/05/29 13:24:12,0,2696,61909,0
2026/05/29 13:24:17,0,2696,61909,0
2026/05/29 13:24:21,0,2696,61909,0
2026/05/29 13:24:26,0,2696,61909,0
2026/05/29 13:24:30,0,2695,61909,0
2026/05/29 13:24:35,0,2696,61909,0
2026/05/29 13:24:39,0,2695,61909,0
2026/05/29 13:24:44,0,2696,61909,0
2026/05/29 13:24:48,0,2696,61909,0
2026/05/29 13:24:53,0,2696,61909,0
2026/05/29 13:24:57,0,2696,61909,0
2026/05/29 13:25:02,0,2697,61909,0
2026/05/29 13:25:06,0,2697,61909,0
2026/05/29 13:25:11,0,2698,61909,0
2026/05/29 13:25:15,0,2698,61909,0
2026/05/29 13:25:20,0,2698,61909,0
2026/05/29 13:25:24,0,2699,61909,0
2026/05/29 13:25:29,0,2699,61909,0
2026/05/29 13:25:33,0,2699,61909,0
2026/05/29 13:25:38,0,2699,61909,0
2026/05/29 13:25:42,0,2699,61909,0
2026/05/29 13:25:47,0,2699,61909,0
2026/05/29 13:25:51,0,2699,61909,0
2026/05/29 13:25:56,0,2699,61909,0
2026/05/29 13:26:00,0,2699,61909,0
2026/05/29 13:26:05,0,2698,61909,0
2026/05/29 13:26:10,0,2698,61909,0
2026/05/29 13:26:14,0,2698,61909,0
2026/05/29 13:26:19,0,2698,61909,0
2026/05/29 13:26:23,0,2699,61909,0
2026/05/29 13:26:28,0,2699,61909,0
2026/05/29 13:26:32,0,2700,61909,0
2026/05/29 13:26:37,0,2699,61909,0
2026/05/29 13:26:41,0,2699,61909,0
2026/05/29 13:26:46,0,2699,61909,0
2026/05/29 13:26:50,0,2699,61909,0
2026/05/29 13:26:55,0,2699,61909,0
2026/05/29 13:26:59,0,2700,61909,0
2026/05/29 13:27:04,0,2700,61909,0
2026/05/29 13:27:08,0,2700,61909,0
2026/05/29 13:27:13,0,2700,61909,0
2026/05/29 13:27:17,0,2700,61909,0
2026/05/29 13:27:22,0,2699,61909,0
2026/05/29 13:27:26,0,2699,61909,0
2026/05/29 13:27:31,0,2699,61909,0
2026/05/29 13:27:35,0,2699,61909,0
2026/05/29 13:27:40,0,2698,61909,0
2026/05/29 13:27:44,0,2698,61909,0
2026/05/29 13:27:49,0,2699,61909,0
2026/05/29 13:27:53,0,2699,61909,0
2026/05/29 13:27:58,0,2699,61909,0
2026/05/29 13:28:02,0,2699,61909,0
2026/05/29 13:28:07,0,2700,61909,0
2026/05/29 13:28:11,0,2700,61909,0
2026/05/29 13:28:16,0,2699,61909,0
2026/05/29 13:28:21,0,2699,61909,0
2026/05/29 13:28:25,0,2700,61909,0
2026/05/29 13:28:30,0,2700,61909,0
2026/05/29 13:28:34,0,2701,61909,0
2026/05/29 13:28:39,0,2701,61909,0
2026/05/29 13:28:43,0,2701,61909,0
2026/05/29 13:28:48,0,2701,61909,0
2026/05/29 13:28:52,0,2701,61909,0
2026/05/29 13:28:57,0,2700,61909,0
2026/05/29 13:29:01,0,2700,61909,0
2026/05/29 13:29:06,0,2700,61909,0
2026/05/29 13:29:10,0,2700,61909,0
2026/05/29 13:29:15,0,2701,61909,0
2026/05/29 13:29:19,0,2701,61909,0
2026/05/29 13:29:24,0,2702,61909,0
2026/05/29 13:29:28,0,2701,61909,0
2026/05/29 13:29:33,0,2702,61909,0
2026/05/29 13:29:37,0,2702,61909,0
2026/05/29 13:29:42,0,2701,61909,0
2026/05/29 13:29:46,0,2700,61909,0
2026/05/29 13:29:51,0,2700,61909,0
2026/05/29 13:29:55,0,2701,61909,0
2026/05/29 13:30:00,0,2697,61909,0
2026/05/29 13:30:04,0,2698,61909,0
2026/05/29 13:30:09,0,2699,61909,0
2026/05/29 13:30:13,0,2699,61909,0
2026/05/29 13:30:18,0,2699,61909,0
2026/05/29 13:30:23,0,2699,61909,0
2026/05/29 13:30:27,0,2699,61909,0
2026/05/29 13:30:32,0,2699,61909,0
2026/05/29 13:30:36,0,2700,61909,0
2026/05/29 13:30:41,0,2699,61909,0
2026/05/29 13:30:45,0,2700,61909,0
2026/05/29 13:30:50,0,2700,61909,0
2026/05/29 13:30:54,0,2700,61909,0
2026/05/29 13:30:59,0,2700,61909,0
2026/05/29 13:31:03,0,2699,61909,0
2026/05/29 13:31:08,0,2700,61909,0
2026/05/29 13:31:12,0,2699,61909,0
2026/05/29 13:31:17,0,2699,61909,0
2026/05/29 13:31:21,0,2699,61909,0
2026/05/29 13:31:26,0,2699,61909,0
2026/05/29 13:31:30,0,2699,61909,0
2026/05/29 13:31:35,0,2699,61909,0
2026/05/29 13:31:39,0,2696,61909,0
2026/05/29 13:31:44,0,2696,61909,0
2026/05/29 13:31:48,0,2695,61909,0
2026/05/29 13:31:53,0,2696,61909,0
2026/05/29 13:31:57,0,2696,61909,0
2026/05/29 13:32:02,0,2696,61909,0
2026/05/29 13:32:06,0,2695,61909,0
2026/05/29 13:32:11,0,2695,61909,0
2026/05/29 13:32:15,0,2695,61909,0
2026/05/29 13:32:20,0,2695,61909,0
2026/05/29 13:32:25,0,2694,61909,0
2026/05/29 13:32:29,0,2694,61909,0
2026/05/29 13:32:34,0,2694,61909,0
2026/05/29 13:32:38,0,2694,61909,0
2026/05/29 13:32:43,0,2694,61909,0
2026/05/29 13:32:47,0,2694,61909,0
2026/05/29 13:32:52,0,2704,61909,0
2026/05/29 13:32:56,0,2703,61909,0
2026/05/29 13:33:01,0,2701,61909,0
2026/05/29 13:33:05,0,2704,61909,0
2026/05/29 13:33:10,0,2710,61909,0
2026/05/29 13:33:14,0,2711,61909,0
2026/05/29 13:33:19,0,2713,61909,0
2026/05/29 13:33:23,0,2714,61909,0
2026/05/29 13:33:28,0,2715,61909,0
2026/05/29 13:33:32,0,2715,61909,0
2026/05/29 13:33:37,0,2715,61909,0
2026/05/29 13:33:41,0,2714,61909,0
2026/05/29 13:33:46,0,2715,61909,0
2026/05/29 13:33:50,0,2717,61909,0
2026/05/29 13:33:55,0,2718,61909,0
2026/05/29 13:33:59,0,2719,61909,0
2026/05/29 13:34:04,0,2720,61909,0
2026/05/29 13:34:08,0,2721,61909,0
2026/05/29 13:34:13,0,2725,61909,0
2026/05/29 13:34:17,0,2733,61909,0
2026/05/29 13:34:22,0,2702,61909,0
2026/05/29 13:34:27,0,2702,61909,0
2026/05/29 13:34:31,0,2702,61909,0
2026/05/29 13:34:36,0,2701,61909,0
2026/05/29 13:34:40,0,2702,61909,0
2026/05/29 13:34:45,0,2697,61909,0
2026/05/29 13:34:49,0,2698,61909,0
2026/05/29 13:34:54,0,2698,61909,0
2026/05/29 13:34:58,0,2706,61909,0
2026/05/29 13:35:03,0,2706,61909,0
2026/05/29 13:35:07,0,2708,61909,0
2026/05/29 13:35:12,0,2708,61909,0
2026/05/29 13:35:16,0,2708,61909,0
2026/05/29 13:35:21,0,2708,61909,0
2026/05/29 13:35:25,0,2708,61909,0
2026/05/29 13:35:30,0,2708,61909,0
2026/05/29 13:35:34,0,2708,61909,0
2026/05/29 13:35:39,0,2708,61909,0
2026/05/29 13:35:43,0,2708,61909,0
2026/05/29 13:35:48,0,2709,61909,0
2026/05/29 13:35:52,0,2709,61909,0
2026/05/29 13:35:57,0,2709,61909,0
2026/05/29 13:36:01,0,2709,61909,0
2026/05/29 13:36:06,0,2710,61909,0
2026/05/29 13:36:10,0,2710,61909,0
2026/05/29 13:36:15,0,2710,61909,0
2026/05/29 13:36:19,0,2716,61909,0
2026/05/29 13:36:24,0,2707,61909,0
2026/05/29 13:36:29,0,2704,61909,0
2026/05/29 13:36:33,0,2704,61909,0
2026/05/29 13:36:38,0,2705,61909,0
2026/05/29 13:36:42,0,2700,61909,0
2026/05/29 13:36:47,0,2699,61909,0
2026/05/29 13:36:51,0,2701,61909,0
2026/05/29 13:36:56,0,2719,61909,0
2026/05/29 13:37:00,0,2718,61909,0
2026/05/29 13:37:05,0,2717,61909,0
2026/05/29 13:37:09,0,2710,61909,0
2026/05/29 13:37:14,0,2710,61909,0
2026/05/29 13:37:18,0,2710,61909,0
2026/05/29 13:37:23,0,2710,61909,0
2026/05/29 13:37:27,0,2710,61909,0
2026/05/29 13:37:32,0,2710,61909,0
2026/05/29 13:37:36,0,2710,61909,0
2026/05/29 13:37:41,0,2710,61909,0
2026/05/29 13:37:45,0,2710,61909,0
2026/05/29 13:37:50,0,2710,61909,0
2026/05/29 13:37:54,0,2709,61909,0
2026/05/29 13:37:59,0,2709,61909,0
2026/05/29 13:38:03,0,2709,61909,0
2026/05/29 13:38:08,0,2709,61909,0
2026/05/29 13:38:12,0,2709,61909,0
2026/05/29 13:38:17,0,2709,61909,0
2026/05/29 13:38:21,0,2708,61909,0
2026/05/29 13:38:26,0,2708,61909,0
2026/05/29 13:38:31,0,2708,61909,0
2026/05/29 13:38:35,0,2708,61909,0
2026/05/29 13:38:40,0,2708,61909,0
2026/05/29 13:38:44,0,2708,61909,0
2026/05/29 13:38:49,0,2708,61909,0
2026/05/29 13:38:53,0,2708,61909,0
2026/05/29 13:38:58,0,2708,61909,0
2026/05/29 13:39:02,0,2707,61909,0
2026/05/29 13:39:07,0,2707,61909,0
2026/05/29 13:39:11,0,2707,61909,0
2026/05/29 13:39:16,0,2708,61909,0
2026/05/29 13:39:20,0,2708,61909,0
2026/05/29 13:39:25,0,2707,61909,0
2026/05/29 13:39:29,0,2707,61909,0
2026/05/29 13:39:34,0,2708,61909,0
2026/05/29 13:39:38,0,2708,61909,0
2026/05/29 13:39:43,0,2708,61909,0
2026/05/29 13:39:47,0,2708,61909,0
2026/05/29 13:39:52,0,2707,61909,0
2026/05/29 13:39:56,0,2708,61909,0
2026/05/29 13:40:01,0,2708,61909,0
2026/05/29 13:40:05,0,2708,61909,0
2026/05/29 13:40:10,0,2707,61909,0
2026/05/29 13:40:14,0,2716,61909,0
2026/05/29 13:40:19,0,2716,61909,0
2026/05/29 13:40:23,0,2721,61909,0
2026/05/29 13:40:28,0,4811,61909,0
2026/05/29 13:40:33,0,6901,61909,0
2026/05/29 13:40:37,0,7564,61909,0
2026/05/29 13:40:42,0,7451,61909,0
2026/05/29 13:40:46,0,7050,61909,0
2026/05/29 13:40:51,0,6709,61909,0
2026/05/29 13:40:55,0,7409,61909,0
2026/05/29 13:41:00,0,7394,61909,0
2026/05/29 13:41:04,0,6969,61909,0
2026/05/29 13:41:09,0,7362,61909,0
2026/05/29 13:41:13,0,7144,61909,0
2026/05/29 13:41:18,0,7262,61909,0
2026/05/29 13:41:22,0,7311,61909,0
2026/05/29 13:41:27,0,7226,61909,0
2026/05/29 13:41:31,0,7304,61909,0
2026/05/29 13:41:36,0,6272,61909,0
2026/05/29 13:41:40,0,6089,61909,0
2026/05/29 13:41:45,0,5667,61909,0
2026/05/29 13:41:49,0,5322,61909,0
2026/05/29 13:41:54,0,4923,61909,0
2026/05/29 13:41:58,0,4683,61909,0
2026/05/29 13:42:03,0,4429,61909,0
2026/05/29 13:42:08,0,4213,61909,0
2026/05/29 13:42:12,0,3993,61909,0
2026/05/29 13:42:17,0,3837,61909,0
2026/05/29 13:42:21,0,3533,61909,0
2026/05/29 13:42:26,0,3587,61909,0
2026/05/29 13:42:30,0,3453,61909,0
2026/05/29 13:42:35,0,3471,61909,0
2026/05/29 13:42:39,0,3470,61909,0
2026/05/29 13:42:44,0,3990,61909,0
2026/05/29 13:42:48,0,3937,61909,0
2026/05/29 13:42:53,0,3592,61909,0
2026/05/29 13:42:57,0,3837,61909,0
2026/05/29 13:43:02,0,3827,61909,0
2026/05/29 13:43:06,0,3682,61909,0
2026/05/29 13:43:11,0,3840,61909,0
2026/05/29 13:43:15,0,3381,61909,0
2026/05/29 13:43:20,0,3664,61909,0
2026/05/29 13:43:24,0,3701,61909,0
2026/05/29 13:43:29,0,3590,61909,0
2026/05/29 13:43:33,0,3598,61909,0
2026/05/29 13:43:38,0,3344,61909,0
2026/05/29 13:43:42,0,3634,61909,0
2026/05/29 13:43:47,0,3391,61909,0
2026/05/29 13:43:51,0,5138,61909,0
2026/05/29 13:43:56,0,5139,61909,0
2026/05/29 13:44:01,0,4201,61909,0
2026/05/29 13:44:05,0,3936,61909,0
2026/05/29 13:44:10,0,3809,61909,0
2026/05/29 13:44:14,0,3745,61909,0
2026/05/29 13:44:19,0,3725,61909,0
2026/05/29 13:44:23,0,3722,61909,0
2026/05/29 13:44:28,0,3726,61909,0
2026/05/29 13:44:32,0,3726,61909,0
2026/05/29 13:44:37,0,3732,61909,0
2026/05/29 13:44:41,0,3733,61909,0
2026/05/29 13:44:46,0,3732,61909,0
2026/05/29 13:44:50,0,3733,61909,0
2026/05/29 13:44:55,0,3733,61909,0
2026/05/29 13:44:59,0,3732,61909,0
2026/05/29 13:45:04,0,3739,61909,0
2026/05/29 13:45:08,0,3747,61909,0
2026/05/29 13:45:13,0,3749,61909,0
2026/05/29 13:45:17,0,3754,61909,0
2026/05/29 13:45:22,0,3755,61909,0
2026/05/29 13:45:27,0,3761,61909,0
2026/05/29 13:45:31,0,3724,61909,0
2026/05/29 13:45:36,0,3725,61909,0
2026/05/29 13:45:40,0,3723,61909,0
2026/05/29 13:45:45,0,3723,61909,0
2026/05/29 13:45:49,0,3724,61909,0
2026/05/29 13:45:54,0,3718,61909,0
2026/05/29 13:45:58,0,3718,61909,0
2026/05/29 13:46:03,0,3720,61909,0
2026/05/29 13:46:07,0,3720,61909,0
2026/05/29 13:46:12,0,3398,61909,0
2026/05/29 13:46:16,0,4085,61909,0
2026/05/29 13:46:21,0,4068,61909,0
2026/05/29 13:46:25,0,3812,61909,0
2026/05/29 13:46:30,0,3758,61909,0
2026/05/29 13:46:34,0,3752,61909,0
2026/05/29 13:46:39,0,3759,61909,0
2026/05/29 13:46:43,0,3751,61909,0
2026/05/29 13:46:48,0,3751,61909,0
2026/05/29 13:46:52,0,3751,61909,0
2026/05/29 13:46:57,0,3753,61909,0
2026/05/29 13:47:02,0,3755,61909,0
2026/05/29 13:47:06,0,3759,61909,0
2026/05/29 13:47:11,0,3759,61909,0
2026/05/29 13:47:15,0,3760,61909,0
2026/05/29 13:47:20,0,3580,61909,0
2026/05/29 13:47:24,0,3854,61909,0
2026/05/29 13:47:29,0,3843,61909,0
2026/05/29 13:47:33,0,3839,61909,0
2026/05/29 13:47:38,0,3846,61909,0
2026/05/29 13:47:42,0,3851,61909,0
2026/05/29 13:47:47,0,3851,61909,0
2026/05/29 13:47:51,0,3850,61909,0
2026/05/29 13:47:56,0,3681,61909,0
2026/05/29 13:48:00,0,3822,61909,0
2026/05/29 13:48:05,0,3823,61909,0
2026/05/29 13:48:09,0,3932,61909,0
2026/05/29 13:48:14,0,3883,61909,0
2026/05/29 13:48:18,0,4215,61909,0
2026/05/29 13:48:23,0,4148,61909,0
2026/05/29 13:48:27,0,4103,61909,0
2026/05/29 13:48:32,0,4075,61909,0
2026/05/29 13:48:37,0,4059,61909,0
2026/05/29 13:48:41,0,4044,61909,0
2026/05/29 13:48:46,0,4040,61909,0
2026/05/29 13:48:50,0,4040,61909,0
2026/05/29 13:48:55,0,4038,61909,0
2026/05/29 13:48:59,0,4039,61909,0
2026/05/29 13:49:04,0,4040,61909,0
2026/05/29 13:49:08,0,4166,61909,0
2026/05/29 13:49:13,0,4129,61909,0
2026/05/29 13:49:17,0,3759,61909,0
2026/05/29 13:49:22,0,3853,61909,0
2026/05/29 13:49:26,0,3858,61909,0
2026/05/29 13:49:31,0,3839,61909,0
2026/05/29 13:49:35,0,3859,61909,0
2026/05/29 13:49:40,0,3870,61909,0
2026/05/29 13:49:44,0,3877,61909,0
2026/05/29 13:49:49,0,3898,61909,0
2026/05/29 13:49:53,0,3837,61909,0
2026/05/29 13:49:58,0,3875,61909,0
2026/05/29 13:50:02,0,3819,61909,0
2026/05/29 13:50:07,0,3890,61909,0
2026/05/29 13:50:12,0,3885,61909,0
2026/05/29 13:50:16,0,3876,61909,0
2026/05/29 13:50:21,0,3898,61909,0
2026/05/29 13:50:25,0,3908,61909,0
2026/05/29 13:50:30,0,3849,61909,0
2026/05/29 13:50:34,0,3822,61909,0
2026/05/29 13:50:39,0,3824,61909,0
2026/05/29 13:50:43,0,3839,61909,0
2026/05/29 13:50:48,0,3853,61909,0
2026/05/29 13:50:52,0,3840,61909,0
2026/05/29 13:50:57,0,3905,61909,0
2026/05/29 13:51:01,0,3880,61909,0
2026/05/29 13:51:06,0,4163,61909,0
2026/05/29 13:51:10,0,4362,61909,0
2026/05/29 13:51:15,0,4623,61909,0
2026/05/29 13:51:19,0,4724,61909,0
2026/05/29 13:51:24,0,4691,61909,0
2026/05/29 13:51:28,0,4757,61909,0
2026/05/29 13:51:33,0,5002,61909,0
2026/05/29 13:51:37,0,5167,61909,0
2026/05/29 13:51:42,0,5077,61909,0
2026/05/29 13:51:46,0,5007,61909,0
2026/05/29 13:51:51,0,5175,61909,0
2026/05/29 13:51:55,0,5140,61909,0
2026/05/29 13:52:00,0,5131,61909,0
2026/05/29 13:52:04,0,4869,61909,0
2026/05/29 13:52:09,0,4692,61909,0
2026/05/29 13:52:14,0,4655,61909,0
2026/05/29 13:52:18,0,4687,61909,0
2026/05/29 13:52:23,0,4524,61909,0
2026/05/29 13:52:27,0,4431,61909,0
2026/05/29 13:52:32,0,4468,61909,0
2026/05/29 13:52:36,0,4246,61909,0
2026/05/29 13:52:41,0,4396,61909,0
2026/05/29 13:52:45,0,4520,61909,0
2026/05/29 13:52:50,0,4421,61909,0
2026/05/29 13:52:54,0,4233,61909,0
2026/05/29 13:52:59,0,4344,61909,0
2026/05/29 13:53:03,0,4327,61909,0
2026/05/29 13:53:08,0,4364,61909,0
2026/05/29 13:53:12,0,4245,61909,0
2026/05/29 13:53:17,0,4266,61909,0
2026/05/29 13:53:21,0,4327,61909,0
2026/05/29 13:53:26,0,4326,61909,0
2026/05/29 13:53:30,0,4235,61909,0
2026/05/29 13:53:35,0,4303,61909,0
2026/05/29 13:53:39,0,4277,61909,0
2026/05/29 13:53:44,0,4238,61909,0
2026/05/29 13:53:48,0,4320,61909,0
2026/05/29 13:53:53,0,4322,61909,0
2026/05/29 13:53:57,0,4299,61909,0
2026/05/29 13:54:02,0,4409,61909,0
2026/05/29 13:54:06,0,4486,61909,0
2026/05/29 13:54:11,0,4494,61909,0
2026/05/29 13:54:16,0,4457,61909,0
2026/05/29 13:54:20,0,4437,61909,0
2026/05/29 13:54:25,0,4425,61909,0
2026/05/29 13:54:29,0,4536,61909,0
2026/05/29 13:54:34,0,4592,61909,0
2026/05/29 13:54:38,0,5215,61909,0
2026/05/29 13:54:43,0,5264,61909,0
2026/05/29 13:54:47,0,5260,61909,0
2026/05/29 13:54:52,0,5213,61909,0
2026/05/29 13:54:56,0,5198,61909,0
2026/05/29 13:55:01,0,5199,61909,0
2026/05/29 13:55:05,0,5204,61909,0
2026/05/29 13:55:10,0,5207,61909,0
2026/05/29 13:55:14,0,5207,61909,0
2026/05/29 13:55:19,0,5206,61909,0
2026/05/29 13:55:23,0,5435,61909,0
2026/05/29 13:55:28,0,5849,61909,0
2026/05/29 13:55:32,0,5853,61909,0
2026/05/29 13:55:37,0,5449,61909,0
2026/05/29 13:55:42,0,5370,61909,0
2026/05/29 13:55:46,0,5362,61909,0
2026/05/29 13:55:51,0,5485,61909,0
2026/05/29 13:55:55,0,5519,61909,0
2026/05/29 13:56:00,0,5482,61909,0
2026/05/29 13:56:04,0,5465,61909,0
2026/05/29 13:56:09,0,5473,61909,0
2026/05/29 13:56:13,0,5479,61909,0
2026/05/29 13:56:18,0,5480,61909,0
2026/05/29 13:56:22,0,5482,61909,0
2026/05/29 13:56:27,0,5750,61909,0
2026/05/29 13:56:31,0,5646,61909,0
2026/05/29 13:56:36,0,5651,61909,0
2026/05/29 13:56:40,0,5633,61909,0
2026/05/29 13:56:45,0,5631,61909,0
2026/05/29 13:56:49,0,5639,61909,0
2026/05/29 13:56:54,0,5640,61909,0
2026/05/29 13:56:58,0,5641,61909,0
2026/05/29 13:57:03,0,5840,61909,0
2026/05/29 13:57:07,0,5707,61909,0
2026/05/29 13:57:12,0,5631,61909,0
2026/05/29 13:57:17,0,5599,61909,0
2026/05/29 13:57:21,0,5585,61909,0
2026/05/29 13:57:26,0,5585,61909,0
2026/05/29 13:57:30,0,5580,61909,0
2026/05/29 13:57:35,0,5580,61909,0
2026/05/29 13:57:39,0,5580,61909,0
2026/05/29 13:57:44,0,5581,61909,0
2026/05/29 13:57:48,0,5575,61909,0
2026/05/29 13:57:53,0,5550,61909,0
2026/05/29 13:57:57,0,5559,61909,0
2026/05/29 13:58:02,0,5571,61909,0
2026/05/29 13:58:06,0,5587,61909,0
2026/05/29 13:58:11,0,5588,61909,0
2026/05/29 13:58:15,0,5417,61909,0
2026/05/29 13:58:20,0,5793,61909,0
2026/05/29 13:58:24,0,5780,61909,0
2026/05/29 13:58:29,0,5741,61909,0
2026/05/29 13:58:33,0,5726,61909,0
2026/05/29 13:58:38,0,5747,61909,0
2026/05/29 13:58:43,0,5750,61909,0
2026/05/29 13:58:47,0,5757,61909,0
2026/05/29 13:58:52,0,5739,61909,0
2026/05/29 13:58:56,0,5747,61909,0
2026/05/29 13:59:01,0,5747,61909,0
2026/05/29 13:59:05,0,5762,61909,0
2026/05/29 13:59:10,0,5762,61909,0
2026/05/29 13:59:14,0,5762,61909,0
2026/05/29 13:59:19,0,5763,61909,0
2026/05/29 13:59:23,0,5552,61909,0
2026/05/29 13:59:28,0,5635,61909,0
2026/05/29 13:59:32,0,5634,61909,0
2026/05/29 13:59:37,0,5645,61909,0
2026/05/29 13:59:41,0,5654,61909,0
2026/05/29 13:59:46,0,5668,61909,0
2026/05/29 13:59:50,0,5669,61909,0
2026/05/29 13:59:55,0,5667,61909,0
2026/05/29 13:59:59,0,5898,61909,0
2026/05/29 14:00:04,0,5548,61909,0
2026/05/29 14:00:09,0,5529,61909,0
2026/05/29 14:00:13,0,5517,61909,0
2026/05/29 14:00:18,0,5751,61909,0
2026/05/29 14:00:22,0,5883,61909,0
2026/05/29 14:00:27,0,5821,61909,0
2026/05/29 14:00:31,0,5796,61909,0
2026/05/29 14:00:36,0,5767,61909,0
2026/05/29 14:00:40,0,5760,61909,0
2026/05/29 14:00:45,0,5755,61909,0
2026/05/29 14:00:49,0,5933,61909,0
2026/05/29 14:00:54,0,5563,61909,0
2026/05/29 14:00:58,0,5525,61909,0
2026/05/29 14:01:03,0,5557,61909,0
2026/05/29 14:01:07,0,6165,61909,0
2026/05/29 14:01:12,0,6244,61909,0
2026/05/29 14:01:16,0,6184,61909,0
2026/05/29 14:01:21,0,6135,61909,0
2026/05/29 14:01:25,0,6094,61909,0
2026/05/29 14:01:30,0,6086,61909,0
2026/05/29 14:01:34,0,6077,61909,0
2026/05/29 14:01:39,0,6070,61909,0
2026/05/29 14:01:44,0,6070,61909,0
2026/05/29 14:01:48,0,6069,61909,0
2026/05/29 14:01:53,0,6065,61909,0
2026/05/29 14:01:57,0,6069,61909,0
2026/05/29 14:02:02,0,6079,61909,0
2026/05/29 14:02:06,0,6069,61909,0
2026/05/29 14:02:11,0,6067,61909,0
2026/05/29 14:02:15,0,6068,61909,0
2026/05/29 14:02:20,0,6069,61909,0
2026/05/29 14:02:24,0,5671,61909,0
2026/05/29 14:02:29,0,6293,61909,0
2026/05/29 14:02:33,0,6232,61909,0
2026/05/29 14:02:38,0,6164,61909,0
2026/05/29 14:02:42,0,6123,61909,0
2026/05/29 14:02:47,0,6102,61909,0
2026/05/29 14:02:51,0,6091,61909,0
2026/05/29 14:02:56,0,6084,61909,0
2026/05/29 14:03:00,0,6084,61909,0
2026/05/29 14:03:05,0,6088,61909,0
2026/05/29 14:03:10,0,5988,61909,0
2026/05/29 14:03:14,0,6122,61909,0
2026/05/29 14:03:19,0,6120,61909,0
2026/05/29 14:03:23,0,6117,61909,0
2026/05/29 14:03:28,0,6118,61909,0
2026/05/29 14:03:32,0,6111,61909,0
2026/05/29 14:03:37,0,6120,61909,0
2026/05/29 14:03:41,0,6030,61909,0
2026/05/29 14:03:46,0,6116,61909,0
2026/05/29 14:03:50,0,6120,61909,0
2026/05/29 14:03:55,0,6124,61909,0
2026/05/29 14:03:59,0,6234,61909,0
2026/05/29 14:04:04,0,6178,61909,0
2026/05/29 14:04:08,0,6132,61909,0
2026/05/29 14:04:13,0,6102,61909,0
2026/05/29 14:04:17,0,5348,61909,0
2026/05/29 14:04:22,0,3749,61909,0
2026/05/29 14:04:26,0,3732,61909,0
2026/05/29 14:04:31,0,3709,61909,0
2026/05/29 14:04:35,0,3702,61909,0
2026/05/29 14:04:40,0,3702,61909,0
2026/05/29 14:04:45,0,3702,61909,0
2026/05/29 14:04:49,0,3729,61909,0
2026/05/29 14:04:54,0,3710,61909,0
2026/05/29 14:04:58,0,3696,61909,0
2026/05/29 14:05:03,0,3700,61909,0
2026/05/29 14:05:07,0,3684,61909,0
2026/05/29 14:05:12,0,3685,61909,0
2026/05/29 14:05:16,0,3686,61909,0
2026/05/29 14:05:21,0,3687,61909,0
2026/05/29 14:05:25,0,3679,61909,0
2026/05/29 14:05:30,0,3679,61909,0
2026/05/29 14:05:34,0,3683,61909,0
2026/05/29 14:05:39,0,3683,61909,0
2026/05/29 14:05:43,0,3678,61909,0
2026/05/29 14:05:48,0,3683,61909,0
2026/05/29 14:05:52,0,3707,61909,0
2026/05/29 14:05:57,0,3685,61909,0
2026/05/29 14:06:01,0,3686,61909,0
2026/05/29 14:06:06,0,3686,61909,0
2026/05/29 14:06:10,0,3686,61909,0
2026/05/29 14:06:15,0,3681,61909,0
2026/05/29 14:06:19,0,3681,61909,0
2026/05/29 14:06:24,0,3681,61909,0
2026/05/29 14:06:28,0,3700,61909,0
2026/05/29 14:06:33,0,3682,61909,0
2026/05/29 14:06:38,0,3683,61909,0
2026/05/29 14:06:42,0,3686,61909,0
2026/05/29 14:06:47,0,3686,61909,0
2026/05/29 14:06:51,0,3673,61909,0
2026/05/29 14:06:56,0,3673,61909,0
2026/05/29 14:07:00,0,3678,61909,0
2026/05/29 14:07:05,0,3684,61909,0
2026/05/29 14:07:09,0,3685,61909,0
2026/05/29 14:07:14,0,3684,61909,0
2026/05/29 14:07:18,0,3696,61909,0
2026/05/29 14:07:23,0,3682,61909,0
2026/05/29 14:07:27,0,3684,61909,0
2026/05/29 14:07:32,0,3685,61909,0
2026/05/29 14:07:36,0,3690,61909,0
2026/05/29 14:07:41,0,3707,61909,0
2026/05/29 14:07:45,0,3708,61909,0
2026/05/29 14:07:50,0,3707,61909,0
2026/05/29 14:07:54,0,3708,61909,0
2026/05/29 14:07:59,0,3713,61909,0
2026/05/29 14:08:03,0,3711,61909,0
2026/05/29 14:08:08,0,3712,61909,0
2026/05/29 14:08:12,0,3712,61909,0
2026/05/29 14:08:17,0,3712,61909,0
2026/05/29 14:08:21,0,3713,61909,0
2026/05/29 14:08:26,0,3713,61909,0
2026/05/29 14:08:30,0,3714,61909,0
2026/05/29 14:08:35,0,3714,61909,0
2026/05/29 14:08:40,0,3714,61909,0
2026/05/29 14:08:44,0,3714,61909,0
2026/05/29 14:08:49,0,3715,61909,0
2026/05/29 14:08:53,0,3715,61909,0
2026/05/29 14:08:58,0,3715,61909,0
2026/05/29 14:09:02,0,3715,61909,0
2026/05/29 14:09:07,0,3715,61909,0
2026/05/29 14:09:11,0,3715,61909,0
2026/05/29 14:09:16,0,3686,61909,0
2026/05/29 14:09:20,0,3686,61909,0
2026/05/29 14:09:25,0,3686,61909,0
2026/05/29 14:09:29,0,3686,61909,0
2026/05/29 14:09:34,0,3686,61909,0
2026/05/29 14:09:38,0,3686,61909,0
2026/05/29 14:09:43,0,3686,61909,0
2026/05/29 14:09:47,0,3687,61909,0
2026/05/29 14:09:52,0,3687,61909,0
2026/05/29 14:09:56,0,3687,61909,0
2026/05/29 14:10:01,0,3688,61909,0
2026/05/29 14:10:05,0,3688,61909,0
2026/05/29 14:10:10,0,3689,61909,0
2026/05/29 14:10:14,0,3689,61909,0
2026/05/29 14:10:19,0,3690,61909,0
2026/05/29 14:10:23,0,3690,61909,0
2026/05/29 14:10:28,0,3690,61909,0
2026/05/29 14:10:32,0,3690,61909,0
2026/05/29 14:10:37,0,3690,61909,0
2026/05/29 14:10:42,0,3690,61909,0
2026/05/29 14:10:46,0,3690,61909,0
2026/05/29 14:10:51,0,3690,61909,0
2026/05/29 14:10:55,0,3690,61909,0
2026/05/29 14:11:00,0,3690,61909,0
2026/05/29 14:11:04,0,3691,61909,0
2026/05/29 14:11:09,0,3691,61909,0
2026/05/29 14:11:13,0,3687,61909,0
2026/05/29 14:11:18,0,3686,61909,0
2026/05/29 14:11:22,0,3685,61909,0
2026/05/29 14:11:27,0,3685,61909,0
2026/05/29 14:11:31,0,3742,61909,0
2026/05/29 14:11:36,0,3726,61909,0
2026/05/29 14:11:40,0,3719,61909,0
2026/05/29 14:11:45,0,3682,61909,0
2026/05/29 14:11:49,0,3682,61909,0
2026/05/29 14:11:54,0,3682,61909,0
2026/05/29 14:11:58,0,3682,61909,0
2026/05/29 14:12:03,0,3682,61909,0
2026/05/29 14:12:07,0,3682,61909,0
2026/05/29 14:12:12,0,3682,61909,0
2026/05/29 14:12:16,0,3682,61909,0
2026/05/29 14:12:21,0,3684,61909,0
2026/05/29 14:12:25,0,3681,61909,0
2026/05/29 14:12:30,0,3690,61909,0
2026/05/29 14:12:34,0,3690,61909,0
2026/05/29 14:12:39,0,3690,61909,0
2026/05/29 14:12:44,0,3678,61909,0
2026/05/29 14:12:48,0,3691,61909,0
2026/05/29 14:12:53,0,3684,61909,0
2026/05/29 14:12:57,0,3692,61909,0
2026/05/29 14:13:02,0,3686,61909,0
2026/05/29 14:13:06,0,3688,61909,0
2026/05/29 14:13:11,0,3687,61909,0
2026/05/29 14:13:15,0,3679,61909,0
2026/05/29 14:13:20,0,3682,61909,0
2026/05/29 14:13:24,0,3676,61909,0
2026/05/29 14:13:29,0,3677,61909,0
2026/05/29 14:13:33,0,3681,61909,0
2026/05/29 14:13:38,0,3683,61909,0
2026/05/29 14:13:42,0,3684,61909,0
2026/05/29 14:13:47,0,3685,61909,0
2026/05/29 14:13:51,0,3673,61909,0
2026/05/29 14:13:56,0,3682,61909,0
2026/05/29 14:14:00,0,3671,61909,0
2026/05/29 14:14:05,0,3762,61909,0
2026/05/29 14:14:09,0,3736,61909,0
2026/05/29 14:14:14,0,3700,61909,0
2026/05/29 14:14:18,0,3699,61909,0
2026/05/29 14:14:23,0,3690,61909,0
2026/05/29 14:14:27,0,3696,61909,0
2026/05/29 14:14:32,0,3687,61909,0
2026/05/29 14:14:36,0,3692,61909,0
2026/05/29 14:14:41,0,3685,61909,0
2026/05/29 14:14:46,0,3678,61909,0
2026/05/29 14:14:50,0,3727,61909,0
2026/05/29 14:14:55,0,3739,61909,0
2026/05/29 14:14:59,0,3733,61909,0
2026/05/29 14:15:04,0,3706,61909,0
2026/05/29 14:15:08,0,3706,61909,0
2026/05/29 14:15:13,0,3706,61909,0
2026/05/29 14:15:17,0,3706,61909,0
2026/05/29 14:15:22,0,3706,61909,0
2026/05/29 14:15:26,0,3705,61909,0
2026/05/29 14:15:31,0,3706,61909,0
2026/05/29 14:15:35,0,3706,61909,0
2026/05/29 14:15:40,0,3706,61909,0
2026/05/29 14:15:44,0,3706,61909,0
2026/05/29 14:15:49,0,3707,61909,0
2026/05/29 14:15:53,0,3708,61909,0
2026/05/29 14:15:58,0,3708,61909,0
2026/05/29 14:16:02,0,3696,61909,0
2026/05/29 14:16:07,0,3696,61909,0
2026/05/29 14:16:11,0,3695,61909,0
2026/05/29 14:16:16,0,3695,61909,0
2026/05/29 14:16:20,0,3695,61909,0
2026/05/29 14:16:25,0,3695,61909,0
2026/05/29 14:16:29,0,3695,61909,0
2026/05/29 14:16:34,0,3696,61909,0
2026/05/29 14:16:38,0,3695,61909,0
2026/05/29 14:16:43,0,3696,61909,0
2026/05/29 14:16:48,0,3696,61909,0
2026/05/29 14:16:52,0,3697,61909,0
2026/05/29 14:16:57,0,3697,61909,0
2026/05/29 14:17:01,0,3698,61909,0
2026/05/29 14:17:06,0,3698,61909,0
2026/05/29 14:17:10,0,3698,61909,0
2026/05/29 14:17:15,0,3699,61909,0
2026/05/29 14:17:19,0,3698,61909,0
2026/05/29 14:17:24,0,3698,61909,0
2026/05/29 14:17:28,0,3697,61909,0
2026/05/29 14:17:33,0,3698,61909,0
2026/05/29 14:17:37,0,3698,61909,0
2026/05/29 14:17:42,0,3698,61909,0
2026/05/29 14:17:46,0,3697,61909,0
2026/05/29 14:17:51,0,3707,61909,0
2026/05/29 14:17:55,0,3708,61909,0
2026/05/29 14:18:00,0,3719,61909,0
2026/05/29 14:18:04,0,3704,61909,0
2026/05/29 14:18:09,0,3707,61909,0
2026/05/29 14:18:13,0,3710,61909,0
2026/05/29 14:18:18,0,3708,61909,0
2026/05/29 14:18:22,0,3701,61909,0
2026/05/29 14:18:27,0,3701,61909,0
2026/05/29 14:18:31,0,3701,61909,0
2026/05/29 14:18:36,0,3701,61909,0
2026/05/29 14:18:40,0,3701,61909,0
2026/05/29 14:18:45,0,3700,61909,0
2026/05/29 14:18:50,0,3705,61909,0
2026/05/29 14:18:54,0,3705,61909,0
2026/05/29 14:18:59,0,3709,61909,0
2026/05/29 14:19:03,0,3704,61909,0
2026/05/29 14:19:08,0,3699,61909,0
2026/05/29 14:19:12,0,3701,61909,0
2026/05/29 14:19:17,0,3705,61909,0
2026/05/29 14:19:21,0,3710,61909,0
2026/05/29 14:19:26,0,3695,61909,0
2026/05/29 14:19:30,0,3701,61909,0
2026/05/29 14:19:35,0,3700,61909,0
2026/05/29 14:19:39,0,3701,61909,0
2026/05/29 14:19:44,0,3694,61909,0
2026/05/29 14:19:48,0,3694,61909,0
2026/05/29 14:19:53,0,3694,61909,0
2026/05/29 14:19:57,0,3694,61909,0
2026/05/29 14:20:02,0,3693,61909,0
2026/05/29 14:20:06,0,3692,61909,0
2026/05/29 14:20:11,0,3693,61909,0
2026/05/29 14:20:15,0,3693,61909,0
2026/05/29 14:20:20,0,3692,61909,0
2026/05/29 14:20:24,0,3693,61909,0
2026/05/29 14:20:29,0,3692,61909,0
2026/05/29 14:20:33,0,3693,61909,0
2026/05/29 14:20:38,0,3693,61909,0
2026/05/29 14:20:42,0,3693,61909,0
2026/05/29 14:20:47,0,3693,61909,0
2026/05/29 14:20:52,0,3693,61909,0
2026/05/29 14:20:56,0,3695,61909,0
2026/05/29 14:21:01,0,3697,61909,0
2026/05/29 14:21:05,0,3701,61909,0
2026/05/29 14:21:10,0,3697,61909,0
2026/05/29 14:21:14,0,3699,61909,0
2026/05/29 14:21:19,0,3703,61909,0
2026/05/29 14:21:23,0,3712,61909,0
2026/05/29 14:21:28,0,3719,61909,0
2026/05/29 14:21:32,0,3694,61909,0
2026/05/29 14:21:37,0,3694,61909,0
2026/05/29 14:21:41,0,3695,61909,0
2026/05/29 14:21:46,0,3687,61909,0
2026/05/29 14:21:50,0,3688,61909,0
2026/05/29 14:21:55,0,3690,61909,0
2026/05/29 14:21:59,0,3690,61909,0
2026/05/29 14:22:04,0,3690,61909,0
2026/05/29 14:22:08,0,3684,61909,0
2026/05/29 14:22:13,0,3685,61909,0
2026/05/29 14:22:17,0,3687,61909,0
2026/05/29 14:22:22,0,3692,61909,0
2026/05/29 14:22:26,0,3694,61909,0
2026/05/29 14:22:31,0,3684,61909,0
2026/05/29 14:22:35,0,3685,61909,0
2026/05/29 14:22:40,0,7533,61909,0
2026/05/29 14:22:45,0,8114,61909,0
2026/05/29 14:22:49,0,8286,61909,0
2026/05/29 14:22:54,0,8196,61909,0
2026/05/29 14:22:58,0,8313,61909,0
2026/05/29 14:23:03,0,7558,61909,0
2026/05/29 14:23:07,0,7925,61909,0
2026/05/29 14:23:12,0,8119,61909,0
2026/05/29 14:23:16,0,7578,61909,0
2026/05/29 14:23:21,0,7814,61909,0
2026/05/29 14:23:25,0,7916,61909,0
2026/05/29 14:23:30,0,8000,61909,0
2026/05/29 14:23:34,0,7943,61909,0
2026/05/29 14:23:39,0,7812,61909,0
2026/05/29 14:23:44,0,7938,61909,0
2026/05/29 14:23:48,0,6570,61909,0
2026/05/29 14:23:53,0,6193,61909,0
2026/05/29 14:23:57,0,5958,61909,0
2026/05/29 14:24:02,0,5770,61909,0
2026/05/29 14:24:06,0,5449,61909,0
2026/05/29 14:24:11,0,5221,61909,0
2026/05/29 14:24:15,0,4908,61909,0
2026/05/29 14:24:20,0,4756,61909,0
2026/05/29 14:24:24,0,4583,61909,0
2026/05/29 14:24:29,0,4478,61909,0
2026/05/29 14:24:33,0,4406,61909,0
2026/05/29 14:24:38,0,4332,61909,0
2026/05/29 14:24:42,0,4291,61909,0
2026/05/29 14:24:47,0,4232,61909,0
2026/05/29 14:24:51,0,4199,61909,0
2026/05/29 14:24:56,0,4171,61909,0
2026/05/29 14:25:00,0,4125,61909,0
2026/05/29 14:25:05,0,4077,61909,0
2026/05/29 14:25:09,0,4004,61909,0
2026/05/29 14:25:14,0,4042,61909,0
2026/05/29 14:25:18,0,4054,61909,0
2026/05/29 14:25:23,0,4058,61909,0
2026/05/29 14:25:27,0,4058,61909,0
2026/05/29 14:25:32,0,4072,61909,0
2026/05/29 14:25:37,0,4103,61909,0
2026/05/29 14:25:41,0,4227,61909,0
2026/05/29 14:25:46,0,4476,61909,0
2026/05/29 14:25:50,0,4623,61909,0
2026/05/29 14:25:55,0,4803,61909,0
2026/05/29 14:25:59,0,4848,61909,0
2026/05/29 14:26:04,0,4969,61909,0
2026/05/29 14:26:08,0,5094,61909,0
2026/05/29 14:26:13,0,5625,61909,0
2026/05/29 14:26:17,0,5271,61909,0
2026/05/29 14:26:22,0,5460,61909,0
2026/05/29 14:26:26,0,5397,61909,0
2026/05/29 14:26:31,0,5282,61909,0
2026/05/29 14:26:35,0,5260,61909,0
2026/05/29 14:26:40,0,4911,61909,0
2026/05/29 14:26:44,0,5318,61909,0
2026/05/29 14:26:49,0,5149,61909,0
2026/05/29 14:26:53,0,5109,61909,0
2026/05/29 14:26:58,0,4740,61909,0
2026/05/29 14:27:02,0,4785,61909,0
2026/05/29 14:27:07,0,4617,61909,0
2026/05/29 14:27:11,0,4600,61909,0
2026/05/29 14:27:16,0,4560,61909,0
2026/05/29 14:27:20,0,4511,61909,0
2026/05/29 14:27:25,0,4650,61909,0
2026/05/29 14:27:30,0,4560,61909,0
2026/05/29 14:27:34,0,4419,61909,0
2026/05/29 14:27:39,0,4415,61909,0
2026/05/29 14:27:43,0,4405,61909,0
2026/05/29 14:27:48,0,4646,61909,0
2026/05/29 14:27:52,0,4569,61909,0
2026/05/29 14:27:57,0,4544,61909,0
2026/05/29 14:28:01,0,4548,61909,0
2026/05/29 14:28:06,0,4466,61909,0
2026/05/29 14:28:10,0,4435,61909,0
2026/05/29 14:28:15,0,4435,61909,0
2026/05/29 14:28:19,0,4544,61909,0
2026/05/29 14:28:24,0,4480,61909,0
2026/05/29 14:28:28,0,4523,61909,0
2026/05/29 14:28:33,0,4488,61909,0
2026/05/29 14:28:37,0,4442,61909,0
2026/05/29 14:28:42,0,4501,61909,0
2026/05/29 14:28:46,0,4832,61909,0
2026/05/29 14:28:51,0,4781,61909,0
2026/05/29 14:28:55,0,4729,61909,0
2026/05/29 14:29:00,0,4672,61909,0
2026/05/29 14:29:04,0,4651,61909,0
2026/05/29 14:29:09,0,4636,61909,0
2026/05/29 14:29:14,0,4627,61909,0
2026/05/29 14:29:18,0,4625,61909,0
2026/05/29 14:29:23,0,4625,61909,0
2026/05/29 14:29:27,0,4625,61909,0
2026/05/29 14:29:32,0,4625,61909,0
2026/05/29 14:29:36,0,4625,61909,0
2026/05/29 14:29:41,0,4625,61909,0
2026/05/29 14:29:45,0,4626,61909,0
2026/05/29 14:29:50,0,4626,61909,0
2026/05/29 14:29:54,0,4626,61909,0
2026/05/29 14:29:59,0,4841,61909,0
2026/05/29 14:30:04,0,5578,61909,0
2026/05/29 14:30:08,0,5582,61909,0
2026/05/29 14:30:13,0,5123,61909,0
2026/05/29 14:30:17,0,5012,61909,0
2026/05/29 14:30:22,0,4951,61909,0
2026/05/29 14:30:26,0,4940,61909,0
2026/05/29 14:30:31,0,4939,61909,0
2026/05/29 14:30:35,0,4938,61909,0
2026/05/29 14:30:40,0,4938,61909,0
2026/05/29 14:30:44,0,4938,61909,0
2026/05/29 14:30:49,0,4939,61909,0
2026/05/29 14:30:53,0,4563,61909,0
2026/05/29 14:30:58,0,5289,61909,0
2026/05/29 14:31:03,0,5291,61909,0
2026/05/29 14:31:07,0,5289,61909,0
2026/05/29 14:31:12,0,5349,61909,0
2026/05/29 14:31:16,0,5332,61909,0
2026/05/29 14:31:21,0,5303,61909,0
2026/05/29 14:31:25,0,5311,61909,0
2026/05/29 14:31:30,0,5310,61909,0
2026/05/29 14:31:34,0,5157,61909,0
2026/05/29 14:31:39,0,5350,61909,0
2026/05/29 14:31:43,0,5339,61909,0
2026/05/29 14:31:48,0,5281,61909,0
2026/05/29 14:31:53,0,5295,61909,0
2026/05/29 14:31:57,0,5294,61909,0
2026/05/29 14:32:02,0,5293,61909,0
2026/05/29 14:32:06,0,5294,61909,0
2026/05/29 14:32:11,0,5293,61909,0
2026/05/29 14:32:15,0,5239,61909,0
2026/05/29 14:32:20,0,5224,61909,0
2026/05/29 14:32:24,0,5204,61909,0
2026/05/29 14:32:29,0,5189,61909,0
2026/05/29 14:32:33,0,5199,61909,0
2026/05/29 14:32:38,0,5198,61909,0
2026/05/29 14:32:43,0,5194,61909,0
2026/05/29 14:32:47,0,5339,61909,0
2026/05/29 14:32:52,0,5796,61909,0
2026/05/29 14:32:56,0,5793,61909,0
2026/05/29 14:33:01,0,5415,61909,0
2026/05/29 14:33:05,0,5334,61909,0
2026/05/29 14:33:10,0,5322,61909,0
2026/05/29 14:33:14,0,5346,61909,0
2026/05/29 14:33:19,0,5333,61909,0
2026/05/29 14:33:23,0,5332,61909,0
2026/05/29 14:33:28,0,5332,61909,0
2026/05/29 14:33:32,0,5296,61909,0
2026/05/29 14:33:37,0,5296,61909,0
2026/05/29 14:33:42,0,5297,61909,0
2026/05/29 14:33:46,0,5300,61909,0
2026/05/29 14:33:51,0,5289,61909,0
2026/05/29 14:33:55,0,4992,61909,0
2026/05/29 14:34:00,0,5198,61909,0
2026/05/29 14:34:04,0,5196,61909,0
2026/05/29 14:34:09,0,5199,61909,0
2026/05/29 14:34:13,0,5210,61909,0
2026/05/29 14:34:18,0,5196,61909,0
2026/05/29 14:34:22,0,5194,61909,0
2026/05/29 14:34:27,0,5194,61909,0
2026/05/29 14:34:31,0,4927,61909,0
2026/05/29 14:34:36,0,5098,61909,0
2026/05/29 14:34:41,0,5059,61909,0
2026/05/29 14:34:45,0,5036,61909,0
2026/05/29 14:34:50,0,5383,61909,0
2026/05/29 14:34:54,0,5317,61909,0
2026/05/29 14:34:59,0,5252,61909,0
2026/05/29 14:35:03,0,5203,61909,0
2026/05/29 14:35:08,0,5159,61909,0
2026/05/29 14:35:12,0,5172,61909,0
2026/05/29 14:35:17,0,5158,61909,0
2026/05/29 14:35:21,0,5268,61909,0
2026/05/29 14:35:26,0,5195,61909,0
2026/05/29 14:35:31,0,5132,61909,0
2026/05/29 14:35:35,0,5312,61909,0
2026/05/29 14:35:40,0,5861,61909,0
2026/05/29 14:35:44,0,5640,61909,0
2026/05/29 14:35:49,0,5549,61909,0
2026/05/29 14:35:53,0,5485,61909,0
2026/05/29 14:35:58,0,5467,61909,0
2026/05/29 14:36:02,0,5469,61909,0
2026/05/29 14:36:07,0,5462,61909,0
2026/05/29 14:36:11,0,5464,61909,0
2026/05/29 14:36:16,0,5339,61909,0
2026/05/29 14:36:20,0,5572,61909,0
2026/05/29 14:36:25,0,5560,61909,0
2026/05/29 14:36:30,0,5525,61909,0
2026/05/29 14:36:34,0,5525,61909,0
2026/05/29 14:36:39,0,5526,61909,0
2026/05/29 14:36:43,0,5526,61909,0
2026/05/29 14:36:48,0,5496,61909,0
2026/05/29 14:36:52,0,5499,61909,0
2026/05/29 14:36:57,0,5822,61909,0
2026/05/29 14:37:01,0,5695,61909,0
2026/05/29 14:37:06,0,5630,61909,0
2026/05/29 14:37:10,0,5589,61909,0
2026/05/29 14:37:15,0,5458,61909,0
2026/05/29 14:37:19,0,5517,61909,0
2026/05/29 14:37:24,0,5516,61909,0
2026/05/29 14:37:29,0,5398,61909,0
2026/05/29 14:37:33,0,5524,61909,0
2026/05/29 14:37:38,0,5500,61909,0
2026/05/29 14:37:42,0,5392,61909,0
2026/05/29 14:37:47,0,5494,61909,0
2026/05/29 14:37:51,0,5495,61909,0
2026/05/29 14:37:56,0,5485,61909,0
2026/05/29 14:38:00,0,5485,61909,0
2026/05/29 14:38:05,0,5394,61909,0
2026/05/29 14:38:09,0,5480,61909,0
2026/05/29 14:38:14,0,5479,61909,0
2026/05/29 14:38:19,0,5479,61909,0
2026/05/29 14:38:23,0,5543,61909,0
2026/05/29 14:38:28,0,5421,61909,0
2026/05/29 14:38:32,0,5227,61909,0
2026/05/29 14:38:37,0,5709,61909,0
2026/05/29 14:38:41,0,5662,61909,0
2026/05/29 14:38:46,0,5619,61909,0
2026/05/29 14:38:50,0,5581,61909,0
2026/05/29 14:38:55,0,4393,61909,0
2026/05/29 14:38:59,0,5448,61909,0
2026/05/29 14:39:04,0,5444,61909,0
2026/05/29 14:39:08,0,5499,61909,0
2026/05/29 14:39:13,0,5308,61909,0
2026/05/29 14:39:18,0,5260,61909,0
2026/05/29 14:39:22,0,5227,61909,0
2026/05/29 14:39:27,0,5246,61909,0
2026/05/29 14:39:31,0,4022,61909,0
2026/05/29 14:39:36,0,3878,61909,0
2026/05/29 14:39:40,0,3771,61909,0
2026/05/29 14:39:45,0,3725,61909,0
2026/05/29 14:39:49,0,3718,61909,0
2026/05/29 14:39:54,0,3718,61909,0
2026/05/29 14:39:58,0,3707,61909,0
2026/05/29 14:40:03,0,3707,61909,0
2026/05/29 14:40:07,0,3707,61909,0
2026/05/29 14:40:12,0,3706,61909,0
2026/05/29 14:40:16,0,3706,61909,0
2026/05/29 14:40:21,0,3706,61909,0
2026/05/29 14:40:25,0,3706,61909,0
2026/05/29 14:40:30,0,3706,61909,0
2026/05/29 14:40:34,0,3706,61909,0
2026/05/29 14:40:39,0,3706,61909,0
2026/05/29 14:40:44,0,3706,61909,0
2026/05/29 14:40:48,0,3706,61909,0
2026/05/29 14:40:53,0,3700,61909,0
2026/05/29 14:40:57,0,3699,61909,0
2026/05/29 14:41:02,0,3699,61909,0
2026/05/29 14:41:06,0,3700,61909,0
2026/05/29 14:41:11,0,3700,61909,0
2026/05/29 14:41:15,0,3700,61909,0
2026/05/29 14:41:20,0,3700,61909,0
2026/05/29 14:41:24,0,3700,61909,0
2026/05/29 14:41:29,0,3700,61909,0
2026/05/29 14:41:33,0,3700,61909,0
2026/05/29 14:41:38,0,3701,61909,0
2026/05/29 14:41:42,0,3701,61909,0
2026/05/29 14:41:47,0,3700,61909,0
2026/05/29 14:41:51,0,3701,61909,0
2026/05/29 14:41:56,0,3701,61909,0
2026/05/29 14:42:00,0,3701,61909,0
2026/05/29 14:42:05,0,3702,61909,0
2026/05/29 14:42:09,0,3702,61909,0
2026/05/29 14:42:14,0,3701,61909,0
2026/05/29 14:42:18,0,3700,61909,0
2026/05/29 14:42:23,0,3700,61909,0
2026/05/29 14:42:27,0,3700,61909,0
2026/05/29 14:42:32,0,3700,61909,0
2026/05/29 14:42:36,0,3701,61909,0
2026/05/29 14:42:41,0,3701,61909,0
2026/05/29 14:42:46,0,3701,61909,0
2026/05/29 14:42:50,0,3701,61909,0
2026/05/29 14:42:55,0,3701,61909,0
2026/05/29 14:42:59,0,3702,61909,0
2026/05/29 14:43:04,0,3702,61909,0
2026/05/29 14:43:08,0,3703,61909,0
2026/05/29 14:43:13,0,3703,61909,0
2026/05/29 14:43:17,0,3703,61909,0
2026/05/29 14:43:22,0,3703,61909,0
2026/05/29 14:43:26,0,3703,61909,0
2026/05/29 14:43:31,0,3703,61909,0
2026/05/29 14:43:35,0,3704,61909,0
2026/05/29 14:43:40,0,3704,61909,0
2026/05/29 14:43:44,0,3704,61909,0
2026/05/29 14:43:49,0,3705,61909,0
2026/05/29 14:43:53,0,3705,61909,0
2026/05/29 14:43:58,0,3705,61909,0
2026/05/29 14:44:02,0,3704,61909,0
2026/05/29 14:44:07,0,3705,61909,0
2026/05/29 14:44:11,0,3704,61909,0
2026/05/29 14:44:16,0,3705,61909,0
2026/05/29 14:44:20,0,3704,61909,0
2026/05/29 14:44:25,0,3706,61909,0
2026/05/29 14:44:29,0,3705,61909,0
2026/05/29 14:44:34,0,3705,61909,0
2026/05/29 14:44:38,0,3706,61909,0
2026/05/29 14:44:43,0,3707,61909,0
2026/05/29 14:44:48,0,3706,61909,0
2026/05/29 14:44:52,0,3707,61909,0
2026/05/29 14:44:57,0,3707,61909,0
2026/05/29 14:45:01,0,3706,61909,0
2026/05/29 14:45:06,0,3707,61909,0
2026/05/29 14:45:10,0,3706,61909,0
2026/05/29 14:45:15,0,3706,61909,0
2026/05/29 14:45:19,0,3707,61909,0
2026/05/29 14:45:24,0,3707,61909,0
2026/05/29 14:45:28,0,3707,61909,0
2026/05/29 14:45:33,0,3706,61909,0
2026/05/29 14:45:37,0,3706,61909,0
2026/05/29 14:45:42,0,3706,61909,0
2026/05/29 14:45:46,0,3706,61909,0
2026/05/29 14:45:51,0,3706,61909,0
2026/05/29 14:45:55,0,3706,61909,0
2026/05/29 14:46:00,0,3706,61909,0
2026/05/29 14:46:04,0,3706,61909,0
2026/05/29 14:46:09,0,3706,61909,0
2026/05/29 14:46:13,0,3706,61909,0
2026/05/29 14:46:18,0,3706,61909,0
2026/05/29 14:46:22,0,3705,61909,0
2026/05/29 14:46:27,0,3705,61909,0
2026/05/29 14:46:31,0,3706,61909,0
2026/05/29 14:46:36,0,3705,61909,0
2026/05/29 14:46:40,0,3706,61909,0
2026/05/29 14:46:45,0,3706,61909,0
2026/05/29 14:46:50,0,3706,61909,0
2026/05/29 14:46:54,0,3707,61909,0
2026/05/29 14:46:59,0,3707,61909,0
2026/05/29 14:47:03,0,3707,61909,0
2026/05/29 14:47:08,0,3707,61909,0
2026/05/29 14:47:12,0,3707,61909,0
2026/05/29 14:47:17,0,3706,61909,0
2026/05/29 14:47:21,0,3706,61909,0
2026/05/29 14:47:26,0,3705,61909,0
2026/05/29 14:47:30,0,3704,61909,0
2026/05/29 14:47:35,0,3705,61909,0
2026/05/29 14:47:39,0,3704,61909,0
2026/05/29 14:47:44,0,3703,61909,0
2026/05/29 14:47:48,0,3703,61909,0
2026/05/29 14:47:53,0,3703,61909,0
2026/05/29 14:47:57,0,3703,61909,0
2026/05/29 14:48:02,0,3713,61909,0
2026/05/29 14:48:06,0,3719,61909,0
2026/05/29 14:48:11,0,3716,61909,0
2026/05/29 14:48:15,0,3732,61909,0
2026/05/29 14:48:20,0,3711,61909,0
2026/05/29 14:48:24,0,3724,61909,0
2026/05/29 14:48:29,0,3719,61909,0
2026/05/29 14:48:33,0,3715,61909,0
2026/05/29 14:48:38,0,3704,61909,0
2026/05/29 14:48:42,0,3704,61909,0
2026/05/29 14:48:47,0,3699,61909,0
2026/05/29 14:48:52,0,3702,61909,0
2026/05/29 14:48:56,0,3702,61909,0
2026/05/29 14:49:01,0,3703,61909,0
2026/05/29 14:49:05,0,3704,61909,0
2026/05/29 14:49:10,0,3704,61909,0
2026/05/29 14:49:14,0,3705,61909,0
2026/05/29 14:49:19,0,3692,61909,0
2026/05/29 14:49:23,0,3693,61909,0
2026/05/29 14:49:28,0,3692,61909,0
2026/05/29 14:49:32,0,3692,61909,0
2026/05/29 14:49:37,0,3693,61909,0
2026/05/29 14:49:41,0,3694,61909,0
2026/05/29 14:49:46,0,3705,61909,0
2026/05/29 14:49:50,0,3708,61909,0
2026/05/29 14:49:55,0,3688,61909,0
2026/05/29 14:49:59,0,3687,61909,0
2026/05/29 14:50:04,0,3688,61909,0
2026/05/29 14:50:08,0,3689,61909,0
2026/05/29 14:50:13,0,3690,61909,0
2026/05/29 14:50:17,0,3691,61909,0
2026/05/29 14:50:22,0,3694,61909,0
2026/05/29 14:50:26,0,3699,61909,0
2026/05/29 14:50:31,0,3697,61909,0
2026/05/29 14:50:35,0,3697,61909,0
2026/05/29 14:50:40,0,3698,61909,0
2026/05/29 14:50:44,0,3689,61909,0
2026/05/29 14:50:49,0,3703,61909,0
2026/05/29 14:50:54,0,3689,61909,0
2026/05/29 14:50:58,0,3694,61909,0
2026/05/29 14:51:03,0,3685,61909,0
2026/05/29 14:51:07,0,2724,61909,0
2026/05/29 14:51:12,0,2709,61909,0
2026/05/29 14:51:16,0,2681,61909,0
2026/05/29 14:51:21,0,2682,61909,0
2026/05/29 14:51:25,0,2685,61909,0
2026/05/29 14:51:30,0,3376,61909,0
2026/05/29 14:51:34,0,3367,61909,0
2026/05/29 14:51:39,0,3343,61909,0
2026/05/29 14:51:43,0,3285,61909,0
2026/05/29 14:51:48,0,3286,61909,0
2026/05/29 14:51:52,0,3287,61909,0
2026/05/29 14:51:57,0,3286,61909,0
2026/05/29 14:52:01,0,3286,61909,0
2026/05/29 14:52:06,0,3287,61909,0
2026/05/29 14:52:10,0,3287,61909,0
2026/05/29 14:52:15,0,3286,61909,0
2026/05/29 14:52:19,0,3287,61909,0
2026/05/29 14:52:24,0,3282,61909,0
2026/05/29 14:52:28,0,3280,61909,0
2026/05/29 14:52:33,0,3343,61909,0
2026/05/29 14:52:37,0,3319,61909,0
2026/05/29 14:52:42,0,3307,61909,0
2026/05/29 14:52:46,0,3303,61909,0
2026/05/29 14:52:51,0,3297,61909,0
2026/05/29 14:52:56,0,3297,61909,0
2026/05/29 14:53:00,0,3297,61909,0
2026/05/29 14:53:05,0,3297,61909,0
2026/05/29 14:53:09,0,3298,61909,0
2026/05/29 14:53:14,0,3297,61909,0
2026/05/29 14:53:18,0,3297,61909,0
2026/05/29 14:53:23,0,3298,61909,0
2026/05/29 14:53:27,0,3298,61909,0
2026/05/29 14:53:32,0,3298,61909,0
2026/05/29 14:53:36,0,3299,61909,0
2026/05/29 14:53:41,0,3299,61909,0
2026/05/29 14:53:45,0,3300,61909,0
2026/05/29 14:53:50,0,3300,61909,0
2026/05/29 14:53:54,0,3300,61909,0
2026/05/29 14:53:59,0,3299,61909,0
2026/05/29 14:54:03,0,3299,61909,0
2026/05/29 14:54:08,0,3299,61909,0
2026/05/29 14:54:12,0,3300,61909,0
2026/05/29 14:54:17,0,3300,61909,0
2026/05/29 14:54:21,0,3300,61909,0
2026/05/29 14:54:26,0,3300,61909,0
2026/05/29 14:54:30,0,3301,61909,0
2026/05/29 14:54:35,0,3301,61909,0
2026/05/29 14:54:39,0,3303,61909,0
2026/05/29 14:54:44,0,3313,61909,0
2026/05/29 14:54:49,0,3312,61909,0
2026/05/29 14:54:53,0,3406,61909,0
2026/05/29 14:54:58,0,3406,61909,0
2026/05/29 14:55:02,0,3397,61909,0
2026/05/29 14:55:07,0,3397,61909,0
2026/05/29 14:55:11,0,3397,61909,0
2026/05/29 14:55:16,0,3377,61909,0
2026/05/29 14:55:20,0,3378,61909,0
2026/05/29 14:55:25,0,3378,61909,0
2026/05/29 14:55:29,0,3405,61909,0
2026/05/29 14:55:34,0,3405,61909,0
2026/05/29 14:55:38,0,3372,61909,0
2026/05/29 14:55:43,0,3370,61909,0
2026/05/29 14:55:47,0,3369,61909,0
2026/05/29 14:55:52,0,3369,61909,0
2026/05/29 14:55:56,0,3369,61909,0
2026/05/29 14:56:01,0,3369,61909,0
2026/05/29 14:56:05,0,3370,61909,0
2026/05/29 14:56:10,0,3370,61909,0
2026/05/29 14:56:14,0,3370,61909,0
2026/05/29 14:56:19,0,3370,61909,0
2026/05/29 14:56:23,0,3371,61909,0
2026/05/29 14:56:28,0,3370,61909,0
2026/05/29 14:56:32,0,3370,61909,0
2026/05/29 14:56:37,0,3370,61909,0
2026/05/29 14:56:41,0,3370,61909,0
2026/05/29 14:56:46,0,3370,61909,0
2026/05/29 14:56:51,0,3370,61909,0
2026/05/29 14:56:55,0,3370,61909,0
2026/05/29 14:57:00,0,3371,61909,0
2026/05/29 14:57:04,0,3371,61909,0
2026/05/29 14:57:09,0,3371,61909,0
2026/05/29 14:57:13,0,3371,61909,0
2026/05/29 14:57:18,0,3372,61909,0
2026/05/29 14:57:22,0,3373,61909,0
2026/05/29 14:57:27,0,3373,61909,0
2026/05/29 14:57:31,0,3373,61909,0
2026/05/29 14:57:36,0,3373,61909,0
2026/05/29 14:57:40,0,3375,61909,0
2026/05/29 14:57:45,0,3376,61909,0
2026/05/29 14:57:49,0,3375,61909,0
2026/05/29 14:57:54,0,3374,61909,0
2026/05/29 14:57:58,0,3381,61909,0
2026/05/29 14:58:03,0,3391,61909,0
2026/05/29 14:58:07,0,3398,61909,0
2026/05/29 14:58:12,0,3398,61909,0
2026/05/29 14:58:16,0,3398,61909,0
2026/05/29 14:58:21,0,3398,61909,0
2026/05/29 14:58:25,0,3399,61909,0
2026/05/29 14:58:30,0,3399,61909,0
2026/05/29 14:58:34,0,3399,61909,0
2026/05/29 14:58:39,0,3399,61909,0
2026/05/29 14:58:43,0,3399,61909,0
2026/05/29 14:58:48,0,3399,61909,0
2026/05/29 14:58:53,0,3398,61909,0
2026/05/29 14:58:57,0,3398,61909,0
2026/05/29 14:59:02,0,3398,61909,0
2026/05/29 14:59:06,0,3399,61909,0
2026/05/29 14:59:11,0,3406,61909,0
2026/05/29 14:59:15,0,3410,61909,0
2026/05/29 14:59:20,0,3410,61909,0
2026/05/29 14:59:24,0,3368,61909,0
2026/05/29 14:59:29,0,3370,61909,0
2026/05/29 14:59:33,0,3373,61909,0
2026/05/29 14:59:38,0,3372,61909,0
2026/05/29 14:59:42,0,3376,61909,0
2026/05/29 14:59:47,0,3382,61909,0
2026/05/29 14:59:51,0,3387,61909,0
2026/05/29 14:59:56,0,3389,61909,0
2026/05/29 15:00:00,0,3398,61909,0
2026/05/29 15:00:05,0,3407,61909,0
2026/05/29 15:00:09,0,3409,61909,0
2026/05/29 15:00:14,0,3409,61909,0
2026/05/29 15:00:18,0,3397,61909,0
2026/05/29 15:00:23,0,3399,61909,0
2026/05/29 15:00:27,0,3485,61909,0
2026/05/29 15:00:32,0,3481,61909,0
2026/05/29 15:00:36,0,3424,61909,0
2026/05/29 15:00:41,0,3424,61909,0
2026/05/29 15:00:45,0,3425,61909,0
2026/05/29 15:00:50,0,3425,61909,0
2026/05/29 15:00:55,0,3425,61909,0
2026/05/29 15:00:59,0,3425,61909,0
2026/05/29 15:01:04,0,3425,61909,0
2026/05/29 15:01:08,0,3425,61909,0
2026/05/29 15:01:13,0,3425,61909,0
2026/05/29 15:01:17,0,3426,61909,0
2026/05/29 15:01:22,0,3426,61909,0
2026/05/29 15:01:26,0,3427,61909,0
2026/05/29 15:01:31,0,3427,61909,0
2026/05/29 15:01:35,0,3652,61909,0
2026/05/29 15:01:40,0,3668,61909,0
2026/05/29 15:01:44,0,3678,61909,0
2026/05/29 15:01:49,0,3530,61909,0
2026/05/29 15:01:53,0,3503,61909,0
2026/05/29 15:01:58,0,3504,61909,0
2026/05/29 15:02:02,0,3503,61909,0
2026/05/29 15:02:07,0,3503,61909,0
2026/05/29 15:02:11,0,3504,61909,0
2026/05/29 15:02:16,0,3504,61909,0
2026/05/29 15:02:20,0,3505,61909,0
2026/05/29 15:02:25,0,3505,61909,0
2026/05/29 15:02:29,0,3506,61909,0
2026/05/29 15:02:34,0,3490,61909,0
2026/05/29 15:02:38,0,3488,61909,0
2026/05/29 15:02:43,0,3489,61909,0
2026/05/29 15:02:47,0,3489,61909,0
2026/05/29 15:02:52,0,3490,61909,0
2026/05/29 15:02:57,0,3490,61909,0
2026/05/29 15:03:01,0,3490,61909,0
2026/05/29 15:03:06,0,3483,61909,0
2026/05/29 15:03:10,0,3487,61909,0
2026/05/29 15:03:15,0,3487,61909,0
2026/05/29 15:03:19,0,3487,61909,0
2026/05/29 15:03:24,0,3487,61909,0
2026/05/29 15:03:28,0,3487,61909,0
2026/05/29 15:03:33,0,3488,61909,0
2026/05/29 15:03:37,0,3488,61909,0
2026/05/29 15:03:42,0,3488,61909,0
2026/05/29 15:03:46,0,3488,61909,0
2026/05/29 15:03:51,0,3488,61909,0
2026/05/29 15:03:55,0,3489,61909,0
2026/05/29 15:04:00,0,3489,61909,0
2026/05/29 15:04:04,0,3490,61909,0
2026/05/29 15:04:09,0,3491,61909,0
2026/05/29 15:04:13,0,3492,61909,0
2026/05/29 15:04:18,0,3492,61909,0
2026/05/29 15:04:22,0,3494,61909,0
2026/05/29 15:04:27,0,3494,61909,0
2026/05/29 15:04:31,0,3494,61909,0
2026/05/29 15:04:36,0,3494,61909,0
2026/05/29 15:04:40,0,3495,61909,0
2026/05/29 15:04:45,0,3494,61909,0
2026/05/29 15:04:49,0,3495,61909,0
2026/05/29 15:04:54,0,3495,61909,0
2026/05/29 15:04:59,0,3495,61909,0
2026/05/29 15:05:03,0,3495,61909,0
2026/05/29 15:05:08,0,3495,61909,0
2026/05/29 15:05:12,0,3495,61909,0
2026/05/29 15:05:17,0,3494,61909,0
2026/05/29 15:05:21,0,3494,61909,0
2026/05/29 15:05:26,0,3493,61909,0
2026/05/29 15:05:30,0,3575,61909,0
2026/05/29 15:05:35,0,3651,61909,0
2026/05/29 15:05:39,0,3653,61909,0
2026/05/29 15:05:44,0,3655,61909,0
2026/05/29 15:05:48,0,3656,61909,0
2026/05/29 15:05:53,0,3656,61909,0
2026/05/29 15:05:57,0,3656,61909,0
2026/05/29 15:06:02,0,3657,61909,0
2026/05/29 15:06:06,0,3771,61909,0
2026/05/29 15:06:11,0,3864,61909,0
2026/05/29 15:06:15,0,3880,61909,0
2026/05/29 15:06:20,0,3874,61909,0
2026/05/29 15:06:24,0,3846,61909,0
2026/05/29 15:06:29,0,3842,61909,0
2026/05/29 15:06:33,0,3841,61909,0
2026/05/29 15:06:38,0,3873,61909,0
2026/05/29 15:06:42,0,3852,61909,0
2026/05/29 15:06:47,0,3893,61909,0
2026/05/29 15:06:51,0,3908,61909,0
2026/05/29 15:06:56,0,3916,61909,0
2026/05/29 15:07:01,0,3903,61909,0
2026/05/29 15:07:05,0,3905,61909,0
2026/05/29 15:07:10,0,3895,61909,0
2026/05/29 15:07:14,0,3923,61909,0
2026/05/29 15:07:19,0,3916,61909,0
2026/05/29 15:07:23,0,3905,61909,0
2026/05/29 15:07:28,0,3911,61909,0
2026/05/29 15:07:32,0,3915,61909,0
2026/05/29 15:07:37,0,3922,61909,0
2026/05/29 15:07:41,0,3893,61909,0
2026/05/29 15:07:46,0,3870,61909,0
2026/05/29 15:07:50,0,3862,61909,0
2026/05/29 15:07:55,0,3861,61909,0
2026/05/29 15:07:59,0,3862,61909,0
2026/05/29 15:08:04,0,3862,61909,0
2026/05/29 15:08:08,0,3862,61909,0
2026/05/29 15:08:13,0,3862,61909,0
2026/05/29 15:08:17,0,3862,61909,0
2026/05/29 15:08:22,0,3862,61909,0
2026/05/29 15:08:26,0,3862,61909,0
2026/05/29 15:08:31,0,3862,61909,0
2026/05/29 15:08:35,0,3862,61909,0
2026/05/29 15:08:40,0,3862,61909,0
2026/05/29 15:08:44,0,3862,61909,0
2026/05/29 15:08:49,0,3861,61909,0
2026/05/29 15:08:53,0,3862,61909,0
2026/05/29 15:08:58,0,3863,61909,0
2026/05/29 15:09:03,0,3864,61909,0
2026/05/29 15:09:07,0,3865,61909,0
2026/05/29 15:09:12,0,3865,61909,0
2026/05/29 15:09:16,0,3865,61909,0
2026/05/29 15:09:21,0,3866,61909,0
2026/05/29 15:09:25,0,3865,61909,0
2026/05/29 15:09:30,0,3866,61909,0
2026/05/29 15:09:34,0,3867,61909,0
2026/05/29 15:09:39,0,3867,61909,0
2026/05/29 15:09:43,0,3868,61909,0
2026/05/29 15:09:48,0,3868,61909,0
2026/05/29 15:09:52,0,3869,61909,0
2026/05/29 15:09:57,0,3870,61909,0
2026/05/29 15:10:01,0,3870,61909,0
2026/05/29 15:10:06,0,3871,61909,0
2026/05/29 15:10:10,0,3871,61909,0
2026/05/29 15:10:15,0,3871,61909,0
2026/05/29 15:10:19,0,3871,61909,0
2026/05/29 15:10:24,0,3872,61909,0
2026/05/29 15:10:28,0,3873,61909,0
2026/05/29 15:10:33,0,3873,61909,0
2026/05/29 15:10:37,0,3873,61909,0
2026/05/29 15:10:42,0,3874,61909,0
2026/05/29 15:10:46,0,3874,61909,0
2026/05/29 15:10:51,0,3874,61909,0
2026/05/29 15:10:55,0,3874,61909,0
2026/05/29 15:11:00,0,3875,61909,0
2026/05/29 15:11:05,0,3876,61909,0
2026/05/29 15:11:09,0,3875,61909,0
2026/05/29 15:11:14,0,3875,61909,0
2026/05/29 15:11:18,0,3875,61909,0
2026/05/29 15:11:23,0,3875,61909,0
2026/05/29 15:11:27,0,3876,61909,0
2026/05/29 15:11:32,0,3876,61909,0
2026/05/29 15:11:36,0,3877,61909,0
2026/05/29 15:11:41,0,3878,61909,0
2026/05/29 15:11:45,0,3878,61909,0
2026/05/29 15:11:50,0,3878,61909,0
2026/05/29 15:11:54,0,3877,61909,0
2026/05/29 15:11:59,0,3878,61909,0
2026/05/29 15:12:03,0,3878,61909,0
2026/05/29 15:12:08,0,3878,61909,0
2026/05/29 15:12:12,0,3878,61909,0
2026/05/29 15:12:17,0,3878,61909,0
2026/05/29 15:12:21,0,3878,61909,0
2026/05/29 15:12:26,0,3877,61909,0
2026/05/29 15:12:30,0,3877,61909,0
2026/05/29 15:12:35,0,3877,61909,0
2026/05/29 15:12:39,0,3878,61909,0
2026/05/29 15:12:44,0,3878,61909,0
2026/05/29 15:12:48,0,3878,61909,0
2026/05/29 15:12:53,0,3878,61909,0
2026/05/29 15:12:57,0,3878,61909,0
2026/05/29 15:13:02,0,3878,61909,0
2026/05/29 15:13:07,0,3878,61909,0
2026/05/29 15:13:11,0,3878,61909,0
2026/05/29 15:13:16,0,3879,61909,0
2026/05/29 15:13:20,0,3879,61909,0
2026/05/29 15:13:25,0,3880,61909,0
2026/05/29 15:13:29,0,3879,61909,0
2026/05/29 15:13:34,0,3880,61909,0
2026/05/29 15:13:38,0,3880,61909,0
2026/05/29 15:13:43,0,3880,61909,0
2026/05/29 15:13:47,0,3880,61909,0
2026/05/29 15:13:52,0,3881,61909,0
2026/05/29 15:13:56,0,3882,61909,0
2026/05/29 15:14:01,0,3882,61909,0
2026/05/29 15:14:05,0,3882,61909,0
2026/05/29 15:14:10,0,3883,61909,0
2026/05/29 15:14:14,0,3882,61909,0
2026/05/29 15:14:19,0,3883,61909,0
2026/05/29 15:14:23,0,3883,61909,0
2026/05/29 15:14:28,0,3883,61909,0
2026/05/29 15:14:32,0,3884,61909,0
2026/05/29 15:14:37,0,3883,61909,0
2026/05/29 15:14:41,0,3883,61909,0
2026/05/29 15:14:46,0,3884,61909,0
2026/05/29 15:14:50,0,3885,61909,0
2026/05/29 15:14:55,0,3885,61909,0
2026/05/29 15:14:59,0,3885,61909,0
2026/05/29 15:15:04,0,3885,61909,0
2026/05/29 15:15:09,0,3885,61909,0
2026/05/29 15:15:13,0,3885,61909,0
2026/05/29 15:15:18,0,3885,61909,0
2026/05/29 15:15:22,0,3885,61909,0
2026/05/29 15:15:27,0,3885,61909,0
2026/05/29 15:15:31,0,3885,61909,0
2026/05/29 15:15:36,0,3885,61909,0
2026/05/29 15:15:40,0,3885,61909,0
2026/05/29 15:15:45,0,3885,61909,0
2026/05/29 15:15:49,0,3885,61909,0
2026/05/29 15:15:54,0,3885,61909,0
2026/05/29 15:15:58,0,3885,61909,0
2026/05/29 15:16:03,0,3885,61909,0
2026/05/29 15:16:07,0,3885,61909,0
2026/05/29 15:16:12,0,3885,61909,0
2026/05/29 15:16:16,0,3885,61909,0
2026/05/29 15:16:21,0,3885,61909,0
2026/05/29 15:16:25,0,3885,61909,0
2026/05/29 15:16:30,0,3885,61909,0
2026/05/29 15:16:34,0,3885,61909,0
2026/05/29 15:16:39,0,3884,61909,0
2026/05/29 15:16:43,0,3884,61909,0
2026/05/29 15:16:48,0,3885,61909,0
2026/05/29 15:16:52,0,3885,61909,0
2026/05/29 15:16:57,0,3885,61909,0
2026/05/29 15:17:01,0,3886,61909,0
2026/05/29 15:17:06,0,3885,61909,0
2026/05/29 15:17:11,0,3886,61909,0
2026/05/29 15:17:15,0,3886,61909,0
2026/05/29 15:17:20,0,3886,61909,0
2026/05/29 15:17:24,0,3886,61909,0
2026/05/29 15:17:29,0,3887,61909,0
2026/05/29 15:17:33,0,3887,61909,0
2026/05/29 15:17:38,0,3889,61909,0
2026/05/29 15:17:42,0,3889,61909,0
2026/05/29 15:17:47,0,3889,61909,0
2026/05/29 15:17:51,0,3890,61909,0
2026/05/29 15:17:56,0,3886,61909,0
2026/05/29 15:18:00,0,3886,61909,0
2026/05/29 15:18:05,0,3886,61909,0
2026/05/29 15:18:09,0,3887,61909,0
2026/05/29 15:18:14,0,3887,61909,0
2026/05/29 15:18:18,0,3888,61909,0
2026/05/29 15:18:23,0,3888,61909,0
2026/05/29 15:18:27,0,3888,61909,0
2026/05/29 15:18:32,0,3888,61909,0
2026/05/29 15:18:36,0,3896,61909,0
2026/05/29 15:18:41,0,3897,61909,0
2026/05/29 15:18:45,0,3897,61909,0
2026/05/29 15:18:50,0,3898,61909,0
2026/05/29 15:18:54,0,3899,61909,0
2026/05/29 15:18:59,0,3900,61909,0
2026/05/29 15:19:04,0,3900,61909,0
2026/05/29 15:19:08,0,3900,61909,0
2026/05/29 15:19:13,0,3901,61909,0
2026/05/29 15:19:17,0,3901,61909,0
2026/05/29 15:19:22,0,3902,61909,0
2026/05/29 15:19:26,0,3901,61909,0
2026/05/29 15:19:31,0,3901,61909,0
2026/05/29 15:19:35,0,3902,61909,0
2026/05/29 15:19:40,0,3902,61909,0
2026/05/29 15:19:44,0,3902,61909,0
2026/05/29 15:19:49,0,3900,61909,0
2026/05/29 15:19:53,0,3901,61909,0
2026/05/29 15:19:58,0,3901,61909,0
2026/05/29 15:20:02,0,3903,61909,0
2026/05/29 15:20:07,0,3902,61909,0
2026/05/29 15:20:11,0,3875,61909,0
2026/05/29 15:20:16,0,3893,61909,0
2026/05/29 15:20:20,0,3893,61909,0
2026/05/29 15:20:25,0,3895,61909,0
2026/05/29 15:20:29,0,3896,61909,0
2026/05/29 15:20:34,0,3897,61909,0
2026/05/29 15:20:38,0,3883,61909,0
2026/05/29 15:20:43,0,3884,61909,0
2026/05/29 15:20:47,0,3885,61909,0
2026/05/29 15:20:52,0,3885,61909,0
2026/05/29 15:20:56,0,3886,61909,0
2026/05/29 15:21:01,0,3886,61909,0
2026/05/29 15:21:06,0,3887,61909,0
2026/05/29 15:21:10,0,3888,61909,0
2026/05/29 15:21:15,0,3888,61909,0
2026/05/29 15:21:19,0,3889,61909,0
2026/05/29 15:21:24,0,3890,61909,0
2026/05/29 15:21:28,0,3890,61909,0
2026/05/29 15:21:33,0,3890,61909,0
2026/05/29 15:21:37,0,3890,61909,0
2026/05/29 15:21:42,0,3891,61909,0
2026/05/29 15:21:46,0,3891,61909,0
2026/05/29 15:21:51,0,3892,61909,0
2026/05/29 15:21:55,0,3885,61909,0
2026/05/29 15:22:00,0,3886,61909,0
2026/05/29 15:22:04,0,3886,61909,0
2026/05/29 15:22:09,0,3942,61909,0
2026/05/29 15:22:13,0,3943,61909,0
2026/05/29 15:22:18,0,3944,61909,0
2026/05/29 15:22:22,0,3944,61909,0
2026/05/29 15:22:27,0,3945,61909,0
2026/05/29 15:22:31,0,3949,61909,0
2026/05/29 15:22:36,0,3951,61909,0
2026/05/29 15:22:40,0,3951,61909,0
2026/05/29 15:22:45,0,3951,61909,0
2026/05/29 15:22:49,0,3951,61909,0
2026/05/29 15:22:54,0,3942,61909,0
2026/05/29 15:22:58,0,3942,61909,0
2026/05/29 15:23:03,0,3943,61909,0
2026/05/29 15:23:08,0,3944,61909,0
2026/05/29 15:23:12,0,3945,61909,0
2026/05/29 15:23:17,0,3946,61909,0
2026/05/29 15:23:21,0,3947,61909,0
2026/05/29 15:23:26,0,3947,61909,0
2026/05/29 15:23:30,0,3948,61909,0
2026/05/29 15:23:35,0,3948,61909,0
2026/05/29 15:23:39,0,3949,61909,0
2026/05/29 15:23:44,0,3949,61909,0
2026/05/29 15:23:48,0,3950,61909,0
2026/05/29 15:23:53,0,3950,61909,0
2026/05/29 15:23:57,0,3951,61909,0
2026/05/29 15:24:02,0,3951,61909,0
2026/05/29 15:24:06,0,3952,61909,0
2026/05/29 15:24:11,0,3953,61909,0
2026/05/29 15:24:15,0,3954,61909,0
2026/05/29 15:24:20,0,3953,61909,0
2026/05/29 15:24:24,0,3954,61909,0
2026/05/29 15:24:29,0,3954,61909,0
2026/05/29 15:24:33,0,3954,61909,0
2026/05/29 15:24:38,0,3955,61909,0
2026/05/29 15:24:42,0,3955,61909,0
2026/05/29 15:24:47,0,3955,61909,0
2026/05/29 15:24:51,0,3956,61909,0
2026/05/29 15:24:56,0,3956,61909,0
2026/05/29 15:25:00,0,3956,61909,0
2026/05/29 15:25:05,0,3957,61909,0
2026/05/29 15:25:10,0,3957,61909,0
2026/05/29 15:25:14,0,3958,61909,0
2026/05/29 15:25:19,0,3957,61909,0
2026/05/29 15:25:23,0,3958,61909,0
2026/05/29 15:25:28,0,3957,61909,0
2026/05/29 15:25:32,0,3958,61909,0
2026/05/29 15:25:37,0,3961,61909,0
2026/05/29 15:25:41,0,3961,61909,0
2026/05/29 15:25:46,0,3961,61909,0
2026/05/29 15:25:50,0,3961,61909,0
2026/05/29 15:25:55,0,3960,61909,0
2026/05/29 15:25:59,0,3960,61909,0
2026/05/29 15:26:04,0,3961,61909,0
2026/05/29 15:26:08,0,3961,61909,0
2026/05/29 15:26:13,0,3961,61909,0
2026/05/29 15:26:17,0,3961,61909,0
2026/05/29 15:26:22,0,3961,61909,0
2026/05/29 15:26:26,0,3962,61909,0
2026/05/29 15:26:31,0,3962,61909,0
2026/05/29 15:26:35,0,3962,61909,0
2026/05/29 15:26:40,0,3962,61909,0
2026/05/29 15:26:44,0,3963,61909,0
2026/05/29 15:26:49,0,3963,61909,0
2026/05/29 15:26:53,0,3963,61909,0
2026/05/29 15:26:58,0,3964,61909,0
2026/05/29 15:27:02,0,3965,61909,0
2026/05/29 15:27:07,0,3965,61909,0
2026/05/29 15:27:12,0,3965,61909,0
2026/05/29 15:27:16,0,3965,61909,0
2026/05/29 15:27:21,0,3965,61909,0
2026/05/29 15:27:25,0,3965,61909,0
2026/05/29 15:27:30,0,3965,61909,0
2026/05/29 15:27:34,0,3966,61909,0
2026/05/29 15:27:39,0,3967,61909,0
2026/05/29 15:27:43,0,3966,61909,0
2026/05/29 15:27:48,0,3966,61909,0
2026/05/29 15:27:52,0,3967,61909,0
2026/05/29 15:27:57,0,3967,61909,0
2026/05/29 15:28:01,0,3966,61909,0
2026/05/29 15:28:06,0,3966,61909,0
2026/05/29 15:28:10,0,3966,61909,0
2026/05/29 15:28:15,0,3967,61909,0
2026/05/29 15:28:19,0,3967,61909,0
2026/05/29 15:28:24,0,3967,61909,0
2026/05/29 15:28:28,0,3967,61909,0
2026/05/29 15:28:33,0,3967,61909,0
2026/05/29 15:28:37,0,3950,61909,0
2026/05/29 15:28:42,0,3951,61909,0
2026/05/29 15:28:46,0,3953,61909,0
2026/05/29 15:28:51,0,3953,61909,0
2026/05/29 15:28:55,0,3954,61909,0
2026/05/29 15:29:00,0,3955,61909,0
2026/05/29 15:29:04,0,3955,61909,0
2026/05/29 15:29:09,0,3954,61909,0
2026/05/29 15:29:14,0,3955,61909,0
2026/05/29 15:29:18,0,3955,61909,0
2026/05/29 15:29:23,0,3956,61909,0
2026/05/29 15:29:27,0,3956,61909,0
2026/05/29 15:29:32,0,3956,61909,0
2026/05/29 15:29:36,0,3956,61909,0
2026/05/29 15:29:41,0,3956,61909,0
2026/05/29 15:29:45,0,3956,61909,0
2026/05/29 15:29:50,0,3956,61909,0
2026/05/29 15:29:54,0,3956,61909,0
2026/05/29 15:29:59,0,3956,61909,0
2026/05/29 15:30:03,0,3957,61909,0
2026/05/29 15:30:08,0,3958,61909,0
2026/05/29 15:30:12,0,3955,61909,0
2026/05/29 15:30:17,0,3954,61909,0
2026/05/29 15:30:21,0,3954,61909,0
2026/05/29 15:30:26,0,3955,61909,0
2026/05/29 15:30:30,0,3954,61909,0
2026/05/29 15:30:35,0,3950,61909,0
2026/05/29 15:30:39,0,3950,61909,0
2026/05/29 15:30:44,0,3951,61909,0
2026/05/29 15:30:48,0,3951,61909,0
2026/05/29 15:30:53,0,3942,61909,0
2026/05/29 15:30:57,0,3944,61909,0
2026/05/29 15:31:02,0,3945,61909,0
2026/05/29 15:31:07,0,3945,61909,0
2026/05/29 15:31:11,0,3945,61909,0
2026/05/29 15:31:16,0,3945,61909,0
2026/05/29 15:31:20,0,3945,61909,0
2026/05/29 15:31:25,0,3945,61909,0
2026/05/29 15:31:29,0,3945,61909,0
2026/05/29 15:31:34,0,3946,61909,0
2026/05/29 15:31:38,0,3946,61909,0
2026/05/29 15:31:43,0,3947,61909,0
2026/05/29 15:31:47,0,3947,61909,0
2026/05/29 15:31:52,0,3947,61909,0
2026/05/29 15:31:56,0,3948,61909,0
2026/05/29 15:32:01,0,3948,61909,0
2026/05/29 15:32:05,0,3948,61909,0
2026/05/29 15:32:10,0,3948,61909,0
2026/05/29 15:32:14,0,3949,61909,0
2026/05/29 15:32:19,0,3948,61909,0
2026/05/29 15:32:23,0,3949,61909,0
2026/05/29 15:32:28,0,3949,61909,0
2026/05/29 15:32:32,0,3949,61909,0
2026/05/29 15:32:37,0,3949,61909,0
2026/05/29 15:32:41,0,3949,61909,0
2026/05/29 15:32:46,0,3949,61909,0
2026/05/29 15:32:50,0,3949,61909,0
2026/05/29 15:32:55,0,3950,61909,0
2026/05/29 15:32:59,0,3950,61909,0
2026/05/29 15:33:04,0,3950,61909,0
2026/05/29 15:33:09,0,3952,61909,0
2026/05/29 15:33:13,0,3952,61909,0
2026/05/29 15:33:18,0,3954,61909,0
2026/05/29 15:33:22,0,3954,61909,0
2026/05/29 15:33:27,0,3953,61909,0
2026/05/29 15:33:31,0,3953,61909,0
2026/05/29 15:33:36,0,3954,61909,0
2026/05/29 15:33:40,0,3955,61909,0
2026/05/29 15:33:45,0,3956,61909,0
2026/05/29 15:33:49,0,3956,61909,0
2026/05/29 15:33:54,0,3957,61909,0
2026/05/29 15:33:58,0,3957,61909,0
2026/05/29 15:34:03,0,3956,61909,0
2026/05/29 15:34:07,0,3957,61909,0
2026/05/29 15:34:12,0,3957,61909,0
2026/05/29 15:34:16,0,3957,61909,0
2026/05/29 15:34:21,0,3956,61909,0
2026/05/29 15:34:25,0,3956,61909,0
2026/05/29 15:34:30,0,3957,61909,0
2026/05/29 15:34:34,0,3958,61909,0
2026/05/29 15:34:39,0,3958,61909,0
2026/05/29 15:34:43,0,3958,61909,0
2026/05/29 15:34:48,0,3958,61909,0
2026/05/29 15:34:52,0,3959,61909,0
2026/05/29 15:34:57,0,3961,61909,0
2026/05/29 15:35:02,0,3962,61909,0
2026/05/29 15:35:06,0,3962,61909,0
2026/05/29 15:35:11,0,3962,61909,0
2026/05/29 15:35:15,0,3963,61909,0
2026/05/29 15:35:20,0,3963,61909,0
2026/05/29 15:35:24,0,3964,61909,0
2026/05/29 15:35:29,0,3963,61909,0
2026/05/29 15:35:33,0,3963,61909,0
2026/05/29 15:35:38,0,3963,61909,0
2026/05/29 15:35:42,0,3963,61909,0
2026/05/29 15:35:47,0,3963,61909,0
2026/05/29 15:35:51,0,3962,61909,0
2026/05/29 15:35:56,0,3963,61909,0
2026/05/29 15:36:00,0,3964,61909,0
2026/05/29 15:36:05,0,3963,61909,0
2026/05/29 15:36:09,0,3964,61909,0
2026/05/29 15:36:14,0,3994,61909,0
2026/05/29 15:36:18,0,3975,61909,0
2026/05/29 15:36:23,0,3968,61909,0
2026/05/29 15:36:27,0,3968,61909,0
2026/05/29 15:36:32,0,3982,61909,0
2026/05/29 15:36:36,0,3980,61909,0
2026/05/29 15:36:41,0,3985,61909,0
2026/05/29 15:36:45,0,3988,61909,0
2026/05/29 15:36:50,0,3987,61909,0
2026/05/29 15:36:54,0,3989,61909,0
2026/05/29 15:36:59,0,3990,61909,0
2026/05/29 15:37:04,0,3967,61909,0
2026/05/29 15:37:08,0,3968,61909,0
2026/05/29 15:37:13,0,3970,61909,0
2026/05/29 15:37:17,0,3965,61909,0
2026/05/29 15:37:22,0,3965,61909,0
2026/05/29 15:37:26,0,3965,61909,0
2026/05/29 15:37:31,0,3965,61909,0
2026/05/29 15:37:35,0,3966,61909,0
2026/05/29 15:37:40,0,3966,61909,0
2026/05/29 15:37:44,0,3967,61909,0
2026/05/29 15:37:49,0,3969,61909,0
2026/05/29 15:37:53,0,3970,61909,0
2026/05/29 15:37:58,0,3965,61909,0
2026/05/29 15:38:02,0,3965,61909,0
2026/05/29 15:38:07,0,3964,61909,0
2026/05/29 15:38:11,0,3964,61909,0
2026/05/29 15:38:16,0,3964,61909,0
2026/05/29 15:38:20,0,3965,61909,0
2026/05/29 15:38:25,0,3965,61909,0
2026/05/29 15:38:29,0,3966,61909,0
2026/05/29 15:38:34,0,3966,61909,0
2026/05/29 15:38:38,0,3965,61909,0
2026/05/29 15:38:43,0,3965,61909,0
2026/05/29 15:38:47,0,3965,61909,0
2026/05/29 15:38:52,0,3965,61909,0
2026/05/29 15:38:56,0,3965,61909,0
2026/05/29 15:39:01,0,3965,61909,0
2026/05/29 15:39:06,0,3965,61909,0
2026/05/29 15:39:10,0,3965,61909,0
2026/05/29 15:39:15,0,3966,61909,0
2026/05/29 15:39:19,0,3966,61909,0
2026/05/29 15:39:24,0,3966,61909,0
2026/05/29 15:39:28,0,3967,61909,0
2026/05/29 15:39:33,0,3967,61909,0
2026/05/29 15:39:37,0,3967,61909,0
2026/05/29 15:39:42,0,3968,61909,0
2026/05/29 15:39:46,0,3998,61909,0
2026/05/29 15:39:51,0,3990,61909,0
2026/05/29 15:39:55,0,3981,61909,0
2026/05/29 15:40:00,0,3977,61909,0
2026/05/29 15:40:04,0,3977,61909,0
2026/05/29 15:40:09,0,3978,61909,0
2026/05/29 15:40:13,0,3977,61909,0
2026/05/29 15:40:18,0,3977,61909,0
2026/05/29 15:40:22,0,3960,61909,0
2026/05/29 15:40:27,0,3960,61909,0
2026/05/29 15:40:31,0,3962,61909,0
2026/05/29 15:40:36,0,3949,61909,0
2026/05/29 15:40:40,0,3950,61909,0
2026/05/29 15:40:45,0,3942,61909,0
2026/05/29 15:40:49,0,3949,61909,0
2026/05/29 15:40:54,0,3949,61909,0
2026/05/29 15:40:59,0,3952,61909,0
2026/05/29 15:41:03,0,3960,61909,0
2026/05/29 15:41:08,0,3960,61909,0
2026/05/29 15:41:12,0,3960,61909,0
2026/05/29 15:41:17,0,3960,61909,0
2026/05/29 15:41:21,0,3960,61909,0
2026/05/29 15:41:26,0,3960,61909,0
2026/05/29 15:41:30,0,3957,61909,0
2026/05/29 15:41:35,0,3954,61909,0
2026/05/29 15:41:39,0,3955,61909,0
2026/05/29 15:41:44,0,3942,61909,0
2026/05/29 15:41:48,0,3938,61909,0
2026/05/29 15:41:53,0,3928,61909,0
2026/05/29 15:41:57,0,3932,61909,0
2026/05/29 15:42:02,0,3925,61909,0
2026/05/29 15:42:06,0,3891,61909,0
2026/05/29 15:42:11,0,3932,61909,0
2026/05/29 15:42:15,0,3924,61909,0
2026/05/29 15:42:20,0,3928,61909,0
2026/05/29 15:42:24,0,3936,61909,0
2026/05/29 15:42:29,0,3935,61909,0
2026/05/29 15:42:33,0,3937,61909,0
2026/05/29 15:42:38,0,3939,61909,0
2026/05/29 15:42:42,0,3939,61909,0
2026/05/29 15:42:47,0,3927,61909,0
2026/05/29 15:42:51,0,3930,61909,0
2026/05/29 15:42:56,0,3930,61909,0
2026/05/29 15:43:01,0,3931,61909,0
2026/05/29 15:43:05,0,3921,61909,0
2026/05/29 15:43:10,0,3923,61909,0
2026/05/29 15:43:14,0,3924,61909,0
2026/05/29 15:43:19,0,3925,61909,0
2026/05/29 15:43:23,0,3926,61909,0
2026/05/29 15:43:28,0,3927,61909,0
2026/05/29 15:43:32,0,3928,61909,0
2026/05/29 15:43:37,0,3927,61909,0
2026/05/29 15:43:41,0,3935,61909,0
2026/05/29 15:43:46,0,3933,61909,0
2026/05/29 15:43:50,0,3923,61909,0
2026/05/29 15:43:55,0,3927,61909,0
2026/05/29 15:43:59,0,3927,61909,0
2026/05/29 15:44:04,0,3926,61909,0
2026/05/29 15:44:08,0,3935,61909,0
2026/05/29 15:44:13,0,3940,61909,0
2026/05/29 15:44:17,0,3942,61909,0
2026/05/29 15:44:22,0,3943,61909,0
2026/05/29 15:44:26,0,3943,61909,0
2026/05/29 15:44:31,0,3947,61909,0
2026/05/29 15:44:35,0,3952,61909,0
2026/05/29 15:44:40,0,3956,61909,0
2026/05/29 15:44:44,0,3957,61909,0
2026/05/29 15:44:49,0,3957,61909,0
2026/05/29 15:44:54,0,3958,61909,0
2026/05/29 15:44:58,0,3958,61909,0
2026/05/29 15:45:03,0,3958,61909,0
2026/05/29 15:45:07,0,3959,61909,0
2026/05/29 15:45:12,0,3959,61909,0
2026/05/29 15:45:16,0,3960,61909,0
2026/05/29 15:45:21,0,3961,61909,0
2026/05/29 15:45:25,0,3961,61909,0
2026/05/29 15:45:30,0,3961,61909,0
2026/05/29 15:45:34,0,3962,61909,0
2026/05/29 15:45:39,0,3961,61909,0
2026/05/29 15:45:43,0,3962,61909,0
2026/05/29 15:45:48,0,3962,61909,0
2026/05/29 15:45:52,0,3963,61909,0
2026/05/29 15:45:57,0,3964,61909,0
2026/05/29 15:46:01,0,3964,61909,0
2026/05/29 15:46:06,0,3964,61909,0
2026/05/29 15:46:10,0,3964,61909,0
2026/05/29 15:46:15,0,3964,61909,0
2026/05/29 15:46:19,0,3965,61909,0
2026/05/29 15:46:24,0,3943,61909,0
2026/05/29 15:46:28,0,3943,61909,0
2026/05/29 15:46:33,0,3943,61909,0
2026/05/29 15:46:37,0,3942,61909,0
2026/05/29 15:46:42,0,3942,61909,0
2026/05/29 15:46:46,0,3942,61909,0
2026/05/29 15:46:51,0,3943,61909,0
2026/05/29 15:46:56,0,3943,61909,0
2026/05/29 15:47:00,0,3945,61909,0
2026/05/29 15:47:05,0,3946,61909,0
2026/05/29 15:47:09,0,3946,61909,0
2026/05/29 15:47:14,0,3947,61909,0
2026/05/29 15:47:18,0,3948,61909,0
2026/05/29 15:47:23,0,3947,61909,0
2026/05/29 15:47:27,0,3948,61909,0
2026/05/29 15:47:32,0,3947,61909,0
2026/05/29 15:47:36,0,3948,61909,0
2026/05/29 15:47:41,0,3949,61909,0
2026/05/29 15:47:45,0,3949,61909,0
2026/05/29 15:47:50,0,3949,61909,0
2026/05/29 15:47:54,0,3950,61909,0
2026/05/29 15:47:59,0,3950,61909,0
2026/05/29 15:48:03,0,3951,61909,0
2026/05/29 15:48:08,0,3951,61909,0
2026/05/29 15:48:12,0,3952,61909,0
2026/05/29 15:48:17,0,3952,61909,0
2026/05/29 15:48:21,0,3953,61909,0
2026/05/29 15:48:26,0,3954,61909,0
2026/05/29 15:48:30,0,3954,61909,0
2026/05/29 15:48:35,0,3955,61909,0
2026/05/29 15:48:39,0,3955,61909,0
2026/05/29 15:48:44,0,3956,61909,0
2026/05/29 15:48:48,0,3957,61909,0
2026/05/29 15:48:53,0,3957,61909,0
2026/05/29 15:48:58,0,3957,61909,0
2026/05/29 15:49:02,0,3958,61909,0
2026/05/29 15:49:07,0,3942,61909,0
2026/05/29 15:49:11,0,3942,61909,0
2026/05/29 15:49:16,0,3942,61909,0
2026/05/29 15:49:20,0,3942,61909,0
2026/05/29 15:49:25,0,3942,61909,0
2026/05/29 15:49:29,0,3942,61909,0
2026/05/29 15:49:34,0,3942,61909,0
2026/05/29 15:49:38,0,3943,61909,0
2026/05/29 15:49:43,0,3943,61909,0
2026/05/29 15:49:47,0,3944,61909,0
2026/05/29 15:49:52,0,3944,61909,0
2026/05/29 15:49:56,0,3944,61909,0
2026/05/29 15:50:01,0,3945,61909,0
2026/05/29 15:50:05,0,3946,61909,0
2026/05/29 15:50:10,0,3946,61909,0
2026/05/29 15:50:14,0,3947,61909,0
2026/05/29 15:50:19,0,3947,61909,0
2026/05/29 15:50:23,0,3947,61909,0
2026/05/29 15:50:28,0,3948,61909,0
2026/05/29 15:50:32,0,3948,61909,0
2026/05/29 15:50:37,0,3949,61909,0
2026/05/29 15:50:41,0,3950,61909,0
2026/05/29 15:50:46,0,3951,61909,0
2026/05/29 15:50:50,0,3951,61909,0
2026/05/29 15:50:55,0,3950,61909,0
2026/05/29 15:51:00,0,3951,61909,0
2026/05/29 15:51:04,0,3951,61909,0
2026/05/29 15:51:09,0,3952,61909,0
2026/05/29 15:51:13,0,3952,61909,0
2026/05/29 15:51:18,0,3953,61909,0
2026/05/29 15:51:22,0,3953,61909,0
2026/05/29 15:51:27,0,3953,61909,0
2026/05/29 15:51:31,0,3953,61909,0
2026/05/29 15:51:36,0,3953,61909,0
2026/05/29 15:51:40,0,3953,61909,0
2026/05/29 15:51:45,0,3954,61909,0
2026/05/29 15:51:49,0,3955,61909,0
2026/05/29 15:51:54,0,3955,61909,0
2026/05/29 15:51:58,0,3955,61909,0
2026/05/29 15:52:03,0,3954,61909,0
2026/05/29 15:52:07,0,3955,61909,0
2026/05/29 15:52:12,0,3955,61909,0
2026/05/29 15:52:16,0,3956,61909,0
2026/05/29 15:52:21,0,3956,61909,0
2026/05/29 15:52:25,0,3956,61909,0
2026/05/29 15:52:30,0,3956,61909,0
2026/05/29 15:52:34,0,3956,61909,0
2026/05/29 15:52:39,0,3956,61909,0
2026/05/29 15:52:43,0,3956,61909,0
2026/05/29 15:52:48,0,3956,61909,0
2026/05/29 15:52:52,0,3956,61909,0
2026/05/29 15:52:57,0,3957,61909,0
2026/05/29 15:53:02,0,3957,61909,0
2026/05/29 15:53:06,0,3957,61909,0
2026/05/29 15:53:11,0,3956,61909,0
2026/05/29 15:53:15,0,3956,61909,0
2026/05/29 15:53:20,0,3957,61909,0
2026/05/29 15:53:24,0,3957,61909,0
2026/05/29 15:53:29,0,3958,61909,0
2026/05/29 15:53:33,0,3958,61909,0
2026/05/29 15:53:38,0,3958,61909,0
2026/05/29 15:53:42,0,3958,61909,0
2026/05/29 15:53:47,0,3958,61909,0
2026/05/29 15:53:51,0,3958,61909,0
2026/05/29 15:53:56,0,3958,61909,0
2026/05/29 15:54:00,0,3958,61909,0
2026/05/29 15:54:05,0,3958,61909,0
2026/05/29 15:54:09,0,3958,61909,0
2026/05/29 15:54:14,0,3957,61909,0
2026/05/29 15:54:18,0,3958,61909,0
2026/05/29 15:54:23,0,3958,61909,0
2026/05/29 15:54:27,0,3958,61909,0
2026/05/29 15:54:32,0,3958,61909,0
2026/05/29 15:54:36,0,3959,61909,0
2026/05/29 15:54:41,0,3959,61909,0
2026/05/29 15:54:45,0,3959,61909,0
2026/05/29 15:54:50,0,3958,61909,0
2026/05/29 15:54:54,0,3958,61909,0
2026/05/29 15:54:59,0,3959,61909,0
2026/05/29 15:55:04,0,3959,61909,0
2026/05/29 15:55:08,0,3959,61909,0
2026/05/29 15:55:13,0,3959,61909,0
2026/05/29 15:55:17,0,3958,61909,0
2026/05/29 15:55:22,0,3957,61909,0
2026/05/29 15:55:26,0,3957,61909,0
2026/05/29 15:55:31,0,3957,61909,0
2026/05/29 15:55:35,0,3958,61909,0
2026/05/29 15:55:40,0,3958,61909,0
2026/05/29 15:55:44,0,3957,61909,0
2026/05/29 15:55:49,0,3957,61909,0
2026/05/29 15:55:53,0,3958,61909,0
2026/05/29 15:55:58,0,3957,61909,0
2026/05/29 15:56:02,0,3957,61909,0
2026/05/29 15:56:07,0,3956,61909,0
2026/05/29 15:56:11,0,3957,61909,0
2026/05/29 15:56:16,0,3957,61909,0
2026/05/29 15:56:20,0,3958,61909,0
2026/05/29 15:56:25,0,3958,61909,0
2026/05/29 15:56:29,0,3958,61909,0
2026/05/29 15:56:34,0,3953,61909,0
2026/05/29 15:56:38,0,3954,61909,0
2026/05/29 15:56:43,0,3954,61909,0
2026/05/29 15:56:47,0,3955,61909,0
2026/05/29 15:56:52,0,3955,61909,0
2026/05/29 15:56:56,0,3955,61909,0
2026/05/29 15:57:01,0,3956,61909,0
2026/05/29 15:57:06,0,3956,61909,0
2026/05/29 15:57:10,0,3956,61909,0
2026/05/29 15:57:15,0,3956,61909,0
2026/05/29 15:57:19,0,3957,61909,0
2026/05/29 15:57:24,0,3957,61909,0
2026/05/29 15:57:28,0,3957,61909,0
2026/05/29 15:57:33,0,3957,61909,0
2026/05/29 15:57:37,0,3957,61909,0
2026/05/29 15:57:42,0,3957,61909,0
2026/05/29 15:57:46,0,3958,61909,0
2026/05/29 15:57:51,0,3958,61909,0
2026/05/29 15:57:55,0,3959,61909,0
2026/05/29 15:58:00,0,3959,61909,0
2026/05/29 15:58:04,0,3959,61909,0
2026/05/29 15:58:09,0,3959,61909,0
2026/05/29 15:58:13,0,3958,61909,0
2026/05/29 15:58:18,0,3958,61909,0
2026/05/29 15:58:22,0,3958,61909,0
2026/05/29 15:58:27,0,3959,61909,0
2026/05/29 15:58:31,0,3960,61909,0
2026/05/29 15:58:36,0,3959,61909,0
2026/05/29 15:58:40,0,3959,61909,0
2026/05/29 15:58:45,0,3959,61909,0
2026/05/29 15:58:49,0,3958,61909,0
2026/05/29 15:58:54,0,3958,61909,0
2026/05/29 15:58:59,0,3958,61909,0
2026/05/29 15:59:03,0,3958,61909,0
2026/05/29 15:59:08,0,3958,61909,0
2026/05/29 15:59:12,0,3957,61909,0
2026/05/29 15:59:17,0,3957,61909,0
2026/05/29 15:59:21,0,3957,61909,0
2026/05/29 15:59:26,0,3957,61909,0
2026/05/29 15:59:30,0,3958,61909,0
2026/05/29 15:59:35,0,3958,61909,0
2026/05/29 15:59:39,0,3959,61909,0
2026/05/29 15:59:44,0,3958,61909,0
2026/05/29 15:59:48,0,3958,61909,0
2026/05/29 15:59:53,0,3959,61909,0
2026/05/29 15:59:57,0,3959,61909,0
2026/05/29 16:00:02,0,3956,61909,0
2026/05/29 16:00:06,0,3956,61909,0
2026/05/29 16:00:11,0,3956,61909,0
2026/05/29 16:00:15,0,3957,61909,0
2026/05/29 16:00:20,0,3958,61909,0
2026/05/29 16:00:24,0,3957,61909,0
2026/05/29 16:00:29,0,3958,61909,0
2026/05/29 16:00:33,0,3958,61909,0
2026/05/29 16:00:38,0,3958,61909,0
2026/05/29 16:00:42,0,3958,61909,0
2026/05/29 16:00:47,0,3959,61909,0
2026/05/29 16:00:51,0,3959,61909,0
2026/05/29 16:00:56,0,3960,61909,0
2026/05/29 16:01:01,0,3960,61909,0
2026/05/29 16:01:05,0,3960,61909,0
2026/05/29 16:01:10,0,3960,61909,0
2026/05/29 16:01:14,0,3961,61909,0
2026/05/29 16:01:19,0,3961,61909,0
2026/05/29 16:01:23,0,3960,61909,0
2026/05/29 16:01:28,0,3960,61909,0
2026/05/29 16:01:32,0,3959,61909,0
2026/05/29 16:01:37,0,3960,61909,0
2026/05/29 16:01:41,0,3960,61909,0
2026/05/29 16:01:46,0,3960,61909,0
2026/05/29 16:01:50,0,3961,61909,0
2026/05/29 16:01:55,0,3961,61909,0
2026/05/29 16:01:59,0,3961,61909,0
2026/05/29 16:02:04,0,3961,61909,0
2026/05/29 16:02:08,0,3961,61909,0
2026/05/29 16:02:13,0,3960,61909,0
2026/05/29 16:02:17,0,3961,61909,0
2026/05/29 16:02:22,0,3961,61909,0
2026/05/29 16:02:26,0,3960,61909,0
2026/05/29 16:02:31,0,3961,61909,0
2026/05/29 16:02:35,0,3961,61909,0
2026/05/29 16:02:40,0,3961,61909,0
2026/05/29 16:02:44,0,3961,61909,0
2026/05/29 16:02:49,0,3962,61909,0
2026/05/29 16:02:53,0,3962,61909,0
2026/05/29 16:02:58,0,3962,61909,0
2026/05/29 16:03:03,0,3961,61909,0
2026/05/29 16:03:07,0,3961,61909,0
2026/05/29 16:03:12,0,3962,61909,0
2026/05/29 16:03:16,0,3962,61909,0
2026/05/29 16:03:21,0,3963,61909,0
2026/05/29 16:03:25,0,3963,61909,0
2026/05/29 16:03:30,0,3963,61909,0
2026/05/29 16:03:34,0,3963,61909,0
2026/05/29 16:03:39,0,3962,61909,0
2026/05/29 16:03:43,0,3963,61909,0
2026/05/29 16:03:48,0,3963,61909,0
2026/05/29 16:03:52,0,3963,61909,0
2026/05/29 16:03:57,0,3964,61909,0
2026/05/29 16:04:01,0,3963,61909,0
2026/05/29 16:04:06,0,3963,61909,0
2026/05/29 16:04:10,0,3963,61909,0
2026/05/29 16:04:15,0,3964,61909,0
2026/05/29 16:04:19,0,3964,61909,0
2026/05/29 16:04:24,0,3963,61909,0
2026/05/29 16:04:28,0,3962,61909,0
2026/05/29 16:04:33,0,3962,61909,0
2026/05/29 16:04:37,0,3963,61909,0
2026/05/29 16:04:42,0,3963,61909,0
2026/05/29 16:04:46,0,3964,61909,0
2026/05/29 16:04:51,0,3964,61909,0
2026/05/29 16:04:55,0,3963,61909,0
2026/05/29 16:05:00,0,3964,61909,0
2026/05/29 16:05:05,0,3964,61909,0
2026/05/29 16:05:09,0,3964,61909,0
2026/05/29 16:05:14,0,3964,61909,0
2026/05/29 16:05:18,0,3964,61909,0
2026/05/29 16:05:23,0,3964,61909,0
2026/05/29 16:05:27,0,3964,61909,0
2026/05/29 16:05:32,0,3964,61909,0
2026/05/29 16:05:36,0,3965,61909,0
2026/05/29 16:05:41,0,3965,61909,0
2026/05/29 16:05:45,0,3965,61909,0
2026/05/29 16:05:50,0,3964,61909,0
2026/05/29 16:05:54,0,3965,61909,0
2026/05/29 16:05:59,0,3965,61909,0
2026/05/29 16:06:03,0,3965,61909,0
2026/05/29 16:06:08,0,3965,61909,0
2026/05/29 16:06:12,0,3965,61909,0
2026/05/29 16:06:17,0,3966,61909,0
2026/05/29 16:06:21,0,3966,61909,0
2026/05/29 16:06:26,0,3966,61909,0
2026/05/29 16:06:30,0,3966,61909,0
2026/05/29 16:06:35,0,3965,61909,0
2026/05/29 16:06:39,0,3965,61909,0
2026/05/29 16:06:44,0,3965,61909,0
2026/05/29 16:06:48,0,3965,61909,0
2026/05/29 16:06:53,0,3965,61909,0
2026/05/29 16:06:57,0,3966,61909,0
2026/05/29 16:07:02,0,3966,61909,0
2026/05/29 16:07:07,0,3965,61909,0
2026/05/29 16:07:11,0,3964,61909,0
2026/05/29 16:07:16,0,3964,61909,0
2026/05/29 16:07:20,0,3964,61909,0
2026/05/29 16:07:25,0,3964,61909,0
2026/05/29 16:07:29,0,3964,61909,0
2026/05/29 16:07:34,0,3964,61909,0
2026/05/29 16:07:38,0,3965,61909,0
2026/05/29 16:07:43,0,3965,61909,0
2026/05/29 16:07:47,0,3965,61909,0
2026/05/29 16:07:52,0,3965,61909,0
2026/05/29 16:07:56,0,3965,61909,0
2026/05/29 16:08:01,0,3965,61909,0
2026/05/29 16:08:05,0,3964,61909,0
2026/05/29 16:08:10,0,3963,61909,0
2026/05/29 16:08:14,0,3963,61909,0
2026/05/29 16:08:19,0,3963,61909,0
2026/05/29 16:08:23,0,3963,61909,0
2026/05/29 16:08:28,0,3963,61909,0
2026/05/29 16:08:32,0,3962,61909,0
2026/05/29 16:08:37,0,3963,61909,0
2026/05/29 16:08:41,0,3963,61909,0
2026/05/29 16:08:46,0,3963,61909,0
2026/05/29 16:08:50,0,3963,61909,0
2026/05/29 16:08:55,0,3963,61909,0
2026/05/29 16:08:59,0,3964,61909,0
2026/05/29 16:09:04,0,3964,61909,0
2026/05/29 16:09:09,0,3964,61909,0
2026/05/29 16:09:13,0,3964,61909,0
2026/05/29 16:09:18,0,3964,61909,0
2026/05/29 16:09:22,0,3965,61909,0
2026/05/29 16:09:27,0,3964,61909,0
2026/05/29 16:09:31,0,3965,61909,0
2026/05/29 16:09:36,0,3965,61909,0
2026/05/29 16:09:40,0,3965,61909,0
2026/05/29 16:09:45,0,3965,61909,0
2026/05/29 16:09:49,0,3964,61909,0
2026/05/29 16:09:54,0,3965,61909,0
2026/05/29 16:09:58,0,3965,61909,0
2026/05/29 16:10:03,0,3964,61909,0
2026/05/29 16:10:07,0,3965,61909,0
2026/05/29 16:10:12,0,3964,61909,0
2026/05/29 16:10:16,0,3964,61909,0
2026/05/29 16:10:21,0,3964,61909,0
2026/05/29 16:10:25,0,3964,61909,0
2026/05/29 16:10:30,0,3964,61909,0
2026/05/29 16:10:34,0,3963,61909,0
2026/05/29 16:10:39,0,3963,61909,0
2026/05/29 16:10:43,0,3964,61909,0
2026/05/29 16:10:48,0,3964,61909,0
2026/05/29 16:10:52,0,3964,61909,0
2026/05/29 16:10:57,0,3964,61909,0
2026/05/29 16:11:01,0,3960,61909,0
2026/05/29 16:11:06,0,3961,61909,0
2026/05/29 16:11:11,0,3961,61909,0
2026/05/29 16:11:15,0,3962,61909,0
2026/05/29 16:11:20,0,3962,61909,0
2026/05/29 16:11:24,0,3963,61909,0
2026/05/29 16:11:29,0,3963,61909,0
2026/05/29 16:11:33,0,3962,61909,0
2026/05/29 16:11:38,0,3962,61909,0
2026/05/29 16:11:42,0,3963,61909,0
2026/05/29 16:11:47,0,3964,61909,0
2026/05/29 16:11:51,0,3963,61909,0
2026/05/29 16:11:56,0,3964,61909,0
2026/05/29 16:12:00,0,3964,61909,0
2026/05/29 16:12:05,0,3964,61909,0
2026/05/29 16:12:09,0,3964,61909,0
2026/05/29 16:12:14,0,3963,61909,0
2026/05/29 16:12:18,0,3963,61909,0
2026/05/29 16:12:23,0,3963,61909,0
2026/05/29 16:12:27,0,3964,61909,0
2026/05/29 16:12:32,0,3964,61909,0
2026/05/29 16:12:36,0,3964,61909,0
2026/05/29 16:12:41,0,3964,61909,0
2026/05/29 16:12:45,0,3965,61909,0
2026/05/29 16:12:50,0,3964,61909,0
2026/05/29 16:12:54,0,3965,61909,0
2026/05/29 16:12:59,0,3965,61909,0
2026/05/29 16:13:03,0,3964,61909,0
2026/05/29 16:13:08,0,3964,61909,0
2026/05/29 16:13:13,0,3963,61909,0
2026/05/29 16:13:17,0,3963,61909,0
2026/05/29 16:13:22,0,3963,61909,0
2026/05/29 16:13:26,0,3964,61909,0
2026/05/29 16:13:31,0,3964,61909,0
2026/05/29 16:13:35,0,3964,61909,0
2026/05/29 16:13:40,0,3964,61909,0
2026/05/29 16:13:44,0,3965,61909,0
2026/05/29 16:13:49,0,3964,61909,0
2026/05/29 16:13:53,0,3965,61909,0
2026/05/29 16:13:58,0,4022,61909,0
2026/05/29 16:14:02,0,4013,61909,0
2026/05/29 16:14:07,0,3968,61909,0
2026/05/29 16:14:11,0,3968,61909,0
2026/05/29 16:14:16,0,3968,61909,0
2026/05/29 16:14:20,0,3935,61909,0
2026/05/29 16:14:25,0,3935,61909,0
2026/05/29 16:14:29,0,3933,61909,0
2026/05/29 16:14:34,0,3934,61909,0
2026/05/29 16:14:38,0,3935,61909,0
2026/05/29 16:14:43,0,3937,61909,0
2026/05/29 16:14:47,0,3939,61909,0
2026/05/29 16:14:52,0,3939,61909,0
2026/05/29 16:14:56,0,3941,61909,0
2026/05/29 16:15:01,0,3942,61909,0
2026/05/29 16:15:05,0,3945,61909,0
2026/05/29 16:15:10,0,3944,61909,0
2026/05/29 16:15:15,0,3938,61909,0
2026/05/29 16:15:19,0,3943,61909,0
2026/05/29 16:15:24,0,3935,61909,0
2026/05/29 16:15:28,0,3941,61909,0
2026/05/29 16:15:33,0,3944,61909,0
2026/05/29 16:15:37,0,3942,61909,0
2026/05/29 16:15:42,0,3943,61909,0
2026/05/29 16:15:46,0,3943,61909,0
2026/05/29 16:15:51,0,3936,61909,0
2026/05/29 16:15:55,0,3935,61909,0
2026/05/29 16:16:00,0,3942,61909,0
2026/05/29 16:16:04,0,3944,61909,0
2026/05/29 16:16:09,0,3936,61909,0
2026/05/29 16:16:13,0,3938,61909,0
2026/05/29 16:16:18,0,3945,61909,0
2026/05/29 16:16:22,0,3950,61909,0
2026/05/29 16:16:27,0,3959,61909,0
2026/05/29 16:16:31,0,3967,61909,0
2026/05/29 16:16:36,0,3958,61909,0
2026/05/29 16:16:40,0,3948,61909,0
2026/05/29 16:16:45,0,3948,61909,0
2026/05/29 16:16:49,0,3936,61909,0
2026/05/29 16:16:54,0,3934,61909,0
2026/05/29 16:16:58,0,3936,61909,0
2026/05/29 16:17:03,0,3937,61909,0
2026/05/29 16:17:07,0,3939,61909,0
2026/05/29 16:17:12,0,3939,61909,0
2026/05/29 16:17:17,0,3940,61909,0
2026/05/29 16:17:21,0,3941,61909,0
2026/05/29 16:17:26,0,3942,61909,0
2026/05/29 16:17:30,0,3943,61909,0
2026/05/29 16:17:35,0,3944,61909,0
2026/05/29 16:17:39,0,3944,61909,0
2026/05/29 16:17:44,0,3945,61909,0
2026/05/29 16:17:48,0,3946,61909,0
2026/05/29 16:17:53,0,3946,61909,0
2026/05/29 16:17:57,0,3947,61909,0
2026/05/29 16:18:02,0,3948,61909,0
2026/05/29 16:18:06,0,3948,61909,0
2026/05/29 16:18:11,0,3948,61909,0
2026/05/29 16:18:15,0,3949,61909,0
2026/05/29 16:18:20,0,3949,61909,0
2026/05/29 16:18:24,0,3949,61909,0
2026/05/29 16:18:29,0,3951,61909,0
2026/05/29 16:18:33,0,3950,61909,0
2026/05/29 16:18:38,0,3951,61909,0
2026/05/29 16:18:42,0,3951,61909,0
2026/05/29 16:18:47,0,3952,61909,0
2026/05/29 16:18:51,0,3952,61909,0
2026/05/29 16:18:56,0,3952,61909,0
2026/05/29 16:19:00,0,3953,61909,0
2026/05/29 16:19:05,0,3954,61909,0
2026/05/29 16:19:09,0,3954,61909,0
2026/05/29 16:19:14,0,3954,61909,0
2026/05/29 16:19:19,0,3955,61909,0
2026/05/29 16:19:23,0,3955,61909,0
2026/05/29 16:19:28,0,3955,61909,0
2026/05/29 16:19:32,0,3955,61909,0
2026/05/29 16:19:37,0,3956,61909,0
2026/05/29 16:19:41,0,3956,61909,0
2026/05/29 16:19:46,0,3956,61909,0
2026/05/29 16:19:50,0,3957,61909,0
2026/05/29 16:19:55,0,3958,61909,0
2026/05/29 16:19:59,0,3957,61909,0
2026/05/29 16:20:04,0,3958,61909,0
2026/05/29 16:20:08,0,3959,61909,0
2026/05/29 16:20:13,0,3959,61909,0
2026/05/29 16:20:17,0,3959,61909,0
2026/05/29 16:20:22,0,3959,61909,0
2026/05/29 16:20:26,0,3960,61909,0
2026/05/29 16:20:31,0,3960,61909,0
2026/05/29 16:20:35,0,3960,61909,0
2026/05/29 16:20:40,0,3961,61909,0
2026/05/29 16:20:44,0,3961,61909,0
2026/05/29 16:20:49,0,3961,61909,0
2026/05/29 16:20:53,0,3961,61909,0
2026/05/29 16:20:58,0,3962,61909,0
2026/05/29 16:21:02,0,3962,61909,0
2026/05/29 16:21:07,0,3962,61909,0
2026/05/29 16:21:11,0,3962,61909,0
2026/05/29 16:21:16,0,3963,61909,0
2026/05/29 16:21:21,0,3964,61909,0
2026/05/29 16:21:25,0,3964,61909,0
2026/05/29 16:21:30,0,3964,61909,0
2026/05/29 16:21:34,0,3965,61909,0
2026/05/29 16:21:39,0,3966,61909,0
2026/05/29 16:21:43,0,3967,61909,0
2026/05/29 16:21:48,0,3967,61909,0
2026/05/29 16:21:52,0,3967,61909,0
2026/05/29 16:21:57,0,3968,61909,0
2026/05/29 16:22:01,0,3969,61909,0
2026/05/29 16:22:06,0,3969,61909,0
2026/05/29 16:22:10,0,3969,61909,0
2026/05/29 16:22:15,0,3970,61909,0
2026/05/29 16:22:19,0,3970,61909,0
2026/05/29 16:22:24,0,3970,61909,0
2026/05/29 16:22:28,0,3970,61909,0
2026/05/29 16:22:33,0,3971,61909,0
2026/05/29 16:22:37,0,3972,61909,0
2026/05/29 16:22:42,0,3972,61909,0
2026/05/29 16:22:46,0,3973,61909,0
2026/05/29 16:22:51,0,3973,61909,0
2026/05/29 16:22:55,0,3973,61909,0
2026/05/29 16:23:00,0,3974,61909,0
2026/05/29 16:23:04,0,3974,61909,0
2026/05/29 16:23:09,0,3975,61909,0
2026/05/29 16:23:13,0,3960,61909,0
2026/05/29 16:23:18,0,3961,61909,0
2026/05/29 16:23:23,0,3962,61909,0
2026/05/29 16:23:27,0,3962,61909,0
2026/05/29 16:23:32,0,3960,61909,0
2026/05/29 16:23:36,0,3959,61909,0
2026/05/29 16:23:41,0,3959,61909,0
2026/05/29 16:23:45,0,3958,61909,0
2026/05/29 16:23:50,0,3958,61909,0
2026/05/29 16:23:54,0,3958,61909,0
2026/05/29 16:23:59,0,3958,61909,0
2026/05/29 16:24:03,0,3957,61909,0
2026/05/29 16:24:08,0,3957,61909,0
2026/05/29 16:24:12,0,3956,61909,0
2026/05/29 16:24:17,0,3956,61909,0
2026/05/29 16:24:21,0,3958,61909,0
2026/05/29 16:24:26,0,4003,61909,0
2026/05/29 16:24:30,0,4029,61909,0
2026/05/29 16:24:35,0,4028,61909,0
2026/05/29 16:24:39,0,3967,61909,0
2026/05/29 16:24:44,0,3966,61909,0
2026/05/29 16:24:48,0,3965,61909,0
2026/05/29 16:24:53,0,3966,61909,0
2026/05/29 16:24:57,0,3968,61909,0
2026/05/29 16:25:02,0,3968,61909,0
2026/05/29 16:25:06,0,3968,61909,0
2026/05/29 16:25:11,0,3969,61909,0
2026/05/29 16:25:16,0,3969,61909,0
2026/05/29 16:25:20,0,3969,61909,0
2026/05/29 16:25:25,0,3970,61909,0
2026/05/29 16:25:29,0,3972,61909,0
2026/05/29 16:25:34,0,3971,61909,0
2026/05/29 16:25:38,0,3971,61909,0
2026/05/29 16:25:43,0,3972,61909,0
2026/05/29 16:25:47,0,3971,61909,0
2026/05/29 16:25:52,0,3971,61909,0
2026/05/29 16:25:56,0,3972,61909,0
2026/05/29 16:26:01,0,3972,61909,0
2026/05/29 16:26:05,0,3972,61909,0
2026/05/29 16:26:10,0,3972,61909,0
2026/05/29 16:26:14,0,3972,61909,0
2026/05/29 16:26:19,0,3972,61909,0
2026/05/29 16:26:23,0,3972,61909,0
2026/05/29 16:26:28,0,3973,61909,0
2026/05/29 16:26:32,0,3972,61909,0
2026/05/29 16:26:37,0,3972,61909,0
2026/05/29 16:26:41,0,3973,61909,0
2026/05/29 16:26:46,0,3973,61909,0
2026/05/29 16:26:50,0,3973,61909,0
2026/05/29 16:26:55,0,3974,61909,0
2026/05/29 16:26:59,0,3973,61909,0
2026/05/29 16:27:04,0,3974,61909,0
2026/05/29 16:27:08,0,3975,61909,0
2026/05/29 16:27:13,0,3974,61909,0
2026/05/29 16:27:18,0,3975,61909,0
2026/05/29 16:27:22,0,3976,61909,0
2026/05/29 16:27:27,0,3975,61909,0
2026/05/29 16:27:31,0,3976,61909,0
2026/05/29 16:27:36,0,3976,61909,0
2026/05/29 16:27:40,0,3977,61909,0
2026/05/29 16:27:45,0,3976,61909,0
2026/05/29 16:27:49,0,3977,61909,0
2026/05/29 16:27:54,0,3977,61909,0
2026/05/29 16:27:58,0,3978,61909,0
2026/05/29 16:28:03,0,3979,61909,0
2026/05/29 16:28:07,0,3979,61909,0
2026/05/29 16:28:12,0,3979,61909,0
2026/05/29 16:28:16,0,3978,61909,0
2026/05/29 16:28:21,0,3979,61909,0
2026/05/29 16:28:25,0,3979,61909,0
2026/05/29 16:28:30,0,3979,61909,0
2026/05/29 16:28:34,0,3979,61909,0
2026/05/29 16:28:39,0,3980,61909,0
2026/05/29 16:28:43,0,3981,61909,0
2026/05/29 16:28:48,0,3981,61909,0
2026/05/29 16:28:52,0,3981,61909,0
2026/05/29 16:28:57,0,3982,61909,0
2026/05/29 16:29:01,0,3982,61909,0
2026/05/29 16:29:06,0,3982,61909,0
2026/05/29 16:29:10,0,3982,61909,0
2026/05/29 16:29:15,0,3982,61909,0
2026/05/29 16:29:19,0,3982,61909,0
2026/05/29 16:29:24,0,3982,61909,0
2026/05/29 16:29:29,0,3983,61909,0
2026/05/29 16:29:33,0,3983,61909,0
2026/05/29 16:29:38,0,3965,61909,0
2026/05/29 16:29:42,0,3966,61909,0
2026/05/29 16:29:47,0,3966,61909,0
2026/05/29 16:29:51,0,3967,61909,0
2026/05/29 16:29:56,0,3968,61909,0
2026/05/29 16:30:00,0,3970,61909,0
2026/05/29 16:30:05,0,3970,61909,0
2026/05/29 16:30:09,0,3970,61909,0
2026/05/29 16:30:14,0,3970,61909,0
2026/05/29 16:30:18,0,3971,61909,0
2026/05/29 16:30:23,0,3970,61909,0
2026/05/29 16:30:27,0,3971,61909,0
2026/05/29 16:30:32,0,3971,61909,0
2026/05/29 16:30:36,0,3971,61909,0
2026/05/29 16:30:41,0,3971,61909,0
2026/05/29 16:30:45,0,3971,61909,0
2026/05/29 16:30:50,0,3973,61909,0
2026/05/29 16:30:54,0,3971,61909,0
2026/05/29 16:30:59,0,3973,61909,0
2026/05/29 16:31:03,0,3972,61909,0
2026/05/29 16:31:08,0,3973,61909,0
2026/05/29 16:31:12,0,3973,61909,0
2026/05/29 16:31:17,0,3973,61909,0
2026/05/29 16:31:21,0,3973,61909,0
2026/05/29 16:31:26,0,3973,61909,0
2026/05/29 16:31:31,0,3972,61909,0
2026/05/29 16:31:35,0,3973,61909,0
2026/05/29 16:31:40,0,3973,61909,0
2026/05/29 16:31:44,0,3973,61909,0
2026/05/29 16:31:49,0,3973,61909,0
2026/05/29 16:31:53,0,3974,61909,0
2026/05/29 16:31:58,0,3972,61909,0
2026/05/29 16:32:02,0,3972,61909,0
2026/05/29 16:32:07,0,3972,61909,0
2026/05/29 16:32:11,0,3972,61909,0
2026/05/29 16:32:16,0,3972,61909,0
2026/05/29 16:32:20,0,3972,61909,0
2026/05/29 16:32:25,0,3972,61909,0
2026/05/29 16:32:29,0,3973,61909,0
2026/05/29 16:32:34,0,3973,61909,0
2026/05/29 16:32:38,0,3973,61909,0
2026/05/29 16:32:43,0,3973,61909,0
2026/05/29 16:32:47,0,3973,61909,0
2026/05/29 16:32:52,0,3972,61909,0
2026/05/29 16:32:56,0,3974,61909,0
2026/05/29 16:33:01,0,3974,61909,0
2026/05/29 16:33:05,0,3974,61909,0
2026/05/29 16:33:10,0,3974,61909,0
2026/05/29 16:33:14,0,3975,61909,0
2026/05/29 16:33:19,0,3975,61909,0
2026/05/29 16:33:23,0,3975,61909,0
2026/05/29 16:33:28,0,3975,61909,0
2026/05/29 16:33:33,0,3976,61909,0
2026/05/29 16:33:37,0,3975,61909,0
2026/05/29 16:33:42,0,3975,61909,0
2026/05/29 16:33:46,0,3974,61909,0
2026/05/29 16:33:51,0,3975,61909,0
2026/05/29 16:33:55,0,3976,61909,0
2026/05/29 16:34:00,0,3975,61909,0
2026/05/29 16:34:04,0,3975,61909,0
2026/05/29 16:34:09,0,3975,61909,0
2026/05/29 16:34:13,0,3976,61909,0
2026/05/29 16:34:18,0,3976,61909,0
2026/05/29 16:34:22,0,3976,61909,0
2026/05/29 16:34:27,0,3977,61909,0
2026/05/29 16:34:31,0,3976,61909,0
2026/05/29 16:34:36,0,3976,61909,0
2026/05/29 16:34:40,0,3978,61909,0
2026/05/29 16:34:45,0,3978,61909,0
2026/05/29 16:34:49,0,3977,61909,0
2026/05/29 16:34:54,0,3979,61909,0
2026/05/29 16:34:58,0,3979,61909,0
2026/05/29 16:35:03,0,3980,61909,0
2026/05/29 16:35:07,0,3981,61909,0
2026/05/29 16:35:12,0,3981,61909,0
2026/05/29 16:35:16,0,3981,61909,0
2026/05/29 16:35:21,0,3982,61909,0
2026/05/29 16:35:26,0,3981,61909,0
2026/05/29 16:35:30,0,3981,61909,0
2026/05/29 16:35:35,0,3982,61909,0
2026/05/29 16:35:39,0,3981,61909,0
2026/05/29 16:35:44,0,3982,61909,0
2026/05/29 16:35:48,0,3982,61909,0
2026/05/29 16:35:53,0,3981,61909,0
2026/05/29 16:35:57,0,3982,61909,0
2026/05/29 16:36:02,0,3983,61909,0
2026/05/29 16:36:06,0,3983,61909,0
2026/05/29 16:36:11,0,3983,61909,0
2026/05/29 16:36:15,0,3983,61909,0
2026/05/29 16:36:20,0,3984,61909,0
2026/05/29 16:36:24,0,3984,61909,0
2026/05/29 16:36:29,0,3985,61909,0
2026/05/29 16:36:33,0,3982,61909,0
2026/05/29 16:36:38,0,3983,61909,0
2026/05/29 16:36:42,0,3983,61909,0
2026/05/29 16:36:47,0,3983,61909,0
2026/05/29 16:36:51,0,3984,61909,0
2026/05/29 16:36:56,0,3983,61909,0
2026/05/29 16:37:00,0,3983,61909,0
2026/05/29 16:37:05,0,3982,61909,0
2026/05/29 16:37:09,0,3982,61909,0
2026/05/29 16:37:14,0,3982,61909,0
2026/05/29 16:37:18,0,3981,61909,0
2026/05/29 16:37:23,0,3982,61909,0
2026/05/29 16:37:28,0,3982,61909,0
2026/05/29 16:37:32,0,3981,61909,0
2026/05/29 16:37:37,0,3981,61909,0
2026/05/29 16:37:41,0,3981,61909,0
2026/05/29 16:37:46,0,3981,61909,0
2026/05/29 16:37:50,0,3981,61909,0
2026/05/29 16:37:55,0,3982,61909,0
2026/05/29 16:37:59,0,3981,61909,0
2026/05/29 16:38:04,0,3982,61909,0
2026/05/29 16:38:08,0,3982,61909,0
2026/05/29 16:38:13,0,3982,61909,0
2026/05/29 16:38:17,0,3982,61909,0
2026/05/29 16:38:22,0,3982,61909,0
2026/05/29 16:38:26,0,3982,61909,0
2026/05/29 16:38:31,0,3983,61909,0
2026/05/29 16:38:35,0,3983,61909,0
2026/05/29 16:38:40,0,3982,61909,0
2026/05/29 16:38:44,0,3982,61909,0
2026/05/29 16:38:49,0,3982,61909,0
2026/05/29 16:38:53,0,3982,61909,0
2026/05/29 16:38:58,0,3982,61909,0
2026/05/29 16:39:02,0,3982,61909,0
2026/05/29 16:39:07,0,3983,61909,0
2026/05/29 16:39:11,0,3983,61909,0
2026/05/29 16:39:16,0,3983,61909,0
2026/05/29 16:39:20,0,3983,61909,0
2026/05/29 16:39:25,0,3983,61909,0
2026/05/29 16:39:30,0,3983,61909,0
2026/05/29 16:39:34,0,3983,61909,0
2026/05/29 16:39:39,0,3983,61909,0
2026/05/29 16:39:43,0,3983,61909,0
2026/05/29 16:39:48,0,3984,61909,0
2026/05/29 16:39:52,0,3984,61909,0
2026/05/29 16:39:57,0,3984,61909,0
2026/05/29 16:40:01,0,3984,61909,0
2026/05/29 16:40:06,0,4051,61909,0
2026/05/29 16:40:10,0,4046,61909,0
2026/05/29 16:40:15,0,3979,61909,0
2026/05/29 16:40:19,0,3979,61909,0
2026/05/29 16:40:24,0,3980,61909,0
2026/05/29 16:40:28,0,3980,61909,0
2026/05/29 16:40:33,0,3980,61909,0
2026/05/29 16:40:37,0,3981,61909,0
2026/05/29 16:40:42,0,3983,61909,0
2026/05/29 16:40:46,0,3982,61909,0
2026/05/29 16:40:51,0,3983,61909,0
2026/05/29 16:40:55,0,3983,61909,0
2026/05/29 16:41:00,0,3983,61909,0
2026/05/29 16:41:04,0,4095,61909,0
2026/05/29 16:41:09,0,4088,61909,0
2026/05/29 16:41:13,0,4049,61909,0
2026/05/29 16:41:18,0,4013,61909,0
2026/05/29 16:41:22,0,4002,61909,0
2026/05/29 16:41:27,0,3995,61909,0
2026/05/29 16:41:32,0,3994,61909,0
2026/05/29 16:41:36,0,3995,61909,0
2026/05/29 16:41:41,0,3995,61909,0
2026/05/29 16:41:45,0,3995,61909,0
2026/05/29 16:41:50,0,3995,61909,0
2026/05/29 16:41:54,0,3995,61909,0
2026/05/29 16:41:59,0,3996,61909,0
2026/05/29 16:42:03,0,5512,61909,0
2026/05/29 16:42:08,0,5798,61909,0
2026/05/29 16:42:12,0,5692,61909,0
2026/05/29 16:42:17,0,5740,61909,0
2026/05/29 16:42:21,0,5507,61909,0
2026/05/29 16:42:26,0,5560,61909,0
2026/05/29 16:42:30,0,5528,61909,0
2026/05/29 16:42:35,0,5466,61909,0
2026/05/29 16:42:39,0,4822,61909,0
2026/05/29 16:42:44,0,4639,61909,0
2026/05/29 16:42:48,0,4552,61909,0
2026/05/29 16:42:53,0,4529,61909,0
2026/05/29 16:42:57,0,4529,61909,0
2026/05/29 16:43:02,0,4527,61909,0
2026/05/29 16:43:06,0,4528,61909,0
2026/05/29 16:43:11,0,4526,61909,0
2026/05/29 16:43:15,0,4527,61909,0
2026/05/29 16:43:20,0,4526,61909,0
2026/05/29 16:43:25,0,4526,61909,0
2026/05/29 16:43:29,0,4560,61909,0
2026/05/29 16:43:34,0,4539,61909,0
2026/05/29 16:43:38,0,4527,61909,0
2026/05/29 16:43:43,0,4524,61909,0
2026/05/29 16:43:47,0,4524,61909,0
2026/05/29 16:43:52,0,4524,61909,0
2026/05/29 16:43:56,0,4524,61909,0
2026/05/29 16:44:01,0,4524,61909,0
2026/05/29 16:44:05,0,4524,61909,0
2026/05/29 16:44:10,0,4524,61909,0
2026/05/29 16:44:14,0,4524,61909,0
2026/05/29 16:44:19,0,4524,61909,0
2026/05/29 16:44:23,0,4524,61909,0
2026/05/29 16:44:28,0,4524,61909,0
2026/05/29 16:44:32,0,4524,61909,0
2026/05/29 16:44:37,0,4524,61909,0
2026/05/29 16:44:41,0,4524,61909,0
2026/05/29 16:44:46,0,4524,61909,0
2026/05/29 16:44:50,0,4524,61909,0
2026/05/29 16:44:55,0,4523,61909,0
2026/05/29 16:44:59,0,4523,61909,0
2026/05/29 16:45:04,0,4523,61909,0
2026/05/29 16:45:08,0,4522,61909,0
2026/05/29 16:45:13,0,4522,61909,0
2026/05/29 16:45:17,0,4522,61909,0
2026/05/29 16:45:22,0,4521,61909,0
2026/05/29 16:45:27,0,4522,61909,0
2026/05/29 16:45:31,0,4521,61909,0
2026/05/29 16:45:36,0,4521,61909,0
2026/05/29 16:45:40,0,4520,61909,0
2026/05/29 16:45:45,0,4520,61909,0
2026/05/29 16:45:49,0,4520,61909,0
2026/05/29 16:45:54,0,4521,61909,0
2026/05/29 16:45:58,0,4521,61909,0
2026/05/29 16:46:03,0,4520,61909,0
2026/05/29 16:46:07,0,4520,61909,0
2026/05/29 16:46:12,0,4515,61909,0
2026/05/29 16:46:16,0,4515,61909,0
2026/05/29 16:46:21,0,4516,61909,0
2026/05/29 16:46:25,0,4516,61909,0
2026/05/29 16:46:30,0,4516,61909,0
2026/05/29 16:46:34,0,4515,61909,0
2026/05/29 16:46:39,0,4515,61909,0
2026/05/29 16:46:43,0,4516,61909,0
2026/05/29 16:46:48,0,4515,61909,0
2026/05/29 16:46:52,0,4517,61909,0
2026/05/29 16:46:57,0,4517,61909,0
2026/05/29 16:47:01,0,4518,61909,0
2026/05/29 16:47:06,0,4519,61909,0
2026/05/29 16:47:10,0,4520,61909,0
2026/05/29 16:47:15,0,4521,61909,0
2026/05/29 16:47:19,0,4520,61909,0
2026/05/29 16:47:24,0,4521,61909,0
2026/05/29 16:47:29,0,4521,61909,0
2026/05/29 16:47:33,0,4522,61909,0
2026/05/29 16:47:38,0,4523,61909,0
2026/05/29 16:47:42,0,4523,61909,0
2026/05/29 16:47:47,0,4523,61909,0
2026/05/29 16:47:51,0,4523,61909,0
2026/05/29 16:47:56,0,4523,61909,0
2026/05/29 16:48:00,0,4523,61909,0
2026/05/29 16:48:05,0,4703,61909,0
2026/05/29 16:48:09,0,4692,61909,0
2026/05/29 16:48:14,0,4653,61909,0
2026/05/29 16:48:18,0,4619,61909,0
2026/05/29 16:48:23,0,4609,61909,0
2026/05/29 16:48:27,0,4605,61909,0
2026/05/29 16:48:32,0,4606,61909,0
2026/05/29 16:48:36,0,4605,61909,0
2026/05/29 16:48:41,0,4605,61909,0
2026/05/29 16:48:45,0,4606,61909,0
2026/05/29 16:48:50,0,4603,61909,0
2026/05/29 16:48:54,0,4602,61909,0
2026/05/29 16:48:59,0,4603,61909,0
2026/05/29 16:49:03,0,4604,61909,0
2026/05/29 16:49:08,0,5691,61909,0
2026/05/29 16:49:12,0,5689,61909,0
2026/05/29 16:49:17,0,5646,61909,0
2026/05/29 16:49:22,0,5671,61909,0
2026/05/29 16:49:26,0,5504,61909,0
2026/05/29 16:49:31,0,5534,61909,0
2026/05/29 16:49:35,0,5533,61909,0
2026/05/29 16:49:40,0,5111,61909,0
2026/05/29 16:49:44,0,4844,61909,0
2026/05/29 16:49:49,0,4724,61909,0
2026/05/29 16:49:53,0,4640,61909,0
2026/05/29 16:49:58,0,4621,61909,0
2026/05/29 16:50:02,0,4618,61909,0
2026/05/29 16:50:07,0,4620,61909,0
2026/05/29 16:50:11,0,4619,61909,0
2026/05/29 16:50:16,0,4620,61909,0
2026/05/29 16:50:20,0,4618,61909,0
2026/05/29 16:50:25,0,4618,61909,0
2026/05/29 16:50:29,0,4618,61909,0
2026/05/29 16:50:34,0,4618,61909,0
2026/05/29 16:50:38,0,4618,61909,0
2026/05/29 16:50:43,0,4617,61909,0
2026/05/29 16:50:47,0,4617,61909,0
2026/05/29 16:50:52,0,4618,61909,0
2026/05/29 16:50:56,0,4617,61909,0
2026/05/29 16:51:01,0,4618,61909,0
2026/05/29 16:51:06,0,4618,61909,0
2026/05/29 16:51:10,0,4617,61909,0
2026/05/29 16:51:15,0,4617,61909,0
2026/05/29 16:51:19,0,4616,61909,0
2026/05/29 16:51:24,0,4617,61909,0
2026/05/29 16:51:28,0,4617,61909,0
2026/05/29 16:51:33,0,4616,61909,0
2026/05/29 16:51:37,0,4616,61909,0
2026/05/29 16:51:42,0,4616,61909,0
2026/05/29 16:51:46,0,4616,61909,0
2026/05/29 16:51:51,0,4616,61909,0
2026/05/29 16:51:55,0,4617,61909,0
2026/05/29 16:52:00,0,4616,61909,0
2026/05/29 16:52:04,0,4616,61909,0
2026/05/29 16:52:09,0,4616,61909,0
2026/05/29 16:52:13,0,4617,61909,0
2026/05/29 16:52:18,0,4617,61909,0
2026/05/29 16:52:22,0,4617,61909,0
2026/05/29 16:52:27,0,4616,61909,0
2026/05/29 16:52:31,0,4616,61909,0
2026/05/29 16:52:36,0,4616,61909,0
2026/05/29 16:52:40,0,4617,61909,0
2026/05/29 16:52:45,0,4617,61909,0
2026/05/29 16:52:49,0,4617,61909,0
2026/05/29 16:52:54,0,4617,61909,0
2026/05/29 16:52:58,0,4617,61909,0
2026/05/29 16:53:03,0,4618,61909,0
2026/05/29 16:53:08,0,4618,61909,0
2026/05/29 16:53:12,0,4618,61909,0
2026/05/29 16:53:17,0,4618,61909,0
2026/05/29 16:53:21,0,4618,61909,0
2026/05/29 16:53:26,0,4620,61909,0
2026/05/29 16:53:30,0,4620,61909,0
2026/05/29 16:53:35,0,4618,61909,0
2026/05/29 16:53:39,0,4619,61909,0
2026/05/29 16:53:44,0,4618,61909,0
2026/05/29 16:53:48,0,4617,61909,0
2026/05/29 16:53:53,0,4619,61909,0
2026/05/29 16:53:57,0,4622,61909,0
2026/05/29 16:54:02,0,4623,61909,0
2026/05/29 16:54:06,0,4623,61909,0
2026/05/29 16:54:11,0,4623,61909,0
2026/05/29 16:54:15,0,4623,61909,0
2026/05/29 16:54:20,0,4623,61909,0
2026/05/29 16:54:24,0,4623,61909,0
2026/05/29 16:54:29,0,4623,61909,0
2026/05/29 16:54:33,0,4623,61909,0
2026/05/29 16:54:38,0,4624,61909,0
2026/05/29 16:54:42,0,4625,61909,0
2026/05/29 16:54:47,0,4625,61909,0
2026/05/29 16:54:51,0,4625,61909,0
2026/05/29 16:54:56,0,4624,61909,0
2026/05/29 16:55:01,0,4620,61909,0
2026/05/29 16:55:05,0,4620,61909,0
2026/05/29 16:55:10,0,4620,61909,0
2026/05/29 16:55:14,0,4620,61909,0
2026/05/29 16:55:19,0,4620,61909,0
2026/05/29 16:55:23,0,4620,61909,0
2026/05/29 16:55:28,0,4620,61909,0
2026/05/29 16:55:32,0,4620,61909,0
2026/05/29 16:55:37,0,4620,61909,0
2026/05/29 16:55:41,0,4620,61909,0
2026/05/29 16:55:46,0,4620,61909,0
2026/05/29 16:55:50,0,4621,61909,0
2026/05/29 16:55:55,0,4618,61909,0
2026/05/29 16:55:59,0,4618,61909,0
2026/05/29 16:56:04,0,4617,61909,0
2026/05/29 16:56:08,0,4617,61909,0
2026/05/29 16:56:13,0,4618,61909,0
2026/05/29 16:56:17,0,4618,61909,0
2026/05/29 16:56:22,0,4618,61909,0
2026/05/29 16:56:26,0,4618,61909,0
2026/05/29 16:56:31,0,4617,61909,0
2026/05/29 16:56:35,0,4617,61909,0
2026/05/29 16:56:40,0,4617,61909,0
2026/05/29 16:56:44,0,4617,61909,0
2026/05/29 16:56:49,0,4617,61909,0
2026/05/29 16:56:53,0,4618,61909,0
2026/05/29 16:56:58,0,4619,61909,0
2026/05/29 16:57:03,0,4620,61909,0
2026/05/29 16:57:07,0,4619,61909,0
2026/05/29 16:57:12,0,4620,61909,0
2026/05/29 16:57:16,0,4620,61909,0
2026/05/29 16:57:21,0,4620,61909,0
2026/05/29 16:57:25,0,4617,61909,0
2026/05/29 16:57:30,0,4617,61909,0
2026/05/29 16:57:34,0,4616,61909,0
2026/05/29 16:57:39,0,4617,61909,0
2026/05/29 16:57:43,0,4618,61909,0
2026/05/29 16:57:48,0,4619,61909,0
2026/05/29 16:57:52,0,4619,61909,0
2026/05/29 16:57:57,0,4619,61909,0
2026/05/29 16:58:01,0,4618,61909,0
2026/05/29 16:58:06,0,4618,61909,0
2026/05/29 16:58:10,0,4618,61909,0
2026/05/29 16:58:15,0,4619,61909,0
2026/05/29 16:58:19,0,4618,61909,0
2026/05/29 16:58:24,0,4619,61909,0
2026/05/29 16:58:28,0,4619,61909,0
2026/05/29 16:58:33,0,4619,61909,0
2026/05/29 16:58:37,0,4620,61909,0
2026/05/29 16:58:42,0,4620,61909,0
2026/05/29 16:58:46,0,4620,61909,0
2026/05/29 16:58:51,0,4620,61909,0
2026/05/29 16:58:55,0,4621,61909,0
2026/05/29 16:59:00,0,4621,61909,0
2026/05/29 16:59:05,0,4622,61909,0
2026/05/29 16:59:09,0,4621,61909,0
2026/05/29 16:59:14,0,4622,61909,0
2026/05/29 16:59:18,0,4622,61909,0
2026/05/29 16:59:23,0,4621,61909,0
2026/05/29 16:59:27,0,4620,61909,0
2026/05/29 16:59:32,0,4621,61909,0
2026/05/29 16:59:36,0,4621,61909,0
2026/05/29 16:59:41,0,4621,61909,0
2026/05/29 16:59:45,0,4621,61909,0
2026/05/29 16:59:50,0,4621,61909,0
2026/05/29 16:59:54,0,4622,61909,0
2026/05/29 16:59:59,0,4621,61909,0
2026/05/29 17:00:03,0,4621,61909,0
2026/05/29 17:00:08,0,4620,61909,0
2026/05/29 17:00:12,0,4620,61909,0
2026/05/29 17:00:17,0,4620,61909,0
2026/05/29 17:00:21,0,4619,61909,0
2026/05/29 17:00:26,0,4619,61909,0
2026/05/29 17:00:30,0,4619,61909,0
2026/05/29 17:00:35,0,4619,61909,0
2026/05/29 17:00:39,0,4618,61909,0
2026/05/29 17:00:44,0,4618,61909,0
2026/05/29 17:00:48,0,4619,61909,0
2026/05/29 17:00:53,0,4619,61909,0
2026/05/29 17:00:57,0,4619,61909,0
2026/05/29 17:01:02,0,4619,61909,0
2026/05/29 17:01:07,0,4620,61909,0
2026/05/29 17:01:11,0,4619,61909,0
2026/05/29 17:01:16,0,4619,61909,0
2026/05/29 17:01:20,0,4620,61909,0
2026/05/29 17:01:25,0,4619,61909,0
2026/05/29 17:01:29,0,4619,61909,0
2026/05/29 17:01:34,0,4619,61909,0
2026/05/29 17:01:38,0,4620,61909,0
2026/05/29 17:01:43,0,4620,61909,0
2026/05/29 17:01:47,0,4620,61909,0
2026/05/29 17:01:52,0,4620,61909,0
2026/05/29 17:01:56,0,4620,61909,0
2026/05/29 17:02:01,0,4620,61909,0
2026/05/29 17:02:05,0,4621,61909,0
2026/05/29 17:02:10,0,4621,61909,0
2026/05/29 17:02:14,0,4621,61909,0
2026/05/29 17:02:19,0,4620,61909,0
2026/05/29 17:02:23,0,4620,61909,0
2026/05/29 17:02:28,0,4621,61909,0
2026/05/29 17:02:32,0,4620,61909,0
2026/05/29 17:02:37,0,4620,61909,0
2026/05/29 17:02:41,0,4620,61909,0
2026/05/29 17:02:46,0,4620,61909,0
2026/05/29 17:02:50,0,4620,61909,0
2026/05/29 17:02:55,0,4620,61909,0
2026/05/29 17:02:59,0,4620,61909,0
2026/05/29 17:03:04,0,4619,61909,0
2026/05/29 17:03:08,0,4619,61909,0
2026/05/29 17:03:13,0,4620,61909,0
2026/05/29 17:03:18,0,4619,61909,0
2026/05/29 17:03:22,0,4619,61909,0
2026/05/29 17:03:27,0,4619,61909,0
2026/05/29 17:03:31,0,4619,61909,0
2026/05/29 17:03:36,0,4619,61909,0
2026/05/29 17:03:40,0,4619,61909,0
2026/05/29 17:03:45,0,4619,61909,0
2026/05/29 17:03:49,0,4620,61909,0
2026/05/29 17:03:54,0,4620,61909,0
2026/05/29 17:03:58,0,4620,61909,0
2026/05/29 17:04:03,0,4621,61909,0
2026/05/29 17:04:07,0,4621,61909,0
2026/05/29 17:04:12,0,4621,61909,0
2026/05/29 17:04:16,0,4620,61909,0
2026/05/29 17:04:21,0,4621,61909,0
2026/05/29 17:04:25,0,4620,61909,0
2026/05/29 17:04:30,0,4620,61909,0
2026/05/29 17:04:34,0,4620,61909,0
2026/05/29 17:04:39,0,4620,61909,0
2026/05/29 17:04:43,0,4619,61909,0
2026/05/29 17:04:48,0,4620,61909,0
2026/05/29 17:04:52,0,4620,61909,0
2026/05/29 17:04:57,0,4619,61909,0
2026/05/29 17:05:01,0,4620,61909,0
2026/05/29 17:05:06,0,4620,61909,0
2026/05/29 17:05:10,0,4621,61909,0
2026/05/29 17:05:15,0,4621,61909,0
2026/05/29 17:05:20,0,4620,61909,0
2026/05/29 17:05:24,0,4618,61909,0
2026/05/29 17:05:29,0,4619,61909,0
2026/05/29 17:05:33,0,4618,61909,0
2026/05/29 17:05:38,0,4618,61909,0
2026/05/29 17:05:42,0,4619,61909,0
2026/05/29 17:05:47,0,4620,61909,0
2026/05/29 17:05:51,0,4619,61909,0
2026/05/29 17:05:56,0,4619,61909,0
2026/05/29 17:06:00,0,4620,61909,0
2026/05/29 17:06:05,0,4619,61909,0
2026/05/29 17:06:09,0,4619,61909,0
2026/05/29 17:06:14,0,4619,61909,0
2026/05/29 17:06:18,0,4618,61909,0
2026/05/29 17:06:23,0,4618,61909,0
2026/05/29 17:06:27,0,4618,61909,0
2026/05/29 17:06:32,0,4618,61909,0
2026/05/29 17:06:36,0,4618,61909,0
2026/05/29 17:06:41,0,4618,61909,0
2026/05/29 17:06:45,0,4617,61909,0
2026/05/29 17:06:50,0,4618,61909,0
2026/05/29 17:06:54,0,4618,61909,0
2026/05/29 17:06:59,0,4618,61909,0
2026/05/29 17:07:03,0,4618,61909,0
2026/05/29 17:07:08,0,4619,61909,0
2026/05/29 17:07:12,0,4619,61909,0
2026/05/29 17:07:17,0,4618,61909,0
2026/05/29 17:07:22,0,4619,61909,0
2026/05/29 17:07:26,0,4619,61909,0
2026/05/29 17:07:31,0,4614,61909,0
2026/05/29 17:07:35,0,4614,61909,0
2026/05/29 17:07:40,0,4614,61909,0
2026/05/29 17:07:44,0,4615,61909,0
2026/05/29 17:07:49,0,4614,61909,0
2026/05/29 17:07:53,0,4612,61909,0
2026/05/29 17:07:58,0,4614,61909,0
2026/05/29 17:08:02,0,4613,61909,0
2026/05/29 17:08:07,0,4613,61909,0
2026/05/29 17:08:11,0,4613,61909,0
2026/05/29 17:08:16,0,4614,61909,0
2026/05/29 17:08:20,0,4614,61909,0
2026/05/29 17:08:25,0,4614,61909,0
2026/05/29 17:08:29,0,4614,61909,0
2026/05/29 17:08:34,0,4613,61909,0
2026/05/29 17:08:38,0,4614,61909,0
2026/05/29 17:08:43,0,4614,61909,0
2026/05/29 17:08:47,0,4614,61909,0
2026/05/29 17:08:52,0,4614,61909,0
2026/05/29 17:08:56,0,4614,61909,0
2026/05/29 17:09:01,0,4613,61909,0
2026/05/29 17:09:05,0,4613,61909,0
2026/05/29 17:09:10,0,4613,61909,0
2026/05/29 17:09:14,0,4614,61909,0
2026/05/29 17:09:19,0,4614,61909,0
2026/05/29 17:09:24,0,4615,61909,0
2026/05/29 17:09:28,0,4615,61909,0
2026/05/29 17:09:33,0,4615,61909,0
2026/05/29 17:09:37,0,4616,61909,0
2026/05/29 17:09:42,0,4615,61909,0
2026/05/29 17:09:46,0,4616,61909,0
2026/05/29 17:09:51,0,4616,61909,0
2026/05/29 17:09:55,0,4616,61909,0
2026/05/29 17:10:00,0,4616,61909,0
2026/05/29 17:10:04,0,4617,61909,0
2026/05/29 17:10:09,0,4616,61909,0
2026/05/29 17:10:13,0,4617,61909,0
2026/05/29 17:10:18,0,4618,61909,0
2026/05/29 17:10:22,0,4617,61909,0
2026/05/29 17:10:27,0,4618,61909,0
2026/05/29 17:10:31,0,4618,61909,0
2026/05/29 17:10:36,0,4618,61909,0
2026/05/29 17:10:40,0,4616,61909,0
2026/05/29 17:10:45,0,4616,61909,0
2026/05/29 17:10:49,0,4616,61909,0
2026/05/29 17:10:54,0,4614,61909,0
2026/05/29 17:10:58,0,4615,61909,0
2026/05/29 17:11:03,0,4615,61909,0
2026/05/29 17:11:07,0,4616,61909,0
2026/05/29 17:11:12,0,4616,61909,0
2026/05/29 17:11:16,0,4616,61909,0
2026/05/29 17:11:21,0,4616,61909,0
2026/05/29 17:11:26,0,4617,61909,0
2026/05/29 17:11:30,0,4617,61909,0
2026/05/29 17:11:35,0,4618,61909,0
2026/05/29 17:11:39,0,4618,61909,0
2026/05/29 17:11:44,0,4618,61909,0
2026/05/29 17:11:48,0,4618,61909,0
2026/05/29 17:11:53,0,4618,61909,0
2026/05/29 17:11:57,0,4619,61909,0
2026/05/29 17:12:02,0,4619,61909,0
2026/05/29 17:12:06,0,4618,61909,0
2026/05/29 17:12:11,0,4619,61909,0
2026/05/29 17:12:15,0,4620,61909,0
2026/05/29 17:12:20,0,4619,61909,0
2026/05/29 17:12:24,0,4619,61909,0
2026/05/29 17:12:29,0,4619,61909,0
2026/05/29 17:12:33,0,4618,61909,0
2026/05/29 17:12:38,0,4620,61909,0
2026/05/29 17:12:42,0,4655,61909,0
2026/05/29 17:12:47,0,4647,61909,0
2026/05/29 17:12:51,0,4624,61909,0
2026/05/29 17:12:56,0,4615,61909,0
2026/05/29 17:13:00,0,4614,61909,0
2026/05/29 17:13:05,0,4613,61909,0
2026/05/29 17:13:09,0,4613,61909,0
2026/05/29 17:13:14,0,4613,61909,0
2026/05/29 17:13:18,0,4615,61909,0
2026/05/29 17:13:23,0,4615,61909,0
2026/05/29 17:13:28,0,4616,61909,0
2026/05/29 17:13:32,0,4616,61909,0
2026/05/29 17:13:37,0,4616,61909,0
2026/05/29 17:13:41,0,4617,61909,0
2026/05/29 17:13:46,0,4617,61909,0
2026/05/29 17:13:50,0,4617,61909,0
2026/05/29 17:13:55,0,4617,61909,0
2026/05/29 17:13:59,0,4617,61909,0
2026/05/29 17:14:04,0,4617,61909,0
2026/05/29 17:14:08,0,4618,61909,0
2026/05/29 17:14:13,0,4618,61909,0
2026/05/29 17:14:17,0,4619,61909,0
2026/05/29 17:14:22,0,4618,61909,0
2026/05/29 17:14:26,0,4617,61909,0
2026/05/29 17:14:31,0,4617,61909,0
2026/05/29 17:14:35,0,4616,61909,0
2026/05/29 17:14:40,0,4617,61909,0
2026/05/29 17:14:44,0,4617,61909,0
2026/05/29 17:14:49,0,4618,61909,0
2026/05/29 17:14:53,0,4617,61909,0
2026/05/29 17:14:58,0,4617,61909,0
2026/05/29 17:15:02,0,4617,61909,0
2026/05/29 17:15:07,0,4614,61909,0
2026/05/29 17:15:11,0,4613,61909,0
2026/05/29 17:15:16,0,4613,61909,0
2026/05/29 17:15:20,0,4612,61909,0
2026/05/29 17:15:25,0,4612,61909,0
2026/05/29 17:15:30,0,4612,61909,0
2026/05/29 17:15:34,0,4612,61909,0
2026/05/29 17:15:39,0,4612,61909,0
2026/05/29 17:15:43,0,4612,61909,0
2026/05/29 17:15:48,0,4611,61909,0
2026/05/29 17:15:52,0,4612,61909,0
2026/05/29 17:15:57,0,4613,61909,0
2026/05/29 17:16:01,0,4614,61909,0
2026/05/29 17:16:06,0,4614,61909,0
2026/05/29 17:16:10,0,4616,61909,0
2026/05/29 17:16:15,0,4618,61909,0
2026/05/29 17:16:19,0,4618,61909,0
2026/05/29 17:16:24,0,4618,61909,0
2026/05/29 17:16:28,0,4618,61909,0
2026/05/29 17:16:33,0,4618,61909,0
2026/05/29 17:16:37,0,4618,61909,0
2026/05/29 17:16:42,0,4618,61909,0
2026/05/29 17:16:46,0,4618,61909,0
2026/05/29 17:16:51,0,4618,61909,0
2026/05/29 17:16:55,0,4619,61909,0
2026/05/29 17:17:00,0,4619,61909,0
2026/05/29 17:17:04,0,4619,61909,0
2026/05/29 17:17:09,0,4618,61909,0
2026/05/29 17:17:13,0,4618,61909,0
2026/05/29 17:17:18,0,4619,61909,0
2026/05/29 17:17:22,0,4618,61909,0
2026/05/29 17:17:27,0,4616,61909,0
2026/05/29 17:17:32,0,4617,61909,0
2026/05/29 17:17:36,0,4617,61909,0
2026/05/29 17:17:41,0,4616,61909,0
2026/05/29 17:17:45,0,4615,61909,0
2026/05/29 17:17:50,0,4615,61909,0
2026/05/29 17:17:54,0,4614,61909,0
2026/05/29 17:17:59,0,4614,61909,0
2026/05/29 17:18:03,0,4614,61909,0
2026/05/29 17:18:08,0,4614,61909,0
2026/05/29 17:18:12,0,4614,61909,0
2026/05/29 17:18:17,0,4615,61909,0
2026/05/29 17:18:21,0,4616,61909,0
2026/05/29 17:18:26,0,4616,61909,0
2026/05/29 17:18:30,0,4616,61909,0
2026/05/29 17:18:35,0,4616,61909,0
2026/05/29 17:18:39,0,4616,61909,0
2026/05/29 17:18:44,0,4616,61909,0
2026/05/29 17:18:48,0,4616,61909,0
2026/05/29 17:18:53,0,4616,61909,0
2026/05/29 17:18:57,0,4615,61909,0
2026/05/29 17:19:02,0,4616,61909,0
2026/05/29 17:19:06,0,4615,61909,0
2026/05/29 17:19:11,0,4616,61909,0
2026/05/29 17:19:15,0,4616,61909,0
2026/05/29 17:19:20,0,4617,61909,0
2026/05/29 17:19:24,0,4617,61909,0
2026/05/29 17:19:29,0,4618,61909,0
2026/05/29 17:19:34,0,4617,61909,0
2026/05/29 17:19:38,0,4617,61909,0
2026/05/29 17:19:43,0,4618,61909,0
2026/05/29 17:19:47,0,4618,61909,0
2026/05/29 17:19:52,0,4620,61909,0
2026/05/29 17:19:56,0,4620,61909,0
2026/05/29 17:20:01,0,4621,61909,0
2026/05/29 17:20:05,0,4621,61909,0
2026/05/29 17:20:10,0,4621,61909,0
2026/05/29 17:20:14,0,4622,61909,0
2026/05/29 17:20:19,0,4622,61909,0
2026/05/29 17:20:23,0,4623,61909,0
2026/05/29 17:20:28,0,4622,61909,0
2026/05/29 17:20:32,0,4622,61909,0
2026/05/29 17:20:37,0,4622,61909,0
2026/05/29 17:20:41,0,4621,61909,0
2026/05/29 17:20:46,0,4620,61909,0
2026/05/29 17:20:50,0,4620,61909,0
2026/05/29 17:20:55,0,4620,61909,0
2026/05/29 17:20:59,0,4621,61909,0
2026/05/29 17:21:04,0,4621,61909,0
2026/05/29 17:21:08,0,4621,61909,0
2026/05/29 17:21:13,0,4621,61909,0
2026/05/29 17:21:17,0,4621,61909,0
2026/05/29 17:21:22,0,4621,61909,0
2026/05/29 17:21:27,0,4621,61909,0
2026/05/29 17:21:31,0,4620,61909,0
2026/05/29 17:21:36,0,5694,61909,0
2026/05/29 17:21:40,0,5601,61909,0
2026/05/29 17:21:45,0,5685,61909,0
2026/05/29 17:21:49,0,5594,61909,0
2026/05/29 17:21:54,0,5491,61909,0
2026/05/29 17:21:58,0,5478,61909,0
2026/05/29 17:22:03,0,5491,61909,0
2026/05/29 17:22:07,0,5434,61909,0
2026/05/29 17:22:12,0,4934,61909,0
2026/05/29 17:22:16,0,4750,61909,0
2026/05/29 17:22:21,0,4668,61909,0
2026/05/29 17:22:25,0,4628,61909,0
2026/05/29 17:22:30,0,4623,61909,0
2026/05/29 17:22:34,0,4624,61909,0
2026/05/29 17:22:39,0,4623,61909,0
2026/05/29 17:22:43,0,4622,61909,0
2026/05/29 17:22:48,0,4623,61909,0
2026/05/29 17:22:52,0,4623,61909,0
2026/05/29 17:22:57,0,4622,61909,0
2026/05/29 17:23:01,0,4622,61909,0
2026/05/29 17:23:06,0,4621,61909,0
2026/05/29 17:23:10,0,4622,61909,0
2026/05/29 17:23:15,0,4621,61909,0
2026/05/29 17:23:20,0,4621,61909,0
2026/05/29 17:23:24,0,4619,61909,0
2026/05/29 17:23:29,0,4619,61909,0
2026/05/29 17:23:33,0,4619,61909,0
2026/05/29 17:23:38,0,4619,61909,0
2026/05/29 17:23:42,0,4618,61909,0
2026/05/29 17:23:47,0,4618,61909,0
2026/05/29 17:23:51,0,4618,61909,0
2026/05/29 17:23:56,0,4618,61909,0
2026/05/29 17:24:00,0,4618,61909,0
2026/05/29 17:24:05,0,4618,61909,0
2026/05/29 17:24:09,0,4618,61909,0
2026/05/29 17:24:14,0,4618,61909,0
2026/05/29 17:24:18,0,4620,61909,0
2026/05/29 17:24:23,0,4620,61909,0
2026/05/29 17:24:27,0,4620,61909,0
2026/05/29 17:24:32,0,4620,61909,0
2026/05/29 17:24:36,0,4620,61909,0
2026/05/29 17:24:41,0,4620,61909,0
2026/05/29 17:24:45,0,4620,61909,0
2026/05/29 17:24:50,0,4621,61909,0
2026/05/29 17:24:54,0,4622,61909,0
2026/05/29 17:24:59,0,4621,61909,0
2026/05/29 17:25:03,0,4620,61909,0
2026/05/29 17:25:08,0,4621,61909,0
2026/05/29 17:25:12,0,4621,61909,0
2026/05/29 17:25:17,0,4621,61909,0
2026/05/29 17:25:22,0,4620,61909,0
2026/05/29 17:25:26,0,4620,61909,0
2026/05/29 17:25:31,0,4621,61909,0
2026/05/29 17:25:35,0,4620,61909,0
2026/05/29 17:25:40,0,4620,61909,0
2026/05/29 17:25:44,0,4620,61909,0
2026/05/29 17:25:49,0,4619,61909,0
2026/05/29 17:25:53,0,4619,61909,0
2026/05/29 17:25:58,0,4619,61909,0
2026/05/29 17:26:02,0,4619,61909,0
2026/05/29 17:26:07,0,4620,61909,0
2026/05/29 17:26:11,0,4619,61909,0
2026/05/29 17:26:16,0,4619,61909,0
2026/05/29 17:26:20,0,4618,61909,0
2026/05/29 17:26:25,0,4618,61909,0
2026/05/29 17:26:29,0,4618,61909,0
2026/05/29 17:26:34,0,4618,61909,0
2026/05/29 17:26:38,0,4618,61909,0
2026/05/29 17:26:43,0,4618,61909,0
2026/05/29 17:26:47,0,4617,61909,0
2026/05/29 17:26:52,0,4617,61909,0
2026/05/29 17:26:56,0,4617,61909,0
2026/05/29 17:27:01,0,4617,61909,0
2026/05/29 17:27:05,0,4617,61909,0
2026/05/29 17:27:10,0,4618,61909,0
2026/05/29 17:27:14,0,4617,61909,0
2026/05/29 17:27:19,0,4618,61909,0
2026/05/29 17:27:24,0,4617,61909,0
2026/05/29 17:27:28,0,4618,61909,0
2026/05/29 17:27:33,0,5549,61909,0
2026/05/29 17:27:37,0,5653,61909,0
2026/05/29 17:27:42,0,5612,61909,0
2026/05/29 17:27:46,0,5664,61909,0
2026/05/29 17:27:51,0,5469,61909,0
2026/05/29 17:27:55,0,5458,61909,0
2026/05/29 17:28:00,0,5535,61909,0
2026/05/29 17:28:04,0,5453,61909,0
2026/05/29 17:28:09,0,5112,61909,0
2026/05/29 17:28:13,0,4870,61909,0
2026/05/29 17:28:18,0,4728,61909,0
2026/05/29 17:28:22,0,4666,61909,0
2026/05/29 17:28:27,0,4655,61909,0
2026/05/29 17:28:31,0,4653,61909,0
2026/05/29 17:28:36,0,4654,61909,0
2026/05/29 17:28:40,0,4654,61909,0
2026/05/29 17:28:45,0,4653,61909,0
2026/05/29 17:28:49,0,4653,61909,0
2026/05/29 17:28:54,0,4652,61909,0
2026/05/29 17:28:58,0,4653,61909,0
2026/05/29 17:29:03,0,4654,61909,0
2026/05/29 17:29:08,0,4654,61909,0
2026/05/29 17:29:12,0,4655,61909,0
2026/05/29 17:29:17,0,4654,61909,0
2026/05/29 17:29:21,0,4654,61909,0
2026/05/29 17:29:26,0,4656,61909,0
2026/05/29 17:29:30,0,4658,61909,0
2026/05/29 17:29:35,0,4657,61909,0
2026/05/29 17:29:39,0,4658,61909,0
2026/05/29 17:29:44,0,4657,61909,0
2026/05/29 17:29:48,0,4656,61909,0
2026/05/29 17:29:53,0,4654,61909,0
2026/05/29 17:29:57,0,4654,61909,0
2026/05/29 17:30:02,0,4653,61909,0
2026/05/29 17:30:06,0,4653,61909,0
2026/05/29 17:30:11,0,4653,61909,0
2026/05/29 17:30:15,0,4653,61909,0
2026/05/29 17:30:20,0,4654,61909,0
2026/05/29 17:30:24,0,4656,61909,0
2026/05/29 17:30:29,0,4656,61909,0
2026/05/29 17:30:33,0,4656,61909,0
2026/05/29 17:30:38,0,4655,61909,0
2026/05/29 17:30:42,0,4652,61909,0
2026/05/29 17:30:47,0,4651,61909,0
2026/05/29 17:30:51,0,4651,61909,0
2026/05/29 17:30:56,0,4652,61909,0
2026/05/29 17:31:00,0,4652,61909,0
2026/05/29 17:31:05,0,4653,61909,0
2026/05/29 17:31:10,0,4654,61909,0
2026/05/29 17:31:14,0,4653,61909,0
2026/05/29 17:31:19,0,4654,61909,0
2026/05/29 17:31:23,0,4654,61909,0
2026/05/29 17:31:28,0,4653,61909,0
2026/05/29 17:31:32,0,4655,61909,0
2026/05/29 17:31:37,0,4654,61909,0
2026/05/29 17:31:41,0,4654,61909,0
2026/05/29 17:31:46,0,4654,61909,0
2026/05/29 17:31:50,0,4652,61909,0
2026/05/29 17:31:55,0,4652,61909,0
2026/05/29 17:31:59,0,4652,61909,0
2026/05/29 17:32:04,0,4651,61909,0
2026/05/29 17:32:08,0,4652,61909,0
2026/05/29 17:32:13,0,4652,61909,0
2026/05/29 17:32:17,0,4652,61909,0
2026/05/29 17:32:22,0,4652,61909,0
2026/05/29 17:32:26,0,4651,61909,0
2026/05/29 17:32:31,0,4651,61909,0
2026/05/29 17:32:35,0,4651,61909,0
2026/05/29 17:32:40,0,4651,61909,0
2026/05/29 17:32:44,0,4651,61909,0
2026/05/29 17:32:49,0,4652,61909,0
2026/05/29 17:32:53,0,4652,61909,0
2026/05/29 17:32:58,0,4651,61909,0
2026/05/29 17:33:02,0,4651,61909,0
2026/05/29 17:33:07,0,4651,61909,0
2026/05/29 17:33:12,0,4650,61909,0
2026/05/29 17:33:16,0,4650,61909,0
2026/05/29 17:33:21,0,4650,61909,0
2026/05/29 17:33:25,0,4651,61909,0
2026/05/29 17:33:30,0,4651,61909,0
2026/05/29 17:33:34,0,4651,61909,0
2026/05/29 17:33:39,0,4651,61909,0
2026/05/29 17:33:43,0,4651,61909,0
2026/05/29 17:33:48,0,4651,61909,0
2026/05/29 17:33:52,0,4651,61909,0
2026/05/29 17:33:57,0,4652,61909,0
2026/05/29 17:34:01,0,4651,61909,0
2026/05/29 17:34:06,0,4652,61909,0
2026/05/29 17:34:10,0,4651,61909,0
2026/05/29 17:34:15,0,4652,61909,0
2026/05/29 17:34:19,0,4652,61909,0
2026/05/29 17:34:24,0,4652,61909,0
2026/05/29 17:34:28,0,4652,61909,0
2026/05/29 17:34:33,0,4653,61909,0
2026/05/29 17:34:37,0,4654,61909,0
2026/05/29 17:34:42,0,4654,61909,0
2026/05/29 17:34:46,0,4654,61909,0
2026/05/29 17:34:51,0,4653,61909,0
2026/05/29 17:34:55,0,4654,61909,0
2026/05/29 17:35:00,0,4654,61909,0
2026/05/29 17:35:04,0,4655,61909,0
2026/05/29 17:35:09,0,4656,61909,0
2026/05/29 17:35:14,0,4655,61909,0
2026/05/29 17:35:18,0,4654,61909,0
2026/05/29 17:35:23,0,4654,61909,0
2026/05/29 17:35:27,0,4655,61909,0
2026/05/29 17:35:32,0,4654,61909,0
2026/05/29 17:35:36,0,4655,61909,0
2026/05/29 17:35:41,0,4655,61909,0
2026/05/29 17:35:45,0,4655,61909,0
2026/05/29 17:35:50,0,4656,61909,0
2026/05/29 17:35:54,0,4656,61909,0
2026/05/29 17:35:59,0,4656,61909,0
2026/05/29 17:36:03,0,4656,61909,0
2026/05/29 17:36:08,0,4657,61909,0
2026/05/29 17:36:12,0,4656,61909,0
2026/05/29 17:36:17,0,4658,61909,0
2026/05/29 17:36:21,0,4657,61909,0
2026/05/29 17:36:26,0,4658,61909,0
2026/05/29 17:36:30,0,4658,61909,0
2026/05/29 17:36:35,0,4658,61909,0
2026/05/29 17:36:39,0,4658,61909,0
2026/05/29 17:36:44,0,4658,61909,0
2026/05/29 17:36:48,0,4659,61909,0
2026/05/29 17:36:53,0,4658,61909,0
2026/05/29 17:36:57,0,4659,61909,0
2026/05/29 17:37:02,0,4659,61909,0
2026/05/29 17:37:06,0,4659,61909,0
2026/05/29 17:37:11,0,4658,61909,0
2026/05/29 17:37:16,0,4658,61909,0
2026/05/29 17:37:20,0,4658,61909,0
2026/05/29 17:37:25,0,4658,61909,0
2026/05/29 17:37:29,0,4658,61909,0
2026/05/29 17:37:34,0,4658,61909,0
2026/05/29 17:37:38,0,4659,61909,0
2026/05/29 17:37:43,0,4659,61909,0
2026/05/29 17:37:47,0,4659,61909,0
2026/05/29 17:37:52,0,4659,61909,0
2026/05/29 17:37:56,0,4659,61909,0
2026/05/29 17:38:01,0,4659,61909,0
2026/05/29 17:38:05,0,4658,61909,0
2026/05/29 17:38:10,0,4658,61909,0
2026/05/29 17:38:14,0,4659,61909,0
2026/05/29 17:38:19,0,4659,61909,0
2026/05/29 17:38:23,0,4659,61909,0
2026/05/29 17:38:28,0,4660,61909,0
2026/05/29 17:38:32,0,4659,61909,0
2026/05/29 17:38:37,0,4659,61909,0
2026/05/29 17:38:41,0,4659,61909,0
2026/05/29 17:38:46,0,4659,61909,0
2026/05/29 17:38:50,0,4660,61909,0
2026/05/29 17:38:55,0,4660,61909,0
2026/05/29 17:38:59,0,4660,61909,0
2026/05/29 17:39:04,0,4660,61909,0
2026/05/29 17:39:08,0,4660,61909,0
2026/05/29 17:39:13,0,4660,61909,0
2026/05/29 17:39:17,0,4661,61909,0
2026/05/29 17:39:22,0,4659,61909,0
2026/05/29 17:39:27,0,4659,61909,0
2026/05/29 17:39:31,0,4659,61909,0
2026/05/29 17:39:36,0,4660,61909,0
2026/05/29 17:39:40,0,4660,61909,0
2026/05/29 17:39:45,0,4660,61909,0
2026/05/29 17:39:49,0,4659,61909,0
2026/05/29 17:39:54,0,4659,61909,0
2026/05/29 17:39:58,0,4659,61909,0
2026/05/29 17:40:03,0,4657,61909,0
2026/05/29 17:40:07,0,4657,61909,0
2026/05/29 17:40:12,0,4657,61909,0
2026/05/29 17:40:16,0,4657,61909,0
2026/05/29 17:40:21,0,4657,61909,0
2026/05/29 17:40:25,0,4656,61909,0
2026/05/29 17:40:30,0,4657,61909,0
2026/05/29 17:40:34,0,4656,61909,0
2026/05/29 17:40:39,0,4655,61909,0
2026/05/29 17:40:43,0,4656,61909,0
2026/05/29 17:40:48,0,4656,61909,0
2026/05/29 17:40:52,0,4656,61909,0
2026/05/29 17:40:57,0,4655,61909,0
2026/05/29 17:41:01,0,4652,61909,0
2026/05/29 17:41:06,0,4652,61909,0
2026/05/29 17:41:10,0,4651,61909,0
2026/05/29 17:41:15,0,4652,61909,0
2026/05/29 17:41:19,0,4651,61909,0
2026/05/29 17:41:24,0,4652,61909,0
2026/05/29 17:41:29,0,4652,61909,0
2026/05/29 17:41:33,0,4652,61909,0
2026/05/29 17:41:38,0,4651,61909,0
2026/05/29 17:41:42,0,4652,61909,0
2026/05/29 17:41:47,0,4651,61909,0
2026/05/29 17:41:51,0,4650,61909,0
2026/05/29 17:41:56,0,4650,61909,0
2026/05/29 17:42:00,0,4649,61909,0
2026/05/29 17:42:05,0,4649,61909,0
2026/05/29 17:42:09,0,4649,61909,0
2026/05/29 17:42:14,0,4650,61909,0
2026/05/29 17:42:18,0,4650,61909,0
2026/05/29 17:42:23,0,4650,61909,0
2026/05/29 17:42:27,0,4650,61909,0
2026/05/29 17:42:32,0,4650,61909,0
2026/05/29 17:42:36,0,4649,61909,0
2026/05/29 17:42:41,0,4649,61909,0
2026/05/29 17:42:45,0,4650,61909,0
2026/05/29 17:42:50,0,4650,61909,0
2026/05/29 17:42:54,0,4651,61909,0
2026/05/29 17:42:59,0,4650,61909,0
2026/05/29 17:43:03,0,4651,61909,0
2026/05/29 17:43:08,0,4651,61909,0
2026/05/29 17:43:12,0,4651,61909,0
2026/05/29 17:43:17,0,4651,61909,0
2026/05/29 17:43:21,0,4651,61909,0
2026/05/29 17:43:26,0,4651,61909,0
2026/05/29 17:43:31,0,4651,61909,0
2026/05/29 17:43:35,0,4651,61909,0
2026/05/29 17:43:40,0,4652,61909,0
2026/05/29 17:43:44,0,4651,61909,0
2026/05/29 17:43:49,0,4651,61909,0
2026/05/29 17:43:53,0,4651,61909,0
2026/05/29 17:43:58,0,4651,61909,0
2026/05/29 17:44:02,0,4652,61909,0
2026/05/29 17:44:07,0,4651,61909,0
2026/05/29 17:44:11,0,4651,61909,0
2026/05/29 17:44:16,0,4651,61909,0
2026/05/29 17:44:20,0,4652,61909,0
2026/05/29 17:44:25,0,4653,61909,0
2026/05/29 17:44:29,0,4653,61909,0
2026/05/29 17:44:34,0,4652,61909,0
2026/05/29 17:44:38,0,4652,61909,0
2026/05/29 17:44:43,0,4652,61909,0
2026/05/29 17:44:47,0,4653,61909,0
2026/05/29 17:44:52,0,4653,61909,0
2026/05/29 17:44:56,0,4653,61909,0
2026/05/29 17:45:01,0,4652,61909,0
2026/05/29 17:45:05,0,4651,61909,0
2026/05/29 17:45:10,0,4651,61909,0
2026/05/29 17:45:14,0,4651,61909,0
2026/05/29 17:45:19,0,4651,61909,0
2026/05/29 17:45:23,0,4650,61909,0
2026/05/29 17:45:28,0,4650,61909,0
2026/05/29 17:45:33,0,4649,61909,0
2026/05/29 17:45:37,0,4649,61909,0
2026/05/29 17:45:42,0,4648,61909,0
2026/05/29 17:45:46,0,4648,61909,0
2026/05/29 17:45:51,0,4649,61909,0
2026/05/29 17:45:55,0,4649,61909,0
2026/05/29 17:46:00,0,4649,61909,0
2026/05/29 17:46:04,0,4649,61909,0
2026/05/29 17:46:09,0,4649,61909,0
2026/05/29 17:46:13,0,4649,61909,0
2026/05/29 17:46:18,0,4649,61909,0
2026/05/29 17:46:22,0,4648,61909,0
2026/05/29 17:46:27,0,4647,61909,0
2026/05/29 17:46:31,0,4647,61909,0
2026/05/29 17:46:36,0,4647,61909,0
2026/05/29 17:46:40,0,4646,61909,0
2026/05/29 17:46:45,0,4646,61909,0
2026/05/29 17:46:49,0,4646,61909,0
2026/05/29 17:46:54,0,4647,61909,0
2026/05/29 17:46:58,0,4647,61909,0
2026/05/29 17:47:03,0,4647,61909,0
2026/05/29 17:47:07,0,4648,61909,0
2026/05/29 17:47:12,0,4648,61909,0
2026/05/29 17:47:16,0,4625,61909,0
2026/05/29 17:47:21,0,4625,61909,0
2026/05/29 17:47:25,0,4625,61909,0
2026/05/29 17:47:30,0,4626,61909,0
2026/05/29 17:47:35,0,4625,61909,0
2026/05/29 17:47:39,0,4627,61909,0
2026/05/29 17:47:44,0,4627,61909,0
2026/05/29 17:47:48,0,4627,61909,0
2026/05/29 17:47:53,0,4627,61909,0
2026/05/29 17:47:57,0,4627,61909,0
2026/05/29 17:48:02,0,4628,61909,0
2026/05/29 17:48:06,0,4628,61909,0
2026/05/29 17:48:11,0,4628,61909,0
2026/05/29 17:48:15,0,4629,61909,0
2026/05/29 17:48:20,0,4629,61909,0
2026/05/29 17:48:24,0,4630,61909,0
2026/05/29 17:48:29,0,4631,61909,0
2026/05/29 17:48:33,0,4631,61909,0
2026/05/29 17:48:38,0,4631,61909,0
2026/05/29 17:48:42,0,4631,61909,0
2026/05/29 17:48:47,0,4631,61909,0
2026/05/29 17:48:51,0,4631,61909,0
2026/05/29 17:48:56,0,4632,61909,0
2026/05/29 17:49:00,0,4632,61909,0
2026/05/29 17:49:05,0,4633,61909,0
2026/05/29 17:49:09,0,4633,61909,0
2026/05/29 17:49:14,0,4633,61909,0
2026/05/29 17:49:18,0,4633,61909,0
2026/05/29 17:49:23,0,4634,61909,0
2026/05/29 17:49:27,0,4634,61909,0
2026/05/29 17:49:32,0,4634,61909,0
2026/05/29 17:49:37,0,4634,61909,0
2026/05/29 17:49:41,0,4634,61909,0
2026/05/29 17:49:46,0,4634,61909,0
2026/05/29 17:49:50,0,4635,61909,0
2026/05/29 17:49:55,0,4634,61909,0
2026/05/29 17:49:59,0,4635,61909,0
2026/05/29 17:50:04,0,4635,61909,0
2026/05/29 17:50:08,0,4635,61909,0
2026/05/29 17:50:13,0,4635,61909,0
2026/05/29 17:50:17,0,4634,61909,0
2026/05/29 17:50:22,0,4634,61909,0
2026/05/29 17:50:26,0,4634,61909,0
2026/05/29 17:50:31,0,4635,61909,0
2026/05/29 17:50:35,0,4635,61909,0
2026/05/29 17:50:40,0,4635,61909,0
2026/05/29 17:50:44,0,4635,61909,0
2026/05/29 17:50:49,0,4635,61909,0
2026/05/29 17:50:53,0,4635,61909,0
2026/05/29 17:50:58,0,4635,61909,0
2026/05/29 17:51:02,0,4635,61909,0
2026/05/29 17:51:07,0,4636,61909,0
2026/05/29 17:51:11,0,4636,61909,0
2026/05/29 17:51:16,0,4636,61909,0
2026/05/29 17:51:20,0,4637,61909,0
2026/05/29 17:51:25,0,4637,61909,0
2026/05/29 17:51:29,0,4637,61909,0
2026/05/29 17:51:34,0,4637,61909,0
2026/05/29 17:51:38,0,4638,61909,0
2026/05/29 17:51:43,0,4637,61909,0
2026/05/29 17:51:48,0,4638,61909,0
2026/05/29 17:51:52,0,4638,61909,0
2026/05/29 17:51:57,0,4638,61909,0
2026/05/29 17:52:01,0,4637,61909,0
2026/05/29 17:52:06,0,4638,61909,0
2026/05/29 17:52:10,0,4638,61909,0
2026/05/29 17:52:15,0,4638,61909,0
2026/05/29 17:52:19,0,4638,61909,0
2026/05/29 17:52:24,0,4639,61909,0
2026/05/29 17:52:28,0,4638,61909,0
2026/05/29 17:52:33,0,4638,61909,0
2026/05/29 17:52:37,0,4637,61909,0
2026/05/29 17:52:42,0,4637,61909,0
2026/05/29 17:52:46,0,4637,61909,0
2026/05/29 17:52:51,0,4637,61909,0
2026/05/29 17:52:55,0,4637,61909,0
2026/05/29 17:53:00,0,4637,61909,0
2026/05/29 17:53:04,0,4637,61909,0
2026/05/29 17:53:09,0,4637,61909,0
2026/05/29 17:53:13,0,4637,61909,0
2026/05/29 17:53:18,0,4636,61909,0
2026/05/29 17:53:22,0,4637,61909,0
2026/05/29 17:53:27,0,4637,61909,0
2026/05/29 17:53:31,0,4635,61909,0
2026/05/29 17:53:36,0,4636,61909,0
2026/05/29 17:53:40,0,4636,61909,0
2026/05/29 17:53:45,0,4636,61909,0
2026/05/29 17:53:50,0,4637,61909,0
2026/05/29 17:53:54,0,4636,61909,0
2026/05/29 17:53:59,0,4635,61909,0
2026/05/29 17:54:03,0,4636,61909,0
2026/05/29 17:54:08,0,4636,61909,0
2026/05/29 17:54:12,0,4636,61909,0
2026/05/29 17:54:17,0,4637,61909,0
2026/05/29 17:54:21,0,4637,61909,0
2026/05/29 17:54:26,0,4637,61909,0
2026/05/29 17:54:30,0,4637,61909,0
2026/05/29 17:54:35,0,4637,61909,0
2026/05/29 17:54:39,0,4637,61909,0
2026/05/29 17:54:44,0,4638,61909,0
2026/05/29 17:54:48,0,4637,61909,0
2026/05/29 17:54:53,0,4637,61909,0
2026/05/29 17:54:57,0,4638,61909,0
2026/05/29 17:55:02,0,4638,61909,0
2026/05/29 17:55:06,0,4638,61909,0
2026/05/29 17:55:11,0,4638,61909,0
2026/05/29 17:55:15,0,4638,61909,0
2026/05/29 17:55:20,0,4637,61909,0
2026/05/29 17:55:24,0,4638,61909,0
2026/05/29 17:55:29,0,4639,61909,0
2026/05/29 17:55:33,0,4639,61909,0
2026/05/29 17:55:38,0,4638,61909,0
2026/05/29 17:55:42,0,4638,61909,0
2026/05/29 17:55:47,0,4638,61909,0
2026/05/29 17:55:52,0,4639,61909,0
2026/05/29 17:55:56,0,4639,61909,0
2026/05/29 17:56:01,0,4639,61909,0
2026/05/29 17:56:05,0,4638,61909,0
2026/05/29 17:56:10,0,4639,61909,0
2026/05/29 17:56:14,0,4639,61909,0
2026/05/29 17:56:19,0,4639,61909,0
2026/05/29 17:56:23,0,4639,61909,0
2026/05/29 17:56:28,0,4640,61909,0
2026/05/29 17:56:32,0,4640,61909,0
2026/05/29 17:56:37,0,4640,61909,0
2026/05/29 17:56:41,0,4640,61909,0
2026/05/29 17:56:46,0,4640,61909,0
2026/05/29 17:56:50,0,4640,61909,0
2026/05/29 17:56:55,0,4640,61909,0
2026/05/29 17:56:59,0,4641,61909,0
2026/05/29 17:57:04,0,4640,61909,0
2026/05/29 17:57:08,0,4640,61909,0
2026/05/29 17:57:13,0,4641,61909,0
2026/05/29 17:57:17,0,4641,61909,0
2026/05/29 17:57:22,0,4640,61909,0
2026/05/29 17:57:26,0,4641,61909,0
2026/05/29 17:57:31,0,4641,61909,0
2026/05/29 17:57:35,0,4640,61909,0
2026/05/29 17:57:40,0,4640,61909,0
2026/05/29 17:57:44,0,4641,61909,0
2026/05/29 17:57:49,0,4641,61909,0
2026/05/29 17:57:54,0,4637,61909,0
2026/05/29 17:57:58,0,4637,61909,0
2026/05/29 17:58:03,0,4638,61909,0
2026/05/29 17:58:07,0,4638,61909,0
2026/05/29 17:58:12,0,4639,61909,0
2026/05/29 17:58:16,0,4639,61909,0
2026/05/29 17:58:21,0,4638,61909,0
2026/05/29 17:58:25,0,4638,61909,0
2026/05/29 17:58:30,0,4638,61909,0
2026/05/29 17:58:34,0,4637,61909,0
2026/05/29 17:58:39,0,4637,61909,0
2026/05/29 17:58:43,0,4637,61909,0
2026/05/29 17:58:48,0,4637,61909,0
2026/05/29 17:58:52,0,4636,61909,0
2026/05/29 17:58:57,0,4636,61909,0
2026/05/29 17:59:01,0,4636,61909,0
2026/05/29 17:59:06,0,4636,61909,0
2026/05/29 17:59:10,0,4635,61909,0
2026/05/29 17:59:15,0,4635,61909,0
2026/05/29 17:59:19,0,4636,61909,0
2026/05/29 17:59:24,0,4637,61909,0
2026/05/29 17:59:28,0,4637,61909,0
2026/05/29 17:59:33,0,4636,61909,0
2026/05/29 17:59:37,0,4636,61909,0
2026/05/29 17:59:42,0,4636,61909,0
2026/05/29 17:59:46,0,4637,61909,0
2026/05/29 17:59:51,0,4636,61909,0
2026/05/29 17:59:56,0,4636,61909,0
2026/05/29 18:00:00,0,4636,61909,0
2026/05/29 18:00:05,0,4636,61909,0
2026/05/29 18:00:09,0,4637,61909,0
2026/05/29 18:00:14,0,4636,61909,0
2026/05/29 18:00:18,0,4637,61909,0
2026/05/29 18:00:23,0,4638,61909,0
2026/05/29 18:00:27,0,4639,61909,0
2026/05/29 18:00:32,0,4638,61909,0
2026/05/29 18:00:36,0,4638,61909,0
2026/05/29 18:00:41,0,4638,61909,0
2026/05/29 18:00:45,0,4637,61909,0
2026/05/29 18:00:50,0,4636,61909,0
2026/05/29 18:00:54,0,4638,61909,0
2026/05/29 18:00:59,0,4638,61909,0
2026/05/29 18:01:03,0,4638,61909,0
2026/05/29 18:01:08,0,4638,61909,0
2026/05/29 18:01:12,0,4638,61909,0
2026/05/29 18:01:17,0,4638,61909,0
2026/05/29 18:01:21,0,4639,61909,0
2026/05/29 18:01:26,0,4638,61909,0
2026/05/29 18:01:30,0,4639,61909,0
2026/05/29 18:01:35,0,4638,61909,0
2026/05/29 18:01:39,0,4639,61909,0
2026/05/29 18:01:44,0,4639,61909,0
2026/05/29 18:01:48,0,4639,61909,0
2026/05/29 18:01:53,0,4639,61909,0
2026/05/29 18:01:57,0,4640,61909,0
2026/05/29 18:02:02,0,4640,61909,0
2026/05/29 18:02:07,0,4641,61909,0
2026/05/29 18:02:11,0,4641,61909,0
2026/05/29 18:02:16,0,4641,61909,0
2026/05/29 18:02:20,0,4641,61909,0
2026/05/29 18:02:25,0,4640,61909,0
2026/05/29 18:02:29,0,4640,61909,0
2026/05/29 18:02:34,0,4640,61909,0
2026/05/29 18:02:38,0,4641,61909,0
2026/05/29 18:02:43,0,4641,61909,0
2026/05/29 18:02:47,0,4642,61909,0
2026/05/29 18:02:52,0,4641,61909,0
2026/05/29 18:02:56,0,4641,61909,0
2026/05/29 18:03:01,0,4641,61909,0
2026/05/29 18:03:05,0,4641,61909,0
2026/05/29 18:03:10,0,4641,61909,0
2026/05/29 18:03:14,0,4641,61909,0
2026/05/29 18:03:19,0,4641,61909,0
2026/05/29 18:03:23,0,4641,61909,0
2026/05/29 18:03:28,0,4641,61909,0
2026/05/29 18:03:32,0,4641,61909,0
2026/05/29 18:03:37,0,4642,61909,0
2026/05/29 18:03:41,0,4642,61909,0
2026/05/29 18:03:46,0,4641,61909,0
2026/05/29 18:03:50,0,4641,61909,0
2026/05/29 18:03:55,0,4641,61909,0
2026/05/29 18:03:59,0,4642,61909,0
2026/05/29 18:04:04,0,4641,61909,0
2026/05/29 18:04:09,0,4641,61909,0
2026/05/29 18:04:13,0,4640,61909,0
2026/05/29 18:04:18,0,4641,61909,0
2026/05/29 18:04:22,0,4641,61909,0
2026/05/29 18:04:27,0,4641,61909,0
2026/05/29 18:04:31,0,4642,61909,0
2026/05/29 18:04:36,0,4641,61909,0
2026/05/29 18:04:40,0,4641,61909,0
2026/05/29 18:04:45,0,4641,61909,0
2026/05/29 18:04:49,0,4641,61909,0
2026/05/29 18:04:54,0,4640,61909,0
2026/05/29 18:04:58,0,4640,61909,0
2026/05/29 18:05:03,0,4640,61909,0
2026/05/29 18:05:07,0,4641,61909,0
2026/05/29 18:05:12,0,4640,61909,0
2026/05/29 18:05:16,0,4640,61909,0
2026/05/29 18:05:21,0,4641,61909,0
2026/05/29 18:05:25,0,4641,61909,0
2026/05/29 18:05:30,0,4641,61909,0
2026/05/29 18:05:34,0,4641,61909,0
2026/05/29 18:05:39,0,4641,61909,0
2026/05/29 18:05:43,0,4641,61909,0
2026/05/29 18:05:48,0,4642,61909,0
2026/05/29 18:05:52,0,4642,61909,0
2026/05/29 18:05:57,0,4641,61909,0
2026/05/29 18:06:01,0,4642,61909,0
2026/05/29 18:06:06,0,4642,61909,0
2026/05/29 18:06:11,0,4642,61909,0
2026/05/29 18:06:15,0,4642,61909,0
2026/05/29 18:06:20,0,4642,61909,0
2026/05/29 18:06:24,0,4641,61909,0
2026/05/29 18:06:29,0,4640,61909,0
2026/05/29 18:06:33,0,4640,61909,0
2026/05/29 18:06:38,0,4640,61909,0
2026/05/29 18:06:42,0,4640,61909,0
2026/05/29 18:06:47,0,4640,61909,0
2026/05/29 18:06:51,0,4640,61909,0
2026/05/29 18:06:56,0,4639,61909,0
2026/05/29 18:07:00,0,4640,61909,0
2026/05/29 18:07:05,0,4639,61909,0
2026/05/29 18:07:09,0,4639,61909,0
2026/05/29 18:07:14,0,4639,61909,0
2026/05/29 18:07:18,0,4639,61909,0
2026/05/29 18:07:23,0,4639,61909,0
2026/05/29 18:07:27,0,4639,61909,0
2026/05/29 18:07:32,0,4640,61909,0
2026/05/29 18:07:36,0,4640,61909,0
2026/05/29 18:07:41,0,4640,61909,0
2026/05/29 18:07:45,0,4639,61909,0
2026/05/29 18:07:50,0,4639,61909,0
2026/05/29 18:07:54,0,4639,61909,0
2026/05/29 18:07:59,0,4638,61909,0
2026/05/29 18:08:03,0,4638,61909,0
2026/05/29 18:08:08,0,4639,61909,0
2026/05/29 18:08:13,0,4639,61909,0
2026/05/29 18:08:17,0,4639,61909,0
2026/05/29 18:08:22,0,4640,61909,0
2026/05/29 18:08:26,0,4639,61909,0
2026/05/29 18:08:31,0,4639,61909,0
2026/05/29 18:08:35,0,4639,61909,0
2026/05/29 18:08:40,0,4639,61909,0
2026/05/29 18:08:44,0,4639,61909,0
2026/05/29 18:08:49,0,4639,61909,0
2026/05/29 18:08:53,0,4639,61909,0
2026/05/29 18:08:58,0,4639,61909,0
2026/05/29 18:09:02,0,4639,61909,0
2026/05/29 18:09:07,0,4639,61909,0
2026/05/29 18:09:11,0,4639,61909,0
2026/05/29 18:09:16,0,4639,61909,0
2026/05/29 18:09:20,0,4639,61909,0
2026/05/29 18:09:25,0,4639,61909,0
2026/05/29 18:09:29,0,4639,61909,0
2026/05/29 18:09:34,0,4639,61909,0
2026/05/29 18:09:38,0,4640,61909,0
2026/05/29 18:09:43,0,4640,61909,0
2026/05/29 18:09:47,0,4641,61909,0
2026/05/29 18:09:52,0,4641,61909,0
2026/05/29 18:09:56,0,4640,61909,0
2026/05/29 18:10:01,0,4641,61909,0
2026/05/29 18:10:05,0,4641,61909,0
2026/05/29 18:10:10,0,4640,61909,0
2026/05/29 18:10:15,0,4640,61909,0
2026/05/29 18:10:19,0,4640,61909,0
2026/05/29 18:10:24,0,4639,61909,0
2026/05/29 18:10:28,0,4639,61909,0
2026/05/29 18:10:33,0,4638,61909,0
2026/05/29 18:10:37,0,4638,61909,0
2026/05/29 18:10:42,0,4638,61909,0
2026/05/29 18:10:46,0,4639,61909,0
2026/05/29 18:10:51,0,4639,61909,0
2026/05/29 18:10:55,0,4639,61909,0
2026/05/29 18:11:00,0,4639,61909,0
2026/05/29 18:11:04,0,4639,61909,0
2026/05/29 18:11:09,0,4639,61909,0
2026/05/29 18:11:13,0,4638,61909,0
2026/05/29 18:11:18,0,4638,61909,0
2026/05/29 18:11:22,0,4638,61909,0
2026/05/29 18:11:27,0,4637,61909,0
2026/05/29 18:11:31,0,4638,61909,0
2026/05/29 18:11:36,0,4639,61909,0
2026/05/29 18:11:40,0,4639,61909,0
2026/05/29 18:11:45,0,4639,61909,0
2026/05/29 18:11:49,0,4639,61909,0
2026/05/29 18:11:54,0,4639,61909,0
2026/05/29 18:11:58,0,4639,61909,0
2026/05/29 18:12:03,0,4638,61909,0
2026/05/29 18:12:07,0,4638,61909,0
2026/05/29 18:12:12,0,4638,61909,0
2026/05/29 18:12:17,0,4639,61909,0
2026/05/29 18:12:21,0,4638,61909,0
2026/05/29 18:12:26,0,4638,61909,0
2026/05/29 18:12:30,0,4696,61909,0
2026/05/29 18:12:35,0,3592,61909,0
2026/05/29 18:12:39,0,3506,61909,0
2026/05/29 18:12:44,0,3489,61909,0
2026/05/29 18:12:48,0,3488,61909,0
2026/05/29 18:12:53,0,3487,61909,0
2026/05/29 18:12:57,0,3487,61909,0
2026/05/29 18:13:02,0,3487,61909,0
2026/05/29 18:13:06,0,3487,61909,0
2026/05/29 18:13:11,0,3487,61909,0
2026/05/29 18:13:15,0,3487,61909,0
2026/05/29 18:13:20,0,3486,61909,0
2026/05/29 18:13:24,0,3486,61909,0
2026/05/29 18:13:29,0,3487,61909,0
2026/05/29 18:13:33,0,3487,61909,0
2026/05/29 18:13:38,0,3487,61909,0
2026/05/29 18:13:42,0,3487,61909,0
2026/05/29 18:13:47,0,3486,61909,0
2026/05/29 18:13:51,0,3487,61909,0
2026/05/29 18:13:56,0,3487,61909,0
2026/05/29 18:14:00,0,3487,61909,0
2026/05/29 18:14:05,0,3487,61909,0
2026/05/29 18:14:09,0,3487,61909,0
2026/05/29 18:14:14,0,3487,61909,0
2026/05/29 18:14:18,0,3488,61909,0
2026/05/29 18:14:23,0,3488,61909,0
2026/05/29 18:14:28,0,3487,61909,0
2026/05/29 18:14:32,0,3488,61909,0
2026/05/29 18:14:37,0,3488,61909,0
2026/05/29 18:14:41,0,3487,61909,0
2026/05/29 18:14:46,0,3487,61909,0
2026/05/29 18:14:50,0,3488,61909,0
2026/05/29 18:14:55,0,3487,61909,0
2026/05/29 18:14:59,0,3487,61909,0
2026/05/29 18:15:04,0,3487,61909,0
2026/05/29 18:15:08,0,3487,61909,0
2026/05/29 18:15:13,0,3487,61909,0
2026/05/29 18:15:17,0,3487,61909,0
2026/05/29 18:15:22,0,3487,61909,0
2026/05/29 18:15:26,0,3488,61909,0
2026/05/29 18:15:31,0,3488,61909,0
2026/05/29 18:15:35,0,3488,61909,0
2026/05/29 18:15:40,0,3488,61909,0
2026/05/29 18:15:44,0,3488,61909,0
2026/05/29 18:15:49,0,3488,61909,0
2026/05/29 18:15:53,0,3489,61909,0
2026/05/29 18:15:58,0,3489,61909,0
2026/05/29 18:16:02,0,3489,61909,0
2026/05/29 18:16:07,0,3490,61909,0
2026/05/29 18:16:11,0,3490,61909,0
2026/05/29 18:16:16,0,3489,61909,0
2026/05/29 18:16:20,0,3489,61909,0
2026/05/29 18:16:25,0,3489,61909,0
2026/05/29 18:16:30,0,3489,61909,0
2026/05/29 18:16:34,0,3490,61909,0
2026/05/29 18:16:39,0,3490,61909,0
2026/05/29 18:16:43,0,3490,61909,0
2026/05/29 18:16:48,0,3489,61909,0
2026/05/29 18:16:52,0,3491,61909,0
2026/05/29 18:16:57,0,3491,61909,0
2026/05/29 18:17:01,0,3491,61909,0
2026/05/29 18:17:06,0,3492,61909,0
2026/05/29 18:17:10,0,3492,61909,0
2026/05/29 18:17:15,0,3492,61909,0
2026/05/29 18:17:19,0,3492,61909,0
2026/05/29 18:17:24,0,3492,61909,0
2026/05/29 18:17:28,0,3493,61909,0
2026/05/29 18:17:33,0,3493,61909,0
2026/05/29 18:17:37,0,3493,61909,0
2026/05/29 18:17:42,0,3494,61909,0
2026/05/29 18:17:46,0,3494,61909,0
2026/05/29 18:17:51,0,3494,61909,0
2026/05/29 18:17:55,0,3494,61909,0
2026/05/29 18:18:00,0,3495,61909,0
2026/05/29 18:18:04,0,3496,61909,0
2026/05/29 18:18:09,0,3496,61909,0
2026/05/29 18:18:13,0,3496,61909,0
2026/05/29 18:18:18,0,3496,61909,0
2026/05/29 18:18:22,0,3496,61909,0
2026/05/29 18:18:27,0,3497,61909,0
2026/05/29 18:18:32,0,3496,61909,0
2026/05/29 18:18:36,0,3496,61909,0
2026/05/29 18:18:41,0,3496,61909,0
2026/05/29 18:18:45,0,3496,61909,0
2026/05/29 18:18:50,0,3496,61909,0
2026/05/29 18:18:54,0,3496,61909,0
2026/05/29 18:18:59,0,3496,61909,0
2026/05/29 18:19:03,0,3496,61909,0
2026/05/29 18:19:08,0,3496,61909,0
2026/05/29 18:19:12,0,3495,61909,0
2026/05/29 18:19:17,0,3495,61909,0
2026/05/29 18:19:21,0,3495,61909,0
2026/05/29 18:19:26,0,3497,61909,0
2026/05/29 18:19:30,0,3496,61909,0
2026/05/29 18:19:35,0,3495,61909,0
2026/05/29 18:19:39,0,3496,61909,0
2026/05/29 18:19:44,0,3496,61909,0
2026/05/29 18:19:48,0,3497,61909,0
2026/05/29 18:19:53,0,3496,61909,0
2026/05/29 18:19:57,0,3497,61909,0
2026/05/29 18:20:02,0,3496,61909,0
2026/05/29 18:20:06,0,3497,61909,0
2026/05/29 18:20:11,0,3498,61909,0
2026/05/29 18:20:15,0,3497,61909,0
2026/05/29 18:20:20,0,3497,61909,0
2026/05/29 18:20:24,0,3498,61909,0
2026/05/29 18:20:29,0,3499,61909,0
2026/05/29 18:20:34,0,3498,61909,0
2026/05/29 18:20:38,0,3499,61909,0
2026/05/29 18:20:43,0,3500,61909,0
2026/05/29 18:20:47,0,3498,61909,0
2026/05/29 18:20:52,0,3499,61909,0
2026/05/29 18:20:56,0,3498,61909,0
2026/05/29 18:21:01,0,3498,61909,0
2026/05/29 18:21:05,0,3499,61909,0
2026/05/29 18:21:10,0,3499,61909,0
2026/05/29 18:21:14,0,3499,61909,0
2026/05/29 18:21:19,0,3500,61909,0
2026/05/29 18:21:23,0,3499,61909,0
2026/05/29 18:21:28,0,3500,61909,0
2026/05/29 18:21:32,0,3500,61909,0
2026/05/29 18:21:37,0,3500,61909,0
2026/05/29 18:21:41,0,3501,61909,0
2026/05/29 18:21:46,0,3501,61909,0
2026/05/29 18:21:50,0,3500,61909,0
2026/05/29 18:21:55,0,3500,61909,0
2026/05/29 18:21:59,0,3500,61909,0
2026/05/29 18:22:04,0,3500,61909,0
2026/05/29 18:22:08,0,3499,61909,0
2026/05/29 18:22:13,0,3500,61909,0
2026/05/29 18:22:17,0,3500,61909,0
2026/05/29 18:22:22,0,3500,61909,0
2026/05/29 18:22:26,0,3500,61909,0
2026/05/29 18:22:31,0,3501,61909,0
2026/05/29 18:22:36,0,3501,61909,0
2026/05/29 18:22:40,0,3650,61909,0
2026/05/29 18:22:45,0,3642,61909,0
2026/05/29 18:22:49,0,3588,61909,0
2026/05/29 18:22:54,0,3592,61909,0
2026/05/29 18:22:58,0,3590,61909,0
2026/05/29 18:23:03,0,3982,61909,0
2026/05/29 18:23:07,0,3988,61909,0
2026/05/29 18:23:12,0,3728,61909,0
2026/05/29 18:23:16,0,3640,61909,0
2026/05/29 18:23:21,0,3634,61909,0
2026/05/29 18:23:25,0,3631,61909,0
2026/05/29 18:23:30,0,3631,61909,0
2026/05/29 18:23:34,0,3585,61909,0
2026/05/29 18:23:39,0,3579,61909,0
2026/05/29 18:23:43,0,3586,61909,0
2026/05/29 18:23:48,0,3586,61909,0
2026/05/29 18:23:52,0,3588,61909,0
2026/05/29 18:23:57,0,3722,61909,0
2026/05/29 18:24:01,0,3728,61909,0
2026/05/29 18:24:06,0,3745,61909,0
2026/05/29 18:24:10,0,3742,61909,0
2026/05/29 18:24:15,0,3742,61909,0
2026/05/29 18:24:19,0,3649,61909,0
2026/05/29 18:24:24,0,3617,61909,0
2026/05/29 18:24:28,0,3633,61909,0
2026/05/29 18:24:33,0,3629,61909,0
2026/05/29 18:24:38,0,3629,61909,0
2026/05/29 18:24:42,0,3629,61909,0
2026/05/29 18:24:47,0,3799,61909,0
2026/05/29 18:24:51,0,3800,61909,0
2026/05/29 18:24:56,0,3766,61909,0
2026/05/29 18:25:00,0,3768,61909,0
2026/05/29 18:25:05,0,3767,61909,0
2026/05/29 18:25:09,0,3929,61909,0
2026/05/29 18:25:14,0,4036,61909,0
2026/05/29 18:25:18,0,4005,61909,0
2026/05/29 18:25:23,0,4050,61909,0
2026/05/29 18:25:27,0,4010,61909,0
2026/05/29 18:25:32,0,3993,61909,0
2026/05/29 18:25:36,0,3988,61909,0
2026/05/29 18:25:41,0,3978,61909,0
2026/05/29 18:25:45,0,3980,61909,0
2026/05/29 18:25:50,0,3979,61909,0
2026/05/29 18:25:54,0,4015,61909,0
2026/05/29 18:25:59,0,4013,61909,0
2026/05/29 18:26:03,0,3991,61909,0
2026/05/29 18:26:08,0,3999,61909,0
2026/05/29 18:26:12,0,3964,61909,0
2026/05/29 18:26:17,0,3969,61909,0
2026/05/29 18:26:21,0,3970,61909,0
2026/05/29 18:26:26,0,4012,61909,0
2026/05/29 18:26:30,0,4003,61909,0
2026/05/29 18:26:35,0,3997,61909,0
2026/05/29 18:26:40,0,3973,61909,0
2026/05/29 18:26:44,0,3961,61909,0
2026/05/29 18:26:49,0,3961,61909,0
2026/05/29 18:26:53,0,3961,61909,0
2026/05/29 18:26:58,0,3962,61909,0
2026/05/29 18:27:02,0,3962,61909,0
2026/05/29 18:27:07,0,3963,61909,0
2026/05/29 18:27:11,0,3963,61909,0
2026/05/29 18:27:16,0,3963,61909,0
2026/05/29 18:27:20,0,3963,61909,0
2026/05/29 18:27:25,0,3963,61909,0
2026/05/29 18:27:29,0,3963,61909,0
2026/05/29 18:27:34,0,3964,61909,0
2026/05/29 18:27:38,0,3964,61909,0
2026/05/29 18:27:43,0,3965,61909,0
2026/05/29 18:27:47,0,3966,61909,0
2026/05/29 18:27:52,0,3966,61909,0
2026/05/29 18:27:56,0,3966,61909,0
2026/05/29 18:28:01,0,3966,61909,0
2026/05/29 18:28:05,0,3966,61909,0
2026/05/29 18:28:10,0,3967,61909,0
2026/05/29 18:28:14,0,3968,61909,0
2026/05/29 18:28:19,0,3968,61909,0
2026/05/29 18:28:23,0,3966,61909,0
2026/05/29 18:28:28,0,3966,61909,0
2026/05/29 18:28:32,0,3967,61909,0
2026/05/29 18:28:37,0,3967,61909,0
2026/05/29 18:28:42,0,3967,61909,0
2026/05/29 18:28:46,0,3968,61909,0
2026/05/29 18:28:51,0,3968,61909,0
2026/05/29 18:28:55,0,3969,61909,0
2026/05/29 18:29:00,0,3969,61909,0
2026/05/29 18:29:04,0,3970,61909,0
2026/05/29 18:29:09,0,3972,61909,0
2026/05/29 18:29:13,0,3972,61909,0
2026/05/29 18:29:18,0,3972,61909,0
2026/05/29 18:29:22,0,3972,61909,0
2026/05/29 18:29:27,0,3972,61909,0
2026/05/29 18:29:31,0,3972,61909,0
2026/05/29 18:29:36,0,3972,61909,0
2026/05/29 18:29:40,0,3972,61909,0
2026/05/29 18:29:45,0,3972,61909,0
2026/05/29 18:29:49,0,3972,61909,0
2026/05/29 18:29:54,0,3973,61909,0
2026/05/29 18:29:58,0,3973,61909,0
2026/05/29 18:30:03,0,3973,61909,0
2026/05/29 18:30:07,0,3973,61909,0
2026/05/29 18:30:12,0,3973,61909,0
2026/05/29 18:30:16,0,3974,61909,0
2026/05/29 18:30:21,0,3975,61909,0
2026/05/29 18:30:25,0,3975,61909,0
2026/05/29 18:30:30,0,3975,61909,0
2026/05/29 18:30:34,0,3974,61909,0
2026/05/29 18:30:39,0,3975,61909,0
2026/05/29 18:30:44,0,3976,61909,0
2026/05/29 18:30:48,0,3976,61909,0
2026/05/29 18:30:53,0,3977,61909,0
2026/05/29 18:30:57,0,3977,61909,0
2026/05/29 18:31:02,0,3977,61909,0
2026/05/29 18:31:06,0,3977,61909,0
2026/05/29 18:31:11,0,3976,61909,0
2026/05/29 18:31:15,0,3976,61909,0
2026/05/29 18:31:20,0,3976,61909,0
2026/05/29 18:31:24,0,3975,61909,0
2026/05/29 18:31:29,0,3976,61909,0
2026/05/29 18:31:33,0,3976,61909,0
2026/05/29 18:31:38,0,3977,61909,0
2026/05/29 18:31:42,0,3977,61909,0
2026/05/29 18:31:47,0,3978,61909,0
2026/05/29 18:31:51,0,3978,61909,0
2026/05/29 18:31:56,0,3978,61909,0
2026/05/29 18:32:00,0,3978,61909,0
2026/05/29 18:32:05,0,3961,61909,0
2026/05/29 18:32:09,0,3965,61909,0
2026/05/29 18:32:14,0,3966,61909,0
2026/05/29 18:32:18,0,3966,61909,0
2026/05/29 18:32:23,0,3966,61909,0
2026/05/29 18:32:27,0,3966,61909,0
2026/05/29 18:32:32,0,3967,61909,0
2026/05/29 18:32:36,0,3970,61909,0
2026/05/29 18:32:41,0,3970,61909,0
2026/05/29 18:32:46,0,3971,61909,0
2026/05/29 18:32:50,0,3971,61909,0
2026/05/29 18:32:55,0,3972,61909,0
2026/05/29 18:32:59,0,3972,61909,0
2026/05/29 18:33:04,0,3972,61909,0
2026/05/29 18:33:08,0,3973,61909,0
2026/05/29 18:33:13,0,3973,61909,0
2026/05/29 18:33:17,0,3973,61909,0
2026/05/29 18:33:22,0,3974,61909,0
2026/05/29 18:33:26,0,3973,61909,0
2026/05/29 18:33:31,0,3973,61909,0
2026/05/29 18:33:35,0,3974,61909,0
2026/05/29 18:33:40,0,3974,61909,0
2026/05/29 18:33:44,0,3974,61909,0
2026/05/29 18:33:49,0,3975,61909,0
2026/05/29 18:33:53,0,3977,61909,0
2026/05/29 18:33:58,0,3977,61909,0
2026/05/29 18:34:02,0,3977,61909,0
2026/05/29 18:34:07,0,3977,61909,0
2026/05/29 18:34:11,0,3977,61909,0
2026/05/29 18:34:16,0,3977,61909,0
2026/05/29 18:34:20,0,3977,61909,0
2026/05/29 18:34:25,0,3977,61909,0
2026/05/29 18:34:29,0,3955,61909,0
2026/05/29 18:34:34,0,3955,61909,0
2026/05/29 18:34:38,0,3955,61909,0
2026/05/29 18:34:43,0,3955,61909,0
2026/05/29 18:34:48,0,3956,61909,0
2026/05/29 18:34:52,0,3958,61909,0
2026/05/29 18:34:57,0,3960,61909,0
2026/05/29 18:35:01,0,3961,61909,0
2026/05/29 18:35:06,0,3962,61909,0
2026/05/29 18:35:10,0,3962,61909,0
2026/05/29 18:35:15,0,3962,61909,0
2026/05/29 18:35:19,0,3963,61909,0
2026/05/29 18:35:24,0,3963,61909,0
2026/05/29 18:35:28,0,3964,61909,0
2026/05/29 18:35:33,0,3963,61909,0
2026/05/29 18:35:37,0,3963,61909,0
2026/05/29 18:35:42,0,3964,61909,0
2026/05/29 18:35:46,0,3965,61909,0
2026/05/29 18:35:51,0,3966,61909,0
2026/05/29 18:35:55,0,3966,61909,0
2026/05/29 18:36:00,0,3966,61909,0
2026/05/29 18:36:04,0,3967,61909,0
2026/05/29 18:36:09,0,3967,61909,0
2026/05/29 18:36:13,0,3958,61909,0
2026/05/29 18:36:18,0,3961,61909,0
2026/05/29 18:36:22,0,3961,61909,0
2026/05/29 18:36:27,0,3962,61909,0
2026/05/29 18:36:31,0,3963,61909,0
2026/05/29 18:36:36,0,3953,61909,0
2026/05/29 18:36:41,0,3951,61909,0
2026/05/29 18:36:45,0,3951,61909,0
2026/05/29 18:36:50,0,3952,61909,0
2026/05/29 18:36:54,0,3953,61909,0
2026/05/29 18:36:59,0,3954,61909,0
2026/05/29 18:37:03,0,3954,61909,0
2026/05/29 18:37:08,0,3954,61909,0
2026/05/29 18:37:12,0,3955,61909,0
2026/05/29 18:37:17,0,3956,61909,0
2026/05/29 18:37:21,0,3956,61909,0
2026/05/29 18:37:26,0,3956,61909,0
2026/05/29 18:37:30,0,3955,61909,0
2026/05/29 18:37:35,0,3955,61909,0
2026/05/29 18:37:39,0,3955,61909,0
2026/05/29 18:37:44,0,3956,61909,0
2026/05/29 18:37:48,0,3957,61909,0
2026/05/29 18:37:53,0,3957,61909,0
2026/05/29 18:37:57,0,3957,61909,0
2026/05/29 18:38:02,0,3957,61909,0
2026/05/29 18:38:06,0,3959,61909,0
2026/05/29 18:38:11,0,3959,61909,0
2026/05/29 18:38:15,0,3958,61909,0
2026/05/29 18:38:20,0,3958,61909,0
2026/05/29 18:38:24,0,3959,61909,0
2026/05/29 18:38:29,0,3959,61909,0
2026/05/29 18:38:33,0,3962,61909,0
2026/05/29 18:38:38,0,3962,61909,0
2026/05/29 18:38:43,0,3963,61909,0
2026/05/29 18:38:47,0,3963,61909,0
2026/05/29 18:38:52,0,3961,61909,0
2026/05/29 18:38:56,0,3960,61909,0
2026/05/29 18:39:01,0,3962,61909,0
2026/05/29 18:39:05,0,3962,61909,0
2026/05/29 18:39:10,0,3957,61909,0
2026/05/29 18:39:14,0,3959,61909,0
2026/05/29 18:39:19,0,3957,61909,0
2026/05/29 18:39:23,0,3957,61909,0
2026/05/29 18:39:28,0,3958,61909,0
2026/05/29 18:39:32,0,3960,61909,0
2026/05/29 18:39:37,0,3960,61909,0
2026/05/29 18:39:41,0,3961,61909,0
2026/05/29 18:39:46,0,3961,61909,0
2026/05/29 18:39:50,0,3961,61909,0
2026/05/29 18:39:55,0,3962,61909,0
2026/05/29 18:39:59,0,3963,61909,0
2026/05/29 18:40:04,0,3964,61909,0
2026/05/29 18:40:08,0,3963,61909,0
2026/05/29 18:40:13,0,3963,61909,0
2026/05/29 18:40:17,0,3964,61909,0
2026/05/29 18:40:22,0,3954,61909,0
2026/05/29 18:40:26,0,3957,61909,0
2026/05/29 18:40:31,0,3959,61909,0
2026/05/29 18:40:35,0,3960,61909,0
2026/05/29 18:40:40,0,3961,61909,0
2026/05/29 18:40:45,0,3961,61909,0
2026/05/29 18:40:49,0,3963,61909,0
2026/05/29 18:40:54,0,3965,61909,0
2026/05/29 18:40:58,0,3965,61909,0
2026/05/29 18:41:03,0,3965,61909,0
2026/05/29 18:41:07,0,3965,61909,0
2026/05/29 18:41:12,0,3966,61909,0
2026/05/29 18:41:16,0,3966,61909,0
2026/05/29 18:41:21,0,3966,61909,0
2026/05/29 18:41:25,0,3967,61909,0
2026/05/29 18:41:30,0,3968,61909,0
2026/05/29 18:41:34,0,3968,61909,0
2026/05/29 18:41:39,0,3968,61909,0
2026/05/29 18:41:43,0,3969,61909,0
2026/05/29 18:41:48,0,3970,61909,0
2026/05/29 18:41:52,0,3970,61909,0
2026/05/29 18:41:57,0,3971,61909,0
2026/05/29 18:42:01,0,3971,61909,0
2026/05/29 18:42:06,0,3972,61909,0
2026/05/29 18:42:10,0,3972,61909,0
2026/05/29 18:42:15,0,3972,61909,0
2026/05/29 18:42:19,0,3973,61909,0
2026/05/29 18:42:24,0,3973,61909,0
2026/05/29 18:42:28,0,3973,61909,0
2026/05/29 18:42:33,0,3974,61909,0
2026/05/29 18:42:37,0,3981,61909,0
2026/05/29 18:42:42,0,3980,61909,0
2026/05/29 18:42:47,0,3980,61909,0
2026/05/29 18:42:51,0,3980,61909,0
2026/05/29 18:42:56,0,3980,61909,0
2026/05/29 18:43:00,0,3980,61909,0
2026/05/29 18:43:05,0,3981,61909,0
2026/05/29 18:43:09,0,3981,61909,0
2026/05/29 18:43:14,0,3981,61909,0
2026/05/29 18:43:18,0,3981,61909,0
2026/05/29 18:43:23,0,3981,61909,0
2026/05/29 18:43:27,0,3982,61909,0
2026/05/29 18:43:32,0,3983,61909,0
2026/05/29 18:43:36,0,3983,61909,0
2026/05/29 18:43:41,0,3984,61909,0
2026/05/29 18:43:45,0,3983,61909,0
2026/05/29 18:43:50,0,3983,61909,0
2026/05/29 18:43:54,0,3984,61909,0
2026/05/29 18:43:59,0,3984,61909,0
2026/05/29 18:44:03,0,3983,61909,0
2026/05/29 18:44:08,0,3983,61909,0
2026/05/29 18:44:12,0,3983,61909,0
2026/05/29 18:44:17,0,3984,61909,0
2026/05/29 18:44:21,0,3985,61909,0
2026/05/29 18:44:26,0,3984,61909,0
2026/05/29 18:44:30,0,3985,61909,0
2026/05/29 18:44:35,0,3985,61909,0
2026/05/29 18:44:39,0,3986,61909,0
2026/05/29 18:44:44,0,3986,61909,0
2026/05/29 18:44:49,0,3986,61909,0
2026/05/29 18:44:53,0,3986,61909,0
2026/05/29 18:44:58,0,3986,61909,0
2026/05/29 18:45:02,0,3987,61909,0
2026/05/29 18:45:07,0,3987,61909,0
2026/05/29 18:45:11,0,3988,61909,0
2026/05/29 18:45:16,0,3989,61909,0
2026/05/29 18:45:20,0,3989,61909,0
2026/05/29 18:45:25,0,3989,61909,0
2026/05/29 18:45:29,0,3990,61909,0
2026/05/29 18:45:34,0,3990,61909,0
2026/05/29 18:45:38,0,3990,61909,0
2026/05/29 18:45:43,0,3990,61909,0
2026/05/29 18:45:47,0,3991,61909,0
2026/05/29 18:45:52,0,3992,61909,0
2026/05/29 18:45:56,0,3992,61909,0
2026/05/29 18:46:01,0,3992,61909,0
2026/05/29 18:46:05,0,3993,61909,0
2026/05/29 18:46:10,0,3993,61909,0
2026/05/29 18:46:14,0,3993,61909,0
2026/05/29 18:46:19,0,3993,61909,0
2026/05/29 18:46:23,0,3993,61909,0
2026/05/29 18:46:28,0,3994,61909,0
2026/05/29 18:46:32,0,3995,61909,0
2026/05/29 18:46:37,0,3995,61909,0
2026/05/29 18:46:41,0,3994,61909,0
2026/05/29 18:46:46,0,3994,61909,0
2026/05/29 18:46:51,0,3994,61909,0
2026/05/29 18:46:55,0,4030,61909,0
2026/05/29 18:47:00,0,4014,61909,0
2026/05/29 18:47:04,0,4004,61909,0
2026/05/29 18:47:09,0,3998,61909,0
2026/05/29 18:47:13,0,3997,61909,0
2026/05/29 18:47:18,0,3997,61909,0
2026/05/29 18:47:22,0,3997,61909,0
2026/05/29 18:47:27,0,3998,61909,0
2026/05/29 18:47:31,0,3998,61909,0
2026/05/29 18:47:36,0,3998,61909,0
2026/05/29 18:47:40,0,3998,61909,0
2026/05/29 18:47:45,0,3609,61909,0
2026/05/29 18:47:49,0,3609,61909,0
2026/05/29 18:47:54,0,3583,61909,0
2026/05/29 18:47:58,0,3581,61909,0
2026/05/29 18:48:03,0,3582,61909,0
2026/05/29 18:48:07,0,3583,61909,0
2026/05/29 18:48:12,0,3582,61909,0
2026/05/29 18:48:16,0,3581,61909,0
2026/05/29 18:48:21,0,3581,61909,0
2026/05/29 18:48:25,0,3678,61909,0
2026/05/29 18:48:30,0,3684,61909,0
2026/05/29 18:48:34,0,3804,61909,0
2026/05/29 18:48:39,0,3984,61909,0
2026/05/29 18:48:43,0,3979,61909,0
2026/05/29 18:48:48,0,3956,61909,0
2026/05/29 18:48:52,0,3945,61909,0
2026/05/29 18:48:57,0,3927,61909,0
2026/05/29 18:49:02,0,3925,61909,0
2026/05/29 18:49:06,0,3925,61909,0
2026/05/29 18:49:11,0,3925,61909,0
2026/05/29 18:49:15,0,3925,61909,0
2026/05/29 18:49:20,0,3925,61909,0
2026/05/29 18:49:24,0,3926,61909,0
2026/05/29 18:49:29,0,3926,61909,0
2026/05/29 18:49:33,0,3926,61909,0
2026/05/29 18:49:38,0,3926,61909,0
2026/05/29 18:49:42,0,3929,61909,0
2026/05/29 18:49:47,0,3928,61909,0
2026/05/29 18:49:51,0,3928,61909,0
2026/05/29 18:49:56,0,3929,61909,0
2026/05/29 18:50:00,0,3929,61909,0
2026/05/29 18:50:05,0,3929,61909,0
2026/05/29 18:50:09,0,3929,61909,0
2026/05/29 18:50:14,0,3930,61909,0
2026/05/29 18:50:18,0,3930,61909,0
2026/05/29 18:50:23,0,3930,61909,0
2026/05/29 18:50:27,0,3930,61909,0
2026/05/29 18:50:32,0,3931,61909,0
2026/05/29 18:50:36,0,3931,61909,0
2026/05/29 18:50:41,0,3931,61909,0
2026/05/29 18:50:45,0,3930,61909,0
2026/05/29 18:50:50,0,3635,61909,0
2026/05/29 18:50:54,0,3612,61909,0
2026/05/29 18:50:59,0,3613,61909,0
2026/05/29 18:51:04,0,3613,61909,0
2026/05/29 18:51:08,0,3612,61909,0
2026/05/29 18:51:13,0,3628,61909,0
2026/05/29 18:51:17,0,3651,61909,0
2026/05/29 18:51:22,0,3614,61909,0
2026/05/29 18:51:26,0,3615,61909,0
2026/05/29 18:51:31,0,3613,61909,0
2026/05/29 18:51:35,0,3613,61909,0
2026/05/29 18:51:40,0,3614,61909,0
2026/05/29 18:51:44,0,3615,61909,0
2026/05/29 18:51:49,0,3615,61909,0
2026/05/29 18:51:53,0,3616,61909,0
2026/05/29 18:51:58,0,3616,61909,0
2026/05/29 18:52:02,0,3616,61909,0
2026/05/29 18:52:07,0,3616,61909,0
2026/05/29 18:52:11,0,3616,61909,0
2026/05/29 18:52:16,0,3622,61909,0
2026/05/29 18:52:20,0,3631,61909,0
2026/05/29 18:52:25,0,3631,61909,0
2026/05/29 18:52:29,0,3630,61909,0
2026/05/29 18:52:34,0,3631,61909,0
2026/05/29 18:52:38,0,3631,61909,0
2026/05/29 18:52:43,0,3631,61909,0
2026/05/29 18:52:47,0,3612,61909,0
2026/05/29 18:52:52,0,3610,61909,0
2026/05/29 18:52:57,0,3611,61909,0
2026/05/29 18:53:01,0,3612,61909,0
2026/05/29 18:53:06,0,3609,61909,0
2026/05/29 18:53:10,0,3609,61909,0
2026/05/29 18:53:15,0,3610,61909,0
2026/05/29 18:53:19,0,3612,61909,0
2026/05/29 18:53:24,0,3613,61909,0
2026/05/29 18:53:28,0,3614,61909,0
2026/05/29 18:53:33,0,3617,61909,0
2026/05/29 18:53:37,0,3620,61909,0
2026/05/29 18:53:42,0,3611,61909,0
2026/05/29 18:53:46,0,3614,61909,0
2026/05/29 18:53:51,0,3614,61909,0
2026/05/29 18:53:55,0,3614,61909,0
2026/05/29 18:54:00,0,3614,61909,0
2026/05/29 18:54:04,0,3614,61909,0
2026/05/29 18:54:09,0,3607,61909,0
2026/05/29 18:54:13,0,3607,61909,0
2026/05/29 18:54:18,0,3607,61909,0
2026/05/29 18:54:22,0,3606,61909,0
2026/05/29 18:54:27,0,3606,61909,0
2026/05/29 18:54:31,0,3607,61909,0
2026/05/29 18:54:36,0,3607,61909,0
2026/05/29 18:54:40,0,3607,61909,0
2026/05/29 18:54:45,0,3608,61909,0
2026/05/29 18:54:49,0,3608,61909,0
2026/05/29 18:54:54,0,3608,61909,0
2026/05/29 18:54:58,0,3608,61909,0
2026/05/29 18:55:03,0,3609,61909,0
2026/05/29 18:55:08,0,3608,61909,0
2026/05/29 18:55:12,0,3607,61909,0
2026/05/29 18:55:17,0,3608,61909,0
2026/05/29 18:55:21,0,3609,61909,0
2026/05/29 18:55:26,0,3608,61909,0
2026/05/29 18:55:30,0,3608,61909,0
2026/05/29 18:55:35,0,3608,61909,0
2026/05/29 18:55:39,0,3609,61909,0
2026/05/29 18:55:44,0,3609,61909,0
2026/05/29 18:55:48,0,3609,61909,0
2026/05/29 18:55:53,0,3610,61909,0
2026/05/29 18:55:57,0,3609,61909,0
2026/05/29 18:56:02,0,3610,61909,0
2026/05/29 18:56:06,0,3610,61909,0
2026/05/29 18:56:11,0,3611,61909,0
2026/05/29 18:56:15,0,3611,61909,0
2026/05/29 18:56:20,0,3611,61909,0
2026/05/29 18:56:24,0,3612,61909,0
2026/05/29 18:56:29,0,3612,61909,0
2026/05/29 18:56:33,0,3611,61909,0
2026/05/29 18:56:38,0,3612,61909,0
2026/05/29 18:56:42,0,3613,61909,0
2026/05/29 18:56:47,0,3613,61909,0
2026/05/29 18:56:51,0,3614,61909,0
2026/05/29 18:56:56,0,3613,61909,0
2026/05/29 18:57:00,0,3614,61909,0
2026/05/29 18:57:05,0,3615,61909,0
2026/05/29 18:57:10,0,3615,61909,0
2026/05/29 18:57:14,0,3615,61909,0
2026/05/29 18:57:19,0,3616,61909,0
2026/05/29 18:57:23,0,3615,61909,0
2026/05/29 18:57:28,0,3616,61909,0
2026/05/29 18:57:32,0,3616,61909,0
2026/05/29 18:57:37,0,3616,61909,0
2026/05/29 18:57:41,0,3617,61909,0
2026/05/29 18:57:46,0,3617,61909,0
2026/05/29 18:57:50,0,3617,61909,0
2026/05/29 18:57:55,0,3617,61909,0
2026/05/29 18:57:59,0,3616,61909,0
2026/05/29 18:58:04,0,3616,61909,0
2026/05/29 18:58:08,0,3616,61909,0
2026/05/29 18:58:13,0,3616,61909,0
2026/05/29 18:58:17,0,3616,61909,0
2026/05/29 18:58:22,0,3615,61909,0
2026/05/29 18:58:26,0,3616,61909,0
2026/05/29 18:58:31,0,3616,61909,0
2026/05/29 18:58:35,0,3615,61909,0
2026/05/29 18:58:40,0,3615,61909,0
2026/05/29 18:58:44,0,3615,61909,0
2026/05/29 18:58:49,0,3614,61909,0
2026/05/29 18:58:53,0,3614,61909,0
2026/05/29 18:58:58,0,3613,61909,0
2026/05/29 18:59:02,0,3614,61909,0
2026/05/29 18:59:07,0,3614,61909,0
2026/05/29 18:59:12,0,3613,61909,0
2026/05/29 18:59:16,0,3613,61909,0
2026/05/29 18:59:21,0,3614,61909,0
2026/05/29 18:59:25,0,3614,61909,0
2026/05/29 18:59:30,0,3614,61909,0
2026/05/29 18:59:34,0,3615,61909,0
2026/05/29 18:59:39,0,3615,61909,0
2026/05/29 18:59:43,0,3614,61909,0
2026/05/29 18:59:48,0,3614,61909,0
2026/05/29 18:59:52,0,3615,61909,0
2026/05/29 18:59:57,0,3615,61909,0
2026/05/29 19:00:01,0,3615,61909,0
2026/05/29 19:00:06,0,3615,61909,0
2026/05/29 19:00:10,0,3616,61909,0
2026/05/29 19:00:15,0,3616,61909,0
2026/05/29 19:00:19,0,3615,61909,0
2026/05/29 19:00:24,0,3615,61909,0
2026/05/29 19:00:28,0,3615,61909,0
2026/05/29 19:00:33,0,3616,61909,0
2026/05/29 19:00:37,0,3616,61909,0
2026/05/29 19:00:42,0,3616,61909,0
2026/05/29 19:00:46,0,3615,61909,0
2026/05/29 19:00:51,0,3616,61909,0
2026/05/29 19:00:55,0,3615,61909,0
2026/05/29 19:01:00,0,3615,61909,0
2026/05/29 19:01:04,0,3615,61909,0
2026/05/29 19:01:09,0,3616,61909,0
2026/05/29 19:01:14,0,3616,61909,0
2026/05/29 19:01:18,0,3615,61909,0
2026/05/29 19:01:23,0,3615,61909,0
2026/05/29 19:01:27,0,3616,61909,0
2026/05/29 19:01:32,0,3616,61909,0
2026/05/29 19:01:36,0,3615,61909,0
2026/05/29 19:01:41,0,3616,61909,0
2026/05/29 19:01:45,0,3616,61909,0
2026/05/29 19:01:50,0,3615,61909,0
2026/05/29 19:01:54,0,3615,61909,0
2026/05/29 19:01:59,0,3615,61909,0
2026/05/29 19:02:03,0,3615,61909,0
2026/05/29 19:02:08,0,3615,61909,0
2026/05/29 19:02:12,0,3614,61909,0
2026/05/29 19:02:17,0,3614,61909,0
2026/05/29 19:02:21,0,3614,61909,0
2026/05/29 19:02:26,0,3615,61909,0
2026/05/29 19:02:30,0,3615,61909,0
2026/05/29 19:02:35,0,3615,61909,0
2026/05/29 19:02:39,0,3615,61909,0
2026/05/29 19:02:44,0,3615,61909,0
2026/05/29 19:02:48,0,3615,61909,0
2026/05/29 19:02:53,0,3615,61909,0
2026/05/29 19:02:57,0,3614,61909,0
2026/05/29 19:03:02,0,3614,61909,0
2026/05/29 19:03:06,0,3614,61909,0
2026/05/29 19:03:11,0,3614,61909,0
2026/05/29 19:03:16,0,3614,61909,0
2026/05/29 19:03:20,0,3614,61909,0
2026/05/29 19:03:25,0,3614,61909,0
2026/05/29 19:03:29,0,3614,61909,0
2026/05/29 19:03:34,0,3613,61909,0
2026/05/29 19:03:38,0,3613,61909,0
2026/05/29 19:03:43,0,3613,61909,0
2026/05/29 19:03:47,0,3612,61909,0
2026/05/29 19:03:52,0,3612,61909,0
2026/05/29 19:03:56,0,3612,61909,0
2026/05/29 19:04:01,0,3612,61909,0
2026/05/29 19:04:05,0,3612,61909,0
2026/05/29 19:04:10,0,3612,61909,0
2026/05/29 19:04:14,0,3611,61909,0
2026/05/29 19:04:19,0,3611,61909,0
2026/05/29 19:04:23,0,3611,61909,0
2026/05/29 19:04:28,0,3611,61909,0
2026/05/29 19:04:32,0,3611,61909,0
2026/05/29 19:04:37,0,3611,61909,0
2026/05/29 19:04:41,0,3611,61909,0
2026/05/29 19:04:46,0,3611,61909,0
2026/05/29 19:04:50,0,3611,61909,0
2026/05/29 19:04:55,0,3611,61909,0
2026/05/29 19:04:59,0,3612,61909,0
2026/05/29 19:05:04,0,3612,61909,0
2026/05/29 19:05:08,0,3611,61909,0
2026/05/29 19:05:13,0,3611,61909,0
2026/05/29 19:05:17,0,3612,61909,0
2026/05/29 19:05:22,0,3612,61909,0
2026/05/29 19:05:27,0,3613,61909,0
2026/05/29 19:05:31,0,3613,61909,0
2026/05/29 19:05:36,0,3613,61909,0
2026/05/29 19:05:40,0,3613,61909,0
2026/05/29 19:05:45,0,3613,61909,0
2026/05/29 19:05:49,0,3613,61909,0
2026/05/29 19:05:54,0,3614,61909,0
2026/05/29 19:05:58,0,3614,61909,0
2026/05/29 19:06:03,0,3614,61909,0
2026/05/29 19:06:07,0,3614,61909,0
2026/05/29 19:06:12,0,3615,61909,0
2026/05/29 19:06:16,0,3615,61909,0
2026/05/29 19:06:21,0,3615,61909,0
2026/05/29 19:06:25,0,3616,61909,0
2026/05/29 19:06:30,0,3615,61909,0
2026/05/29 19:06:34,0,3617,61909,0
2026/05/29 19:06:39,0,3617,61909,0
2026/05/29 19:06:43,0,3618,61909,0
2026/05/29 19:06:48,0,3618,61909,0
2026/05/29 19:06:52,0,3617,61909,0
2026/05/29 19:06:57,0,3617,61909,0
2026/05/29 19:07:01,0,3618,61909,0
2026/05/29 19:07:06,0,3618,61909,0
2026/05/29 19:07:10,0,3619,61909,0
2026/05/29 19:07:15,0,3619,61909,0
2026/05/29 19:07:19,0,3619,61909,0
2026/05/29 19:07:24,0,3620,61909,0
2026/05/29 19:07:29,0,3620,61909,0
2026/05/29 19:07:33,0,3620,61909,0
2026/05/29 19:07:38,0,3621,61909,0
2026/05/29 19:07:42,0,3621,61909,0
2026/05/29 19:07:47,0,3621,61909,0
2026/05/29 19:07:51,0,3621,61909,0
2026/05/29 19:07:56,0,3620,61909,0
2026/05/29 19:08:00,0,3620,61909,0
2026/05/29 19:08:05,0,3621,61909,0
2026/05/29 19:08:09,0,3621,61909,0
2026/05/29 19:08:14,0,3621,61909,0
2026/05/29 19:08:18,0,3622,61909,0
2026/05/29 19:08:23,0,3622,61909,0
2026/05/29 19:08:27,0,3622,61909,0
2026/05/29 19:08:32,0,3623,61909,0
2026/05/29 19:08:36,0,3623,61909,0
2026/05/29 19:08:41,0,3622,61909,0
2026/05/29 19:08:45,0,3622,61909,0
2026/05/29 19:08:50,0,3622,61909,0
2026/05/29 19:08:54,0,3622,61909,0
2026/05/29 19:08:59,0,3624,61909,0
2026/05/29 19:09:03,0,3623,61909,0
2026/05/29 19:09:08,0,3623,61909,0
2026/05/29 19:09:12,0,3623,61909,0
2026/05/29 19:09:17,0,3624,61909,0
2026/05/29 19:09:21,0,3624,61909,0
2026/05/29 19:09:26,0,3624,61909,0
2026/05/29 19:09:31,0,3625,61909,0
2026/05/29 19:09:35,0,3625,61909,0
2026/05/29 19:09:40,0,3625,61909,0
2026/05/29 19:09:44,0,3625,61909,0
2026/05/29 19:09:49,0,3625,61909,0
2026/05/29 19:09:53,0,3625,61909,0
2026/05/29 19:09:58,0,3625,61909,0
2026/05/29 19:10:02,0,3625,61909,0
2026/05/29 19:10:07,0,3625,61909,0
2026/05/29 19:10:11,0,3625,61909,0
2026/05/29 19:10:16,0,3625,61909,0
2026/05/29 19:10:20,0,3626,61909,0
2026/05/29 19:10:25,0,3626,61909,0
2026/05/29 19:10:29,0,3627,61909,0
2026/05/29 19:10:34,0,3627,61909,0
2026/05/29 19:10:38,0,3628,61909,0
2026/05/29 19:10:43,0,3627,61909,0
2026/05/29 19:10:47,0,3627,61909,0
2026/05/29 19:10:52,0,3627,61909,0
2026/05/29 19:10:56,0,3627,61909,0
2026/05/29 19:11:01,0,3627,61909,0
2026/05/29 19:11:05,0,3627,61909,0
2026/05/29 19:11:10,0,3627,61909,0
2026/05/29 19:11:14,0,3628,61909,0
2026/05/29 19:11:19,0,3627,61909,0
2026/05/29 19:11:23,0,3627,61909,0
2026/05/29 19:11:28,0,3627,61909,0
2026/05/29 19:11:33,0,3627,61909,0
2026/05/29 19:11:37,0,3628,61909,0
2026/05/29 19:11:42,0,3627,61909,0
2026/05/29 19:11:46,0,3627,61909,0
2026/05/29 19:11:51,0,3627,61909,0
2026/05/29 19:11:55,0,3625,61909,0
2026/05/29 19:12:00,0,3625,61909,0
2026/05/29 19:12:04,0,3625,61909,0
2026/05/29 19:12:09,0,3625,61909,0
2026/05/29 19:12:13,0,3625,61909,0
2026/05/29 19:12:18,0,3625,61909,0
2026/05/29 19:12:22,0,3625,61909,0
2026/05/29 19:12:27,0,3626,61909,0
2026/05/29 19:12:31,0,3626,61909,0
2026/05/29 19:12:36,0,3626,61909,0
2026/05/29 19:12:40,0,3626,61909,0
2026/05/29 19:12:45,0,3625,61909,0
2026/05/29 19:12:49,0,3625,61909,0
2026/05/29 19:12:54,0,3624,61909,0
2026/05/29 19:12:58,0,3625,61909,0
2026/05/29 19:13:03,0,3624,61909,0
2026/05/29 19:13:07,0,3624,61909,0
2026/05/29 19:13:12,0,3623,61909,0
2026/05/29 19:13:16,0,3623,61909,0
2026/05/29 19:13:21,0,3624,61909,0
2026/05/29 19:13:25,0,3624,61909,0
2026/05/29 19:13:30,0,3622,61909,0
2026/05/29 19:13:35,0,3622,61909,0
2026/05/29 19:13:39,0,3622,61909,0
2026/05/29 19:13:44,0,3622,61909,0
2026/05/29 19:13:48,0,3622,61909,0
2026/05/29 19:13:53,0,3622,61909,0
2026/05/29 19:13:57,0,3621,61909,0
2026/05/29 19:14:02,0,3621,61909,0
2026/05/29 19:14:06,0,3621,61909,0
2026/05/29 19:14:11,0,3622,61909,0
2026/05/29 19:14:15,0,3621,61909,0
2026/05/29 19:14:20,0,3621,61909,0
2026/05/29 19:14:24,0,3622,61909,0
2026/05/29 19:14:29,0,3622,61909,0
2026/05/29 19:14:33,0,3622,61909,0
2026/05/29 19:14:38,0,3622,61909,0
2026/05/29 19:14:42,0,3622,61909,0
2026/05/29 19:14:47,0,3622,61909,0
2026/05/29 19:14:51,0,3622,61909,0
2026/05/29 19:14:56,0,3621,61909,0
2026/05/29 19:15:00,0,3622,61909,0
2026/05/29 19:15:05,0,3622,61909,0
2026/05/29 19:15:09,0,3622,61909,0
2026/05/29 19:15:14,0,3622,61909,0
2026/05/29 19:15:18,0,3622,61909,0
2026/05/29 19:15:23,0,3623,61909,0
2026/05/29 19:15:27,0,3623,61909,0
2026/05/29 19:15:32,0,3623,61909,0
2026/05/29 19:15:36,0,3624,61909,0
2026/05/29 19:15:41,0,3623,61909,0
2026/05/29 19:15:46,0,3623,61909,0
2026/05/29 19:15:50,0,3623,61909,0
2026/05/29 19:15:55,0,3623,61909,0
2026/05/29 19:15:59,0,3623,61909,0
2026/05/29 19:16:04,0,3623,61909,0
2026/05/29 19:16:08,0,3622,61909,0
2026/05/29 19:16:13,0,3621,61909,0
2026/05/29 19:16:17,0,3622,61909,0
2026/05/29 19:16:22,0,3622,61909,0
2026/05/29 19:16:26,0,3623,61909,0
2026/05/29 19:16:31,0,3623,61909,0
2026/05/29 19:16:35,0,3623,61909,0
2026/05/29 19:16:40,0,3623,61909,0
2026/05/29 19:16:44,0,3623,61909,0
2026/05/29 19:16:49,0,3623,61909,0
2026/05/29 19:16:53,0,3623,61909,0
2026/05/29 19:16:58,0,3623,61909,0
2026/05/29 19:17:02,0,3623,61909,0
2026/05/29 19:17:07,0,3622,61909,0
2026/05/29 19:17:11,0,3623,61909,0
2026/05/29 19:17:16,0,3623,61909,0
2026/05/29 19:17:20,0,3623,61909,0
2026/05/29 19:17:25,0,3624,61909,0
2026/05/29 19:17:29,0,3623,61909,0
2026/05/29 19:17:34,0,3623,61909,0
2026/05/29 19:17:38,0,3623,61909,0
2026/05/29 19:17:43,0,3624,61909,0
2026/05/29 19:17:48,0,3624,61909,0
2026/05/29 19:17:52,0,3624,61909,0
2026/05/29 19:17:57,0,3624,61909,0
2026/05/29 19:18:01,0,3624,61909,0
2026/05/29 19:18:06,0,3624,61909,0
2026/05/29 19:18:10,0,3623,61909,0
2026/05/29 19:18:15,0,3624,61909,0
2026/05/29 19:18:19,0,3623,61909,0
2026/05/29 19:18:24,0,3624,61909,0
2026/05/29 19:18:28,0,3624,61909,0
2026/05/29 19:18:33,0,3624,61909,0
2026/05/29 19:18:37,0,3624,61909,0
2026/05/29 19:18:42,0,3625,61909,0
2026/05/29 19:18:46,0,3623,61909,0
2026/05/29 19:18:51,0,3623,61909,0
2026/05/29 19:18:55,0,3623,61909,0
2026/05/29 19:19:00,0,3624,61909,0
2026/05/29 19:19:04,0,3624,61909,0
2026/05/29 19:19:09,0,3622,61909,0
2026/05/29 19:19:13,0,3622,61909,0
2026/05/29 19:19:18,0,3622,61909,0
2026/05/29 19:19:22,0,3622,61909,0
2026/05/29 19:19:27,0,3621,61909,0
2026/05/29 19:19:31,0,3621,61909,0
2026/05/29 19:19:36,0,3621,61909,0
2026/05/29 19:19:40,0,3621,61909,0
2026/05/29 19:19:45,0,3621,61909,0
2026/05/29 19:19:50,0,3621,61909,0
2026/05/29 19:19:54,0,3621,61909,0
2026/05/29 19:19:59,0,3621,61909,0
2026/05/29 19:20:03,0,3619,61909,0
2026/05/29 19:20:08,0,3620,61909,0
2026/05/29 19:20:12,0,3619,61909,0
2026/05/29 19:20:17,0,3619,61909,0
2026/05/29 19:20:21,0,3619,61909,0
2026/05/29 19:20:26,0,3619,61909,0
2026/05/29 19:20:30,0,3620,61909,0
2026/05/29 19:20:35,0,3620,61909,0
2026/05/29 19:20:39,0,3619,61909,0
2026/05/29 19:20:44,0,3620,61909,0
2026/05/29 19:20:48,0,3619,61909,0
2026/05/29 19:20:53,0,3619,61909,0
2026/05/29 19:20:57,0,3620,61909,0
2026/05/29 19:21:02,0,3620,61909,0
2026/05/29 19:21:06,0,3621,61909,0
2026/05/29 19:21:11,0,3620,61909,0
2026/05/29 19:21:15,0,3620,61909,0
2026/05/29 19:21:20,0,3620,61909,0
2026/05/29 19:21:24,0,3620,61909,0
2026/05/29 19:21:29,0,3621,61909,0
2026/05/29 19:21:33,0,3621,61909,0
2026/05/29 19:21:38,0,3620,61909,0
2026/05/29 19:21:42,0,3619,61909,0
2026/05/29 19:21:47,0,3621,61909,0
2026/05/29 19:21:52,0,3620,61909,0
2026/05/29 19:21:56,0,3621,61909,0
2026/05/29 19:22:01,0,3620,61909,0
2026/05/29 19:22:05,0,3619,61909,0
2026/05/29 19:22:10,0,3619,61909,0
2026/05/29 19:22:14,0,3619,61909,0
2026/05/29 19:22:19,0,3619,61909,0
2026/05/29 19:22:23,0,3619,61909,0
2026/05/29 19:22:28,0,3619,61909,0
2026/05/29 19:22:32,0,3619,61909,0
2026/05/29 19:22:37,0,3619,61909,0
2026/05/29 19:22:41,0,3620,61909,0
2026/05/29 19:22:46,0,3620,61909,0
2026/05/29 19:22:50,0,3619,61909,0
2026/05/29 19:22:55,0,3620,61909,0
2026/05/29 19:22:59,0,3620,61909,0
2026/05/29 19:23:04,0,3620,61909,0
2026/05/29 19:23:08,0,3621,61909,0
2026/05/29 19:23:13,0,3621,61909,0
2026/05/29 19:23:17,0,3621,61909,0
2026/05/29 19:23:22,0,3621,61909,0
2026/05/29 19:23:26,0,3620,61909,0
2026/05/29 19:23:31,0,3620,61909,0
2026/05/29 19:23:35,0,3618,61909,0
2026/05/29 19:23:40,0,3619,61909,0
2026/05/29 19:23:44,0,3620,61909,0
2026/05/29 19:23:49,0,3620,61909,0
2026/05/29 19:23:54,0,3620,61909,0
2026/05/29 19:23:58,0,3619,61909,0
2026/05/29 19:24:03,0,3619,61909,0
2026/05/29 19:24:07,0,3619,61909,0
2026/05/29 19:24:12,0,3619,61909,0
2026/05/29 19:24:16,0,3619,61909,0
2026/05/29 19:24:21,0,3619,61909,0
2026/05/29 19:24:25,0,3618,61909,0
2026/05/29 19:24:30,0,3618,61909,0
2026/05/29 19:24:34,0,3618,61909,0
2026/05/29 19:24:39,0,3618,61909,0
2026/05/29 19:24:43,0,3617,61909,0
2026/05/29 19:24:48,0,3618,61909,0
2026/05/29 19:24:52,0,3619,61909,0
2026/05/29 19:24:57,0,3618,61909,0
2026/05/29 19:25:01,0,3619,61909,0
2026/05/29 19:25:06,0,3619,61909,0
2026/05/29 19:25:10,0,3619,61909,0
2026/05/29 19:25:15,0,3620,61909,0
2026/05/29 19:25:19,0,3621,61909,0
2026/05/29 19:25:24,0,3621,61909,0
2026/05/29 19:25:28,0,3620,61909,0
2026/05/29 19:25:33,0,3619,61909,0
2026/05/29 19:25:37,0,3619,61909,0
2026/05/29 19:25:42,0,3619,61909,0
2026/05/29 19:25:46,0,3619,61909,0
2026/05/29 19:25:51,0,3619,61909,0
2026/05/29 19:25:55,0,3618,61909,0
2026/05/29 19:26:00,0,3617,61909,0
2026/05/29 19:26:05,0,3617,61909,0
2026/05/29 19:26:09,0,3617,61909,0
2026/05/29 19:26:14,0,3617,61909,0
2026/05/29 19:26:18,0,3617,61909,0
2026/05/29 19:26:23,0,3617,61909,0
2026/05/29 19:26:27,0,3617,61909,0
2026/05/29 19:26:32,0,3618,61909,0
2026/05/29 19:26:36,0,3618,61909,0
2026/05/29 19:26:41,0,3617,61909,0
2026/05/29 19:26:45,0,3619,61909,0
2026/05/29 19:26:50,0,3618,61909,0
2026/05/29 19:26:54,0,3619,61909,0
2026/05/29 19:26:59,0,3619,61909,0
2026/05/29 19:27:03,0,3619,61909,0
2026/05/29 19:27:08,0,3619,61909,0
2026/05/29 19:27:12,0,3619,61909,0
2026/05/29 19:27:17,0,3620,61909,0
2026/05/29 19:27:21,0,3621,61909,0
2026/05/29 19:27:26,0,3621,61909,0
2026/05/29 19:27:30,0,3622,61909,0
2026/05/29 19:27:35,0,3622,61909,0
2026/05/29 19:27:39,0,3622,61909,0
2026/05/29 19:27:44,0,3622,61909,0
2026/05/29 19:27:48,0,3622,61909,0
2026/05/29 19:27:53,0,3622,61909,0
2026/05/29 19:27:57,0,3622,61909,0
2026/05/29 19:28:02,0,3622,61909,0
2026/05/29 19:28:07,0,3623,61909,0
2026/05/29 19:28:11,0,3623,61909,0
2026/05/29 19:28:16,0,3623,61909,0
2026/05/29 19:28:20,0,3623,61909,0
2026/05/29 19:28:25,0,3623,61909,0
2026/05/29 19:28:29,0,3623,61909,0
2026/05/29 19:28:34,0,3622,61909,0
2026/05/29 19:28:38,0,3622,61909,0
2026/05/29 19:28:43,0,3622,61909,0
2026/05/29 19:28:47,0,3622,61909,0
2026/05/29 19:28:52,0,3623,61909,0
2026/05/29 19:28:56,0,3622,61909,0
2026/05/29 19:29:01,0,3622,61909,0
2026/05/29 19:29:05,0,3621,61909,0
2026/05/29 19:29:10,0,3622,61909,0
2026/05/29 19:29:14,0,3623,61909,0
2026/05/29 19:29:19,0,3623,61909,0
2026/05/29 19:29:23,0,3624,61909,0
2026/05/29 19:29:28,0,3624,61909,0
2026/05/29 19:29:32,0,3624,61909,0
2026/05/29 19:29:37,0,3625,61909,0
2026/05/29 19:29:41,0,3625,61909,0
2026/05/29 19:29:46,0,3624,61909,0
2026/05/29 19:29:50,0,3624,61909,0
2026/05/29 19:29:55,0,3623,61909,0
2026/05/29 19:29:59,0,3624,61909,0
2026/05/29 19:30:04,0,3624,61909,0
2026/05/29 19:30:09,0,3623,61909,0
2026/05/29 19:30:13,0,3623,61909,0
2026/05/29 19:30:18,0,3624,61909,0
2026/05/29 19:30:22,0,3623,61909,0
2026/05/29 19:30:27,0,3624,61909,0
2026/05/29 19:30:31,0,3624,61909,0
2026/05/29 19:30:36,0,3624,61909,0
2026/05/29 19:30:40,0,3624,61909,0
2026/05/29 19:30:45,0,3624,61909,0
2026/05/29 19:30:49,0,3624,61909,0
2026/05/29 19:30:54,0,3624,61909,0
2026/05/29 19:30:58,0,3625,61909,0
2026/05/29 19:31:03,0,3625,61909,0
2026/05/29 19:31:07,0,3624,61909,0
2026/05/29 19:31:12,0,3624,61909,0
2026/05/29 19:31:16,0,3624,61909,0
2026/05/29 19:31:21,0,3624,61909,0
2026/05/29 19:31:25,0,3624,61909,0
2026/05/29 19:31:30,0,3624,61909,0
2026/05/29 19:31:34,0,3624,61909,0
2026/05/29 19:31:39,0,3623,61909,0
2026/05/29 19:31:43,0,3623,61909,0
2026/05/29 19:31:48,0,3623,61909,0
2026/05/29 19:31:52,0,3622,61909,0
2026/05/29 19:31:57,0,3622,61909,0
2026/05/29 19:32:01,0,3623,61909,0
2026/05/29 19:32:06,0,3623,61909,0
2026/05/29 19:32:11,0,3624,61909,0
2026/05/29 19:32:15,0,3624,61909,0
2026/05/29 19:32:20,0,3624,61909,0
2026/05/29 19:32:24,0,3624,61909,0
2026/05/29 19:32:29,0,3624,61909,0
2026/05/29 19:32:33,0,3623,61909,0
2026/05/29 19:32:38,0,3623,61909,0
2026/05/29 19:32:42,0,3623,61909,0
2026/05/29 19:32:47,0,3623,61909,0
2026/05/29 19:32:51,0,3624,61909,0
2026/05/29 19:32:56,0,3623,61909,0
2026/05/29 19:33:00,0,3623,61909,0
2026/05/29 19:33:05,0,3623,61909,0
2026/05/29 19:33:09,0,3623,61909,0
2026/05/29 19:33:14,0,3622,61909,0
2026/05/29 19:33:18,0,3622,61909,0
2026/05/29 19:33:23,0,3621,61909,0
2026/05/29 19:33:27,0,3622,61909,0
2026/05/29 19:33:32,0,3622,61909,0
2026/05/29 19:33:36,0,3622,61909,0
2026/05/29 19:33:41,0,3622,61909,0
2026/05/29 19:33:45,0,3622,61909,0
2026/05/29 19:33:50,0,3622,61909,0
2026/05/29 19:33:54,0,3622,61909,0
2026/05/29 19:33:59,0,3621,61909,0
2026/05/29 19:34:03,0,3620,61909,0
2026/05/29 19:34:08,0,3621,61909,0
2026/05/29 19:34:13,0,3622,61909,0
2026/05/29 19:34:17,0,3621,61909,0
2026/05/29 19:34:22,0,3622,61909,0
2026/05/29 19:34:26,0,3622,61909,0
2026/05/29 19:34:31,0,3622,61909,0
2026/05/29 19:34:35,0,3623,61909,0
2026/05/29 19:34:40,0,3624,61909,0
2026/05/29 19:34:44,0,3623,61909,0
2026/05/29 19:34:49,0,3623,61909,0
2026/05/29 19:34:53,0,3622,61909,0
2026/05/29 19:34:58,0,3623,61909,0
2026/05/29 19:35:02,0,3623,61909,0
2026/05/29 19:35:07,0,3624,61909,0
2026/05/29 19:35:11,0,3623,61909,0
2026/05/29 19:35:16,0,3624,61909,0
2026/05/29 19:35:20,0,3623,61909,0
2026/05/29 19:35:25,0,3624,61909,0
2026/05/29 19:35:29,0,3624,61909,0
2026/05/29 19:35:34,0,3624,61909,0
2026/05/29 19:35:38,0,3625,61909,0
2026/05/29 19:35:43,0,3624,61909,0
2026/05/29 19:35:47,0,3624,61909,0
2026/05/29 19:35:52,0,3624,61909,0
2026/05/29 19:35:56,0,3625,61909,0
2026/05/29 19:36:01,0,3625,61909,0
2026/05/29 19:36:05,0,3625,61909,0
2026/05/29 19:36:10,0,3626,61909,0
2026/05/29 19:36:14,0,3625,61909,0
2026/05/29 19:36:19,0,3625,61909,0
2026/05/29 19:36:24,0,3625,61909,0
2026/05/29 19:36:28,0,3625,61909,0
2026/05/29 19:36:33,0,3625,61909,0
2026/05/29 19:36:37,0,3625,61909,0
2026/05/29 19:36:42,0,3625,61909,0
2026/05/29 19:36:46,0,3626,61909,0
2026/05/29 19:36:51,0,3626,61909,0
2026/05/29 19:36:55,0,3626,61909,0
2026/05/29 19:37:00,0,3626,61909,0
2026/05/29 19:37:04,0,3626,61909,0
2026/05/29 19:37:09,0,3626,61909,0
2026/05/29 19:37:13,0,3626,61909,0
2026/05/29 19:37:18,0,3625,61909,0
2026/05/29 19:37:22,0,3625,61909,0
2026/05/29 19:37:27,0,3626,61909,0
2026/05/29 19:37:31,0,3626,61909,0
2026/05/29 19:37:36,0,3626,61909,0
2026/05/29 19:37:40,0,3626,61909,0
2026/05/29 19:37:45,0,3626,61909,0
2026/05/29 19:37:49,0,3626,61909,0
2026/05/29 19:37:54,0,3626,61909,0
2026/05/29 19:37:58,0,3627,61909,0
2026/05/29 19:38:03,0,3627,61909,0
2026/05/29 19:38:07,0,3628,61909,0
2026/05/29 19:38:12,0,3627,61909,0
2026/05/29 19:38:16,0,3627,61909,0
2026/05/29 19:38:21,0,3627,61909,0
2026/05/29 19:38:26,0,3627,61909,0
2026/05/29 19:38:30,0,3627,61909,0
2026/05/29 19:38:35,0,3628,61909,0
2026/05/29 19:38:39,0,3627,61909,0
2026/05/29 19:38:44,0,3627,61909,0
2026/05/29 19:38:48,0,3628,61909,0
2026/05/29 19:38:53,0,3628,61909,0
2026/05/29 19:38:57,0,3628,61909,0
2026/05/29 19:39:02,0,3627,61909,0
2026/05/29 19:39:06,0,3627,61909,0
2026/05/29 19:39:11,0,3627,61909,0
2026/05/29 19:39:15,0,3627,61909,0
2026/05/29 19:39:20,0,3626,61909,0
2026/05/29 19:39:24,0,3626,61909,0
2026/05/29 19:39:29,0,3627,61909,0
2026/05/29 19:39:33,0,3626,61909,0
2026/05/29 19:39:38,0,3627,61909,0
2026/05/29 19:39:42,0,3627,61909,0
2026/05/29 19:39:47,0,3626,61909,0
2026/05/29 19:39:51,0,3626,61909,0
2026/05/29 19:39:56,0,3627,61909,0
2026/05/29 19:40:00,0,3626,61909,0
2026/05/29 19:40:05,0,3626,61909,0
2026/05/29 19:40:09,0,3626,61909,0
2026/05/29 19:40:14,0,3625,61909,0
2026/05/29 19:40:18,0,3626,61909,0
2026/05/29 19:40:23,0,3626,61909,0
2026/05/29 19:40:28,0,3625,61909,0
2026/05/29 19:40:32,0,3625,61909,0
2026/05/29 19:40:37,0,3626,61909,0
2026/05/29 19:40:41,0,3625,61909,0
2026/05/29 19:40:46,0,3625,61909,0
2026/05/29 19:40:50,0,3625,61909,0
2026/05/29 19:40:55,0,3626,61909,0
2026/05/29 19:40:59,0,3626,61909,0
2026/05/29 19:41:04,0,3626,61909,0
2026/05/29 19:41:08,0,3626,61909,0
2026/05/29 19:41:13,0,3626,61909,0
2026/05/29 19:41:17,0,3626,61909,0
2026/05/29 19:41:22,0,3625,61909,0
2026/05/29 19:41:26,0,3626,61909,0
2026/05/29 19:41:31,0,3625,61909,0
2026/05/29 19:41:35,0,3625,61909,0
2026/05/29 19:41:40,0,3625,61909,0
2026/05/29 19:41:44,0,3625,61909,0
2026/05/29 19:41:49,0,3625,61909,0
2026/05/29 19:41:53,0,3624,61909,0
2026/05/29 19:41:58,0,3624,61909,0
2026/05/29 19:42:02,0,3625,61909,0
2026/05/29 19:42:07,0,3624,61909,0
2026/05/29 19:42:11,0,3624,61909,0
2026/05/29 19:42:16,0,3624,61909,0
2026/05/29 19:42:20,0,3625,61909,0
2026/05/29 19:42:25,0,3625,61909,0
2026/05/29 19:42:30,0,3626,61909,0
2026/05/29 19:42:34,0,3625,61909,0
2026/05/29 19:42:39,0,3625,61909,0
2026/05/29 19:42:43,0,3625,61909,0
2026/05/29 19:42:48,0,3624,61909,0
2026/05/29 19:42:52,0,3623,61909,0
2026/05/29 19:42:57,0,3623,61909,0
2026/05/29 19:43:01,0,3624,61909,0
2026/05/29 19:43:06,0,3625,61909,0
2026/05/29 19:43:10,0,3624,61909,0
2026/05/29 19:43:15,0,3624,61909,0
2026/05/29 19:43:19,0,3624,61909,0
2026/05/29 19:43:24,0,3624,61909,0
2026/05/29 19:43:28,0,3623,61909,0
2026/05/29 19:43:33,0,3623,61909,0
2026/05/29 19:43:37,0,3624,61909,0
2026/05/29 19:43:42,0,3624,61909,0
2026/05/29 19:43:46,0,3624,61909,0
2026/05/29 19:43:51,0,3623,61909,0
2026/05/29 19:43:55,0,3623,61909,0
2026/05/29 19:44:00,0,3624,61909,0
2026/05/29 19:44:04,0,3624,61909,0
2026/05/29 19:44:09,0,3625,61909,0
2026/05/29 19:44:13,0,3625,61909,0
2026/05/29 19:44:18,0,3624,61909,0
2026/05/29 19:44:22,0,3623,61909,0
2026/05/29 19:44:27,0,3622,61909,0
2026/05/29 19:44:32,0,3622,61909,0
2026/05/29 19:44:36,0,3622,61909,0
2026/05/29 19:44:41,0,3622,61909,0
2026/05/29 19:44:45,0,3622,61909,0
2026/05/29 19:44:50,0,3622,61909,0
2026/05/29 19:44:54,0,3622,61909,0
2026/05/29 19:44:59,0,3621,61909,0
2026/05/29 19:45:03,0,3620,61909,0
2026/05/29 19:45:08,0,3620,61909,0
2026/05/29 19:45:12,0,3621,61909,0
2026/05/29 19:45:17,0,3621,61909,0
2026/05/29 19:45:21,0,3621,61909,0
2026/05/29 19:45:26,0,3621,61909,0
2026/05/29 19:45:30,0,3621,61909,0
2026/05/29 19:45:35,0,3620,61909,0
2026/05/29 19:45:39,0,3620,61909,0
2026/05/29 19:45:44,0,3620,61909,0
2026/05/29 19:45:48,0,3621,61909,0
2026/05/29 19:45:53,0,3621,61909,0
2026/05/29 19:45:57,0,3621,61909,0
2026/05/29 19:46:02,0,3621,61909,0
2026/05/29 19:46:06,0,3621,61909,0
2026/05/29 19:46:11,0,3622,61909,0
2026/05/29 19:46:15,0,3622,61909,0
2026/05/29 19:46:20,0,3622,61909,0
2026/05/29 19:46:24,0,3621,61909,0
2026/05/29 19:46:29,0,3622,61909,0
2026/05/29 19:46:33,0,3622,61909,0
2026/05/29 19:46:38,0,3621,61909,0
2026/05/29 19:46:43,0,3621,61909,0
2026/05/29 19:46:47,0,3621,61909,0
2026/05/29 19:46:52,0,3621,61909,0
2026/05/29 19:46:56,0,3621,61909,0
2026/05/29 19:47:01,0,3621,61909,0
2026/05/29 19:47:05,0,3621,61909,0
2026/05/29 19:47:10,0,3621,61909,0
2026/05/29 19:47:14,0,3620,61909,0
2026/05/29 19:47:19,0,3620,61909,0
2026/05/29 19:47:23,0,3620,61909,0
2026/05/29 19:47:28,0,3619,61909,0
2026/05/29 19:47:32,0,3619,61909,0
2026/05/29 19:47:37,0,3619,61909,0
2026/05/29 19:47:41,0,3618,61909,0
2026/05/29 19:47:46,0,3618,61909,0
2026/05/29 19:47:50,0,3618,61909,0
2026/05/29 19:47:55,0,3618,61909,0
2026/05/29 19:47:59,0,3616,61909,0
2026/05/29 19:48:04,0,3616,61909,0
2026/05/29 19:48:08,0,3616,61909,0
2026/05/29 19:48:13,0,3616,61909,0
2026/05/29 19:48:17,0,3616,61909,0
2026/05/29 19:48:22,0,3616,61909,0
2026/05/29 19:48:26,0,3616,61909,0
2026/05/29 19:48:31,0,3615,61909,0
2026/05/29 19:48:35,0,3615,61909,0
2026/05/29 19:48:40,0,3615,61909,0
2026/05/29 19:48:45,0,3615,61909,0
2026/05/29 19:48:49,0,3615,61909,0
2026/05/29 19:48:54,0,3614,61909,0
2026/05/29 19:48:58,0,3614,61909,0
2026/05/29 19:49:03,0,3614,61909,0
2026/05/29 19:49:07,0,3615,61909,0
2026/05/29 19:49:12,0,3615,61909,0
2026/05/29 19:49:16,0,3615,61909,0
2026/05/29 19:49:21,0,3615,61909,0
2026/05/29 19:49:25,0,3614,61909,0
2026/05/29 19:49:30,0,3615,61909,0
2026/05/29 19:49:34,0,3615,61909,0
2026/05/29 19:49:39,0,3615,61909,0
2026/05/29 19:49:43,0,3616,61909,0
2026/05/29 19:49:48,0,3616,61909,0
2026/05/29 19:49:52,0,3616,61909,0
2026/05/29 19:49:57,0,3616,61909,0
2026/05/29 19:50:01,0,3616,61909,0
2026/05/29 19:50:06,0,3616,61909,0
2026/05/29 19:50:10,0,3617,61909,0
2026/05/29 19:50:15,0,3617,61909,0
2026/05/29 19:50:19,0,3617,61909,0
2026/05/29 19:50:24,0,3616,61909,0
2026/05/29 19:50:28,0,3616,61909,0
2026/05/29 19:50:33,0,3615,61909,0
2026/05/29 19:50:37,0,3616,61909,0
2026/05/29 19:50:42,0,3616,61909,0
2026/05/29 19:50:47,0,3616,61909,0
2026/05/29 19:50:51,0,3616,61909,0
2026/05/29 19:50:56,0,3616,61909,0
2026/05/29 19:51:00,0,3617,61909,0
2026/05/29 19:51:05,0,3616,61909,0
2026/05/29 19:51:09,0,3616,61909,0
2026/05/29 19:51:14,0,3617,61909,0
2026/05/29 19:51:18,0,3616,61909,0
2026/05/29 19:51:23,0,3616,61909,0
2026/05/29 19:51:27,0,3616,61909,0
2026/05/29 19:51:32,0,3617,61909,0
2026/05/29 19:51:36,0,3617,61909,0
2026/05/29 19:51:41,0,3616,61909,0
2026/05/29 19:51:45,0,3616,61909,0
2026/05/29 19:51:50,0,3617,61909,0
2026/05/29 19:51:54,0,3618,61909,0
2026/05/29 19:51:59,0,3618,61909,0
2026/05/29 19:52:03,0,3618,61909,0
2026/05/29 19:52:08,0,3618,61909,0
2026/05/29 19:52:12,0,3618,61909,0
2026/05/29 19:52:17,0,3618,61909,0
2026/05/29 19:52:21,0,3618,61909,0
2026/05/29 19:52:26,0,3617,61909,0
2026/05/29 19:52:30,0,3617,61909,0
2026/05/29 19:52:35,0,3616,61909,0
2026/05/29 19:52:39,0,3616,61909,0
2026/05/29 19:52:44,0,3616,61909,0
2026/05/29 19:52:49,0,3616,61909,0
2026/05/29 19:52:53,0,3616,61909,0
2026/05/29 19:52:58,0,3615,61909,0
2026/05/29 19:53:02,0,3615,61909,0
2026/05/29 19:53:07,0,3615,61909,0
2026/05/29 19:53:11,0,3614,61909,0
2026/05/29 19:53:16,0,3613,61909,0
2026/05/29 19:53:20,0,3613,61909,0
2026/05/29 19:53:25,0,3613,61909,0
2026/05/29 19:53:29,0,3613,61909,0
2026/05/29 19:53:34,0,3613,61909,0
2026/05/29 19:53:38,0,3613,61909,0
2026/05/29 19:53:43,0,3613,61909,0
2026/05/29 19:53:47,0,3613,61909,0
2026/05/29 19:53:52,0,3613,61909,0
2026/05/29 19:53:56,0,3613,61909,0
2026/05/29 19:54:01,0,3613,61909,0
2026/05/29 19:54:05,0,3613,61909,0
2026/05/29 19:54:10,0,3613,61909,0
2026/05/29 19:54:14,0,3612,61909,0
2026/05/29 19:54:19,0,3612,61909,0
2026/05/29 19:54:23,0,3612,61909,0
2026/05/29 19:54:28,0,3612,61909,0
2026/05/29 19:54:32,0,3612,61909,0
2026/05/29 19:54:37,0,3611,61909,0
2026/05/29 19:54:41,0,3611,61909,0
2026/05/29 19:54:46,0,3612,61909,0
2026/05/29 19:54:51,0,3612,61909,0
2026/05/29 19:54:55,0,3612,61909,0
2026/05/29 19:55:00,0,3612,61909,0
2026/05/29 19:55:04,0,3612,61909,0
2026/05/29 19:55:09,0,3612,61909,0
2026/05/29 19:55:13,0,3612,61909,0
2026/05/29 19:55:18,0,3612,61909,0
2026/05/29 19:55:22,0,3612,61909,0
2026/05/29 19:55:27,0,3612,61909,0
2026/05/29 19:55:31,0,3612,61909,0
2026/05/29 19:55:36,0,3612,61909,0
2026/05/29 19:55:40,0,3613,61909,0
2026/05/29 19:55:45,0,3614,61909,0
2026/05/29 19:55:49,0,3614,61909,0
2026/05/29 19:55:54,0,3613,61909,0
2026/05/29 19:55:58,0,3613,61909,0
2026/05/29 19:56:03,0,3612,61909,0
2026/05/29 19:56:07,0,3612,61909,0
2026/05/29 19:56:12,0,3613,61909,0
2026/05/29 19:56:16,0,3612,61909,0
2026/05/29 19:56:21,0,3612,61909,0
2026/05/29 19:56:25,0,3612,61909,0
2026/05/29 19:56:30,0,3613,61909,0
2026/05/29 19:56:34,0,3613,61909,0
2026/05/29 19:56:39,0,3613,61909,0
2026/05/29 19:56:43,0,3613,61909,0
2026/05/29 19:56:48,0,3614,61909,0
2026/05/29 19:56:52,0,3614,61909,0
2026/05/29 19:56:57,0,3613,61909,0
2026/05/29 19:57:02,0,3613,61909,0
2026/05/29 19:57:06,0,3612,61909,0
2026/05/29 19:57:11,0,3612,61909,0
2026/05/29 19:57:15,0,3611,61909,0
2026/05/29 19:57:20,0,3612,61909,0
2026/05/29 19:57:24,0,3613,61909,0
2026/05/29 19:57:29,0,3612,61909,0
2026/05/29 19:57:33,0,3613,61909,0
2026/05/29 19:57:38,0,3612,61909,0
2026/05/29 19:57:42,0,3613,61909,0
2026/05/29 19:57:47,0,3613,61909,0
2026/05/29 19:57:51,0,3613,61909,0
2026/05/29 19:57:56,0,3613,61909,0
2026/05/29 19:58:00,0,3613,61909,0
2026/05/29 19:58:05,0,3614,61909,0
2026/05/29 19:58:09,0,3614,61909,0
2026/05/29 19:58:14,0,3614,61909,0
2026/05/29 19:58:18,0,3614,61909,0
2026/05/29 19:58:23,0,3613,61909,0
2026/05/29 19:58:27,0,3614,61909,0
2026/05/29 19:58:32,0,3614,61909,0
2026/05/29 19:58:36,0,3614,61909,0
2026/05/29 19:58:41,0,3615,61909,0
2026/05/29 19:58:45,0,3615,61909,0
2026/05/29 19:58:50,0,3614,61909,0
2026/05/29 19:58:54,0,3614,61909,0
2026/05/29 19:58:59,0,3615,61909,0
2026/05/29 19:59:04,0,3615,61909,0
2026/05/29 19:59:08,0,3614,61909,0
2026/05/29 19:59:13,0,3613,61909,0
2026/05/29 19:59:17,0,3614,61909,0
2026/05/29 19:59:22,0,3614,61909,0
2026/05/29 19:59:26,0,3615,61909,0
2026/05/29 19:59:31,0,3613,61909,0
2026/05/29 19:59:35,0,3612,61909,0
2026/05/29 19:59:40,0,3612,61909,0
2026/05/29 19:59:44,0,3612,61909,0
2026/05/29 19:59:49,0,3612,61909,0
2026/05/29 19:59:53,0,3611,61909,0
2026/05/29 19:59:58,0,3611,61909,0
2026/05/29 20:00:02,0,3611,61909,0
2026/05/29 20:00:07,0,3611,61909,0
2026/05/29 20:00:11,0,3611,61909,0
2026/05/29 20:00:16,0,3611,61909,0
2026/05/29 20:00:20,0,3611,61909,0
2026/05/29 20:00:25,0,3612,61909,0
2026/05/29 20:00:29,0,3612,61909,0
2026/05/29 20:00:34,0,3612,61909,0
2026/05/29 20:00:38,0,3612,61909,0
2026/05/29 20:00:43,0,3612,61909,0
2026/05/29 20:00:47,0,3611,61909,0
2026/05/29 20:00:52,0,3611,61909,0
2026/05/29 20:00:56,0,3612,61909,0
2026/05/29 20:01:01,0,3612,61909,0
2026/05/29 20:01:06,0,3613,61909,0
2026/05/29 20:01:10,0,3613,61909,0
2026/05/29 20:01:15,0,3614,61909,0
2026/05/29 20:01:19,0,3614,61909,0
2026/05/29 20:01:24,0,3614,61909,0
2026/05/29 20:01:28,0,3614,61909,0
2026/05/29 20:01:33,0,3615,61909,0
2026/05/29 20:01:37,0,3615,61909,0
2026/05/29 20:01:42,0,3616,61909,0
2026/05/29 20:01:46,0,3617,61909,0
2026/05/29 20:01:51,0,3617,61909,0
2026/05/29 20:01:55,0,3616,61909,0
2026/05/29 20:02:00,0,3616,61909,0
2026/05/29 20:02:04,0,3616,61909,0
2026/05/29 20:02:09,0,3615,61909,0
2026/05/29 20:02:13,0,3615,61909,0
2026/05/29 20:02:18,0,3616,61909,0
2026/05/29 20:02:22,0,3616,61909,0
2026/05/29 20:02:27,0,3616,61909,0
2026/05/29 20:02:31,0,3616,61909,0
2026/05/29 20:02:36,0,3616,61909,0
2026/05/29 20:02:40,0,3616,61909,0
2026/05/29 20:02:45,0,3617,61909,0
2026/05/29 20:02:49,0,3617,61909,0
2026/05/29 20:02:54,0,3617,61909,0
2026/05/29 20:02:58,0,3617,61909,0
2026/05/29 20:03:03,0,3618,61909,0
2026/05/29 20:03:08,0,3618,61909,0
2026/05/29 20:03:12,0,3618,61909,0
2026/05/29 20:03:17,0,3618,61909,0
2026/05/29 20:03:21,0,3618,61909,0
2026/05/29 20:03:26,0,3618,61909,0
2026/05/29 20:03:30,0,3617,61909,0
2026/05/29 20:03:35,0,3617,61909,0
2026/05/29 20:03:39,0,3617,61909,0
2026/05/29 20:03:44,0,3617,61909,0
2026/05/29 20:03:48,0,3617,61909,0
2026/05/29 20:03:53,0,3617,61909,0
2026/05/29 20:03:57,0,3617,61909,0
2026/05/29 20:04:02,0,3617,61909,0
2026/05/29 20:04:06,0,3617,61909,0
2026/05/29 20:04:11,0,3616,61909,0
2026/05/29 20:04:15,0,3616,61909,0
2026/05/29 20:04:20,0,3617,61909,0
2026/05/29 20:04:24,0,3616,61909,0
2026/05/29 20:04:29,0,3616,61909,0
2026/05/29 20:04:33,0,3617,61909,0
2026/05/29 20:04:38,0,3616,61909,0
2026/05/29 20:04:42,0,3616,61909,0
2026/05/29 20:04:47,0,3616,61909,0
2026/05/29 20:04:51,0,3616,61909,0
2026/05/29 20:04:56,0,3616,61909,0
2026/05/29 20:05:00,0,3616,61909,0
2026/05/29 20:05:05,0,3616,61909,0
2026/05/29 20:05:10,0,3616,61909,0
2026/05/29 20:05:14,0,3616,61909,0
2026/05/29 20:05:19,0,3616,61909,0
2026/05/29 20:05:23,0,3616,61909,0
2026/05/29 20:05:28,0,3616,61909,0
2026/05/29 20:05:32,0,3616,61909,0
2026/05/29 20:05:37,0,3616,61909,0
2026/05/29 20:05:41,0,3617,61909,0
2026/05/29 20:05:46,0,3617,61909,0
2026/05/29 20:05:50,0,3617,61909,0
2026/05/29 20:05:55,0,3617,61909,0
2026/05/29 20:05:59,0,3617,61909,0
2026/05/29 20:06:04,0,3617,61909,0
2026/05/29 20:06:08,0,3618,61909,0
2026/05/29 20:06:13,0,3617,61909,0
2026/05/29 20:06:17,0,3617,61909,0
2026/05/29 20:06:22,0,3617,61909,0
2026/05/29 20:06:26,0,3618,61909,0
2026/05/29 20:06:31,0,3618,61909,0
2026/05/29 20:06:35,0,3617,61909,0
2026/05/29 20:06:40,0,3617,61909,0
2026/05/29 20:06:44,0,3618,61909,0
2026/05/29 20:06:49,0,3617,61909,0
2026/05/29 20:06:53,0,3617,61909,0
2026/05/29 20:06:58,0,3617,61909,0
2026/05/29 20:07:02,0,3617,61909,0
2026/05/29 20:07:07,0,3616,61909,0
2026/05/29 20:07:11,0,3616,61909,0
2026/05/29 20:07:16,0,3617,61909,0
2026/05/29 20:07:21,0,3618,61909,0
2026/05/29 20:07:25,0,3618,61909,0
2026/05/29 20:07:30,0,3618,61909,0
2026/05/29 20:07:34,0,3618,61909,0
2026/05/29 20:07:39,0,3618,61909,0
2026/05/29 20:07:43,0,3619,61909,0
2026/05/29 20:07:48,0,3619,61909,0
2026/05/29 20:07:52,0,3619,61909,0
2026/05/29 20:07:57,0,3619,61909,0
2026/05/29 20:08:01,0,3619,61909,0
2026/05/29 20:08:06,0,3619,61909,0
2026/05/29 20:08:10,0,3619,61909,0
2026/05/29 20:08:15,0,3619,61909,0
2026/05/29 20:08:19,0,3619,61909,0
2026/05/29 20:08:24,0,3619,61909,0
2026/05/29 20:08:28,0,3620,61909,0
2026/05/29 20:08:33,0,3620,61909,0
2026/05/29 20:08:37,0,3621,61909,0
2026/05/29 20:08:42,0,3621,61909,0
2026/05/29 20:08:46,0,3621,61909,0
2026/05/29 20:08:51,0,3621,61909,0
2026/05/29 20:08:55,0,3622,61909,0
2026/05/29 20:09:00,0,3622,61909,0
2026/05/29 20:09:04,0,3623,61909,0
2026/05/29 20:09:09,0,3623,61909,0
2026/05/29 20:09:13,0,3622,61909,0
2026/05/29 20:09:18,0,3622,61909,0
2026/05/29 20:09:23,0,3622,61909,0
2026/05/29 20:09:27,0,3622,61909,0
2026/05/29 20:09:32,0,3623,61909,0
2026/05/29 20:09:36,0,3623,61909,0
2026/05/29 20:09:41,0,3623,61909,0
2026/05/29 20:09:45,0,3623,61909,0
2026/05/29 20:09:50,0,3624,61909,0
2026/05/29 20:09:54,0,3624,61909,0
2026/05/29 20:09:59,0,3624,61909,0
2026/05/29 20:10:03,0,3624,61909,0
2026/05/29 20:10:08,0,3622,61909,0
2026/05/29 20:10:12,0,3622,61909,0
2026/05/29 20:10:17,0,3622,61909,0
2026/05/29 20:10:21,0,3623,61909,0
2026/05/29 20:10:26,0,3623,61909,0
2026/05/29 20:10:30,0,3623,61909,0
2026/05/29 20:10:35,0,3624,61909,0
2026/05/29 20:10:39,0,3624,61909,0
2026/05/29 20:10:44,0,3623,61909,0
2026/05/29 20:10:48,0,3623,61909,0
2026/05/29 20:10:53,0,3622,61909,0
2026/05/29 20:10:57,0,3622,61909,0
2026/05/29 20:11:02,0,3623,61909,0
2026/05/29 20:11:06,0,3623,61909,0
2026/05/29 20:11:11,0,3622,61909,0
2026/05/29 20:11:15,0,3622,61909,0
2026/05/29 20:11:20,0,3622,61909,0
2026/05/29 20:11:25,0,3622,61909,0
2026/05/29 20:11:29,0,3623,61909,0
2026/05/29 20:11:34,0,3622,61909,0
2026/05/29 20:11:38,0,3623,61909,0
2026/05/29 20:11:43,0,3623,61909,0
2026/05/29 20:11:47,0,3624,61909,0
2026/05/29 20:11:52,0,3624,61909,0
2026/05/29 20:11:56,0,3624,61909,0
2026/05/29 20:12:01,0,3624,61909,0
2026/05/29 20:12:05,0,3624,61909,0
2026/05/29 20:12:10,0,3624,61909,0
2026/05/29 20:12:14,0,3624,61909,0
2026/05/29 20:12:19,0,3623,61909,0
2026/05/29 20:12:23,0,3623,61909,0
2026/05/29 20:12:28,0,3624,61909,0
2026/05/29 20:12:32,0,3623,61909,0
2026/05/29 20:12:37,0,3623,61909,0
2026/05/29 20:12:41,0,3623,61909,0
2026/05/29 20:12:46,0,3623,61909,0
2026/05/29 20:12:50,0,3623,61909,0
2026/05/29 20:12:55,0,3623,61909,0
2026/05/29 20:12:59,0,3622,61909,0
2026/05/29 20:13:04,0,3622,61909,0
2026/05/29 20:13:08,0,3622,61909,0
2026/05/29 20:13:13,0,3621,61909,0
2026/05/29 20:13:17,0,3622,61909,0
2026/05/29 20:13:22,0,3621,61909,0
2026/05/29 20:13:27,0,3622,61909,0
2026/05/29 20:13:31,0,3621,61909,0
2026/05/29 20:13:36,0,3622,61909,0
2026/05/29 20:13:40,0,3621,61909,0
2026/05/29 20:13:45,0,3622,61909,0
2026/05/29 20:13:49,0,3622,61909,0
2026/05/29 20:13:54,0,3623,61909,0
2026/05/29 20:13:58,0,3621,61909,0
2026/05/29 20:14:03,0,3621,61909,0
2026/05/29 20:14:07,0,3621,61909,0
2026/05/29 20:14:12,0,3621,61909,0
2026/05/29 20:14:16,0,3621,61909,0
2026/05/29 20:14:21,0,3621,61909,0
2026/05/29 20:14:25,0,3622,61909,0
2026/05/29 20:14:30,0,3622,61909,0
2026/05/29 20:14:34,0,3622,61909,0
2026/05/29 20:14:39,0,3623,61909,0
2026/05/29 20:14:43,0,3623,61909,0
2026/05/29 20:14:48,0,3623,61909,0
2026/05/29 20:14:52,0,3623,61909,0
2026/05/29 20:14:57,0,3623,61909,0
2026/05/29 20:15:01,0,3623,61909,0
2026/05/29 20:15:06,0,3623,61909,0
2026/05/29 20:15:10,0,3623,61909,0
2026/05/29 20:15:15,0,3624,61909,0
2026/05/29 20:15:19,0,3623,61909,0
2026/05/29 20:15:24,0,3623,61909,0
2026/05/29 20:15:28,0,3623,61909,0
2026/05/29 20:15:33,0,3623,61909,0
2026/05/29 20:15:38,0,3622,61909,0
2026/05/29 20:15:42,0,3622,61909,0
2026/05/29 20:15:47,0,3623,61909,0
2026/05/29 20:15:51,0,3622,61909,0
2026/05/29 20:15:56,0,3623,61909,0
2026/05/29 20:16:00,0,3623,61909,0
2026/05/29 20:16:05,0,3623,61909,0
2026/05/29 20:16:09,0,3623,61909,0
2026/05/29 20:16:14,0,3622,61909,0
2026/05/29 20:16:18,0,3621,61909,0
2026/05/29 20:16:23,0,3621,61909,0
2026/05/29 20:16:27,0,3622,61909,0
2026/05/29 20:16:32,0,3621,61909,0
2026/05/29 20:16:36,0,3622,61909,0
2026/05/29 20:16:41,0,3623,61909,0
2026/05/29 20:16:45,0,3623,61909,0
2026/05/29 20:16:50,0,3624,61909,0
2026/05/29 20:16:54,0,3624,61909,0
2026/05/29 20:16:59,0,3624,61909,0
2026/05/29 20:17:03,0,3623,61909,0
2026/05/29 20:17:08,0,3624,61909,0
2026/05/29 20:17:12,0,3624,61909,0
2026/05/29 20:17:17,0,3623,61909,0
2026/05/29 20:17:21,0,3623,61909,0
2026/05/29 20:17:26,0,3623,61909,0
2026/05/29 20:17:30,0,3622,61909,0
2026/05/29 20:17:35,0,3623,61909,0
2026/05/29 20:17:40,0,3623,61909,0
2026/05/29 20:17:44,0,3623,61909,0
2026/05/29 20:17:49,0,3623,61909,0
2026/05/29 20:17:53,0,3623,61909,0
2026/05/29 20:17:58,0,3623,61909,0
2026/05/29 20:18:02,0,3623,61909,0
2026/05/29 20:18:07,0,3623,61909,0
2026/05/29 20:18:11,0,3623,61909,0
2026/05/29 20:18:16,0,3624,61909,0
2026/05/29 20:18:20,0,3624,61909,0
2026/05/29 20:18:25,0,3623,61909,0
2026/05/29 20:18:29,0,3624,61909,0
2026/05/29 20:18:34,0,3623,61909,0
2026/05/29 20:18:38,0,3624,61909,0
2026/05/29 20:18:43,0,3623,61909,0
2026/05/29 20:18:47,0,3624,61909,0
2026/05/29 20:18:52,0,3623,61909,0
2026/05/29 20:18:56,0,3624,61909,0
2026/05/29 20:19:01,0,3624,61909,0
2026/05/29 20:19:05,0,3623,61909,0
2026/05/29 20:19:10,0,3623,61909,0
2026/05/29 20:19:14,0,3624,61909,0
2026/05/29 20:19:19,0,3624,61909,0
2026/05/29 20:19:23,0,3624,61909,0
2026/05/29 20:19:28,0,3624,61909,0
2026/05/29 20:19:32,0,3624,61909,0
2026/05/29 20:19:37,0,3624,61909,0
2026/05/29 20:19:42,0,3624,61909,0
2026/05/29 20:19:46,0,3624,61909,0
2026/05/29 20:19:51,0,3624,61909,0
2026/05/29 20:19:55,0,3624,61909,0
2026/05/29 20:20:00,0,3624,61909,0
2026/05/29 20:20:04,0,3624,61909,0
2026/05/29 20:20:09,0,3624,61909,0
2026/05/29 20:20:13,0,3624,61909,0
2026/05/29 20:20:18,0,3624,61909,0
2026/05/29 20:20:22,0,3624,61909,0
2026/05/29 20:20:27,0,3624,61909,0
2026/05/29 20:20:31,0,3625,61909,0
2026/05/29 20:20:36,0,3625,61909,0
2026/05/29 20:20:40,0,3624,61909,0
2026/05/29 20:20:45,0,3624,61909,0
2026/05/29 20:20:49,0,3624,61909,0
2026/05/29 20:20:54,0,3624,61909,0
2026/05/29 20:20:58,0,3623,61909,0
2026/05/29 20:21:03,0,3622,61909,0
2026/05/29 20:21:07,0,3622,61909,0
2026/05/29 20:21:12,0,3622,61909,0
2026/05/29 20:21:16,0,3623,61909,0
2026/05/29 20:21:21,0,3623,61909,0
2026/05/29 20:21:25,0,3623,61909,0
2026/05/29 20:21:30,0,3624,61909,0
2026/05/29 20:21:34,0,3624,61909,0
2026/05/29 20:21:39,0,3624,61909,0
2026/05/29 20:21:44,0,3623,61909,0
2026/05/29 20:21:48,0,3623,61909,0
2026/05/29 20:21:53,0,3623,61909,0
2026/05/29 20:21:57,0,3623,61909,0
2026/05/29 20:22:02,0,3624,61909,0
2026/05/29 20:22:06,0,3623,61909,0
2026/05/29 20:22:11,0,3624,61909,0
2026/05/29 20:22:15,0,3623,61909,0
2026/05/29 20:22:20,0,3624,61909,0
2026/05/29 20:22:24,0,3624,61909,0
2026/05/29 20:22:29,0,3624,61909,0
2026/05/29 20:22:33,0,3624,61909,0
2026/05/29 20:22:38,0,3625,61909,0
2026/05/29 20:22:42,0,3624,61909,0
2026/05/29 20:22:47,0,3625,61909,0
2026/05/29 20:22:51,0,3624,61909,0
2026/05/29 20:22:56,0,3624,61909,0
2026/05/29 20:23:00,0,3624,61909,0
2026/05/29 20:23:05,0,3624,61909,0
2026/05/29 20:23:09,0,3624,61909,0
2026/05/29 20:23:14,0,3624,61909,0
2026/05/29 20:23:18,0,3625,61909,0
2026/05/29 20:23:23,0,3624,61909,0
2026/05/29 20:23:27,0,3624,61909,0
2026/05/29 20:23:32,0,3623,61909,0
2026/05/29 20:23:36,0,3623,61909,0
2026/05/29 20:23:41,0,3623,61909,0
2026/05/29 20:23:46,0,3623,61909,0
2026/05/29 20:23:50,0,3622,61909,0
2026/05/29 20:23:55,0,3622,61909,0
2026/05/29 20:23:59,0,3622,61909,0
2026/05/29 20:24:04,0,3623,61909,0
2026/05/29 20:24:08,0,3623,61909,0
2026/05/29 20:24:13,0,3623,61909,0
2026/05/29 20:24:17,0,3623,61909,0
2026/05/29 20:24:22,0,3622,61909,0
2026/05/29 20:24:26,0,3622,61909,0
2026/05/29 20:24:31,0,3623,61909,0
2026/05/29 20:24:35,0,3622,61909,0
2026/05/29 20:24:40,0,3623,61909,0
2026/05/29 20:24:44,0,3623,61909,0
2026/05/29 20:24:49,0,3623,61909,0
2026/05/29 20:24:53,0,3623,61909,0
2026/05/29 20:24:58,0,3624,61909,0
2026/05/29 20:25:02,0,3623,61909,0
2026/05/29 20:25:07,0,3623,61909,0
2026/05/29 20:25:11,0,3624,61909,0
2026/05/29 20:25:16,0,3623,61909,0
2026/05/29 20:25:20,0,3623,61909,0
2026/05/29 20:25:25,0,3623,61909,0
2026/05/29 20:25:29,0,3624,61909,0
2026/05/29 20:25:34,0,3623,61909,0
2026/05/29 20:25:38,0,3623,61909,0
2026/05/29 20:25:43,0,3624,61909,0
2026/05/29 20:25:47,0,3624,61909,0
2026/05/29 20:25:52,0,3624,61909,0
2026/05/29 20:25:57,0,3623,61909,0
2026/05/29 20:26:01,0,3623,61909,0
2026/05/29 20:26:06,0,3623,61909,0
2026/05/29 20:26:10,0,3623,61909,0
2026/05/29 20:26:15,0,3623,61909,0
2026/05/29 20:26:19,0,3623,61909,0
2026/05/29 20:26:24,0,3623,61909,0
2026/05/29 20:26:28,0,3623,61909,0
2026/05/29 20:26:33,0,3622,61909,0
2026/05/29 20:26:37,0,3623,61909,0
2026/05/29 20:26:42,0,3623,61909,0
2026/05/29 20:26:46,0,3623,61909,0
2026/05/29 20:26:51,0,3623,61909,0
2026/05/29 20:26:55,0,3623,61909,0
2026/05/29 20:27:00,0,3622,61909,0
2026/05/29 20:27:04,0,3623,61909,0
2026/05/29 20:27:09,0,3622,61909,0
2026/05/29 20:27:13,0,3623,61909,0
2026/05/29 20:27:18,0,3623,61909,0
2026/05/29 20:27:22,0,3623,61909,0
2026/05/29 20:27:27,0,3623,61909,0
2026/05/29 20:27:31,0,3622,61909,0
2026/05/29 20:27:36,0,3622,61909,0
2026/05/29 20:27:40,0,3622,61909,0
2026/05/29 20:27:45,0,3622,61909,0
2026/05/29 20:27:49,0,3623,61909,0
2026/05/29 20:27:54,0,3623,61909,0
2026/05/29 20:27:59,0,3622,61909,0
2026/05/29 20:28:03,0,3623,61909,0
2026/05/29 20:28:08,0,3624,61909,0
2026/05/29 20:28:12,0,3623,61909,0
2026/05/29 20:28:17,0,3624,61909,0
2026/05/29 20:28:21,0,3624,61909,0
2026/05/29 20:28:26,0,3624,61909,0
2026/05/29 20:28:30,0,3624,61909,0
2026/05/29 20:28:35,0,3624,61909,0
2026/05/29 20:28:39,0,3623,61909,0
2026/05/29 20:28:44,0,3622,61909,0
2026/05/29 20:28:48,0,3623,61909,0
2026/05/29 20:28:53,0,3622,61909,0
2026/05/29 20:28:57,0,3622,61909,0
2026/05/29 20:29:02,0,3622,61909,0
2026/05/29 20:29:06,0,3623,61909,0
2026/05/29 20:29:11,0,3622,61909,0
2026/05/29 20:29:15,0,3622,61909,0
2026/05/29 20:29:20,0,3623,61909,0
2026/05/29 20:29:24,0,3622,61909,0
2026/05/29 20:29:29,0,3622,61909,0
2026/05/29 20:29:33,0,3622,61909,0
2026/05/29 20:29:38,0,3622,61909,0
2026/05/29 20:29:42,0,3622,61909,0
2026/05/29 20:29:47,0,3622,61909,0
2026/05/29 20:29:51,0,3622,61909,0
2026/05/29 20:29:56,0,3622,61909,0
2026/05/29 20:30:01,0,3622,61909,0
2026/05/29 20:30:05,0,3622,61909,0
2026/05/29 20:30:10,0,3622,61909,0
2026/05/29 20:30:14,0,3623,61909,0
2026/05/29 20:30:19,0,3622,61909,0
2026/05/29 20:30:23,0,3623,61909,0
2026/05/29 20:30:28,0,3623,61909,0
2026/05/29 20:30:32,0,3622,61909,0
2026/05/29 20:30:37,0,3622,61909,0
2026/05/29 20:30:41,0,3623,61909,0
2026/05/29 20:30:46,0,3623,61909,0
2026/05/29 20:30:50,0,3623,61909,0
2026/05/29 20:30:55,0,3624,61909,0
2026/05/29 20:30:59,0,3624,61909,0
2026/05/29 20:31:04,0,3623,61909,0
2026/05/29 20:31:08,0,3623,61909,0
2026/05/29 20:31:13,0,3623,61909,0
2026/05/29 20:31:17,0,3623,61909,0
2026/05/29 20:31:22,0,3622,61909,0
2026/05/29 20:31:26,0,3622,61909,0
2026/05/29 20:31:31,0,3622,61909,0
2026/05/29 20:31:35,0,3623,61909,0
2026/05/29 20:31:40,0,3623,61909,0
2026/05/29 20:31:44,0,3622,61909,0
2026/05/29 20:31:49,0,3622,61909,0
2026/05/29 20:31:53,0,3623,61909,0
2026/05/29 20:31:58,0,3623,61909,0
2026/05/29 20:32:03,0,3623,61909,0
2026/05/29 20:32:07,0,3624,61909,0
2026/05/29 20:32:12,0,3624,61909,0
2026/05/29 20:32:16,0,3624,61909,0
2026/05/29 20:32:21,0,3624,61909,0
2026/05/29 20:32:25,0,3625,61909,0
2026/05/29 20:32:30,0,3625,61909,0
2026/05/29 20:32:34,0,3625,61909,0
2026/05/29 20:32:39,0,3624,61909,0
2026/05/29 20:32:43,0,3625,61909,0
2026/05/29 20:32:48,0,3624,61909,0
2026/05/29 20:32:52,0,3624,61909,0
2026/05/29 20:32:57,0,3624,61909,0
2026/05/29 20:33:01,0,3624,61909,0
2026/05/29 20:33:06,0,3624,61909,0
2026/05/29 20:33:10,0,3625,61909,0
2026/05/29 20:33:15,0,3625,61909,0
2026/05/29 20:33:19,0,3625,61909,0
2026/05/29 20:33:24,0,3624,61909,0
2026/05/29 20:33:28,0,3623,61909,0
2026/05/29 20:33:33,0,3623,61909,0
2026/05/29 20:33:37,0,3624,61909,0
2026/05/29 20:33:42,0,3623,61909,0
2026/05/29 20:33:46,0,3623,61909,0
2026/05/29 20:33:51,0,3622,61909,0
2026/05/29 20:33:55,0,3621,61909,0
2026/05/29 20:34:00,0,3622,61909,0
2026/05/29 20:34:04,0,3621,61909,0
2026/05/29 20:34:09,0,3621,61909,0
2026/05/29 20:34:14,0,3622,61909,0
2026/05/29 20:34:18,0,3622,61909,0
2026/05/29 20:34:23,0,3622,61909,0
2026/05/29 20:34:27,0,3622,61909,0
2026/05/29 20:34:32,0,3622,61909,0
2026/05/29 20:34:36,0,3622,61909,0
2026/05/29 20:34:41,0,3621,61909,0
2026/05/29 20:34:45,0,3622,61909,0
2026/05/29 20:34:50,0,3622,61909,0
2026/05/29 20:34:54,0,3622,61909,0
2026/05/29 20:34:59,0,3622,61909,0
2026/05/29 20:35:03,0,3623,61909,0
2026/05/29 20:35:08,0,3622,61909,0
2026/05/29 20:35:12,0,3622,61909,0
2026/05/29 20:35:17,0,3622,61909,0
2026/05/29 20:35:21,0,3621,61909,0
2026/05/29 20:35:26,0,3622,61909,0
2026/05/29 20:35:30,0,3623,61909,0
2026/05/29 20:35:35,0,3623,61909,0
2026/05/29 20:35:39,0,3621,61909,0
2026/05/29 20:35:44,0,3622,61909,0
2026/05/29 20:35:48,0,3622,61909,0
2026/05/29 20:35:53,0,3622,61909,0
2026/05/29 20:35:57,0,3622,61909,0
2026/05/29 20:36:02,0,3622,61909,0
2026/05/29 20:36:06,0,3623,61909,0
2026/05/29 20:36:11,0,3623,61909,0
2026/05/29 20:36:16,0,3622,61909,0
2026/05/29 20:36:20,0,3622,61909,0
2026/05/29 20:36:25,0,3621,61909,0
2026/05/29 20:36:29,0,3621,61909,0
2026/05/29 20:36:34,0,3621,61909,0
2026/05/29 20:36:38,0,3621,61909,0
2026/05/29 20:36:43,0,3622,61909,0
2026/05/29 20:36:47,0,3621,61909,0
2026/05/29 20:36:52,0,3621,61909,0
2026/05/29 20:36:56,0,3622,61909,0
2026/05/29 20:37:01,0,3621,61909,0
2026/05/29 20:37:05,0,3621,61909,0
2026/05/29 20:37:10,0,3621,61909,0
2026/05/29 20:37:14,0,3620,61909,0
2026/05/29 20:37:19,0,3621,61909,0
2026/05/29 20:37:23,0,3621,61909,0
2026/05/29 20:37:28,0,3621,61909,0
2026/05/29 20:37:32,0,3621,61909,0
2026/05/29 20:37:37,0,3620,61909,0
2026/05/29 20:37:41,0,3619,61909,0
2026/05/29 20:37:46,0,3620,61909,0
2026/05/29 20:37:50,0,3620,61909,0
2026/05/29 20:37:55,0,3619,61909,0
2026/05/29 20:37:59,0,3619,61909,0
2026/05/29 20:38:04,0,3620,61909,0
2026/05/29 20:38:08,0,3620,61909,0
2026/05/29 20:38:13,0,3620,61909,0
2026/05/29 20:38:18,0,3620,61909,0
2026/05/29 20:38:22,0,3620,61909,0
2026/05/29 20:38:27,0,3620,61909,0
2026/05/29 20:38:31,0,3620,61909,0
2026/05/29 20:38:36,0,3620,61909,0
2026/05/29 20:38:40,0,3620,61909,0
2026/05/29 20:38:45,0,3619,61909,0
2026/05/29 20:38:49,0,3619,61909,0
2026/05/29 20:38:54,0,3619,61909,0
2026/05/29 20:38:58,0,3619,61909,0
2026/05/29 20:39:03,0,3619,61909,0
2026/05/29 20:39:07,0,3619,61909,0
2026/05/29 20:39:12,0,3619,61909,0
2026/05/29 20:39:16,0,3619,61909,0
2026/05/29 20:39:21,0,3619,61909,0
2026/05/29 20:39:25,0,3619,61909,0
2026/05/29 20:39:30,0,3619,61909,0
2026/05/29 20:39:34,0,3619,61909,0
2026/05/29 20:39:39,0,3619,61909,0
2026/05/29 20:39:43,0,3619,61909,0
2026/05/29 20:39:48,0,3619,61909,0
2026/05/29 20:39:52,0,3620,61909,0
2026/05/29 20:39:57,0,3621,61909,0
2026/05/29 20:40:01,0,3619,61909,0
2026/05/29 20:40:06,0,3620,61909,0
2026/05/29 20:40:10,0,3620,61909,0
2026/05/29 20:40:15,0,3620,61909,0
2026/05/29 20:40:20,0,3620,61909,0
2026/05/29 20:40:24,0,3620,61909,0
2026/05/29 20:40:29,0,3620,61909,0
2026/05/29 20:40:33,0,3619,61909,0
2026/05/29 20:40:38,0,3618,61909,0
2026/05/29 20:40:42,0,3617,61909,0
2026/05/29 20:40:47,0,3617,61909,0
2026/05/29 20:40:51,0,3617,61909,0
2026/05/29 20:40:56,0,3617,61909,0
2026/05/29 20:41:00,0,3617,61909,0
2026/05/29 20:41:05,0,3618,61909,0
2026/05/29 20:41:09,0,3618,61909,0
2026/05/29 20:41:14,0,3619,61909,0
2026/05/29 20:41:18,0,3619,61909,0
2026/05/29 20:41:23,0,3619,61909,0
2026/05/29 20:41:27,0,3618,61909,0
2026/05/29 20:41:32,0,3618,61909,0
2026/05/29 20:41:36,0,3617,61909,0
2026/05/29 20:41:41,0,3618,61909,0
2026/05/29 20:41:45,0,3618,61909,0
2026/05/29 20:41:50,0,3618,61909,0
2026/05/29 20:41:54,0,3618,61909,0
2026/05/29 20:41:59,0,3618,61909,0
2026/05/29 20:42:03,0,3619,61909,0
2026/05/29 20:42:08,0,3619,61909,0
2026/05/29 20:42:12,0,3619,61909,0
2026/05/29 20:42:17,0,3620,61909,0
2026/05/29 20:42:21,0,3619,61909,0
2026/05/29 20:42:26,0,3620,61909,0
2026/05/29 20:42:31,0,3619,61909,0
2026/05/29 20:42:35,0,3619,61909,0
2026/05/29 20:42:40,0,3620,61909,0
2026/05/29 20:42:44,0,3620,61909,0
2026/05/29 20:42:49,0,3620,61909,0
2026/05/29 20:42:53,0,3620,61909,0
2026/05/29 20:42:58,0,3620,61909,0
2026/05/29 20:43:02,0,3621,61909,0
2026/05/29 20:43:07,0,3621,61909,0
2026/05/29 20:43:11,0,3621,61909,0
2026/05/29 20:43:16,0,3622,61909,0
2026/05/29 20:43:20,0,3621,61909,0
2026/05/29 20:43:25,0,3621,61909,0
2026/05/29 20:43:29,0,3621,61909,0
2026/05/29 20:43:34,0,3622,61909,0
2026/05/29 20:43:38,0,3622,61909,0
2026/05/29 20:43:43,0,3622,61909,0
2026/05/29 20:43:47,0,3623,61909,0
2026/05/29 20:43:52,0,3623,61909,0
2026/05/29 20:43:56,0,3623,61909,0
2026/05/29 20:44:01,0,3622,61909,0
2026/05/29 20:44:05,0,3623,61909,0
2026/05/29 20:44:10,0,3623,61909,0
2026/05/29 20:44:14,0,3623,61909,0
2026/05/29 20:44:19,0,3623,61909,0
2026/05/29 20:44:23,0,3622,61909,0
2026/05/29 20:44:28,0,3622,61909,0
2026/05/29 20:44:33,0,3622,61909,0
2026/05/29 20:44:37,0,3622,61909,0
2026/05/29 20:44:42,0,3622,61909,0
2026/05/29 20:44:46,0,3622,61909,0
2026/05/29 20:44:51,0,3622,61909,0
2026/05/29 20:44:55,0,3622,61909,0
2026/05/29 20:45:00,0,3622,61909,0
2026/05/29 20:45:04,0,3622,61909,0
2026/05/29 20:45:09,0,3622,61909,0
2026/05/29 20:45:13,0,3622,61909,0
2026/05/29 20:45:18,0,3622,61909,0
2026/05/29 20:45:22,0,3622,61909,0
2026/05/29 20:45:27,0,3622,61909,0
2026/05/29 20:45:31,0,3621,61909,0
2026/05/29 20:45:36,0,3621,61909,0
2026/05/29 20:45:40,0,3622,61909,0
2026/05/29 20:45:45,0,3622,61909,0
2026/05/29 20:45:49,0,3621,61909,0
2026/05/29 20:45:54,0,3622,61909,0
2026/05/29 20:45:58,0,3622,61909,0
2026/05/29 20:46:03,0,3622,61909,0
2026/05/29 20:46:07,0,3622,61909,0
2026/05/29 20:46:12,0,3622,61909,0
2026/05/29 20:46:16,0,3622,61909,0
2026/05/29 20:46:21,0,3622,61909,0
2026/05/29 20:46:25,0,3623,61909,0
2026/05/29 20:46:30,0,3623,61909,0
2026/05/29 20:46:35,0,3623,61909,0
2026/05/29 20:46:39,0,3624,61909,0
2026/05/29 20:46:44,0,3623,61909,0
2026/05/29 20:46:48,0,3622,61909,0
2026/05/29 20:46:53,0,3623,61909,0
2026/05/29 20:46:57,0,3623,61909,0
2026/05/29 20:47:02,0,3623,61909,0
2026/05/29 20:47:06,0,3621,61909,0
2026/05/29 20:47:11,0,3623,61909,0
2026/05/29 20:47:15,0,3622,61909,0
2026/05/29 20:47:20,0,3622,61909,0
2026/05/29 20:47:24,0,3622,61909,0
2026/05/29 20:47:29,0,3622,61909,0
2026/05/29 20:47:33,0,3623,61909,0
2026/05/29 20:47:38,0,3623,61909,0
2026/05/29 20:47:42,0,3623,61909,0
2026/05/29 20:47:47,0,3623,61909,0
2026/05/29 20:47:51,0,3623,61909,0
2026/05/29 20:47:56,0,3623,61909,0
2026/05/29 20:48:00,0,3623,61909,0
2026/05/29 20:48:05,0,3623,61909,0
2026/05/29 20:48:09,0,3623,61909,0
2026/05/29 20:48:14,0,3623,61909,0
2026/05/29 20:48:18,0,3623,61909,0
2026/05/29 20:48:23,0,3623,61909,0
2026/05/29 20:48:27,0,3624,61909,0
2026/05/29 20:48:32,0,3624,61909,0
2026/05/29 20:48:37,0,3623,61909,0
2026/05/29 20:48:41,0,3623,61909,0
2026/05/29 20:48:46,0,3623,61909,0
2026/05/29 20:48:50,0,3623,61909,0
2026/05/29 20:48:55,0,3624,61909,0
2026/05/29 20:48:59,0,3623,61909,0
2026/05/29 20:49:04,0,3623,61909,0
2026/05/29 20:49:08,0,3623,61909,0
2026/05/29 20:49:13,0,3623,61909,0
2026/05/29 20:49:17,0,3623,61909,0
2026/05/29 20:49:22,0,3624,61909,0
2026/05/29 20:49:26,0,3624,61909,0
2026/05/29 20:49:31,0,3625,61909,0
2026/05/29 20:49:35,0,3624,61909,0
2026/05/29 20:49:40,0,3625,61909,0
2026/05/29 20:49:44,0,3624,61909,0
2026/05/29 20:49:49,0,3624,61909,0
2026/05/29 20:49:53,0,3625,61909,0
2026/05/29 20:49:58,0,3625,61909,0
2026/05/29 20:50:02,0,3625,61909,0
2026/05/29 20:50:07,0,3625,61909,0
2026/05/29 20:50:11,0,3625,61909,0
2026/05/29 20:50:16,0,3624,61909,0
2026/05/29 20:50:20,0,3624,61909,0
2026/05/29 20:50:25,0,3625,61909,0
2026/05/29 20:50:29,0,3624,61909,0
2026/05/29 20:50:34,0,3624,61909,0
2026/05/29 20:50:39,0,3624,61909,0
2026/05/29 20:50:43,0,3623,61909,0
2026/05/29 20:50:48,0,3624,61909,0
2026/05/29 20:50:52,0,3625,61909,0
2026/05/29 20:50:57,0,3624,61909,0
2026/05/29 20:51:01,0,3623,61909,0
2026/05/29 20:51:06,0,3623,61909,0
2026/05/29 20:51:10,0,3623,61909,0
2026/05/29 20:51:15,0,3624,61909,0
2026/05/29 20:51:19,0,3623,61909,0
2026/05/29 20:51:24,0,3623,61909,0
2026/05/29 20:51:28,0,3623,61909,0
2026/05/29 20:51:33,0,3623,61909,0
2026/05/29 20:51:37,0,3623,61909,0
2026/05/29 20:51:42,0,3622,61909,0
2026/05/29 20:51:46,0,3623,61909,0
2026/05/29 20:51:51,0,3623,61909,0
2026/05/29 20:51:55,0,3623,61909,0
2026/05/29 20:52:00,0,3623,61909,0
2026/05/29 20:52:04,0,3622,61909,0
2026/05/29 20:52:09,0,3621,61909,0
2026/05/29 20:52:13,0,3621,61909,0
2026/05/29 20:52:18,0,3621,61909,0
2026/05/29 20:52:22,0,3621,61909,0
2026/05/29 20:52:27,0,3621,61909,0
2026/05/29 20:52:31,0,3621,61909,0
2026/05/29 20:52:36,0,3621,61909,0
2026/05/29 20:52:40,0,3620,61909,0
2026/05/29 20:52:45,0,3621,61909,0
2026/05/29 20:52:50,0,3621,61909,0
2026/05/29 20:52:54,0,3621,61909,0
2026/05/29 20:52:59,0,3622,61909,0
2026/05/29 20:53:03,0,3623,61909,0
2026/05/29 20:53:08,0,3622,61909,0
2026/05/29 20:53:12,0,3622,61909,0
2026/05/29 20:53:17,0,3622,61909,0
2026/05/29 20:53:21,0,3622,61909,0
2026/05/29 20:53:26,0,3622,61909,0
2026/05/29 20:53:30,0,3621,61909,0
2026/05/29 20:53:35,0,3622,61909,0
2026/05/29 20:53:39,0,3622,61909,0
2026/05/29 20:53:44,0,3622,61909,0
2026/05/29 20:53:48,0,3621,61909,0
2026/05/29 20:53:53,0,3622,61909,0
2026/05/29 20:53:57,0,3621,61909,0
2026/05/29 20:54:02,0,3622,61909,0
2026/05/29 20:54:06,0,3621,61909,0
2026/05/29 20:54:11,0,3622,61909,0
2026/05/29 20:54:15,0,3622,61909,0
2026/05/29 20:54:20,0,3621,61909,0
2026/05/29 20:54:24,0,3621,61909,0
2026/05/29 20:54:29,0,3621,61909,0
2026/05/29 20:54:33,0,3622,61909,0
2026/05/29 20:54:38,0,3622,61909,0
2026/05/29 20:54:42,0,3622,61909,0
2026/05/29 20:54:47,0,3622,61909,0
2026/05/29 20:54:52,0,3622,61909,0
2026/05/29 20:54:56,0,3622,61909,0
2026/05/29 20:55:01,0,3621,61909,0
2026/05/29 20:55:05,0,3620,61909,0
2026/05/29 20:55:10,0,3620,61909,0
2026/05/29 20:55:14,0,3621,61909,0
2026/05/29 20:55:19,0,3620,61909,0
2026/05/29 20:55:23,0,3621,61909,0
2026/05/29 20:55:28,0,3621,61909,0
2026/05/29 20:55:32,0,3619,61909,0
2026/05/29 20:55:37,0,3619,61909,0
2026/05/29 20:55:41,0,3619,61909,0
2026/05/29 20:55:46,0,3619,61909,0
2026/05/29 20:55:50,0,3620,61909,0
2026/05/29 20:55:55,0,3620,61909,0
2026/05/29 20:55:59,0,3620,61909,0
2026/05/29 20:56:04,0,3620,61909,0
2026/05/29 20:56:08,0,3620,61909,0
2026/05/29 20:56:13,0,3621,61909,0
2026/05/29 20:56:17,0,3621,61909,0
2026/05/29 20:56:22,0,3620,61909,0
2026/05/29 20:56:26,0,3620,61909,0
2026/05/29 20:56:31,0,3620,61909,0
2026/05/29 20:56:35,0,3620,61909,0
2026/05/29 20:56:40,0,3621,61909,0
2026/05/29 20:56:44,0,3621,61909,0
2026/05/29 20:56:49,0,3621,61909,0
2026/05/29 20:56:54,0,3620,61909,0
2026/05/29 20:56:58,0,3621,61909,0
2026/05/29 20:57:03,0,3620,61909,0
2026/05/29 20:57:07,0,3622,61909,0
2026/05/29 20:57:12,0,3621,61909,0
2026/05/29 20:57:16,0,3622,61909,0
2026/05/29 20:57:21,0,3622,61909,0
2026/05/29 20:57:25,0,3623,61909,0
2026/05/29 20:57:30,0,3622,61909,0
2026/05/29 20:57:34,0,3622,61909,0
2026/05/29 20:57:39,0,3623,61909,0
2026/05/29 20:57:43,0,3623,61909,0
2026/05/29 20:57:48,0,3623,61909,0
2026/05/29 20:57:52,0,3622,61909,0
2026/05/29 20:57:57,0,3621,61909,0
2026/05/29 20:58:01,0,3621,61909,0
2026/05/29 20:58:06,0,3621,61909,0
2026/05/29 20:58:10,0,3621,61909,0
2026/05/29 20:58:15,0,3621,61909,0
2026/05/29 20:58:19,0,3621,61909,0
2026/05/29 20:58:24,0,3621,61909,0
2026/05/29 20:58:28,0,3621,61909,0
2026/05/29 20:58:33,0,3621,61909,0
2026/05/29 20:58:37,0,3621,61909,0
2026/05/29 20:58:42,0,3620,61909,0
2026/05/29 20:58:46,0,3620,61909,0
2026/05/29 20:58:51,0,3621,61909,0
2026/05/29 20:58:56,0,3621,61909,0
2026/05/29 20:59:00,0,3620,61909,0
2026/05/29 20:59:05,0,3620,61909,0
2026/05/29 20:59:09,0,3619,61909,0
2026/05/29 20:59:14,0,3619,61909,0
2026/05/29 20:59:18,0,3620,61909,0
2026/05/29 20:59:23,0,3619,61909,0
2026/05/29 20:59:27,0,3619,61909,0
2026/05/29 20:59:32,0,3619,61909,0
2026/05/29 20:59:36,0,3618,61909,0
2026/05/29 20:59:41,0,3619,61909,0
2026/05/29 20:59:45,0,3619,61909,0
2026/05/29 20:59:50,0,3619,61909,0
2026/05/29 20:59:54,0,3618,61909,0
2026/05/29 20:59:59,0,3618,61909,0
2026/05/29 21:00:03,0,3618,61909,0
2026/05/29 21:00:08,0,3617,61909,0
2026/05/29 21:00:12,0,3617,61909,0
2026/05/29 21:00:17,0,3617,61909,0
2026/05/29 21:00:21,0,3618,61909,0
2026/05/29 21:00:26,0,3618,61909,0
2026/05/29 21:00:30,0,3619,61909,0
2026/05/29 21:00:35,0,3618,61909,0
2026/05/29 21:00:39,0,3618,61909,0
2026/05/29 21:00:44,0,3618,61909,0
2026/05/29 21:00:48,0,3618,61909,0
2026/05/29 21:00:53,0,3617,61909,0
2026/05/29 21:00:57,0,3617,61909,0
2026/05/29 21:01:02,0,3617,61909,0
2026/05/29 21:01:07,0,3616,61909,0
2026/05/29 21:01:11,0,3616,61909,0
2026/05/29 21:01:16,0,3616,61909,0
2026/05/29 21:01:20,0,3617,61909,0
2026/05/29 21:01:25,0,3616,61909,0
2026/05/29 21:01:29,0,3616,61909,0
2026/05/29 21:01:34,0,3616,61909,0
2026/05/29 21:01:38,0,3616,61909,0
2026/05/29 21:01:43,0,3616,61909,0
2026/05/29 21:01:47,0,3617,61909,0
2026/05/29 21:01:52,0,3616,61909,0
2026/05/29 21:01:56,0,3616,61909,0
2026/05/29 21:02:01,0,3616,61909,0
2026/05/29 21:02:05,0,3616,61909,0
2026/05/29 21:02:10,0,3616,61909,0
2026/05/29 21:02:14,0,3615,61909,0
2026/05/29 21:02:19,0,3616,61909,0
2026/05/29 21:02:23,0,3616,61909,0
2026/05/29 21:02:28,0,3616,61909,0
2026/05/29 21:02:32,0,3615,61909,0
2026/05/29 21:02:37,0,3615,61909,0
2026/05/29 21:02:41,0,3615,61909,0
2026/05/29 21:02:46,0,3616,61909,0
2026/05/29 21:02:50,0,3616,61909,0
2026/05/29 21:02:55,0,3616,61909,0
2026/05/29 21:02:59,0,3616,61909,0
2026/05/29 21:03:04,0,3616,61909,0
2026/05/29 21:03:09,0,3615,61909,0
2026/05/29 21:03:13,0,3615,61909,0
2026/05/29 21:03:18,0,3615,61909,0
2026/05/29 21:03:22,0,3615,61909,0
2026/05/29 21:03:27,0,3615,61909,0
2026/05/29 21:03:31,0,3616,61909,0
2026/05/29 21:03:36,0,3616,61909,0
2026/05/29 21:03:40,0,3616,61909,0
2026/05/29 21:03:45,0,3616,61909,0
2026/05/29 21:03:49,0,3616,61909,0
2026/05/29 21:03:54,0,3616,61909,0
2026/05/29 21:03:58,0,3616,61909,0
2026/05/29 21:04:03,0,3616,61909,0
2026/05/29 21:04:07,0,3616,61909,0
2026/05/29 21:04:12,0,3616,61909,0
2026/05/29 21:04:16,0,3616,61909,0
2026/05/29 21:04:21,0,3616,61909,0
2026/05/29 21:04:25,0,3616,61909,0
2026/05/29 21:04:30,0,3616,61909,0
2026/05/29 21:04:34,0,3616,61909,0
2026/05/29 21:04:39,0,3615,61909,0
2026/05/29 21:04:43,0,3615,61909,0
2026/05/29 21:04:48,0,3615,61909,0
2026/05/29 21:04:52,0,3616,61909,0
2026/05/29 21:04:57,0,3617,61909,0
2026/05/29 21:05:01,0,3617,61909,0
2026/05/29 21:05:06,0,3617,61909,0
2026/05/29 21:05:11,0,3617,61909,0
2026/05/29 21:05:15,0,3618,61909,0
2026/05/29 21:05:20,0,3617,61909,0
2026/05/29 21:05:24,0,3618,61909,0
2026/05/29 21:05:29,0,3618,61909,0
2026/05/29 21:05:33,0,3618,61909,0
2026/05/29 21:05:38,0,3619,61909,0
2026/05/29 21:05:42,0,3619,61909,0
2026/05/29 21:05:47,0,3618,61909,0
2026/05/29 21:05:51,0,3619,61909,0
2026/05/29 21:05:56,0,3619,61909,0
2026/05/29 21:06:00,0,3619,61909,0
2026/05/29 21:06:05,0,3619,61909,0
2026/05/29 21:06:09,0,3620,61909,0
2026/05/29 21:06:14,0,3620,61909,0
2026/05/29 21:06:18,0,3619,61909,0
2026/05/29 21:06:23,0,3620,61909,0
2026/05/29 21:06:27,0,3619,61909,0
2026/05/29 21:06:32,0,3619,61909,0
2026/05/29 21:06:36,0,3619,61909,0
2026/05/29 21:06:41,0,3619,61909,0
2026/05/29 21:06:45,0,3619,61909,0
2026/05/29 21:06:50,0,3619,61909,0
2026/05/29 21:06:54,0,3619,61909,0
2026/05/29 21:06:59,0,3620,61909,0
2026/05/29 21:07:03,0,3620,61909,0
2026/05/29 21:07:08,0,3620,61909,0
2026/05/29 21:07:13,0,3619,61909,0
2026/05/29 21:07:17,0,3619,61909,0
2026/05/29 21:07:22,0,3619,61909,0
2026/05/29 21:07:26,0,3618,61909,0
2026/05/29 21:07:31,0,3618,61909,0
2026/05/29 21:07:35,0,3619,61909,0
2026/05/29 21:07:40,0,3618,61909,0
2026/05/29 21:07:44,0,3620,61909,0
2026/05/29 21:07:49,0,3620,61909,0
2026/05/29 21:07:53,0,3620,61909,0
2026/05/29 21:07:58,0,3619,61909,0
2026/05/29 21:08:02,0,3619,61909,0
2026/05/29 21:08:07,0,3619,61909,0
2026/05/29 21:08:11,0,3619,61909,0
2026/05/29 21:08:16,0,3620,61909,0
2026/05/29 21:08:20,0,3620,61909,0
2026/05/29 21:08:25,0,3620,61909,0
2026/05/29 21:08:29,0,3619,61909,0
2026/05/29 21:08:34,0,3620,61909,0
2026/05/29 21:08:38,0,3620,61909,0
2026/05/29 21:08:43,0,3620,61909,0
2026/05/29 21:08:47,0,3620,61909,0
2026/05/29 21:08:52,0,3620,61909,0
2026/05/29 21:08:56,0,3621,61909,0
2026/05/29 21:09:01,0,3621,61909,0
2026/05/29 21:09:05,0,3621,61909,0
2026/05/29 21:09:10,0,3621,61909,0
2026/05/29 21:09:15,0,3621,61909,0
2026/05/29 21:09:19,0,3620,61909,0
2026/05/29 21:09:24,0,3621,61909,0
2026/05/29 21:09:28,0,3620,61909,0
2026/05/29 21:09:33,0,3620,61909,0
2026/05/29 21:09:37,0,3619,61909,0
2026/05/29 21:09:42,0,3620,61909,0
2026/05/29 21:09:46,0,3619,61909,0
2026/05/29 21:09:51,0,3619,61909,0
2026/05/29 21:09:55,0,3619,61909,0
2026/05/29 21:10:00,0,3618,61909,0
2026/05/29 21:10:04,0,3618,61909,0
2026/05/29 21:10:09,0,3618,61909,0
2026/05/29 21:10:13,0,3618,61909,0
2026/05/29 21:10:18,0,3618,61909,0
2026/05/29 21:10:22,0,3618,61909,0
2026/05/29 21:10:27,0,3618,61909,0
2026/05/29 21:10:31,0,3618,61909,0
2026/05/29 21:10:36,0,3618,61909,0
2026/05/29 21:10:40,0,3617,61909,0
2026/05/29 21:10:45,0,3617,61909,0
2026/05/29 21:10:49,0,3616,61909,0
2026/05/29 21:10:54,0,3616,61909,0
2026/05/29 21:10:58,0,3616,61909,0
2026/05/29 21:11:03,0,3615,61909,0
2026/05/29 21:11:07,0,3615,61909,0
2026/05/29 21:11:12,0,3615,61909,0
2026/05/29 21:11:16,0,3615,61909,0
2026/05/29 21:11:21,0,3615,61909,0
2026/05/29 21:11:26,0,3616,61909,0
2026/05/29 21:11:30,0,3615,61909,0
2026/05/29 21:11:35,0,3616,61909,0
2026/05/29 21:11:39,0,3616,61909,0
2026/05/29 21:11:44,0,3616,61909,0
2026/05/29 21:11:48,0,3616,61909,0
2026/05/29 21:11:53,0,3616,61909,0
2026/05/29 21:11:57,0,3616,61909,0
2026/05/29 21:12:02,0,3616,61909,0
2026/05/29 21:12:06,0,3616,61909,0
2026/05/29 21:12:11,0,3616,61909,0
2026/05/29 21:12:15,0,3615,61909,0
2026/05/29 21:12:20,0,3616,61909,0
2026/05/29 21:12:24,0,3616,61909,0
2026/05/29 21:12:29,0,3616,61909,0
2026/05/29 21:12:33,0,3616,61909,0
2026/05/29 21:12:38,0,3616,61909,0
2026/05/29 21:12:42,0,3616,61909,0
2026/05/29 21:12:47,0,3615,61909,0
2026/05/29 21:12:51,0,3616,61909,0
2026/05/29 21:12:56,0,3616,61909,0
2026/05/29 21:13:00,0,3617,61909,0
2026/05/29 21:13:05,0,3617,61909,0
2026/05/29 21:13:09,0,3617,61909,0
2026/05/29 21:13:14,0,3617,61909,0
2026/05/29 21:13:18,0,3617,61909,0
2026/05/29 21:13:23,0,3616,61909,0
2026/05/29 21:13:28,0,3616,61909,0
2026/05/29 21:13:32,0,3617,61909,0
2026/05/29 21:13:37,0,3616,61909,0
2026/05/29 21:13:41,0,3616,61909,0
2026/05/29 21:13:46,0,3616,61909,0
2026/05/29 21:13:50,0,3615,61909,0
2026/05/29 21:13:55,0,3615,61909,0
2026/05/29 21:13:59,0,3615,61909,0
2026/05/29 21:14:04,0,3615,61909,0
2026/05/29 21:14:08,0,3616,61909,0
2026/05/29 21:14:13,0,3616,61909,0
2026/05/29 21:14:17,0,3615,61909,0
2026/05/29 21:14:22,0,3616,61909,0
2026/05/29 21:14:26,0,3616,61909,0
2026/05/29 21:14:31,0,3616,61909,0
2026/05/29 21:14:35,0,3617,61909,0
2026/05/29 21:14:40,0,3617,61909,0
2026/05/29 21:14:44,0,3617,61909,0
2026/05/29 21:14:49,0,3617,61909,0
2026/05/29 21:14:53,0,3618,61909,0
2026/05/29 21:14:58,0,3618,61909,0
2026/05/29 21:15:02,0,3617,61909,0
2026/05/29 21:15:07,0,3617,61909,0
2026/05/29 21:15:11,0,3618,61909,0
2026/05/29 21:15:16,0,3618,61909,0
2026/05/29 21:15:20,0,3618,61909,0
2026/05/29 21:15:25,0,3619,61909,0
2026/05/29 21:15:30,0,3618,61909,0
2026/05/29 21:15:34,0,3619,61909,0
2026/05/29 21:15:39,0,3619,61909,0
2026/05/29 21:15:43,0,3619,61909,0
2026/05/29 21:15:48,0,3619,61909,0
2026/05/29 21:15:52,0,3619,61909,0
2026/05/29 21:15:57,0,3619,61909,0
2026/05/29 21:16:01,0,3620,61909,0
2026/05/29 21:16:06,0,3619,61909,0
2026/05/29 21:16:10,0,3619,61909,0
2026/05/29 21:16:15,0,3619,61909,0
2026/05/29 21:16:19,0,3619,61909,0
2026/05/29 21:16:24,0,3618,61909,0
2026/05/29 21:16:28,0,3618,61909,0
2026/05/29 21:16:33,0,3619,61909,0
2026/05/29 21:16:37,0,3619,61909,0
2026/05/29 21:16:42,0,3620,61909,0
2026/05/29 21:16:46,0,3621,61909,0
2026/05/29 21:16:51,0,3620,61909,0
2026/05/29 21:16:55,0,3621,61909,0
2026/05/29 21:17:00,0,3621,61909,0
2026/05/29 21:17:04,0,3622,61909,0
2026/05/29 21:17:09,0,3621,61909,0
2026/05/29 21:17:13,0,3620,61909,0
2026/05/29 21:17:18,0,3619,61909,0
2026/05/29 21:17:22,0,3619,61909,0
2026/05/29 21:17:27,0,3618,61909,0
2026/05/29 21:17:31,0,3619,61909,0
2026/05/29 21:17:36,0,3619,61909,0
2026/05/29 21:17:41,0,3618,61909,0
2026/05/29 21:17:45,0,3619,61909,0
2026/05/29 21:17:50,0,3619,61909,0
2026/05/29 21:17:54,0,3619,61909,0
2026/05/29 21:17:59,0,3619,61909,0
2026/05/29 21:18:03,0,3619,61909,0
2026/05/29 21:18:08,0,3620,61909,0
2026/05/29 21:18:12,0,3620,61909,0
2026/05/29 21:18:17,0,3619,61909,0
2026/05/29 21:18:21,0,3620,61909,0
2026/05/29 21:18:26,0,3620,61909,0
2026/05/29 21:18:30,0,3620,61909,0
2026/05/29 21:18:35,0,3620,61909,0
2026/05/29 21:18:39,0,3620,61909,0
2026/05/29 21:18:44,0,3620,61909,0
2026/05/29 21:18:48,0,3620,61909,0
2026/05/29 21:18:53,0,3621,61909,0
2026/05/29 21:18:57,0,3621,61909,0
2026/05/29 21:19:02,0,3620,61909,0
2026/05/29 21:19:06,0,3621,61909,0
2026/05/29 21:19:11,0,3620,61909,0
2026/05/29 21:19:15,0,3620,61909,0
2026/05/29 21:19:20,0,3620,61909,0
2026/05/29 21:19:24,0,3620,61909,0
2026/05/29 21:19:29,0,3619,61909,0
2026/05/29 21:19:33,0,3620,61909,0
2026/05/29 21:19:38,0,3620,61909,0
2026/05/29 21:19:43,0,3620,61909,0
2026/05/29 21:19:47,0,3620,61909,0
2026/05/29 21:19:52,0,3620,61909,0
2026/05/29 21:19:56,0,3620,61909,0
2026/05/29 21:20:01,0,3620,61909,0
2026/05/29 21:20:05,0,3620,61909,0
2026/05/29 21:20:10,0,3619,61909,0
2026/05/29 21:20:14,0,3619,61909,0
2026/05/29 21:20:19,0,3619,61909,0
2026/05/29 21:20:23,0,3620,61909,0
2026/05/29 21:20:28,0,3620,61909,0
2026/05/29 21:20:32,0,3621,61909,0
2026/05/29 21:20:37,0,3621,61909,0
2026/05/29 21:20:41,0,3620,61909,0
2026/05/29 21:20:46,0,3620,61909,0
2026/05/29 21:20:50,0,3619,61909,0
2026/05/29 21:20:55,0,3620,61909,0
2026/05/29 21:20:59,0,3620,61909,0
2026/05/29 21:21:04,0,3620,61909,0
2026/05/29 21:21:08,0,3620,61909,0
2026/05/29 21:21:13,0,3620,61909,0
2026/05/29 21:21:17,0,3621,61909,0
2026/05/29 21:21:22,0,3620,61909,0
2026/05/29 21:21:26,0,3621,61909,0
2026/05/29 21:21:31,0,3621,61909,0
2026/05/29 21:21:35,0,3620,61909,0
2026/05/29 21:21:40,0,3620,61909,0
2026/05/29 21:21:45,0,3621,61909,0
2026/05/29 21:21:49,0,3621,61909,0
2026/05/29 21:21:54,0,3621,61909,0
2026/05/29 21:21:58,0,3620,61909,0
2026/05/29 21:22:03,0,3621,61909,0
2026/05/29 21:22:07,0,3620,61909,0
2026/05/29 21:22:12,0,3620,61909,0
2026/05/29 21:22:16,0,3621,61909,0
2026/05/29 21:22:21,0,3620,61909,0
2026/05/29 21:22:25,0,3621,61909,0
2026/05/29 21:22:30,0,3621,61909,0
2026/05/29 21:22:34,0,3620,61909,0
2026/05/29 21:22:39,0,3620,61909,0
2026/05/29 21:22:43,0,3620,61909,0
2026/05/29 21:22:48,0,3620,61909,0
2026/05/29 21:22:52,0,3621,61909,0
2026/05/29 21:22:57,0,3622,61909,0
2026/05/29 21:23:01,0,3621,61909,0
2026/05/29 21:23:06,0,3621,61909,0
2026/05/29 21:23:10,0,3621,61909,0
2026/05/29 21:23:15,0,3621,61909,0
2026/05/29 21:23:19,0,3621,61909,0
2026/05/29 21:23:24,0,3621,61909,0
2026/05/29 21:23:28,0,3621,61909,0
2026/05/29 21:23:33,0,3621,61909,0
2026/05/29 21:23:37,0,3620,61909,0
2026/05/29 21:23:42,0,3620,61909,0
2026/05/29 21:23:47,0,3620,61909,0
2026/05/29 21:23:51,0,3620,61909,0
2026/05/29 21:23:56,0,3620,61909,0
2026/05/29 21:24:00,0,3621,61909,0
2026/05/29 21:24:05,0,3621,61909,0
2026/05/29 21:24:09,0,3621,61909,0
2026/05/29 21:24:14,0,3621,61909,0
2026/05/29 21:24:18,0,3622,61909,0
2026/05/29 21:24:23,0,3622,61909,0
2026/05/29 21:24:27,0,3622,61909,0
2026/05/29 21:24:32,0,3623,61909,0
2026/05/29 21:24:36,0,3624,61909,0
2026/05/29 21:24:41,0,3623,61909,0
2026/05/29 21:24:45,0,3624,61909,0
2026/05/29 21:24:50,0,3623,61909,0
2026/05/29 21:24:54,0,3624,61909,0
2026/05/29 21:24:59,0,3624,61909,0
2026/05/29 21:25:03,0,3623,61909,0
2026/05/29 21:25:08,0,3623,61909,0
2026/05/29 21:25:12,0,3623,61909,0
2026/05/29 21:25:17,0,3623,61909,0
2026/05/29 21:25:21,0,3624,61909,0
2026/05/29 21:25:26,0,3624,61909,0
2026/05/29 21:25:30,0,3623,61909,0
2026/05/29 21:25:35,0,3624,61909,0
2026/05/29 21:25:39,0,3624,61909,0
2026/05/29 21:25:44,0,3624,61909,0
2026/05/29 21:25:49,0,3624,61909,0
2026/05/29 21:25:53,0,3624,61909,0
2026/05/29 21:25:58,0,3624,61909,0
2026/05/29 21:26:02,0,3624,61909,0
2026/05/29 21:26:07,0,3625,61909,0
2026/05/29 21:26:11,0,3625,61909,0
2026/05/29 21:26:16,0,3625,61909,0
2026/05/29 21:26:20,0,3625,61909,0
2026/05/29 21:26:25,0,3626,61909,0
2026/05/29 21:26:29,0,3625,61909,0
2026/05/29 21:26:34,0,3625,61909,0
2026/05/29 21:26:38,0,3626,61909,0
2026/05/29 21:26:43,0,3626,61909,0
2026/05/29 21:26:47,0,3626,61909,0
2026/05/29 21:26:52,0,3625,61909,0
2026/05/29 21:26:56,0,3625,61909,0
2026/05/29 21:27:01,0,3625,61909,0
2026/05/29 21:27:05,0,3625,61909,0
2026/05/29 21:27:10,0,3626,61909,0
2026/05/29 21:27:14,0,3626,61909,0
2026/05/29 21:27:19,0,3626,61909,0
2026/05/29 21:27:23,0,3627,61909,0
2026/05/29 21:27:28,0,3627,61909,0
2026/05/29 21:27:32,0,3626,61909,0
2026/05/29 21:27:37,0,3627,61909,0
2026/05/29 21:27:41,0,3626,61909,0
2026/05/29 21:27:46,0,3626,61909,0
2026/05/29 21:27:51,0,3625,61909,0
2026/05/29 21:27:55,0,3625,61909,0
2026/05/29 21:28:00,0,3624,61909,0
2026/05/29 21:28:04,0,3625,61909,0
2026/05/29 21:28:09,0,3625,61909,0
2026/05/29 21:28:13,0,3624,61909,0
2026/05/29 21:28:18,0,3624,61909,0
2026/05/29 21:28:22,0,3624,61909,0
2026/05/29 21:28:27,0,3625,61909,0
2026/05/29 21:28:31,0,3624,61909,0
2026/05/29 21:28:36,0,3624,61909,0
2026/05/29 21:28:40,0,3624,61909,0
2026/05/29 21:28:45,0,3624,61909,0
2026/05/29 21:28:49,0,3624,61909,0
2026/05/29 21:28:54,0,3624,61909,0
2026/05/29 21:28:58,0,3624,61909,0
2026/05/29 21:29:03,0,3624,61909,0
2026/05/29 21:29:07,0,3624,61909,0
2026/05/29 21:29:12,0,3624,61909,0
2026/05/29 21:29:16,0,3624,61909,0
2026/05/29 21:29:21,0,3624,61909,0
2026/05/29 21:29:25,0,3624,61909,0
2026/05/29 21:29:30,0,3624,61909,0
2026/05/29 21:29:34,0,3624,61909,0
2026/05/29 21:29:39,0,3624,61909,0
2026/05/29 21:29:43,0,3624,61909,0
2026/05/29 21:29:48,0,3624,61909,0
2026/05/29 21:29:52,0,3624,61909,0
2026/05/29 21:29:57,0,3624,61909,0
2026/05/29 21:30:02,0,3624,61909,0
2026/05/29 21:30:06,0,3625,61909,0
2026/05/29 21:30:11,0,3625,61909,0
2026/05/29 21:30:15,0,3626,61909,0
2026/05/29 21:30:20,0,3626,61909,0
2026/05/29 21:30:24,0,3626,61909,0
2026/05/29 21:30:29,0,3627,61909,0
2026/05/29 21:30:33,0,3626,61909,0
2026/05/29 21:30:38,0,3626,61909,0
2026/05/29 21:30:42,0,3625,61909,0
2026/05/29 21:30:47,0,3625,61909,0
2026/05/29 21:30:51,0,3624,61909,0
2026/05/29 21:30:56,0,3624,61909,0
2026/05/29 21:31:00,0,3623,61909,0
2026/05/29 21:31:05,0,3622,61909,0
2026/05/29 21:31:09,0,3621,61909,0
2026/05/29 21:31:14,0,3621,61909,0
2026/05/29 21:31:18,0,3620,61909,0
2026/05/29 21:31:23,0,3621,61909,0
2026/05/29 21:31:27,0,3621,61909,0
2026/05/29 21:31:32,0,3621,61909,0
2026/05/29 21:31:36,0,3622,61909,0
2026/05/29 21:31:41,0,3622,61909,0
2026/05/29 21:31:45,0,3621,61909,0
2026/05/29 21:31:50,0,3622,61909,0
2026/05/29 21:31:54,0,3618,61909,0
2026/05/29 21:31:59,0,3618,61909,0
2026/05/29 21:32:04,0,3618,61909,0
2026/05/29 21:32:08,0,3619,61909,0
2026/05/29 21:32:13,0,3618,61909,0
2026/05/29 21:32:17,0,3619,61909,0
2026/05/29 21:32:22,0,3619,61909,0
2026/05/29 21:32:26,0,3620,61909,0
2026/05/29 21:32:31,0,3620,61909,0
2026/05/29 21:32:35,0,3619,61909,0
2026/05/29 21:32:40,0,3619,61909,0
2026/05/29 21:32:44,0,3617,61909,0
2026/05/29 21:32:49,0,3617,61909,0
2026/05/29 21:32:53,0,3617,61909,0
2026/05/29 21:32:58,0,3617,61909,0
2026/05/29 21:33:02,0,3618,61909,0
2026/05/29 21:33:07,0,3618,61909,0
2026/05/29 21:33:11,0,3618,61909,0
2026/05/29 21:33:16,0,3617,61909,0
2026/05/29 21:33:20,0,3618,61909,0
2026/05/29 21:33:25,0,3619,61909,0
2026/05/29 21:33:29,0,3619,61909,0
2026/05/29 21:33:34,0,3619,61909,0
2026/05/29 21:33:38,0,3618,61909,0
2026/05/29 21:33:43,0,3619,61909,0
2026/05/29 21:33:47,0,3619,61909,0
2026/05/29 21:33:52,0,3619,61909,0
2026/05/29 21:33:56,0,3620,61909,0
2026/05/29 21:34:01,0,3620,61909,0
2026/05/29 21:34:06,0,3620,61909,0
2026/05/29 21:34:10,0,3620,61909,0
2026/05/29 21:34:15,0,3620,61909,0
2026/05/29 21:34:19,0,3621,61909,0
2026/05/29 21:34:24,0,3621,61909,0
2026/05/29 21:34:28,0,3620,61909,0
2026/05/29 21:34:33,0,3621,61909,0
2026/05/29 21:34:37,0,3620,61909,0
2026/05/29 21:34:42,0,3619,61909,0
2026/05/29 21:34:46,0,3619,61909,0
2026/05/29 21:34:51,0,3619,61909,0
2026/05/29 21:34:55,0,3619,61909,0
2026/05/29 21:35:00,0,3618,61909,0
2026/05/29 21:35:04,0,3619,61909,0
2026/05/29 21:35:09,0,3619,61909,0
2026/05/29 21:35:13,0,3620,61909,0
2026/05/29 21:35:18,0,3619,61909,0
2026/05/29 21:35:22,0,3619,61909,0
2026/05/29 21:35:27,0,3619,61909,0
2026/05/29 21:35:31,0,3619,61909,0
2026/05/29 21:35:36,0,3620,61909,0
2026/05/29 21:35:40,0,3620,61909,0
2026/05/29 21:35:45,0,3619,61909,0
2026/05/29 21:35:49,0,3619,61909,0
2026/05/29 21:35:54,0,3620,61909,0
2026/05/29 21:35:58,0,3619,61909,0
2026/05/29 21:36:03,0,3619,61909,0
2026/05/29 21:36:08,0,3620,61909,0
2026/05/29 21:36:12,0,3620,61909,0
2026/05/29 21:36:17,0,3620,61909,0
2026/05/29 21:36:21,0,3620,61909,0
2026/05/29 21:36:26,0,3620,61909,0
2026/05/29 21:36:30,0,3619,61909,0
2026/05/29 21:36:35,0,3619,61909,0
2026/05/29 21:36:39,0,3619,61909,0
2026/05/29 21:36:44,0,3620,61909,0
2026/05/29 21:36:48,0,3620,61909,0
2026/05/29 21:36:53,0,3620,61909,0
2026/05/29 21:36:57,0,3620,61909,0
2026/05/29 21:37:02,0,3621,61909,0
2026/05/29 21:37:06,0,3621,61909,0
2026/05/29 21:37:11,0,3620,61909,0
2026/05/29 21:37:15,0,3619,61909,0
2026/05/29 21:37:20,0,3619,61909,0
2026/05/29 21:37:24,0,3619,61909,0
2026/05/29 21:37:29,0,3620,61909,0
2026/05/29 21:37:33,0,3620,61909,0
2026/05/29 21:37:38,0,3621,61909,0
2026/05/29 21:37:42,0,3621,61909,0
2026/05/29 21:37:47,0,3621,61909,0
2026/05/29 21:37:51,0,3621,61909,0
2026/05/29 21:37:56,0,3621,61909,0
2026/05/29 21:38:00,0,3621,61909,0
2026/05/29 21:38:05,0,3622,61909,0
2026/05/29 21:38:10,0,3621,61909,0
2026/05/29 21:38:14,0,3622,61909,0
2026/05/29 21:38:19,0,3622,61909,0
2026/05/29 21:38:23,0,3621,61909,0
2026/05/29 21:38:28,0,3621,61909,0
2026/05/29 21:38:32,0,3622,61909,0
2026/05/29 21:38:37,0,3622,61909,0
2026/05/29 21:38:41,0,3621,61909,0
2026/05/29 21:38:46,0,3621,61909,0
2026/05/29 21:38:50,0,3620,61909,0
2026/05/29 21:38:55,0,3621,61909,0
2026/05/29 21:38:59,0,3621,61909,0
2026/05/29 21:39:04,0,3621,61909,0
2026/05/29 21:39:08,0,3621,61909,0
2026/05/29 21:39:13,0,3622,61909,0
2026/05/29 21:39:17,0,3621,61909,0
2026/05/29 21:39:22,0,3621,61909,0
2026/05/29 21:39:26,0,3621,61909,0
2026/05/29 21:39:31,0,3622,61909,0
2026/05/29 21:39:35,0,3622,61909,0
2026/05/29 21:39:40,0,3621,61909,0
2026/05/29 21:39:44,0,3621,61909,0
2026/05/29 21:39:49,0,3622,61909,0
2026/05/29 21:39:53,0,3621,61909,0
2026/05/29 21:39:58,0,3621,61909,0
2026/05/29 21:40:02,0,3619,61909,0
2026/05/29 21:40:07,0,3619,61909,0
2026/05/29 21:40:11,0,3619,61909,0
2026/05/29 21:40:16,0,3619,61909,0
2026/05/29 21:40:21,0,3619,61909,0
2026/05/29 21:40:25,0,3620,61909,0
2026/05/29 21:40:30,0,3620,61909,0
2026/05/29 21:40:34,0,3619,61909,0
2026/05/29 21:40:39,0,3619,61909,0
2026/05/29 21:40:43,0,3620,61909,0
2026/05/29 21:40:48,0,3620,61909,0
2026/05/29 21:40:52,0,3620,61909,0
2026/05/29 21:40:57,0,3620,61909,0
2026/05/29 21:41:01,0,3620,61909,0
2026/05/29 21:41:06,0,3621,61909,0
2026/05/29 21:41:10,0,3621,61909,0
2026/05/29 21:41:15,0,3620,61909,0
2026/05/29 21:41:19,0,3620,61909,0
2026/05/29 21:41:24,0,3619,61909,0
2026/05/29 21:41:28,0,3620,61909,0
2026/05/29 21:41:33,0,3621,61909,0
2026/05/29 21:41:37,0,3622,61909,0
2026/05/29 21:41:42,0,3621,61909,0
2026/05/29 21:41:46,0,3622,61909,0
2026/05/29 21:41:51,0,3621,61909,0
2026/05/29 21:41:55,0,3621,61909,0
2026/05/29 21:42:00,0,3621,61909,0
2026/05/29 21:42:04,0,3620,61909,0
2026/05/29 21:42:09,0,3621,61909,0
2026/05/29 21:42:13,0,3621,61909,0
2026/05/29 21:42:18,0,3620,61909,0
2026/05/29 21:42:23,0,3621,61909,0
2026/05/29 21:42:27,0,3622,61909,0
2026/05/29 21:42:32,0,3622,61909,0
2026/05/29 21:42:36,0,3621,61909,0
2026/05/29 21:42:41,0,3621,61909,0
2026/05/29 21:42:45,0,3620,61909,0
2026/05/29 21:42:50,0,3620,61909,0
2026/05/29 21:42:54,0,3621,61909,0
2026/05/29 21:42:59,0,3621,61909,0
2026/05/29 21:43:03,0,3621,61909,0
2026/05/29 21:43:08,0,3621,61909,0
2026/05/29 21:43:12,0,3621,61909,0
2026/05/29 21:43:17,0,3622,61909,0
2026/05/29 21:43:21,0,3622,61909,0
2026/05/29 21:43:26,0,3621,61909,0
2026/05/29 21:43:30,0,3622,61909,0
2026/05/29 21:43:35,0,3622,61909,0
2026/05/29 21:43:39,0,3622,61909,0
2026/05/29 21:43:44,0,3622,61909,0
2026/05/29 21:43:48,0,3622,61909,0
2026/05/29 21:43:53,0,3623,61909,0
2026/05/29 21:43:57,0,3623,61909,0
2026/05/29 21:44:02,0,3622,61909,0
2026/05/29 21:44:06,0,3621,61909,0
2026/05/29 21:44:11,0,3621,61909,0
2026/05/29 21:44:15,0,3621,61909,0
2026/05/29 21:44:20,0,3622,61909,0
2026/05/29 21:44:25,0,3622,61909,0
2026/05/29 21:44:29,0,3622,61909,0
2026/05/29 21:44:34,0,3623,61909,0
2026/05/29 21:44:38,0,3623,61909,0
2026/05/29 21:44:43,0,3622,61909,0
2026/05/29 21:44:47,0,3622,61909,0
2026/05/29 21:44:52,0,3622,61909,0
2026/05/29 21:44:56,0,3622,61909,0
2026/05/29 21:45:01,0,3623,61909,0
2026/05/29 21:45:05,0,3622,61909,0
2026/05/29 21:45:10,0,3622,61909,0
2026/05/29 21:45:14,0,3622,61909,0
2026/05/29 21:45:19,0,3622,61909,0
2026/05/29 21:45:23,0,3621,61909,0
2026/05/29 21:45:28,0,3622,61909,0
2026/05/29 21:45:32,0,3621,61909,0
2026/05/29 21:45:37,0,3621,61909,0
2026/05/29 21:45:41,0,3621,61909,0
2026/05/29 21:45:46,0,3621,61909,0
2026/05/29 21:45:50,0,3621,61909,0
2026/05/29 21:45:55,0,3620,61909,0
2026/05/29 21:45:59,0,3619,61909,0
2026/05/29 21:46:04,0,3619,61909,0
2026/05/29 21:46:08,0,3619,61909,0
2026/05/29 21:46:13,0,3619,61909,0
2026/05/29 21:46:17,0,3620,61909,0
2026/05/29 21:46:22,0,3619,61909,0
2026/05/29 21:46:27,0,3618,61909,0
2026/05/29 21:46:31,0,3619,61909,0
2026/05/29 21:46:36,0,3619,61909,0
2026/05/29 21:46:40,0,3619,61909,0
2026/05/29 21:46:45,0,3619,61909,0
2026/05/29 21:46:49,0,3619,61909,0
2026/05/29 21:46:54,0,3619,61909,0
2026/05/29 21:46:58,0,3619,61909,0
2026/05/29 21:47:03,0,3619,61909,0
2026/05/29 21:47:07,0,3618,61909,0
2026/05/29 21:47:12,0,3618,61909,0
2026/05/29 21:47:16,0,3618,61909,0
2026/05/29 21:47:21,0,3618,61909,0
2026/05/29 21:47:25,0,3618,61909,0
2026/05/29 21:47:30,0,3618,61909,0
2026/05/29 21:47:34,0,3619,61909,0
2026/05/29 21:47:39,0,3619,61909,0
2026/05/29 21:47:43,0,3619,61909,0
2026/05/29 21:47:48,0,3619,61909,0
2026/05/29 21:47:52,0,3619,61909,0
2026/05/29 21:47:57,0,3618,61909,0
2026/05/29 21:48:01,0,3619,61909,0
2026/05/29 21:48:06,0,3619,61909,0
2026/05/29 21:48:10,0,3619,61909,0
2026/05/29 21:48:15,0,3619,61909,0
2026/05/29 21:48:19,0,3619,61909,0
2026/05/29 21:48:24,0,3619,61909,0
2026/05/29 21:48:28,0,3619,61909,0
2026/05/29 21:48:33,0,3618,61909,0
2026/05/29 21:48:38,0,3617,61909,0
2026/05/29 21:48:42,0,3618,61909,0
2026/05/29 21:48:47,0,3618,61909,0
2026/05/29 21:48:51,0,3618,61909,0
2026/05/29 21:48:56,0,3618,61909,0
2026/05/29 21:49:00,0,3618,61909,0
2026/05/29 21:49:05,0,3618,61909,0
2026/05/29 21:49:09,0,3618,61909,0
2026/05/29 21:49:14,0,3617,61909,0
2026/05/29 21:49:18,0,3618,61909,0
2026/05/29 21:49:23,0,3618,61909,0
2026/05/29 21:49:27,0,3617,61909,0
2026/05/29 21:49:32,0,3617,61909,0
2026/05/29 21:49:36,0,3617,61909,0
2026/05/29 21:49:41,0,3618,61909,0
2026/05/29 21:49:45,0,3618,61909,0
2026/05/29 21:49:50,0,3618,61909,0
2026/05/29 21:49:54,0,3617,61909,0
2026/05/29 21:49:59,0,3617,61909,0
2026/05/29 21:50:03,0,3618,61909,0
2026/05/29 21:50:08,0,3618,61909,0
2026/05/29 21:50:12,0,3619,61909,0
2026/05/29 21:50:17,0,3619,61909,0
2026/05/29 21:50:21,0,3618,61909,0
2026/05/29 21:50:26,0,3619,61909,0
2026/05/29 21:50:30,0,3618,61909,0
2026/05/29 21:50:35,0,3618,61909,0
2026/05/29 21:50:40,0,3618,61909,0
2026/05/29 21:50:44,0,3618,61909,0
2026/05/29 21:50:49,0,3618,61909,0
2026/05/29 21:50:53,0,3618,61909,0
2026/05/29 21:50:58,0,3618,61909,0
2026/05/29 21:51:02,0,3618,61909,0
2026/05/29 21:51:07,0,3618,61909,0
2026/05/29 21:51:11,0,3618,61909,0
2026/05/29 21:51:16,0,3618,61909,0
2026/05/29 21:51:20,0,3618,61909,0
2026/05/29 21:51:25,0,3618,61909,0
2026/05/29 21:51:29,0,3618,61909,0
2026/05/29 21:51:34,0,3619,61909,0
2026/05/29 21:51:38,0,3619,61909,0
2026/05/29 21:51:43,0,3619,61909,0
2026/05/29 21:51:47,0,3619,61909,0
2026/05/29 21:51:52,0,3619,61909,0
2026/05/29 21:51:56,0,3619,61909,0
2026/05/29 21:52:01,0,3618,61909,0
2026/05/29 21:52:05,0,3618,61909,0
2026/05/29 21:52:10,0,3618,61909,0
2026/05/29 21:52:14,0,3618,61909,0
2026/05/29 21:52:19,0,3618,61909,0
2026/05/29 21:52:23,0,3617,61909,0
2026/05/29 21:52:28,0,3618,61909,0
2026/05/29 21:52:32,0,3618,61909,0
2026/05/29 21:52:37,0,3619,61909,0
2026/05/29 21:52:42,0,3618,61909,0
2026/05/29 21:52:46,0,3619,61909,0
2026/05/29 21:52:51,0,3619,61909,0
2026/05/29 21:52:55,0,3618,61909,0
2026/05/29 21:53:00,0,3619,61909,0
2026/05/29 21:53:04,0,3618,61909,0
2026/05/29 21:53:09,0,3619,61909,0
2026/05/29 21:53:13,0,3618,61909,0
2026/05/29 21:53:18,0,3617,61909,0
2026/05/29 21:53:22,0,3618,61909,0
2026/05/29 21:53:27,0,3617,61909,0
2026/05/29 21:53:31,0,3618,61909,0
2026/05/29 21:53:36,0,3618,61909,0
2026/05/29 21:53:40,0,3618,61909,0
2026/05/29 21:53:45,0,3619,61909,0
2026/05/29 21:53:49,0,3619,61909,0
2026/05/29 21:53:54,0,3618,61909,0
2026/05/29 21:53:58,0,3617,61909,0
2026/05/29 21:54:03,0,3618,61909,0
2026/05/29 21:54:07,0,3618,61909,0
2026/05/29 21:54:12,0,3618,61909,0
2026/05/29 21:54:16,0,3618,61909,0
2026/05/29 21:54:21,0,3617,61909,0
2026/05/29 21:54:25,0,3618,61909,0
2026/05/29 21:54:30,0,3618,61909,0
2026/05/29 21:54:34,0,3617,61909,0
2026/05/29 21:54:39,0,3617,61909,0
2026/05/29 21:54:43,0,3616,61909,0
2026/05/29 21:54:48,0,3616,61909,0
2026/05/29 21:54:53,0,3616,61909,0
2026/05/29 21:54:57,0,3617,61909,0
2026/05/29 21:55:02,0,3617,61909,0
2026/05/29 21:55:06,0,3617,61909,0
2026/05/29 21:55:11,0,3617,61909,0
2026/05/29 21:55:15,0,3616,61909,0
2026/05/29 21:55:20,0,3616,61909,0
2026/05/29 21:55:24,0,3616,61909,0
2026/05/29 21:55:29,0,3616,61909,0
2026/05/29 21:55:33,0,3617,61909,0
2026/05/29 21:55:38,0,3617,61909,0
2026/05/29 21:55:42,0,3617,61909,0
2026/05/29 21:55:47,0,3618,61909,0
2026/05/29 21:55:51,0,3618,61909,0
2026/05/29 21:55:56,0,3619,61909,0
2026/05/29 21:56:00,0,3617,61909,0
2026/05/29 21:56:05,0,3618,61909,0
2026/05/29 21:56:09,0,3618,61909,0
2026/05/29 21:56:14,0,3619,61909,0
2026/05/29 21:56:18,0,3619,61909,0
2026/05/29 21:56:23,0,3618,61909,0
2026/05/29 21:56:27,0,3618,61909,0
2026/05/29 21:56:32,0,3618,61909,0
2026/05/29 21:56:36,0,3618,61909,0
2026/05/29 21:56:41,0,3617,61909,0
2026/05/29 21:56:45,0,3618,61909,0
2026/05/29 21:56:50,0,3617,61909,0
2026/05/29 21:56:55,0,3618,61909,0
2026/05/29 21:56:59,0,3617,61909,0
2026/05/29 21:57:04,0,3617,61909,0
2026/05/29 21:57:08,0,3618,61909,0
2026/05/29 21:57:13,0,3618,61909,0
2026/05/29 21:57:17,0,3618,61909,0
2026/05/29 21:57:22,0,3618,61909,0
2026/05/29 21:57:26,0,3617,61909,0
2026/05/29 21:57:31,0,3617,61909,0
2026/05/29 21:57:35,0,3618,61909,0
2026/05/29 21:57:40,0,3617,61909,0
2026/05/29 21:57:44,0,3616,61909,0
2026/05/29 21:57:49,0,3617,61909,0
2026/05/29 21:57:53,0,3617,61909,0
2026/05/29 21:57:58,0,3617,61909,0
2026/05/29 21:58:02,0,3617,61909,0
2026/05/29 21:58:07,0,3617,61909,0
2026/05/29 21:58:11,0,3617,61909,0
2026/05/29 21:58:16,0,3617,61909,0
2026/05/29 21:58:20,0,3616,61909,0
2026/05/29 21:58:25,0,3615,61909,0
2026/05/29 21:58:29,0,3615,61909,0
2026/05/29 21:58:34,0,3614,61909,0
2026/05/29 21:58:38,0,3614,61909,0
2026/05/29 21:58:43,0,3613,61909,0
2026/05/29 21:58:47,0,3613,61909,0
2026/05/29 21:58:52,0,3614,61909,0
2026/05/29 21:58:57,0,3613,61909,0
2026/05/29 21:59:01,0,3614,61909,0
2026/05/29 21:59:06,0,3614,61909,0
2026/05/29 21:59:10,0,3614,61909,0
2026/05/29 21:59:15,0,3614,61909,0
2026/05/29 21:59:19,0,3614,61909,0
2026/05/29 21:59:24,0,3614,61909,0
2026/05/29 21:59:28,0,3614,61909,0
2026/05/29 21:59:33,0,3614,61909,0
2026/05/29 21:59:37,0,3614,61909,0
2026/05/29 21:59:42,0,3614,61909,0
2026/05/29 21:59:46,0,3613,61909,0
2026/05/29 21:59:51,0,3613,61909,0
2026/05/29 21:59:55,0,3613,61909,0
2026/05/29 22:00:00,0,3613,61909,0
2026/05/29 22:00:04,0,3614,61909,0
2026/05/29 22:00:09,0,3613,61909,0
2026/05/29 22:00:13,0,3614,61909,0
2026/05/29 22:00:18,0,3613,61909,0
2026/05/29 22:00:22,0,3612,61909,0
2026/05/29 22:00:27,0,3612,61909,0
2026/05/29 22:00:31,0,3612,61909,0
2026/05/29 22:00:36,0,3613,61909,0
2026/05/29 22:00:40,0,3612,61909,0
2026/05/29 22:00:45,0,3612,61909,0
2026/05/29 22:00:49,0,3613,61909,0
2026/05/29 22:00:54,0,3613,61909,0
2026/05/29 22:00:59,0,3613,61909,0
2026/05/29 22:01:03,0,3613,61909,0
2026/05/29 22:01:08,0,3613,61909,0
2026/05/29 22:01:12,0,3614,61909,0
2026/05/29 22:01:17,0,3614,61909,0
2026/05/29 22:01:21,0,3615,61909,0
2026/05/29 22:01:26,0,3615,61909,0
2026/05/29 22:01:30,0,3616,61909,0
2026/05/29 22:01:35,0,3616,61909,0
2026/05/29 22:01:39,0,3616,61909,0
2026/05/29 22:01:44,0,3615,61909,0
2026/05/29 22:01:48,0,3615,61909,0
2026/05/29 22:01:53,0,3614,61909,0
2026/05/29 22:01:57,0,3614,61909,0
2026/05/29 22:02:02,0,3614,61909,0
2026/05/29 22:02:06,0,3614,61909,0
2026/05/29 22:02:11,0,3614,61909,0
2026/05/29 22:02:15,0,3614,61909,0
2026/05/29 22:02:20,0,3614,61909,0
2026/05/29 22:02:24,0,3614,61909,0
2026/05/29 22:02:29,0,3613,61909,0
2026/05/29 22:02:33,0,3613,61909,0
2026/05/29 22:02:38,0,3613,61909,0
2026/05/29 22:02:42,0,3613,61909,0
2026/05/29 22:02:47,0,3613,61909,0
2026/05/29 22:02:51,0,3613,61909,0
2026/05/29 22:02:56,0,3613,61909,0
2026/05/29 22:03:01,0,3613,61909,0
2026/05/29 22:03:05,0,3613,61909,0
2026/05/29 22:03:10,0,3613,61909,0
2026/05/29 22:03:14,0,3612,61909,0
2026/05/29 22:03:19,0,3613,61909,0
2026/05/29 22:03:23,0,3612,61909,0
2026/05/29 22:03:28,0,3612,61909,0
2026/05/29 22:03:32,0,3612,61909,0
2026/05/29 22:03:37,0,3613,61909,0
2026/05/29 22:03:41,0,3613,61909,0
2026/05/29 22:03:46,0,3613,61909,0
2026/05/29 22:03:50,0,3613,61909,0
2026/05/29 22:03:55,0,3613,61909,0
2026/05/29 22:03:59,0,3614,61909,0
2026/05/29 22:04:04,0,3614,61909,0
2026/05/29 22:04:08,0,3614,61909,0
2026/05/29 22:04:13,0,3615,61909,0
2026/05/29 22:04:17,0,3616,61909,0
2026/05/29 22:04:22,0,3616,61909,0
2026/05/29 22:04:26,0,3616,61909,0
2026/05/29 22:04:31,0,3617,61909,0
2026/05/29 22:04:35,0,3616,61909,0
2026/05/29 22:04:40,0,3617,61909,0
2026/05/29 22:04:44,0,3616,61909,0
2026/05/29 22:04:49,0,3616,61909,0
2026/05/29 22:04:53,0,3616,61909,0
2026/05/29 22:04:58,0,3616,61909,0
2026/05/29 22:05:03,0,3616,61909,0
2026/05/29 22:05:07,0,3616,61909,0
2026/05/29 22:05:12,0,3615,61909,0
2026/05/29 22:05:16,0,3615,61909,0
2026/05/29 22:05:21,0,3614,61909,0
2026/05/29 22:05:25,0,3614,61909,0
2026/05/29 22:05:30,0,3614,61909,0
2026/05/29 22:05:34,0,3614,61909,0
2026/05/29 22:05:39,0,3614,61909,0
2026/05/29 22:05:43,0,3615,61909,0
2026/05/29 22:05:48,0,3615,61909,0
2026/05/29 22:05:52,0,3614,61909,0
2026/05/29 22:05:57,0,3614,61909,0
2026/05/29 22:06:01,0,3614,61909,0
2026/05/29 22:06:06,0,3615,61909,0
2026/05/29 22:06:10,0,3614,61909,0
2026/05/29 22:06:15,0,3614,61909,0
2026/05/29 22:06:19,0,3615,61909,0
2026/05/29 22:06:24,0,3615,61909,0
2026/05/29 22:06:28,0,3615,61909,0
2026/05/29 22:06:33,0,3615,61909,0
2026/05/29 22:06:37,0,3615,61909,0
2026/05/29 22:06:42,0,3615,61909,0
2026/05/29 22:06:46,0,3616,61909,0
2026/05/29 22:06:51,0,3616,61909,0
2026/05/29 22:06:55,0,3617,61909,0
2026/05/29 22:07:00,0,3617,61909,0
2026/05/29 22:07:04,0,3618,61909,0
2026/05/29 22:07:09,0,3618,61909,0
2026/05/29 22:07:14,0,3618,61909,0
2026/05/29 22:07:18,0,3618,61909,0
2026/05/29 22:07:23,0,3618,61909,0
2026/05/29 22:07:27,0,3618,61909,0
2026/05/29 22:07:32,0,3618,61909,0
2026/05/29 22:07:36,0,3619,61909,0
2026/05/29 22:07:41,0,3619,61909,0
2026/05/29 22:07:45,0,3620,61909,0
2026/05/29 22:07:50,0,3620,61909,0
2026/05/29 22:07:54,0,3619,61909,0
2026/05/29 22:07:59,0,3619,61909,0
2026/05/29 22:08:03,0,3620,61909,0
2026/05/29 22:08:08,0,3619,61909,0
2026/05/29 22:08:12,0,3618,61909,0
2026/05/29 22:08:17,0,3619,61909,0
2026/05/29 22:08:21,0,3619,61909,0
2026/05/29 22:08:26,0,3619,61909,0
2026/05/29 22:08:30,0,3620,61909,0
2026/05/29 22:08:35,0,3619,61909,0
2026/05/29 22:08:39,0,3619,61909,0
2026/05/29 22:08:44,0,3619,61909,0
2026/05/29 22:08:48,0,3620,61909,0
2026/05/29 22:08:53,0,3619,61909,0
2026/05/29 22:08:57,0,3620,61909,0
2026/05/29 22:09:02,0,3620,61909,0
2026/05/29 22:09:06,0,3619,61909,0
2026/05/29 22:09:11,0,3620,61909,0
2026/05/29 22:09:16,0,3619,61909,0
2026/05/29 22:09:20,0,3620,61909,0
2026/05/29 22:09:25,0,3620,61909,0
2026/05/29 22:09:29,0,3620,61909,0
2026/05/29 22:09:34,0,3620,61909,0
2026/05/29 22:09:38,0,3620,61909,0
2026/05/29 22:09:43,0,3620,61909,0
2026/05/29 22:09:47,0,3620,61909,0
2026/05/29 22:09:52,0,3620,61909,0
2026/05/29 22:09:56,0,3620,61909,0
2026/05/29 22:10:01,0,3620,61909,0
2026/05/29 22:10:05,0,3621,61909,0
2026/05/29 22:10:10,0,3622,61909,0
2026/05/29 22:10:14,0,3622,61909,0
2026/05/29 22:10:19,0,3622,61909,0
2026/05/29 22:10:23,0,3622,61909,0
2026/05/29 22:10:28,0,3622,61909,0
2026/05/29 22:10:32,0,3622,61909,0
2026/05/29 22:10:37,0,3623,61909,0
2026/05/29 22:10:41,0,3622,61909,0
2026/05/29 22:10:46,0,3623,61909,0
2026/05/29 22:10:50,0,3623,61909,0
2026/05/29 22:10:55,0,3623,61909,0
2026/05/29 22:10:59,0,3623,61909,0
2026/05/29 22:11:04,0,3623,61909,0
2026/05/29 22:11:08,0,3623,61909,0
2026/05/29 22:11:13,0,3624,61909,0
2026/05/29 22:11:18,0,3623,61909,0
2026/05/29 22:11:22,0,3624,61909,0
2026/05/29 22:11:27,0,3624,61909,0
2026/05/29 22:11:31,0,3624,61909,0
2026/05/29 22:11:36,0,3623,61909,0
2026/05/29 22:11:40,0,3623,61909,0
2026/05/29 22:11:45,0,3624,61909,0
2026/05/29 22:11:49,0,3624,61909,0
2026/05/29 22:11:54,0,3624,61909,0
2026/05/29 22:11:58,0,3623,61909,0
2026/05/29 22:12:03,0,3624,61909,0
2026/05/29 22:12:07,0,3624,61909,0
2026/05/29 22:12:12,0,3624,61909,0
2026/05/29 22:12:16,0,3624,61909,0
2026/05/29 22:12:21,0,3623,61909,0
2026/05/29 22:12:25,0,3624,61909,0
2026/05/29 22:12:30,0,3624,61909,0
2026/05/29 22:12:34,0,3624,61909,0
2026/05/29 22:12:39,0,3624,61909,0
2026/05/29 22:12:43,0,3624,61909,0
2026/05/29 22:12:48,0,3625,61909,0
2026/05/29 22:12:52,0,3624,61909,0
2026/05/29 22:12:57,0,3625,61909,0
2026/05/29 22:13:01,0,3625,61909,0
2026/05/29 22:13:06,0,3625,61909,0
2026/05/29 22:13:10,0,3625,61909,0
2026/05/29 22:13:15,0,3625,61909,0
2026/05/29 22:13:20,0,3625,61909,0
2026/05/29 22:13:24,0,3625,61909,0
2026/05/29 22:13:29,0,3626,61909,0
2026/05/29 22:13:33,0,3626,61909,0
2026/05/29 22:13:38,0,3626,61909,0
2026/05/29 22:13:42,0,3626,61909,0
2026/05/29 22:13:47,0,3626,61909,0
2026/05/29 22:13:51,0,3626,61909,0
2026/05/29 22:13:56,0,3625,61909,0
2026/05/29 22:14:00,0,3625,61909,0
2026/05/29 22:14:05,0,3626,61909,0
2026/05/29 22:14:09,0,3626,61909,0
2026/05/29 22:14:14,0,3627,61909,0
2026/05/29 22:14:18,0,3626,61909,0
2026/05/29 22:14:23,0,3625,61909,0
2026/05/29 22:14:27,0,3625,61909,0
2026/05/29 22:14:32,0,3625,61909,0
2026/05/29 22:14:36,0,3625,61909,0
2026/05/29 22:14:41,0,3625,61909,0
2026/05/29 22:14:45,0,3624,61909,0
2026/05/29 22:14:50,0,3624,61909,0
2026/05/29 22:14:54,0,3624,61909,0
2026/05/29 22:14:59,0,3624,61909,0
2026/05/29 22:15:03,0,3624,61909,0
2026/05/29 22:15:08,0,3624,61909,0
2026/05/29 22:15:12,0,3622,61909,0
2026/05/29 22:15:17,0,3621,61909,0
2026/05/29 22:15:21,0,3621,61909,0
2026/05/29 22:15:26,0,3621,61909,0
2026/05/29 22:15:31,0,3621,61909,0
2026/05/29 22:15:35,0,3621,61909,0
2026/05/29 22:15:40,0,3620,61909,0
2026/05/29 22:15:44,0,3620,61909,0
2026/05/29 22:15:49,0,3620,61909,0
2026/05/29 22:15:53,0,3620,61909,0
2026/05/29 22:15:58,0,3620,61909,0
2026/05/29 22:16:02,0,3620,61909,0
2026/05/29 22:16:07,0,3621,61909,0
2026/05/29 22:16:11,0,3620,61909,0
2026/05/29 22:16:16,0,3620,61909,0
2026/05/29 22:16:20,0,3621,61909,0
2026/05/29 22:16:25,0,3621,61909,0
2026/05/29 22:16:29,0,3622,61909,0
2026/05/29 22:16:34,0,3622,61909,0
2026/05/29 22:16:38,0,3623,61909,0
2026/05/29 22:16:43,0,3622,61909,0
2026/05/29 22:16:47,0,3623,61909,0
2026/05/29 22:16:52,0,3622,61909,0
2026/05/29 22:16:56,0,3622,61909,0
2026/05/29 22:17:01,0,3622,61909,0
2026/05/29 22:17:05,0,3622,61909,0
2026/05/29 22:17:10,0,3622,61909,0
2026/05/29 22:17:14,0,3621,61909,0
2026/05/29 22:17:19,0,3622,61909,0
2026/05/29 22:17:23,0,3620,61909,0
2026/05/29 22:17:28,0,3620,61909,0
2026/05/29 22:17:33,0,3620,61909,0
2026/05/29 22:17:37,0,3619,61909,0
2026/05/29 22:17:42,0,3620,61909,0
2026/05/29 22:17:46,0,3620,61909,0
2026/05/29 22:17:51,0,3619,61909,0
2026/05/29 22:17:55,0,3620,61909,0
2026/05/29 22:18:00,0,3619,61909,0
2026/05/29 22:18:04,0,3619,61909,0
2026/05/29 22:18:09,0,3619,61909,0
2026/05/29 22:18:13,0,3618,61909,0
2026/05/29 22:18:18,0,3619,61909,0
2026/05/29 22:18:22,0,3619,61909,0
2026/05/29 22:18:27,0,3618,61909,0
2026/05/29 22:18:31,0,3617,61909,0
2026/05/29 22:18:36,0,3618,61909,0
2026/05/29 22:18:40,0,3617,61909,0
2026/05/29 22:18:45,0,3616,61909,0
2026/05/29 22:18:49,0,3616,61909,0
2026/05/29 22:18:54,0,3615,61909,0
2026/05/29 22:18:58,0,3614,61909,0
2026/05/29 22:19:03,0,3614,61909,0
2026/05/29 22:19:07,0,3614,61909,0
2026/05/29 22:19:12,0,3614,61909,0
2026/05/29 22:19:16,0,3614,61909,0
2026/05/29 22:19:21,0,3614,61909,0
2026/05/29 22:19:25,0,3614,61909,0
2026/05/29 22:19:30,0,3614,61909,0
2026/05/29 22:19:35,0,3613,61909,0
2026/05/29 22:19:39,0,3613,61909,0
2026/05/29 22:19:44,0,3613,61909,0
2026/05/29 22:19:48,0,3613,61909,0
2026/05/29 22:19:53,0,3613,61909,0
2026/05/29 22:19:57,0,3613,61909,0
2026/05/29 22:20:02,0,3614,61909,0
2026/05/29 22:20:06,0,3614,61909,0
2026/05/29 22:20:11,0,3614,61909,0
2026/05/29 22:20:15,0,3614,61909,0
2026/05/29 22:20:20,0,3614,61909,0
2026/05/29 22:20:24,0,3615,61909,0
2026/05/29 22:20:29,0,3615,61909,0
2026/05/29 22:20:33,0,3615,61909,0
2026/05/29 22:20:38,0,3615,61909,0
2026/05/29 22:20:42,0,3614,61909,0
2026/05/29 22:20:47,0,3614,61909,0
2026/05/29 22:20:51,0,3614,61909,0
2026/05/29 22:20:56,0,3615,61909,0
2026/05/29 22:21:00,0,3615,61909,0
2026/05/29 22:21:05,0,3616,61909,0
2026/05/29 22:21:09,0,3616,61909,0
2026/05/29 22:21:14,0,3617,61909,0
2026/05/29 22:21:18,0,3617,61909,0
2026/05/29 22:21:23,0,3617,61909,0
2026/05/29 22:21:27,0,3618,61909,0
2026/05/29 22:21:32,0,3618,61909,0
2026/05/29 22:21:37,0,3618,61909,0
2026/05/29 22:21:41,0,3618,61909,0
2026/05/29 22:21:46,0,3618,61909,0
2026/05/29 22:21:50,0,3618,61909,0
2026/05/29 22:21:55,0,3617,61909,0
2026/05/29 22:21:59,0,3617,61909,0
2026/05/29 22:22:04,0,3617,61909,0
2026/05/29 22:22:08,0,3617,61909,0
2026/05/29 22:22:13,0,3617,61909,0
2026/05/29 22:22:17,0,3616,61909,0
2026/05/29 22:22:22,0,3616,61909,0
2026/05/29 22:22:26,0,3616,61909,0
2026/05/29 22:22:31,0,3615,61909,0
2026/05/29 22:22:35,0,3615,61909,0
2026/05/29 22:22:40,0,3616,61909,0
2026/05/29 22:22:44,0,3616,61909,0
2026/05/29 22:22:49,0,3616,61909,0
2026/05/29 22:22:53,0,3616,61909,0
2026/05/29 22:22:58,0,3616,61909,0
2026/05/29 22:23:02,0,3616,61909,0
2026/05/29 22:23:07,0,3616,61909,0
2026/05/29 22:23:11,0,3615,61909,0
2026/05/29 22:23:16,0,3615,61909,0
2026/05/29 22:23:20,0,3616,61909,0
2026/05/29 22:23:25,0,3616,61909,0
2026/05/29 22:23:29,0,3616,61909,0
2026/05/29 22:23:34,0,3615,61909,0
2026/05/29 22:23:39,0,3615,61909,0
2026/05/29 22:23:43,0,3614,61909,0
2026/05/29 22:23:48,0,3614,61909,0
2026/05/29 22:23:52,0,3615,61909,0
2026/05/29 22:23:57,0,3616,61909,0
2026/05/29 22:24:01,0,3615,61909,0
2026/05/29 22:24:06,0,3616,61909,0
2026/05/29 22:24:10,0,3616,61909,0
2026/05/29 22:24:15,0,3616,61909,0
2026/05/29 22:24:19,0,3616,61909,0
2026/05/29 22:24:24,0,3616,61909,0
2026/05/29 22:24:28,0,3616,61909,0
2026/05/29 22:24:33,0,3615,61909,0
2026/05/29 22:24:37,0,3616,61909,0
2026/05/29 22:24:42,0,3616,61909,0
2026/05/29 22:24:46,0,3616,61909,0
2026/05/29 22:24:51,0,3617,61909,0
2026/05/29 22:24:55,0,3617,61909,0
2026/05/29 22:25:00,0,3617,61909,0
2026/05/29 22:25:04,0,3617,61909,0
2026/05/29 22:25:09,0,3617,61909,0
2026/05/29 22:25:13,0,3617,61909,0
2026/05/29 22:25:18,0,3617,61909,0
2026/05/29 22:25:22,0,3617,61909,0
2026/05/29 22:25:27,0,3617,61909,0
2026/05/29 22:25:31,0,3617,61909,0
2026/05/29 22:25:36,0,3617,61909,0
2026/05/29 22:25:40,0,3617,61909,0
2026/05/29 22:25:45,0,3617,61909,0
2026/05/29 22:25:50,0,3618,61909,0
2026/05/29 22:25:54,0,3618,61909,0
2026/05/29 22:25:59,0,3618,61909,0
2026/05/29 22:26:03,0,3617,61909,0
2026/05/29 22:26:08,0,3617,61909,0
2026/05/29 22:26:12,0,3617,61909,0
2026/05/29 22:26:17,0,3617,61909,0
2026/05/29 22:26:21,0,3617,61909,0
2026/05/29 22:26:26,0,3618,61909,0
2026/05/29 22:26:30,0,3618,61909,0
2026/05/29 22:26:35,0,3618,61909,0
2026/05/29 22:26:39,0,3619,61909,0
2026/05/29 22:26:44,0,3619,61909,0
2026/05/29 22:26:48,0,3618,61909,0
2026/05/29 22:26:53,0,3619,61909,0
2026/05/29 22:26:57,0,3618,61909,0
2026/05/29 22:27:02,0,3619,61909,0
2026/05/29 22:27:06,0,3619,61909,0
2026/05/29 22:27:11,0,3619,61909,0
2026/05/29 22:27:15,0,3619,61909,0
2026/05/29 22:27:20,0,3620,61909,0
2026/05/29 22:27:24,0,3619,61909,0
2026/05/29 22:27:29,0,3619,61909,0
2026/05/29 22:27:33,0,3619,61909,0
2026/05/29 22:27:38,0,3619,61909,0
2026/05/29 22:27:42,0,3620,61909,0
2026/05/29 22:27:47,0,3619,61909,0
2026/05/29 22:27:52,0,3619,61909,0
2026/05/29 22:27:56,0,3619,61909,0
2026/05/29 22:28:01,0,3619,61909,0
2026/05/29 22:28:05,0,3619,61909,0
2026/05/29 22:28:10,0,3619,61909,0
2026/05/29 22:28:14,0,3619,61909,0
2026/05/29 22:28:19,0,3619,61909,0
2026/05/29 22:28:23,0,3619,61909,0
2026/05/29 22:28:28,0,3620,61909,0
2026/05/29 22:28:32,0,3620,61909,0
2026/05/29 22:28:37,0,3620,61909,0
2026/05/29 22:28:41,0,3620,61909,0
2026/05/29 22:28:46,0,3620,61909,0
2026/05/29 22:28:50,0,3620,61909,0
2026/05/29 22:28:55,0,3619,61909,0
2026/05/29 22:28:59,0,3619,61909,0
2026/05/29 22:29:04,0,3619,61909,0
2026/05/29 22:29:08,0,3619,61909,0
2026/05/29 22:29:13,0,3619,61909,0
2026/05/29 22:29:17,0,3619,61909,0
2026/05/29 22:29:22,0,3618,61909,0
2026/05/29 22:29:26,0,3619,61909,0
2026/05/29 22:29:31,0,3618,61909,0
2026/05/29 22:29:35,0,3618,61909,0
2026/05/29 22:29:40,0,3619,61909,0
2026/05/29 22:29:44,0,3618,61909,0
2026/05/29 22:29:49,0,3618,61909,0
2026/05/29 22:29:54,0,3619,61909,0
2026/05/29 22:29:58,0,3620,61909,0
2026/05/29 22:30:03,0,3619,61909,0
2026/05/29 22:30:07,0,3619,61909,0
2026/05/29 22:30:12,0,3619,61909,0
2026/05/29 22:30:16,0,3619,61909,0
2026/05/29 22:30:21,0,3619,61909,0
2026/05/29 22:30:25,0,3620,61909,0
2026/05/29 22:30:30,0,3620,61909,0
2026/05/29 22:30:34,0,3620,61909,0
2026/05/29 22:30:39,0,3620,61909,0
2026/05/29 22:30:43,0,3620,61909,0
2026/05/29 22:30:48,0,3620,61909,0
2026/05/29 22:30:52,0,3619,61909,0
2026/05/29 22:30:57,0,3619,61909,0
2026/05/29 22:31:01,0,3619,61909,0
2026/05/29 22:31:06,0,3619,61909,0
2026/05/29 22:31:10,0,3620,61909,0
2026/05/29 22:31:15,0,3620,61909,0
2026/05/29 22:31:19,0,3620,61909,0
2026/05/29 22:31:24,0,3621,61909,0
2026/05/29 22:31:28,0,3621,61909,0
2026/05/29 22:31:33,0,3621,61909,0
2026/05/29 22:31:37,0,3621,61909,0
2026/05/29 22:31:42,0,3621,61909,0
2026/05/29 22:31:46,0,3620,61909,0
2026/05/29 22:31:51,0,3621,61909,0
2026/05/29 22:31:56,0,3621,61909,0
2026/05/29 22:32:00,0,3621,61909,0
2026/05/29 22:32:05,0,3621,61909,0
2026/05/29 22:32:09,0,3621,61909,0
2026/05/29 22:32:14,0,3621,61909,0
2026/05/29 22:32:18,0,3621,61909,0
2026/05/29 22:32:23,0,3621,61909,0
2026/05/29 22:32:27,0,3621,61909,0
2026/05/29 22:32:32,0,3621,61909,0
2026/05/29 22:32:36,0,3620,61909,0
2026/05/29 22:32:41,0,3621,61909,0
2026/05/29 22:32:45,0,3621,61909,0
2026/05/29 22:32:50,0,3622,61909,0
2026/05/29 22:32:54,0,3622,61909,0
2026/05/29 22:32:59,0,3622,61909,0
2026/05/29 22:33:03,0,3623,61909,0
2026/05/29 22:33:08,0,3622,61909,0
2026/05/29 22:33:12,0,3622,61909,0
2026/05/29 22:33:17,0,3622,61909,0
2026/05/29 22:33:21,0,3622,61909,0
2026/05/29 22:33:26,0,3622,61909,0
2026/05/29 22:33:30,0,3622,61909,0
2026/05/29 22:33:35,0,3622,61909,0
2026/05/29 22:33:39,0,3623,61909,0
2026/05/29 22:33:44,0,3624,61909,0
2026/05/29 22:33:48,0,3624,61909,0
2026/05/29 22:33:53,0,3624,61909,0
2026/05/29 22:33:57,0,3623,61909,0
2026/05/29 22:34:02,0,3624,61909,0
2026/05/29 22:34:07,0,3624,61909,0
2026/05/29 22:34:11,0,3624,61909,0
2026/05/29 22:34:16,0,3624,61909,0
2026/05/29 22:34:20,0,3624,61909,0
2026/05/29 22:34:25,0,3624,61909,0
2026/05/29 22:34:29,0,3625,61909,0
2026/05/29 22:34:34,0,3625,61909,0
2026/05/29 22:34:38,0,3625,61909,0
2026/05/29 22:34:43,0,3625,61909,0
2026/05/29 22:34:47,0,3625,61909,0
2026/05/29 22:34:52,0,3625,61909,0
2026/05/29 22:34:56,0,3625,61909,0
2026/05/29 22:35:01,0,3625,61909,0
2026/05/29 22:35:05,0,3625,61909,0
2026/05/29 22:35:10,0,3626,61909,0
2026/05/29 22:35:14,0,3626,61909,0
2026/05/29 22:35:19,0,3626,61909,0
2026/05/29 22:35:23,0,3626,61909,0
2026/05/29 22:35:28,0,3626,61909,0
2026/05/29 22:35:32,0,3626,61909,0
2026/05/29 22:35:37,0,3626,61909,0
2026/05/29 22:35:41,0,3627,61909,0
2026/05/29 22:35:46,0,3627,61909,0
2026/05/29 22:35:50,0,3627,61909,0
2026/05/29 22:35:55,0,3626,61909,0
2026/05/29 22:35:59,0,3626,61909,0
2026/05/29 22:36:04,0,3627,61909,0
2026/05/29 22:36:09,0,3627,61909,0
2026/05/29 22:36:13,0,3626,61909,0
2026/05/29 22:36:18,0,3625,61909,0
2026/05/29 22:36:22,0,3624,61909,0
2026/05/29 22:36:27,0,3624,61909,0
2026/05/29 22:36:31,0,3624,61909,0
2026/05/29 22:36:36,0,3624,61909,0
2026/05/29 22:36:40,0,3625,61909,0
2026/05/29 22:36:45,0,3624,61909,0
2026/05/29 22:36:49,0,3624,61909,0
2026/05/29 22:36:54,0,3624,61909,0
2026/05/29 22:36:58,0,3624,61909,0
2026/05/29 22:37:03,0,3624,61909,0
2026/05/29 22:37:07,0,3625,61909,0
2026/05/29 22:37:12,0,3625,61909,0
2026/05/29 22:37:16,0,3624,61909,0
2026/05/29 22:37:21,0,3624,61909,0
2026/05/29 22:37:25,0,3624,61909,0
2026/05/29 22:37:30,0,3624,61909,0
2026/05/29 22:37:34,0,3624,61909,0
2026/05/29 22:37:39,0,3625,61909,0
2026/05/29 22:37:43,0,3624,61909,0
2026/05/29 22:37:48,0,3625,61909,0
2026/05/29 22:37:52,0,3624,61909,0
2026/05/29 22:37:57,0,3624,61909,0
2026/05/29 22:38:01,0,3625,61909,0
2026/05/29 22:38:06,0,3625,61909,0
2026/05/29 22:38:11,0,3625,61909,0
2026/05/29 22:38:15,0,3625,61909,0
2026/05/29 22:38:20,0,3626,61909,0
2026/05/29 22:38:24,0,3625,61909,0
2026/05/29 22:38:29,0,3626,61909,0
2026/05/29 22:38:33,0,3626,61909,0
2026/05/29 22:38:38,0,3626,61909,0
2026/05/29 22:38:42,0,3626,61909,0
2026/05/29 22:38:47,0,3626,61909,0
2026/05/29 22:38:51,0,3625,61909,0
2026/05/29 22:38:56,0,3625,61909,0
2026/05/29 22:39:00,0,3626,61909,0
2026/05/29 22:39:05,0,3626,61909,0
2026/05/29 22:39:09,0,3626,61909,0
2026/05/29 22:39:14,0,3626,61909,0
2026/05/29 22:39:18,0,3625,61909,0
2026/05/29 22:39:23,0,3626,61909,0
2026/05/29 22:39:27,0,3626,61909,0
2026/05/29 22:39:32,0,3626,61909,0
2026/05/29 22:39:36,0,3626,61909,0
2026/05/29 22:39:41,0,3627,61909,0
2026/05/29 22:39:45,0,3627,61909,0
2026/05/29 22:39:50,0,3626,61909,0
2026/05/29 22:39:54,0,3626,61909,0
2026/05/29 22:39:59,0,3626,61909,0
2026/05/29 22:40:03,0,3625,61909,0
2026/05/29 22:40:08,0,3624,61909,0
2026/05/29 22:40:13,0,3625,61909,0
2026/05/29 22:40:17,0,3625,61909,0
2026/05/29 22:40:22,0,3625,61909,0
2026/05/29 22:40:26,0,3625,61909,0
2026/05/29 22:40:31,0,3624,61909,0
2026/05/29 22:40:35,0,3624,61909,0
2026/05/29 22:40:40,0,3623,61909,0
2026/05/29 22:40:44,0,3624,61909,0
2026/05/29 22:40:49,0,3624,61909,0
2026/05/29 22:40:53,0,3623,61909,0
2026/05/29 22:40:58,0,3623,61909,0
2026/05/29 22:41:02,0,3623,61909,0
2026/05/29 22:41:07,0,3623,61909,0
2026/05/29 22:41:11,0,3623,61909,0
2026/05/29 22:41:16,0,3623,61909,0
2026/05/29 22:41:20,0,3623,61909,0
2026/05/29 22:41:25,0,3623,61909,0
2026/05/29 22:41:29,0,3623,61909,0
2026/05/29 22:41:34,0,3623,61909,0
2026/05/29 22:41:38,0,3623,61909,0
2026/05/29 22:41:43,0,3623,61909,0
2026/05/29 22:41:47,0,3624,61909,0
2026/05/29 22:41:52,0,3623,61909,0
2026/05/29 22:41:56,0,3624,61909,0
2026/05/29 22:42:01,0,3624,61909,0
2026/05/29 22:42:05,0,3624,61909,0
2026/05/29 22:42:10,0,3624,61909,0
2026/05/29 22:42:15,0,3624,61909,0
2026/05/29 22:42:19,0,3624,61909,0
2026/05/29 22:42:24,0,3624,61909,0
2026/05/29 22:42:28,0,3623,61909,0
2026/05/29 22:42:33,0,3623,61909,0
2026/05/29 22:42:37,0,3623,61909,0
2026/05/29 22:42:42,0,3623,61909,0
2026/05/29 22:42:46,0,3623,61909,0
2026/05/29 22:42:51,0,3623,61909,0
2026/05/29 22:42:55,0,3623,61909,0
2026/05/29 22:43:00,0,3623,61909,0
2026/05/29 22:43:04,0,3623,61909,0
2026/05/29 22:43:09,0,3623,61909,0
2026/05/29 22:43:13,0,3624,61909,0
2026/05/29 22:43:18,0,3623,61909,0
2026/05/29 22:43:22,0,3624,61909,0
2026/05/29 22:43:27,0,3624,61909,0
2026/05/29 22:43:31,0,3623,61909,0
2026/05/29 22:43:36,0,3624,61909,0
2026/05/29 22:43:40,0,3624,61909,0
2026/05/29 22:43:45,0,3624,61909,0
2026/05/29 22:43:49,0,3624,61909,0
2026/05/29 22:43:54,0,3624,61909,0
2026/05/29 22:43:58,0,3624,61909,0
2026/05/29 22:44:03,0,3625,61909,0
2026/05/29 22:44:07,0,3625,61909,0
2026/05/29 22:44:12,0,3626,61909,0
2026/05/29 22:44:16,0,3626,61909,0
2026/05/29 22:44:21,0,3625,61909,0
2026/05/29 22:44:26,0,3625,61909,0
2026/05/29 22:44:30,0,3626,61909,0
2026/05/29 22:44:35,0,3626,61909,0
2026/05/29 22:44:39,0,3625,61909,0
2026/05/29 22:44:44,0,3625,61909,0
2026/05/29 22:44:48,0,3626,61909,0
2026/05/29 22:44:53,0,3625,61909,0
2026/05/29 22:44:57,0,3626,61909,0
2026/05/29 22:45:02,0,3625,61909,0
2026/05/29 22:45:06,0,3626,61909,0
2026/05/29 22:45:11,0,3626,61909,0
2026/05/29 22:45:15,0,3626,61909,0
2026/05/29 22:45:20,0,3625,61909,0
2026/05/29 22:45:24,0,3625,61909,0
2026/05/29 22:45:29,0,3625,61909,0
2026/05/29 22:45:33,0,3624,61909,0
2026/05/29 22:45:38,0,3623,61909,0
2026/05/29 22:45:42,0,3624,61909,0
2026/05/29 22:45:47,0,3624,61909,0
2026/05/29 22:45:51,0,3623,61909,0
2026/05/29 22:45:56,0,3623,61909,0
2026/05/29 22:46:00,0,3622,61909,0
2026/05/29 22:46:05,0,3622,61909,0
2026/05/29 22:46:09,0,3622,61909,0
2026/05/29 22:46:14,0,3622,61909,0
2026/05/29 22:46:18,0,3622,61909,0
2026/05/29 22:46:23,0,3622,61909,0
2026/05/29 22:46:28,0,3622,61909,0
2026/05/29 22:46:32,0,3622,61909,0
2026/05/29 22:46:37,0,3622,61909,0
2026/05/29 22:46:41,0,3622,61909,0
2026/05/29 22:46:46,0,3621,61909,0
2026/05/29 22:46:50,0,3621,61909,0
2026/05/29 22:46:55,0,3621,61909,0
2026/05/29 22:46:59,0,3621,61909,0
2026/05/29 22:47:04,0,3622,61909,0
2026/05/29 22:47:08,0,3621,61909,0
2026/05/29 22:47:13,0,3621,61909,0
2026/05/29 22:47:17,0,3621,61909,0
2026/05/29 22:47:22,0,3622,61909,0
2026/05/29 22:47:26,0,3622,61909,0
2026/05/29 22:47:31,0,3622,61909,0
2026/05/29 22:47:35,0,3623,61909,0
2026/05/29 22:47:40,0,3623,61909,0
2026/05/29 22:47:44,0,3623,61909,0
2026/05/29 22:47:49,0,3622,61909,0
2026/05/29 22:47:53,0,3622,61909,0
2026/05/29 22:47:58,0,3623,61909,0
2026/05/29 22:48:02,0,3624,61909,0
2026/05/29 22:48:07,0,3623,61909,0
2026/05/29 22:48:11,0,3623,61909,0
2026/05/29 22:48:16,0,3624,61909,0
2026/05/29 22:48:20,0,3624,61909,0
2026/05/29 22:48:25,0,3625,61909,0
2026/05/29 22:48:30,0,3624,61909,0
2026/05/29 22:48:34,0,3624,61909,0
2026/05/29 22:48:39,0,3624,61909,0
2026/05/29 22:48:43,0,3624,61909,0
2026/05/29 22:48:48,0,3625,61909,0
2026/05/29 22:48:52,0,3624,61909,0
2026/05/29 22:48:57,0,3625,61909,0
2026/05/29 22:49:01,0,3624,61909,0
2026/05/29 22:49:06,0,3624,61909,0
2026/05/29 22:49:10,0,3624,61909,0
2026/05/29 22:49:15,0,3625,61909,0
2026/05/29 22:49:19,0,3625,61909,0
2026/05/29 22:49:24,0,3625,61909,0
2026/05/29 22:49:28,0,3626,61909,0
2026/05/29 22:49:33,0,3626,61909,0
2026/05/29 22:49:37,0,3626,61909,0
2026/05/29 22:49:42,0,3625,61909,0
2026/05/29 22:49:46,0,3625,61909,0
2026/05/29 22:49:51,0,3624,61909,0
2026/05/29 22:49:55,0,3624,61909,0
2026/05/29 22:50:00,0,3624,61909,0
2026/05/29 22:50:04,0,3624,61909,0
2026/05/29 22:50:09,0,3624,61909,0
2026/05/29 22:50:13,0,3625,61909,0
2026/05/29 22:50:18,0,3624,61909,0
2026/05/29 22:50:22,0,3624,61909,0
2026/05/29 22:50:27,0,3625,61909,0
2026/05/29 22:50:32,0,3624,61909,0
2026/05/29 22:50:36,0,3625,61909,0
2026/05/29 22:50:41,0,3626,61909,0
2026/05/29 22:50:45,0,3625,61909,0
2026/05/29 22:50:50,0,3625,61909,0
2026/05/29 22:50:54,0,3625,61909,0
2026/05/29 22:50:59,0,3626,61909,0
2026/05/29 22:51:03,0,3625,61909,0
2026/05/29 22:51:08,0,3626,61909,0
2026/05/29 22:51:12,0,3626,61909,0
2026/05/29 22:51:17,0,3626,61909,0
2026/05/29 22:51:21,0,3625,61909,0
2026/05/29 22:51:26,0,3626,61909,0
2026/05/29 22:51:30,0,3626,61909,0
2026/05/29 22:51:35,0,3626,61909,0
2026/05/29 22:51:39,0,3627,61909,0
2026/05/29 22:51:44,0,3627,61909,0
2026/05/29 22:51:48,0,3626,61909,0
2026/05/29 22:51:53,0,3626,61909,0
2026/05/29 22:51:57,0,3626,61909,0
2026/05/29 22:52:02,0,3626,61909,0
2026/05/29 22:52:06,0,3626,61909,0
2026/05/29 22:52:11,0,3626,61909,0
2026/05/29 22:52:15,0,3627,61909,0
2026/05/29 22:52:20,0,3627,61909,0
2026/05/29 22:52:24,0,3627,61909,0
2026/05/29 22:52:29,0,3628,61909,0
2026/05/29 22:52:34,0,3628,61909,0
2026/05/29 22:52:38,0,3628,61909,0
2026/05/29 22:52:43,0,3628,61909,0
2026/05/29 22:52:47,0,3628,61909,0
2026/05/29 22:52:52,0,3629,61909,0
2026/05/29 22:52:56,0,3629,61909,0
2026/05/29 22:53:01,0,3629,61909,0
2026/05/29 22:53:05,0,3630,61909,0
2026/05/29 22:53:10,0,3630,61909,0
2026/05/29 22:53:14,0,3630,61909,0
2026/05/29 22:53:19,0,3630,61909,0
2026/05/29 22:53:23,0,3630,61909,0
2026/05/29 22:53:28,0,3629,61909,0
2026/05/29 22:53:32,0,3629,61909,0
2026/05/29 22:53:37,0,3629,61909,0
2026/05/29 22:53:41,0,3629,61909,0
2026/05/29 22:53:46,0,3629,61909,0
2026/05/29 22:53:50,0,3628,61909,0
2026/05/29 22:53:55,0,3628,61909,0
2026/05/29 22:53:59,0,3628,61909,0
2026/05/29 22:54:04,0,3628,61909,0
2026/05/29 22:54:08,0,3627,61909,0
2026/05/29 22:54:13,0,3627,61909,0
2026/05/29 22:54:17,0,3627,61909,0
2026/05/29 22:54:22,0,3627,61909,0
2026/05/29 22:54:26,0,3628,61909,0
2026/05/29 22:54:31,0,3628,61909,0
2026/05/29 22:54:35,0,3629,61909,0
2026/05/29 22:54:40,0,3629,61909,0
2026/05/29 22:54:45,0,3627,61909,0
2026/05/29 22:54:49,0,3628,61909,0
2026/05/29 22:54:54,0,3627,61909,0
2026/05/29 22:54:58,0,3627,61909,0
2026/05/29 22:55:03,0,3627,61909,0
2026/05/29 22:55:07,0,3626,61909,0
2026/05/29 22:55:12,0,3626,61909,0
2026/05/29 22:55:16,0,3626,61909,0
2026/05/29 22:55:21,0,3626,61909,0
2026/05/29 22:55:25,0,3627,61909,0
2026/05/29 22:55:30,0,3627,61909,0
2026/05/29 22:55:34,0,3627,61909,0
2026/05/29 22:55:39,0,3626,61909,0
2026/05/29 22:55:43,0,3625,61909,0
2026/05/29 22:55:48,0,3625,61909,0
2026/05/29 22:55:52,0,3625,61909,0
2026/05/29 22:55:57,0,3625,61909,0
2026/05/29 22:56:01,0,3625,61909,0
2026/05/29 22:56:06,0,3626,61909,0
2026/05/29 22:56:10,0,3626,61909,0
2026/05/29 22:56:15,0,3626,61909,0
2026/05/29 22:56:19,0,3626,61909,0
2026/05/29 22:56:24,0,3625,61909,0
2026/05/29 22:56:28,0,3624,61909,0
2026/05/29 22:56:33,0,3625,61909,0
2026/05/29 22:56:37,0,3625,61909,0
2026/05/29 22:56:42,0,3625,61909,0
2026/05/29 22:56:47,0,3624,61909,0
2026/05/29 22:56:51,0,3624,61909,0
2026/05/29 22:56:56,0,3623,61909,0
2026/05/29 22:57:00,0,3622,61909,0
2026/05/29 22:57:05,0,3623,61909,0
2026/05/29 22:57:09,0,3623,61909,0
2026/05/29 22:57:14,0,3622,61909,0
2026/05/29 22:57:18,0,3621,61909,0
2026/05/29 22:57:23,0,3622,61909,0
2026/05/29 22:57:27,0,3621,61909,0
2026/05/29 22:57:32,0,3621,61909,0
2026/05/29 22:57:36,0,3622,61909,0
2026/05/29 22:57:41,0,3622,61909,0
2026/05/29 22:57:45,0,3622,61909,0
2026/05/29 22:57:50,0,3622,61909,0
2026/05/29 22:57:54,0,3622,61909,0
2026/05/29 22:57:59,0,3622,61909,0
2026/05/29 22:58:03,0,3623,61909,0
2026/05/29 22:58:08,0,3623,61909,0
2026/05/29 22:58:12,0,3622,61909,0
2026/05/29 22:58:17,0,3623,61909,0
2026/05/29 22:58:21,0,3623,61909,0
2026/05/29 22:58:26,0,3623,61909,0
2026/05/29 22:58:30,0,3623,61909,0
2026/05/29 22:58:35,0,3624,61909,0
2026/05/29 22:58:39,0,3623,61909,0
2026/05/29 22:58:44,0,3624,61909,0
2026/05/29 22:58:49,0,3624,61909,0
2026/05/29 22:58:53,0,3624,61909,0
2026/05/29 22:58:58,0,3624,61909,0
2026/05/29 22:59:02,0,3624,61909,0
2026/05/29 22:59:07,0,3625,61909,0
2026/05/29 22:59:11,0,3624,61909,0
2026/05/29 22:59:16,0,3624,61909,0
2026/05/29 22:59:20,0,3625,61909,0
2026/05/29 22:59:25,0,3625,61909,0
2026/05/29 22:59:29,0,3626,61909,0
2026/05/29 22:59:34,0,3626,61909,0
2026/05/29 22:59:38,0,3626,61909,0
2026/05/29 22:59:43,0,3626,61909,0
2026/05/29 22:59:47,0,3626,61909,0
2026/05/29 22:59:52,0,3626,61909,0
2026/05/29 22:59:56,0,3627,61909,0
2026/05/29 23:00:01,0,3626,61909,0
2026/05/29 23:00:05,0,3626,61909,0
2026/05/29 23:00:10,0,3626,61909,0
2026/05/29 23:00:14,0,3626,61909,0
2026/05/29 23:00:19,0,3627,61909,0
2026/05/29 23:00:23,0,3626,61909,0
2026/05/29 23:00:28,0,3627,61909,0
2026/05/29 23:00:32,0,3627,61909,0
2026/05/29 23:00:37,0,3628,61909,0
2026/05/29 23:00:41,0,3626,61909,0
2026/05/29 23:00:46,0,3627,61909,0
2026/05/29 23:00:51,0,3628,61909,0
2026/05/29 23:00:55,0,3628,61909,0
2026/05/29 23:01:00,0,3628,61909,0
2026/05/29 23:01:04,0,3627,61909,0
2026/05/29 23:01:09,0,3627,61909,0
2026/05/29 23:01:13,0,3627,61909,0
2026/05/29 23:01:18,0,3628,61909,0
2026/05/29 23:01:22,0,3627,61909,0
2026/05/29 23:01:27,0,3627,61909,0
2026/05/29 23:01:31,0,3627,61909,0
2026/05/29 23:01:36,0,3626,61909,0
2026/05/29 23:01:40,0,3627,61909,0
2026/05/29 23:01:45,0,3627,61909,0
2026/05/29 23:01:49,0,3628,61909,0
2026/05/29 23:01:54,0,3628,61909,0
2026/05/29 23:01:58,0,3628,61909,0
2026/05/29 23:02:03,0,3627,61909,0
2026/05/29 23:02:07,0,3627,61909,0
2026/05/29 23:02:12,0,3627,61909,0
2026/05/29 23:02:16,0,3627,61909,0
2026/05/29 23:02:21,0,3627,61909,0
2026/05/29 23:02:25,0,3627,61909,0
2026/05/29 23:02:30,0,3628,61909,0
2026/05/29 23:02:34,0,3628,61909,0
2026/05/29 23:02:39,0,3628,61909,0
2026/05/29 23:02:43,0,3627,61909,0
2026/05/29 23:02:48,0,3628,61909,0
2026/05/29 23:02:53,0,3627,61909,0
2026/05/29 23:02:57,0,3627,61909,0
2026/05/29 23:03:02,0,3627,61909,0
2026/05/29 23:03:06,0,3627,61909,0
2026/05/29 23:03:11,0,3626,61909,0
2026/05/29 23:03:15,0,3626,61909,0
2026/05/29 23:03:20,0,3627,61909,0
2026/05/29 23:03:24,0,3627,61909,0
2026/05/29 23:03:29,0,3627,61909,0
2026/05/29 23:03:33,0,3626,61909,0
2026/05/29 23:03:38,0,3626,61909,0
2026/05/29 23:03:42,0,3627,61909,0
2026/05/29 23:03:47,0,3627,61909,0
2026/05/29 23:03:51,0,3626,61909,0
2026/05/29 23:03:56,0,3626,61909,0
2026/05/29 23:04:00,0,3625,61909,0
2026/05/29 23:04:05,0,3625,61909,0
2026/05/29 23:04:09,0,3624,61909,0
2026/05/29 23:04:14,0,3625,61909,0
2026/05/29 23:04:18,0,3626,61909,0
2026/05/29 23:04:23,0,3624,61909,0
2026/05/29 23:04:27,0,3625,61909,0
2026/05/29 23:04:32,0,3624,61909,0
2026/05/29 23:04:36,0,3624,61909,0
2026/05/29 23:04:41,0,3624,61909,0
2026/05/29 23:04:45,0,3624,61909,0
2026/05/29 23:04:50,0,3624,61909,0
2026/05/29 23:04:54,0,3624,61909,0
2026/05/29 23:04:59,0,3624,61909,0
2026/05/29 23:05:04,0,3625,61909,0
2026/05/29 23:05:08,0,3625,61909,0
2026/05/29 23:05:13,0,3625,61909,0
2026/05/29 23:05:17,0,3626,61909,0
2026/05/29 23:05:22,0,3625,61909,0
2026/05/29 23:05:26,0,3626,61909,0
2026/05/29 23:05:31,0,3626,61909,0
2026/05/29 23:05:35,0,3625,61909,0
2026/05/29 23:05:40,0,3626,61909,0
2026/05/29 23:05:44,0,3625,61909,0
2026/05/29 23:05:49,0,3625,61909,0
2026/05/29 23:05:53,0,3623,61909,0
2026/05/29 23:05:58,0,3623,61909,0
2026/05/29 23:06:02,0,3623,61909,0
2026/05/29 23:06:07,0,3624,61909,0
2026/05/29 23:06:11,0,3624,61909,0
2026/05/29 23:06:16,0,3624,61909,0
2026/05/29 23:06:20,0,3623,61909,0
2026/05/29 23:06:25,0,3623,61909,0
2026/05/29 23:06:29,0,3624,61909,0
2026/05/29 23:06:34,0,3624,61909,0
2026/05/29 23:06:38,0,3624,61909,0
2026/05/29 23:06:43,0,3624,61909,0
2026/05/29 23:06:47,0,3625,61909,0
2026/05/29 23:06:52,0,3625,61909,0
2026/05/29 23:06:56,0,3625,61909,0
2026/05/29 23:07:01,0,3625,61909,0
2026/05/29 23:07:06,0,3626,61909,0
2026/05/29 23:07:10,0,3626,61909,0
2026/05/29 23:07:15,0,3626,61909,0
2026/05/29 23:07:19,0,3630,61909,0
2026/05/29 23:07:24,0,3630,61909,0
2026/05/29 23:07:28,0,3625,61909,0
2026/05/29 23:07:33,0,3624,61909,0
2026/05/29 23:07:37,0,3624,61909,0
2026/05/29 23:07:42,0,3625,61909,0
2026/05/29 23:07:46,0,3625,61909,0
2026/05/29 23:07:51,0,3621,61909,0
2026/05/29 23:07:55,0,3621,61909,0
2026/05/29 23:08:00,0,3621,61909,0
2026/05/29 23:08:04,0,3621,61909,0
2026/05/29 23:08:09,0,3622,61909,0
2026/05/29 23:08:13,0,3622,61909,0
2026/05/29 23:08:18,0,3623,61909,0
2026/05/29 23:08:22,0,3623,61909,0
2026/05/29 23:08:27,0,3624,61909,0
2026/05/29 23:08:31,0,3624,61909,0
2026/05/29 23:08:36,0,3624,61909,0
2026/05/29 23:08:40,0,3625,61909,0
2026/05/29 23:08:45,0,3624,61909,0
2026/05/29 23:08:49,0,3625,61909,0
2026/05/29 23:08:54,0,3625,61909,0
2026/05/29 23:08:58,0,3626,61909,0
2026/05/29 23:09:03,0,3625,61909,0
2026/05/29 23:09:08,0,3624,61909,0
2026/05/29 23:09:12,0,3624,61909,0
2026/05/29 23:09:17,0,3624,61909,0
2026/05/29 23:09:21,0,3625,61909,0
2026/05/29 23:09:26,0,3624,61909,0
2026/05/29 23:09:30,0,3625,61909,0
2026/05/29 23:09:35,0,3625,61909,0
2026/05/29 23:09:39,0,3626,61909,0
2026/05/29 23:09:44,0,3626,61909,0
2026/05/29 23:09:48,0,3626,61909,0
2026/05/29 23:09:53,0,3625,61909,0
2026/05/29 23:09:57,0,3625,61909,0
2026/05/29 23:10:02,0,3624,61909,0
2026/05/29 23:10:06,0,3625,61909,0
2026/05/29 23:10:11,0,3625,61909,0
2026/05/29 23:10:15,0,3625,61909,0
2026/05/29 23:10:20,0,3625,61909,0
2026/05/29 23:10:24,0,3625,61909,0
2026/05/29 23:10:29,0,3626,61909,0
2026/05/29 23:10:33,0,3625,61909,0
2026/05/29 23:10:38,0,3625,61909,0
2026/05/29 23:10:42,0,3625,61909,0
2026/05/29 23:10:47,0,3625,61909,0
2026/05/29 23:10:51,0,3625,61909,0
2026/05/29 23:10:56,0,3625,61909,0
2026/05/29 23:11:00,0,3625,61909,0
2026/05/29 23:11:05,0,3626,61909,0
2026/05/29 23:11:10,0,3626,61909,0
2026/05/29 23:11:14,0,3626,61909,0
2026/05/29 23:11:19,0,3626,61909,0
2026/05/29 23:11:23,0,3625,61909,0
2026/05/29 23:11:28,0,3626,61909,0
2026/05/29 23:11:32,0,3626,61909,0
2026/05/29 23:11:37,0,3625,61909,0
2026/05/29 23:11:41,0,3625,61909,0
2026/05/29 23:11:46,0,3626,61909,0
2026/05/29 23:11:50,0,3626,61909,0
2026/05/29 23:11:55,0,3626,61909,0
2026/05/29 23:11:59,0,3626,61909,0
2026/05/29 23:12:04,0,3626,61909,0
2026/05/29 23:12:08,0,3626,61909,0
2026/05/29 23:12:13,0,3626,61909,0
2026/05/29 23:12:17,0,3627,61909,0
2026/05/29 23:12:22,0,3626,61909,0
2026/05/29 23:12:26,0,3626,61909,0
2026/05/29 23:12:31,0,3626,61909,0
2026/05/29 23:12:35,0,3626,61909,0
2026/05/29 23:12:40,0,3626,61909,0
2026/05/29 23:12:44,0,3626,61909,0
2026/05/29 23:12:49,0,3626,61909,0
2026/05/29 23:12:53,0,3625,61909,0
2026/05/29 23:12:58,0,3624,61909,0
2026/05/29 23:13:02,0,3624,61909,0
2026/05/29 23:13:07,0,3625,61909,0
2026/05/29 23:13:12,0,3625,61909,0
2026/05/29 23:13:16,0,3624,61909,0
2026/05/29 23:13:21,0,3624,61909,0
2026/05/29 23:13:25,0,3624,61909,0
2026/05/29 23:13:30,0,3624,61909,0
2026/05/29 23:13:34,0,3624,61909,0
2026/05/29 23:13:39,0,3625,61909,0
2026/05/29 23:13:43,0,3624,61909,0
2026/05/29 23:13:48,0,3625,61909,0
2026/05/29 23:13:52,0,3625,61909,0
2026/05/29 23:13:57,0,3624,61909,0
2026/05/29 23:14:01,0,3625,61909,0
2026/05/29 23:14:06,0,3624,61909,0
2026/05/29 23:14:10,0,3624,61909,0
2026/05/29 23:14:15,0,3624,61909,0
2026/05/29 23:14:19,0,3624,61909,0
2026/05/29 23:14:24,0,3624,61909,0
2026/05/29 23:14:28,0,3623,61909,0
2026/05/29 23:14:33,0,3623,61909,0
2026/05/29 23:14:37,0,3623,61909,0
2026/05/29 23:14:42,0,3624,61909,0
2026/05/29 23:14:46,0,3624,61909,0
2026/05/29 23:14:51,0,3624,61909,0
2026/05/29 23:14:55,0,3625,61909,0
2026/05/29 23:15:00,0,3625,61909,0
2026/05/29 23:15:04,0,3624,61909,0
2026/05/29 23:15:09,0,3624,61909,0
2026/05/29 23:15:14,0,3625,61909,0
2026/05/29 23:15:18,0,3624,61909,0
2026/05/29 23:15:23,0,3625,61909,0
2026/05/29 23:15:27,0,3626,61909,0
2026/05/29 23:15:32,0,3626,61909,0
2026/05/29 23:15:36,0,3625,61909,0
2026/05/29 23:15:41,0,3626,61909,0
2026/05/29 23:15:45,0,3624,61909,0
2026/05/29 23:15:50,0,3625,61909,0
2026/05/29 23:15:54,0,3626,61909,0
2026/05/29 23:15:59,0,3625,61909,0
2026/05/29 23:16:03,0,3625,61909,0
2026/05/29 23:16:08,0,3625,61909,0
2026/05/29 23:16:12,0,3625,61909,0
2026/05/29 23:16:17,0,3625,61909,0
2026/05/29 23:16:21,0,3625,61909,0
2026/05/29 23:16:26,0,3625,61909,0
2026/05/29 23:16:30,0,3625,61909,0
2026/05/29 23:16:35,0,3625,61909,0
2026/05/29 23:16:39,0,3625,61909,0
2026/05/29 23:16:44,0,3625,61909,0
2026/05/29 23:16:48,0,3625,61909,0
2026/05/29 23:16:53,0,3626,61909,0
2026/05/29 23:16:57,0,3626,61909,0
2026/05/29 23:17:02,0,3627,61909,0
2026/05/29 23:17:06,0,3627,61909,0
2026/05/29 23:17:11,0,3627,61909,0
2026/05/29 23:17:15,0,3626,61909,0
2026/05/29 23:17:20,0,3626,61909,0
2026/05/29 23:17:25,0,3626,61909,0
2026/05/29 23:17:29,0,3627,61909,0
2026/05/29 23:17:34,0,3627,61909,0
2026/05/29 23:17:38,0,3626,61909,0
2026/05/29 23:17:43,0,3626,61909,0
2026/05/29 23:17:47,0,3627,61909,0
2026/05/29 23:17:52,0,3627,61909,0
2026/05/29 23:17:56,0,3626,61909,0
2026/05/29 23:18:01,0,3627,61909,0
2026/05/29 23:18:05,0,3627,61909,0
2026/05/29 23:18:10,0,3627,61909,0
2026/05/29 23:18:14,0,3628,61909,0
2026/05/29 23:18:19,0,3628,61909,0
2026/05/29 23:18:23,0,3627,61909,0
2026/05/29 23:18:28,0,3627,61909,0
2026/05/29 23:18:32,0,3626,61909,0
2026/05/29 23:18:37,0,3626,61909,0
2026/05/29 23:18:41,0,3627,61909,0
2026/05/29 23:18:46,0,3627,61909,0
2026/05/29 23:18:50,0,3626,61909,0
2026/05/29 23:18:55,0,3626,61909,0
2026/05/29 23:18:59,0,3626,61909,0
2026/05/29 23:19:04,0,3627,61909,0
2026/05/29 23:19:08,0,3627,61909,0
2026/05/29 23:19:13,0,3626,61909,0
2026/05/29 23:19:17,0,3626,61909,0
2026/05/29 23:19:22,0,3626,61909,0
2026/05/29 23:19:27,0,3627,61909,0
2026/05/29 23:19:31,0,3627,61909,0
2026/05/29 23:19:36,0,3627,61909,0
2026/05/29 23:19:40,0,3628,61909,0
2026/05/29 23:19:45,0,3627,61909,0
2026/05/29 23:19:49,0,3627,61909,0
2026/05/29 23:19:54,0,3627,61909,0
2026/05/29 23:19:58,0,3627,61909,0
2026/05/29 23:20:03,0,3627,61909,0
2026/05/29 23:20:07,0,3626,61909,0
2026/05/29 23:20:12,0,3627,61909,0
2026/05/29 23:20:16,0,3626,61909,0
2026/05/29 23:20:21,0,3626,61909,0
2026/05/29 23:20:25,0,3626,61909,0
2026/05/29 23:20:30,0,3626,61909,0
2026/05/29 23:20:34,0,3626,61909,0
2026/05/29 23:20:39,0,3625,61909,0
2026/05/29 23:20:43,0,3625,61909,0
2026/05/29 23:20:48,0,3625,61909,0
2026/05/29 23:20:52,0,3624,61909,0
2026/05/29 23:20:57,0,3624,61909,0
2026/05/29 23:21:01,0,3623,61909,0
2026/05/29 23:21:06,0,3623,61909,0
2026/05/29 23:21:10,0,3623,61909,0
2026/05/29 23:21:15,0,3622,61909,0
2026/05/29 23:21:19,0,3622,61909,0
2026/05/29 23:21:24,0,3621,61909,0
2026/05/29 23:21:29,0,3621,61909,0
2026/05/29 23:21:33,0,3621,61909,0
2026/05/29 23:21:38,0,3621,61909,0
2026/05/29 23:21:42,0,3621,61909,0
2026/05/29 23:21:47,0,3620,61909,0
2026/05/29 23:21:51,0,3620,61909,0
2026/05/29 23:21:56,0,3621,61909,0
2026/05/29 23:22:00,0,3621,61909,0
2026/05/29 23:22:05,0,3621,61909,0
2026/05/29 23:22:09,0,3621,61909,0
2026/05/29 23:22:14,0,3621,61909,0
2026/05/29 23:22:18,0,3621,61909,0
2026/05/29 23:22:23,0,3621,61909,0
2026/05/29 23:22:27,0,3620,61909,0
2026/05/29 23:22:32,0,3620,61909,0
2026/05/29 23:22:36,0,3621,61909,0
2026/05/29 23:22:41,0,3621,61909,0
2026/05/29 23:22:45,0,3620,61909,0
2026/05/29 23:22:50,0,3620,61909,0
2026/05/29 23:22:54,0,3621,61909,0
2026/05/29 23:22:59,0,3621,61909,0
2026/05/29 23:23:03,0,3620,61909,0
2026/05/29 23:23:08,0,3621,61909,0
2026/05/29 23:23:12,0,3621,61909,0
2026/05/29 23:23:17,0,3621,61909,0
2026/05/29 23:23:21,0,3621,61909,0
2026/05/29 23:23:26,0,3621,61909,0
2026/05/29 23:23:31,0,3621,61909,0
2026/05/29 23:23:35,0,3621,61909,0
2026/05/29 23:23:40,0,3621,61909,0
2026/05/29 23:23:44,0,3620,61909,0
2026/05/29 23:23:49,0,3620,61909,0
2026/05/29 23:23:53,0,3620,61909,0
2026/05/29 23:23:58,0,3620,61909,0
2026/05/29 23:24:02,0,3621,61909,0
2026/05/29 23:24:07,0,3621,61909,0
2026/05/29 23:24:11,0,3622,61909,0
2026/05/29 23:24:16,0,3622,61909,0
2026/05/29 23:24:20,0,3621,61909,0
2026/05/29 23:24:25,0,3622,61909,0
2026/05/29 23:24:29,0,3621,61909,0
2026/05/29 23:24:34,0,3621,61909,0
2026/05/29 23:24:38,0,3621,61909,0
2026/05/29 23:24:43,0,3621,61909,0
2026/05/29 23:24:47,0,3621,61909,0
2026/05/29 23:24:52,0,3622,61909,0
2026/05/29 23:24:56,0,3622,61909,0
2026/05/29 23:25:01,0,3623,61909,0
2026/05/29 23:25:05,0,3622,61909,0
2026/05/29 23:25:10,0,3622,61909,0
2026/05/29 23:25:14,0,3623,61909,0
2026/05/29 23:25:19,0,3622,61909,0
2026/05/29 23:25:23,0,3622,61909,0
2026/05/29 23:25:28,0,3622,61909,0
2026/05/29 23:25:33,0,3622,61909,0
2026/05/29 23:25:37,0,3622,61909,0
2026/05/29 23:25:42,0,3623,61909,0
2026/05/29 23:25:46,0,3622,61909,0
2026/05/29 23:25:51,0,3623,61909,0
2026/05/29 23:25:55,0,3623,61909,0
2026/05/29 23:26:00,0,3622,61909,0
2026/05/29 23:26:04,0,3622,61909,0
2026/05/29 23:26:09,0,3622,61909,0
2026/05/29 23:26:13,0,3623,61909,0
2026/05/29 23:26:18,0,3622,61909,0
2026/05/29 23:26:22,0,3622,61909,0
2026/05/29 23:26:27,0,3622,61909,0
2026/05/29 23:26:31,0,3623,61909,0
2026/05/29 23:26:36,0,3623,61909,0
2026/05/29 23:26:40,0,3622,61909,0
2026/05/29 23:26:45,0,3623,61909,0
2026/05/29 23:26:49,0,3622,61909,0
2026/05/29 23:26:54,0,3622,61909,0
2026/05/29 23:26:58,0,3623,61909,0
2026/05/29 23:27:03,0,3623,61909,0
2026/05/29 23:27:07,0,3623,61909,0
2026/05/29 23:27:12,0,3623,61909,0
2026/05/29 23:27:16,0,3623,61909,0
2026/05/29 23:27:21,0,3623,61909,0
2026/05/29 23:27:25,0,3623,61909,0
2026/05/29 23:27:30,0,3623,61909,0
2026/05/29 23:27:34,0,3623,61909,0
2026/05/29 23:27:39,0,3623,61909,0
2026/05/29 23:27:44,0,3623,61909,0
2026/05/29 23:27:48,0,3623,61909,0
2026/05/29 23:27:53,0,3623,61909,0
2026/05/29 23:27:57,0,3623,61909,0
2026/05/29 23:28:02,0,3623,61909,0
2026/05/29 23:28:06,0,3622,61909,0
2026/05/29 23:28:11,0,3622,61909,0
2026/05/29 23:28:15,0,3622,61909,0
2026/05/29 23:28:20,0,3623,61909,0
2026/05/29 23:28:24,0,3622,61909,0
2026/05/29 23:28:29,0,3622,61909,0
2026/05/29 23:28:33,0,3622,61909,0
2026/05/29 23:28:38,0,3623,61909,0
2026/05/29 23:28:42,0,3623,61909,0
2026/05/29 23:28:47,0,3624,61909,0
2026/05/29 23:28:51,0,3624,61909,0
2026/05/29 23:28:56,0,3624,61909,0
2026/05/29 23:29:00,0,3624,61909,0
2026/05/29 23:29:05,0,3624,61909,0
2026/05/29 23:29:09,0,3623,61909,0
2026/05/29 23:29:14,0,3623,61909,0
2026/05/29 23:29:18,0,3622,61909,0
2026/05/29 23:29:23,0,3623,61909,0
2026/05/29 23:29:27,0,3623,61909,0
2026/05/29 23:29:32,0,3623,61909,0
2026/05/29 23:29:36,0,3623,61909,0
2026/05/29 23:29:41,0,3622,61909,0
2026/05/29 23:29:46,0,3622,61909,0
2026/05/29 23:29:50,0,3622,61909,0
2026/05/29 23:29:55,0,3622,61909,0
2026/05/29 23:29:59,0,3623,61909,0
2026/05/29 23:30:04,0,3622,61909,0
2026/05/29 23:30:08,0,3622,61909,0
2026/05/29 23:30:13,0,3622,61909,0
2026/05/29 23:30:17,0,3622,61909,0
2026/05/29 23:30:22,0,3622,61909,0
2026/05/29 23:30:26,0,3622,61909,0
2026/05/29 23:30:31,0,3622,61909,0
2026/05/29 23:30:35,0,3622,61909,0
2026/05/29 23:30:40,0,3621,61909,0
2026/05/29 23:30:44,0,3621,61909,0
2026/05/29 23:30:49,0,3621,61909,0
2026/05/29 23:30:53,0,3621,61909,0
2026/05/29 23:30:58,0,3621,61909,0
2026/05/29 23:31:02,0,3621,61909,0
2026/05/29 23:31:07,0,3621,61909,0
2026/05/29 23:31:11,0,3621,61909,0
2026/05/29 23:31:16,0,3621,61909,0
2026/05/29 23:31:20,0,3622,61909,0
2026/05/29 23:31:25,0,3622,61909,0
2026/05/29 23:31:29,0,3622,61909,0
2026/05/29 23:31:34,0,3622,61909,0
2026/05/29 23:31:38,0,3622,61909,0
2026/05/29 23:31:43,0,3622,61909,0
2026/05/29 23:31:48,0,3622,61909,0
2026/05/29 23:31:52,0,3622,61909,0
2026/05/29 23:31:57,0,3621,61909,0
2026/05/29 23:32:01,0,3621,61909,0
2026/05/29 23:32:06,0,3620,61909,0
2026/05/29 23:32:10,0,3620,61909,0
2026/05/29 23:32:15,0,3620,61909,0
2026/05/29 23:32:19,0,3620,61909,0
2026/05/29 23:32:24,0,3619,61909,0
2026/05/29 23:32:28,0,3620,61909,0
2026/05/29 23:32:33,0,3620,61909,0
2026/05/29 23:32:37,0,3620,61909,0
2026/05/29 23:32:42,0,3620,61909,0
2026/05/29 23:32:46,0,3621,61909,0
2026/05/29 23:32:51,0,3620,61909,0
2026/05/29 23:32:55,0,3620,61909,0
2026/05/29 23:33:00,0,3620,61909,0
2026/05/29 23:33:04,0,3619,61909,0
2026/05/29 23:33:09,0,3620,61909,0
2026/05/29 23:33:13,0,3618,61909,0
2026/05/29 23:33:18,0,3618,61909,0
2026/05/29 23:33:22,0,3618,61909,0
2026/05/29 23:33:27,0,3619,61909,0
2026/05/29 23:33:31,0,3619,61909,0
2026/05/29 23:33:36,0,3619,61909,0
2026/05/29 23:33:40,0,3619,61909,0
2026/05/29 23:33:45,0,3618,61909,0
2026/05/29 23:33:50,0,3618,61909,0
2026/05/29 23:33:54,0,3618,61909,0
2026/05/29 23:33:59,0,3618,61909,0
2026/05/29 23:34:03,0,3616,61909,0
2026/05/29 23:34:08,0,3617,61909,0
2026/05/29 23:34:12,0,3616,61909,0
2026/05/29 23:34:17,0,3617,61909,0
2026/05/29 23:34:21,0,3617,61909,0
2026/05/29 23:34:26,0,3617,61909,0
2026/05/29 23:34:30,0,3617,61909,0
2026/05/29 23:34:35,0,3617,61909,0
2026/05/29 23:34:39,0,3617,61909,0
2026/05/29 23:34:44,0,3618,61909,0
2026/05/29 23:34:48,0,3617,61909,0
2026/05/29 23:34:53,0,3617,61909,0
2026/05/29 23:34:57,0,3617,61909,0
2026/05/29 23:35:02,0,3617,61909,0
2026/05/29 23:35:06,0,3617,61909,0
2026/05/29 23:35:11,0,3617,61909,0
2026/05/29 23:35:15,0,3617,61909,0
2026/05/29 23:35:20,0,3617,61909,0
2026/05/29 23:35:24,0,3617,61909,0
2026/05/29 23:35:29,0,3617,61909,0
2026/05/29 23:35:33,0,3617,61909,0
2026/05/29 23:35:38,0,3616,61909,0
2026/05/29 23:35:42,0,3617,61909,0
2026/05/29 23:35:47,0,3617,61909,0
2026/05/29 23:35:51,0,3617,61909,0
2026/05/29 23:35:56,0,3617,61909,0
2026/05/29 23:36:01,0,3617,61909,0
2026/05/29 23:36:05,0,3617,61909,0
2026/05/29 23:36:10,0,3617,61909,0
2026/05/29 23:36:14,0,3617,61909,0
2026/05/29 23:36:19,0,3617,61909,0
2026/05/29 23:36:23,0,3617,61909,0
2026/05/29 23:36:28,0,3617,61909,0
2026/05/29 23:36:32,0,3617,61909,0
2026/05/29 23:36:37,0,3618,61909,0
2026/05/29 23:36:41,0,3617,61909,0
2026/05/29 23:36:46,0,3618,61909,0
2026/05/29 23:36:50,0,3618,61909,0
2026/05/29 23:36:55,0,3618,61909,0
2026/05/29 23:36:59,0,3619,61909,0
2026/05/29 23:37:04,0,3619,61909,0
2026/05/29 23:37:08,0,3620,61909,0
2026/05/29 23:37:13,0,3620,61909,0
2026/05/29 23:37:17,0,3620,61909,0
2026/05/29 23:37:22,0,3621,61909,0
2026/05/29 23:37:26,0,3621,61909,0
2026/05/29 23:37:31,0,3621,61909,0
2026/05/29 23:37:35,0,3621,61909,0
2026/05/29 23:37:40,0,3621,61909,0
2026/05/29 23:37:44,0,3621,61909,0
2026/05/29 23:37:49,0,3621,61909,0
2026/05/29 23:37:53,0,3621,61909,0
2026/05/29 23:37:58,0,3622,61909,0
2026/05/29 23:38:03,0,3622,61909,0
2026/05/29 23:38:07,0,3622,61909,0
2026/05/29 23:38:12,0,3623,61909,0
2026/05/29 23:38:16,0,3622,61909,0
2026/05/29 23:38:21,0,3622,61909,0
2026/05/29 23:38:25,0,3623,61909,0
2026/05/29 23:38:30,0,3623,61909,0
2026/05/29 23:38:34,0,3623,61909,0
2026/05/29 23:38:39,0,3623,61909,0
2026/05/29 23:38:43,0,3623,61909,0
2026/05/29 23:38:48,0,3623,61909,0
2026/05/29 23:38:52,0,3623,61909,0
2026/05/29 23:38:57,0,3622,61909,0
2026/05/29 23:39:01,0,3622,61909,0
2026/05/29 23:39:06,0,3623,61909,0
2026/05/29 23:39:10,0,3623,61909,0
2026/05/29 23:39:15,0,3623,61909,0
2026/05/29 23:39:19,0,3623,61909,0
2026/05/29 23:39:24,0,3623,61909,0
2026/05/29 23:39:28,0,3623,61909,0
2026/05/29 23:39:33,0,3622,61909,0
2026/05/29 23:39:37,0,3623,61909,0
2026/05/29 23:39:42,0,3622,61909,0
2026/05/29 23:39:46,0,3623,61909,0
2026/05/29 23:39:51,0,3622,61909,0
2026/05/29 23:39:55,0,3622,61909,0
2026/05/29 23:40:00,0,3620,61909,0
2026/05/29 23:40:05,0,3620,61909,0
2026/05/29 23:40:09,0,3621,61909,0
2026/05/29 23:40:14,0,3621,61909,0
2026/05/29 23:40:18,0,3620,61909,0
2026/05/29 23:40:23,0,3620,61909,0
2026/05/29 23:40:27,0,3620,61909,0
2026/05/29 23:40:32,0,3620,61909,0
2026/05/29 23:40:36,0,3619,61909,0
2026/05/29 23:40:41,0,3619,61909,0
2026/05/29 23:40:45,0,3619,61909,0
2026/05/29 23:40:50,0,3619,61909,0
2026/05/29 23:40:54,0,3618,61909,0
2026/05/29 23:40:59,0,3618,61909,0
2026/05/29 23:41:03,0,3618,61909,0
2026/05/29 23:41:08,0,3618,61909,0
2026/05/29 23:41:12,0,3618,61909,0
2026/05/29 23:41:17,0,3618,61909,0
2026/05/29 23:41:21,0,3617,61909,0
2026/05/29 23:41:26,0,3617,61909,0
2026/05/29 23:41:30,0,3617,61909,0
2026/05/29 23:41:35,0,3618,61909,0
2026/05/29 23:41:39,0,3617,61909,0
2026/05/29 23:41:44,0,3617,61909,0
2026/05/29 23:41:48,0,3617,61909,0
2026/05/29 23:41:53,0,3617,61909,0
2026/05/29 23:41:57,0,3617,61909,0
2026/05/29 23:42:02,0,3618,61909,0
2026/05/29 23:42:07,0,3618,61909,0
2026/05/29 23:42:11,0,3618,61909,0
2026/05/29 23:42:16,0,3619,61909,0
2026/05/29 23:42:20,0,3619,61909,0
2026/05/29 23:42:25,0,3619,61909,0
2026/05/29 23:42:29,0,3620,61909,0
2026/05/29 23:42:34,0,3621,61909,0
2026/05/29 23:42:38,0,3620,61909,0
2026/05/29 23:42:43,0,3620,61909,0
2026/05/29 23:42:47,0,3621,61909,0
2026/05/29 23:42:52,0,3620,61909,0
2026/05/29 23:42:56,0,3620,61909,0
2026/05/29 23:43:01,0,3620,61909,0
2026/05/29 23:43:05,0,3621,61909,0
2026/05/29 23:43:10,0,3620,61909,0
2026/05/29 23:43:14,0,3621,61909,0
2026/05/29 23:43:19,0,3622,61909,0
2026/05/29 23:43:23,0,3621,61909,0
2026/05/29 23:43:28,0,3621,61909,0
2026/05/29 23:43:32,0,3621,61909,0
2026/05/29 23:43:37,0,3621,61909,0
2026/05/29 23:43:41,0,3621,61909,0
2026/05/29 23:43:46,0,3622,61909,0
2026/05/29 23:43:50,0,3622,61909,0
2026/05/29 23:43:55,0,3622,61909,0
2026/05/29 23:43:59,0,3621,61909,0
2026/05/29 23:44:04,0,3621,61909,0
2026/05/29 23:44:09,0,3622,61909,0
2026/05/29 23:44:13,0,3622,61909,0
2026/05/29 23:44:18,0,3622,61909,0
2026/05/29 23:44:22,0,3622,61909,0
2026/05/29 23:44:27,0,3622,61909,0
2026/05/29 23:44:31,0,3622,61909,0
2026/05/29 23:44:36,0,3623,61909,0
2026/05/29 23:44:40,0,3623,61909,0
2026/05/29 23:44:45,0,3623,61909,0
2026/05/29 23:44:49,0,3623,61909,0
2026/05/29 23:44:54,0,3623,61909,0
2026/05/29 23:44:58,0,3623,61909,0
2026/05/29 23:45:03,0,3623,61909,0
2026/05/29 23:45:07,0,3622,61909,0
2026/05/29 23:45:12,0,3622,61909,0
2026/05/29 23:45:16,0,3622,61909,0
2026/05/29 23:45:21,0,3623,61909,0
2026/05/29 23:45:25,0,3622,61909,0
2026/05/29 23:45:30,0,3623,61909,0
2026/05/29 23:45:34,0,3623,61909,0
2026/05/29 23:45:39,0,3623,61909,0
2026/05/29 23:45:43,0,3623,61909,0
2026/05/29 23:45:48,0,3624,61909,0
2026/05/29 23:45:52,0,3623,61909,0
2026/05/29 23:45:57,0,3623,61909,0
2026/05/29 23:46:01,0,3623,61909,0
2026/05/29 23:46:06,0,3623,61909,0
2026/05/29 23:46:10,0,3624,61909,0
2026/05/29 23:46:15,0,3624,61909,0
2026/05/29 23:46:20,0,3624,61909,0
2026/05/29 23:46:24,0,3624,61909,0
2026/05/29 23:46:29,0,3625,61909,0
2026/05/29 23:46:33,0,3625,61909,0
2026/05/29 23:46:38,0,3625,61909,0
2026/05/29 23:46:42,0,3624,61909,0
2026/05/29 23:46:47,0,3624,61909,0
2026/05/29 23:46:51,0,3624,61909,0
2026/05/29 23:46:56,0,3623,61909,0
2026/05/29 23:47:00,0,3623,61909,0
2026/05/29 23:47:05,0,3623,61909,0
2026/05/29 23:47:09,0,3623,61909,0
2026/05/29 23:47:14,0,3623,61909,0
2026/05/29 23:47:18,0,3623,61909,0
2026/05/29 23:47:23,0,3622,61909,0
2026/05/29 23:47:27,0,3622,61909,0
2026/05/29 23:47:32,0,3623,61909,0
2026/05/29 23:47:36,0,3622,61909,0
2026/05/29 23:47:41,0,3623,61909,0
2026/05/29 23:47:45,0,3623,61909,0
2026/05/29 23:47:50,0,3622,61909,0
2026/05/29 23:47:54,0,3622,61909,0
2026/05/29 23:47:59,0,3622,61909,0
2026/05/29 23:48:03,0,3622,61909,0
2026/05/29 23:48:08,0,3622,61909,0
2026/05/29 23:48:12,0,3622,61909,0
2026/05/29 23:48:17,0,3623,61909,0
2026/05/29 23:48:22,0,3623,61909,0
2026/05/29 23:48:26,0,3623,61909,0
2026/05/29 23:48:31,0,3623,61909,0
2026/05/29 23:48:35,0,3623,61909,0
2026/05/29 23:48:40,0,3623,61909,0
2026/05/29 23:48:44,0,3623,61909,0
2026/05/29 23:48:49,0,3624,61909,0
2026/05/29 23:48:53,0,3624,61909,0
2026/05/29 23:48:58,0,3624,61909,0
2026/05/29 23:49:02,0,3625,61909,0
2026/05/29 23:49:07,0,3624,61909,0
2026/05/29 23:49:11,0,3625,61909,0
2026/05/29 23:49:16,0,3624,61909,0
2026/05/29 23:49:20,0,3624,61909,0
2026/05/29 23:49:25,0,3623,61909,0
2026/05/29 23:49:29,0,3623,61909,0
2026/05/29 23:49:34,0,3624,61909,0
2026/05/29 23:49:38,0,3624,61909,0
2026/05/29 23:49:43,0,3623,61909,0
2026/05/29 23:49:47,0,3622,61909,0
2026/05/29 23:49:52,0,3622,61909,0
2026/05/29 23:49:56,0,3622,61909,0
2026/05/29 23:50:01,0,3622,61909,0
2026/05/29 23:50:05,0,3622,61909,0
2026/05/29 23:50:10,0,3623,61909,0
2026/05/29 23:50:14,0,3622,61909,0
2026/05/29 23:50:19,0,3622,61909,0
2026/05/29 23:50:24,0,3623,61909,0
2026/05/29 23:50:28,0,3623,61909,0
2026/05/29 23:50:33,0,3623,61909,0
2026/05/29 23:50:37,0,3624,61909,0
2026/05/29 23:50:42,0,3624,61909,0
2026/05/29 23:50:46,0,3624,61909,0
2026/05/29 23:50:51,0,3623,61909,0
2026/05/29 23:50:55,0,3624,61909,0
2026/05/29 23:51:00,0,3624,61909,0
2026/05/29 23:51:04,0,3625,61909,0
2026/05/29 23:51:09,0,3625,61909,0
2026/05/29 23:51:13,0,3624,61909,0
2026/05/29 23:51:18,0,3625,61909,0
2026/05/29 23:51:22,0,3626,61909,0
2026/05/29 23:51:27,0,3626,61909,0
2026/05/29 23:51:31,0,3626,61909,0
2026/05/29 23:51:36,0,3626,61909,0
2026/05/29 23:51:40,0,3626,61909,0
2026/05/29 23:51:45,0,3627,61909,0
2026/05/29 23:51:49,0,3627,61909,0
2026/05/29 23:51:54,0,3627,61909,0
2026/05/29 23:51:58,0,3626,61909,0
2026/05/29 23:52:03,0,3626,61909,0
2026/05/29 23:52:07,0,3625,61909,0
2026/05/29 23:52:12,0,3625,61909,0
2026/05/29 23:52:16,0,3625,61909,0
2026/05/29 23:52:21,0,3625,61909,0
2026/05/29 23:52:26,0,3625,61909,0
2026/05/29 23:52:30,0,3625,61909,0
2026/05/29 23:52:35,0,3625,61909,0
2026/05/29 23:52:39,0,3624,61909,0
2026/05/29 23:52:44,0,3625,61909,0
2026/05/29 23:52:48,0,3625,61909,0
2026/05/29 23:52:53,0,3626,61909,0
2026/05/29 23:52:57,0,3625,61909,0
2026/05/29 23:53:02,0,3625,61909,0
2026/05/29 23:53:06,0,3625,61909,0
2026/05/29 23:53:11,0,3624,61909,0
2026/05/29 23:53:15,0,3624,61909,0
2026/05/29 23:53:20,0,3624,61909,0
2026/05/29 23:53:24,0,3625,61909,0
2026/05/29 23:53:29,0,3624,61909,0
2026/05/29 23:53:33,0,3625,61909,0
2026/05/29 23:53:38,0,3625,61909,0
2026/05/29 23:53:42,0,3625,61909,0
2026/05/29 23:53:47,0,3625,61909,0
2026/05/29 23:53:51,0,3625,61909,0
2026/05/29 23:53:56,0,3625,61909,0
2026/05/29 23:54:00,0,3625,61909,0
2026/05/29 23:54:05,0,3626,61909,0
2026/05/29 23:54:09,0,3625,61909,0
2026/05/29 23:54:14,0,3626,61909,0
2026/05/29 23:54:18,0,3626,61909,0
2026/05/29 23:54:23,0,3625,61909,0
2026/05/29 23:54:27,0,3625,61909,0
2026/05/29 23:54:32,0,3625,61909,0
2026/05/29 23:54:37,0,3625,61909,0
2026/05/29 23:54:41,0,3625,61909,0
2026/05/29 23:54:46,0,3623,61909,0
2026/05/29 23:54:50,0,3624,61909,0
2026/05/29 23:54:55,0,3623,61909,0
2026/05/29 23:54:59,0,3624,61909,0
2026/05/29 23:55:04,0,3624,61909,0
2026/05/29 23:55:08,0,3625,61909,0
2026/05/29 23:55:13,0,3624,61909,0
2026/05/29 23:55:17,0,3624,61909,0
2026/05/29 23:55:22,0,3625,61909,0
2026/05/29 23:55:26,0,3625,61909,0
2026/05/29 23:55:31,0,3624,61909,0
2026/05/29 23:55:35,0,3624,61909,0
2026/05/29 23:55:40,0,3624,61909,0
2026/05/29 23:55:44,0,3624,61909,0
2026/05/29 23:55:49,0,3624,61909,0
2026/05/29 23:55:53,0,3624,61909,0
2026/05/29 23:55:58,0,3624,61909,0
2026/05/29 23:56:02,0,3624,61909,0
2026/05/29 23:56:07,0,3624,61909,0
2026/05/29 23:56:11,0,3625,61909,0
2026/05/29 23:56:16,0,3625,61909,0
2026/05/29 23:56:20,0,3624,61909,0
2026/05/29 23:56:25,0,3624,61909,0
2026/05/29 23:56:29,0,3625,61909,0
2026/05/29 23:56:34,0,3625,61909,0
2026/05/29 23:56:39,0,3625,61909,0
2026/05/29 23:56:43,0,3625,61909,0
2026/05/29 23:56:48,0,3625,61909,0
2026/05/29 23:56:52,0,3625,61909,0
2026/05/29 23:56:57,0,3625,61909,0
2026/05/29 23:57:01,0,3626,61909,0
2026/05/29 23:57:06,0,3625,61909,0
2026/05/29 23:57:10,0,3625,61909,0
2026/05/29 23:57:15,0,3626,61909,0
2026/05/29 23:57:19,0,3625,61909,0
2026/05/29 23:57:24,0,3626,61909,0
2026/05/29 23:57:28,0,3625,61909,0
2026/05/29 23:57:33,0,3624,61909,0
2026/05/29 23:57:37,0,3624,61909,0
2026/05/29 23:57:42,0,3625,61909,0
2026/05/29 23:57:46,0,3625,61909,0
2026/05/29 23:57:51,0,3626,61909,0
2026/05/29 23:57:55,0,3626,61909,0
2026/05/29 23:58:00,0,3626,61909,0
2026/05/29 23:58:04,0,3626,61909,0
2026/05/29 23:58:09,0,3626,61909,0
2026/05/29 23:58:13,0,3626,61909,0
2026/05/29 23:58:18,0,3625,61909,0
2026/05/29 23:58:22,0,3625,61909,0
2026/05/29 23:58:27,0,3625,61909,0
2026/05/29 23:58:31,0,3626,61909,0
2026/05/29 23:58:36,0,3626,61909,0
2026/05/29 23:58:41,0,3625,61909,0
2026/05/29 23:58:45,0,3625,61909,0
2026/05/29 23:58:50,0,3625,61909,0
2026/05/29 23:58:54,0,3625,61909,0
2026/05/29 23:58:59,0,3625,61909,0
2026/05/29 23:59:03,0,3625,61909,0
2026/05/29 23:59:08,0,3625,61909,0
2026/05/29 23:59:12,0,3625,61909,0
2026/05/29 23:59:17,0,3626,61909,0
2026/05/29 23:59:21,0,3625,61909,0
2026/05/29 23:59:26,0,3626,61909,0
2026/05/29 23:59:30,0,3626,61909,0
2026/05/29 23:59:35,0,3625,61909,0
2026/05/29 23:59:39,0,3624,61909,0
2026/05/29 23:59:44,0,3624,61909,0
2026/05/29 23:59:48,0,3624,61909,0
2026/05/29 23:59:53,0,3624,61909,0
2026/05/29 23:59:57,0,3624,61909,0
2026/05/30 00:00:02,0,3612,61909,0
2026/05/30 00:00:06,0,3612,61909,0
2026/05/30 00:00:11,0,3613,61909,0
2026/05/30 00:00:15,0,3613,61909,0
2026/05/30 00:00:20,0,3613,61909,0
2026/05/30 00:00:24,0,3613,61909,0
2026/05/30 00:00:29,0,3612,61909,0
2026/05/30 00:00:33,0,3612,61909,0
2026/05/30 00:00:38,0,3613,61909,0
2026/05/30 00:00:43,0,3613,61909,0
2026/05/30 00:00:47,0,3614,61909,0
2026/05/30 00:00:52,0,3613,61909,0
2026/05/30 00:00:56,0,3614,61909,0
2026/05/30 00:01:01,0,3615,61909,0
2026/05/30 00:01:05,0,3615,61909,0
2026/05/30 00:01:10,0,3616,61909,0
2026/05/30 00:01:14,0,3615,61909,0
2026/05/30 00:01:19,0,3616,61909,0
2026/05/30 00:01:23,0,3615,61909,0
2026/05/30 00:01:28,0,3615,61909,0
2026/05/30 00:01:32,0,3615,61909,0
2026/05/30 00:01:37,0,3614,61909,0
2026/05/30 00:01:41,0,3615,61909,0
2026/05/30 00:01:46,0,3615,61909,0
2026/05/30 00:01:50,0,3615,61909,0
2026/05/30 00:01:55,0,3616,61909,0
2026/05/30 00:01:59,0,3616,61909,0
2026/05/30 00:02:04,0,3616,61909,0
2026/05/30 00:02:08,0,3615,61909,0
2026/05/30 00:02:13,0,3616,61909,0
2026/05/30 00:02:17,0,3616,61909,0
2026/05/30 00:02:22,0,3615,61909,0
2026/05/30 00:02:26,0,3615,61909,0
2026/05/30 00:02:31,0,3616,61909,0
2026/05/30 00:02:35,0,3616,61909,0
2026/05/30 00:02:40,0,3615,61909,0
2026/05/30 00:02:45,0,3616,61909,0
2026/05/30 00:02:49,0,3616,61909,0
2026/05/30 00:02:54,0,3617,61909,0
2026/05/30 00:02:58,0,3617,61909,0
2026/05/30 00:03:03,0,3617,61909,0
2026/05/30 00:03:07,0,3617,61909,0
2026/05/30 00:03:12,0,3618,61909,0
2026/05/30 00:03:16,0,3618,61909,0
2026/05/30 00:03:21,0,3618,61909,0
2026/05/30 00:03:25,0,3619,61909,0
2026/05/30 00:03:30,0,3619,61909,0
2026/05/30 00:03:34,0,3620,61909,0
2026/05/30 00:03:39,0,3620,61909,0
2026/05/30 00:03:43,0,3621,61909,0
2026/05/30 00:03:48,0,3620,61909,0
2026/05/30 00:03:52,0,3621,61909,0
2026/05/30 00:03:57,0,3620,61909,0
2026/05/30 00:04:01,0,3621,61909,0
2026/05/30 00:04:06,0,3621,61909,0
2026/05/30 00:04:10,0,3621,61909,0
2026/05/30 00:04:15,0,3621,61909,0
2026/05/30 00:04:19,0,3620,61909,0
2026/05/30 00:04:24,0,3620,61909,0
2026/05/30 00:04:28,0,3619,61909,0
2026/05/30 00:04:33,0,3619,61909,0
2026/05/30 00:04:37,0,3619,61909,0
2026/05/30 00:04:42,0,3619,61909,0
2026/05/30 00:04:47,0,3620,61909,0
2026/05/30 00:04:51,0,3619,61909,0
2026/05/30 00:04:56,0,3620,61909,0
2026/05/30 00:05:00,0,3620,61909,0
2026/05/30 00:05:05,0,3620,61909,0
2026/05/30 00:05:09,0,3620,61909,0
2026/05/30 00:05:14,0,3620,61909,0
2026/05/30 00:05:18,0,3619,61909,0
2026/05/30 00:05:23,0,3620,61909,0
2026/05/30 00:05:27,0,3620,61909,0
2026/05/30 00:05:32,0,3620,61909,0
2026/05/30 00:05:36,0,3620,61909,0
2026/05/30 00:05:41,0,3620,61909,0
2026/05/30 00:05:45,0,3620,61909,0
2026/05/30 00:05:50,0,3620,61909,0
2026/05/30 00:05:54,0,3620,61909,0
2026/05/30 00:05:59,0,3620,61909,0
2026/05/30 00:06:03,0,3620,61909,0
2026/05/30 00:06:08,0,3620,61909,0
2026/05/30 00:06:12,0,3619,61909,0
2026/05/30 00:06:17,0,3619,61909,0
2026/05/30 00:06:21,0,3619,61909,0
2026/05/30 00:06:26,0,3620,61909,0
2026/05/30 00:06:30,0,3620,61909,0
2026/05/30 00:06:35,0,3620,61909,0
2026/05/30 00:06:39,0,3620,61909,0
2026/05/30 00:06:44,0,3619,61909,0
2026/05/30 00:06:48,0,3620,61909,0
2026/05/30 00:06:53,0,3620,61909,0
2026/05/30 00:06:58,0,3620,61909,0
2026/05/30 00:07:02,0,3621,61909,0
2026/05/30 00:07:07,0,3621,61909,0
2026/05/30 00:07:11,0,3621,61909,0
2026/05/30 00:07:16,0,3622,61909,0
2026/05/30 00:07:20,0,3621,61909,0
2026/05/30 00:07:25,0,3621,61909,0
2026/05/30 00:07:29,0,3621,61909,0
2026/05/30 00:07:34,0,3621,61909,0
2026/05/30 00:07:38,0,3620,61909,0
2026/05/30 00:07:43,0,3620,61909,0
2026/05/30 00:07:47,0,3620,61909,0
2026/05/30 00:07:52,0,3620,61909,0
2026/05/30 00:07:56,0,3621,61909,0
2026/05/30 00:08:01,0,3621,61909,0
2026/05/30 00:08:05,0,3620,61909,0
2026/05/30 00:08:10,0,3621,61909,0
2026/05/30 00:08:14,0,3621,61909,0
2026/05/30 00:08:19,0,3621,61909,0
2026/05/30 00:08:23,0,3621,61909,0
2026/05/30 00:08:28,0,3621,61909,0
2026/05/30 00:08:32,0,3621,61909,0
2026/05/30 00:08:37,0,3620,61909,0
2026/05/30 00:08:41,0,3620,61909,0
2026/05/30 00:08:46,0,3620,61909,0
2026/05/30 00:08:50,0,3620,61909,0
2026/05/30 00:08:55,0,3620,61909,0
2026/05/30 00:09:00,0,3620,61909,0
2026/05/30 00:09:04,0,3619,61909,0
2026/05/30 00:09:09,0,3620,61909,0
2026/05/30 00:09:13,0,3620,61909,0
2026/05/30 00:09:18,0,3620,61909,0
2026/05/30 00:09:22,0,3620,61909,0
2026/05/30 00:09:27,0,3621,61909,0
2026/05/30 00:09:31,0,3621,61909,0
2026/05/30 00:09:36,0,3621,61909,0
2026/05/30 00:09:40,0,3621,61909,0
2026/05/30 00:09:45,0,3622,61909,0
2026/05/30 00:09:49,0,3622,61909,0
2026/05/30 00:09:54,0,3621,61909,0
2026/05/30 00:09:58,0,3622,61909,0
2026/05/30 00:10:03,0,3619,61909,0
2026/05/30 00:10:07,0,3619,61909,0
2026/05/30 00:10:12,0,3620,61909,0
2026/05/30 00:10:16,0,3620,61909,0
2026/05/30 00:10:21,0,3620,61909,0
2026/05/30 00:10:25,0,3620,61909,0
2026/05/30 00:10:30,0,3620,61909,0
2026/05/30 00:10:34,0,3620,61909,0
2026/05/30 00:10:39,0,3620,61909,0
2026/05/30 00:10:43,0,3620,61909,0
2026/05/30 00:10:48,0,3620,61909,0
2026/05/30 00:10:52,0,3620,61909,0
2026/05/30 00:10:57,0,3620,61909,0
2026/05/30 00:11:02,0,3619,61909,0
2026/05/30 00:11:06,0,3620,61909,0
2026/05/30 00:11:11,0,3620,61909,0
2026/05/30 00:11:15,0,3620,61909,0
2026/05/30 00:11:20,0,3620,61909,0
2026/05/30 00:11:24,0,3620,61909,0
2026/05/30 00:11:29,0,3620,61909,0
2026/05/30 00:11:33,0,3620,61909,0
2026/05/30 00:11:38,0,3621,61909,0
2026/05/30 00:11:42,0,3622,61909,0
2026/05/30 00:11:47,0,3623,61909,0
2026/05/30 00:11:51,0,3622,61909,0
2026/05/30 00:11:56,0,3623,61909,0
2026/05/30 00:12:00,0,3622,61909,0
2026/05/30 00:12:05,0,3622,61909,0
2026/05/30 00:12:09,0,3623,61909,0
2026/05/30 00:12:14,0,3622,61909,0
2026/05/30 00:12:18,0,3623,61909,0
2026/05/30 00:12:23,0,3623,61909,0
2026/05/30 00:12:27,0,3622,61909,0
2026/05/30 00:12:32,0,3622,61909,0
2026/05/30 00:12:36,0,3622,61909,0
2026/05/30 00:12:41,0,3622,61909,0
2026/05/30 00:12:45,0,3621,61909,0
2026/05/30 00:12:50,0,3622,61909,0
2026/05/30 00:12:54,0,3622,61909,0
2026/05/30 00:12:59,0,3622,61909,0
2026/05/30 00:13:04,0,3623,61909,0
2026/05/30 00:13:08,0,3623,61909,0
2026/05/30 00:13:13,0,3623,61909,0
2026/05/30 00:13:17,0,3623,61909,0
2026/05/30 00:13:22,0,3623,61909,0
2026/05/30 00:13:26,0,3623,61909,0
2026/05/30 00:13:31,0,3621,61909,0
2026/05/30 00:13:35,0,3620,61909,0
2026/05/30 00:13:40,0,3619,61909,0
2026/05/30 00:13:44,0,3618,61909,0
2026/05/30 00:13:49,0,3618,61909,0
2026/05/30 00:13:53,0,3618,61909,0
2026/05/30 00:13:58,0,3618,61909,0
2026/05/30 00:14:02,0,3618,61909,0
2026/05/30 00:14:07,0,3618,61909,0
2026/05/30 00:14:11,0,3617,61909,0
2026/05/30 00:14:16,0,3617,61909,0
2026/05/30 00:14:20,0,3617,61909,0
2026/05/30 00:14:25,0,3617,61909,0
2026/05/30 00:14:29,0,3617,61909,0
2026/05/30 00:14:34,0,3618,61909,0
2026/05/30 00:14:38,0,3618,61909,0
2026/05/30 00:14:43,0,3617,61909,0
2026/05/30 00:14:47,0,3617,61909,0
2026/05/30 00:14:52,0,3617,61909,0
2026/05/30 00:14:56,0,3617,61909,0
2026/05/30 00:15:01,0,3618,61909,0
2026/05/30 00:15:05,0,3618,61909,0
2026/05/30 00:15:10,0,3618,61909,0
2026/05/30 00:15:15,0,3618,61909,0
2026/05/30 00:15:19,0,3617,61909,0
2026/05/30 00:15:24,0,3618,61909,0
2026/05/30 00:15:28,0,3619,61909,0
2026/05/30 00:15:33,0,3619,61909,0
2026/05/30 00:15:37,0,3619,61909,0
2026/05/30 00:15:42,0,3619,61909,0
2026/05/30 00:15:46,0,3619,61909,0
2026/05/30 00:15:51,0,3620,61909,0
2026/05/30 00:15:55,0,3620,61909,0
2026/05/30 00:16:00,0,3621,61909,0
2026/05/30 00:16:04,0,3620,61909,0
2026/05/30 00:16:09,0,3620,61909,0
2026/05/30 00:16:13,0,3618,61909,0
2026/05/30 00:16:18,0,3619,61909,0
2026/05/30 00:16:22,0,3618,61909,0
2026/05/30 00:16:27,0,3619,61909,0
2026/05/30 00:16:31,0,3619,61909,0
2026/05/30 00:16:36,0,3619,61909,0
2026/05/30 00:16:40,0,3619,61909,0
2026/05/30 00:16:45,0,3619,61909,0
2026/05/30 00:16:49,0,3618,61909,0
2026/05/30 00:16:54,0,3618,61909,0
2026/05/30 00:16:58,0,3618,61909,0
2026/05/30 00:17:03,0,3618,61909,0
2026/05/30 00:17:07,0,3618,61909,0
2026/05/30 00:17:12,0,3618,61909,0
2026/05/30 00:17:17,0,3617,61909,0
2026/05/30 00:17:21,0,3617,61909,0
2026/05/30 00:17:26,0,3618,61909,0
2026/05/30 00:17:30,0,3618,61909,0
2026/05/30 00:17:35,0,3617,61909,0
2026/05/30 00:17:39,0,3617,61909,0
2026/05/30 00:17:44,0,3617,61909,0
2026/05/30 00:17:48,0,3617,61909,0
2026/05/30 00:17:53,0,3617,61909,0
2026/05/30 00:17:57,0,3617,61909,0
2026/05/30 00:18:02,0,3617,61909,0
2026/05/30 00:18:06,0,3617,61909,0
2026/05/30 00:18:11,0,3618,61909,0
2026/05/30 00:18:15,0,3618,61909,0
2026/05/30 00:18:20,0,3618,61909,0
2026/05/30 00:18:24,0,3619,61909,0
2026/05/30 00:18:29,0,3619,61909,0
2026/05/30 00:18:33,0,3620,61909,0
2026/05/30 00:18:38,0,3619,61909,0
2026/05/30 00:18:42,0,3620,61909,0
2026/05/30 00:18:47,0,3620,61909,0
2026/05/30 00:18:51,0,3619,61909,0
2026/05/30 00:18:56,0,3620,61909,0
2026/05/30 00:19:00,0,3620,61909,0
2026/05/30 00:19:05,0,3620,61909,0
2026/05/30 00:19:09,0,3621,61909,0
2026/05/30 00:19:14,0,3621,61909,0
2026/05/30 00:19:19,0,3621,61909,0
2026/05/30 00:19:23,0,3621,61909,0
2026/05/30 00:19:28,0,3621,61909,0
2026/05/30 00:19:32,0,3620,61909,0
2026/05/30 00:19:37,0,3619,61909,0
2026/05/30 00:19:41,0,3620,61909,0
2026/05/30 00:19:46,0,3620,61909,0
2026/05/30 00:19:50,0,3619,61909,0
2026/05/30 00:19:55,0,3620,61909,0
2026/05/30 00:19:59,0,3620,61909,0
2026/05/30 00:20:04,0,3620,61909,0
2026/05/30 00:20:08,0,3620,61909,0
2026/05/30 00:20:13,0,3620,61909,0
2026/05/30 00:20:17,0,3620,61909,0
2026/05/30 00:20:22,0,3620,61909,0
2026/05/30 00:20:26,0,3621,61909,0
2026/05/30 00:20:31,0,3620,61909,0
2026/05/30 00:20:35,0,3620,61909,0
2026/05/30 00:20:40,0,3620,61909,0
2026/05/30 00:20:44,0,3620,61909,0
2026/05/30 00:20:49,0,3620,61909,0
2026/05/30 00:20:53,0,3620,61909,0
2026/05/30 00:20:58,0,3621,61909,0
2026/05/30 00:21:02,0,3621,61909,0
2026/05/30 00:21:07,0,3621,61909,0
2026/05/30 00:21:11,0,3621,61909,0
2026/05/30 00:21:16,0,3621,61909,0
2026/05/30 00:21:21,0,3621,61909,0
2026/05/30 00:21:25,0,3622,61909,0
2026/05/30 00:21:30,0,3622,61909,0
2026/05/30 00:21:34,0,3622,61909,0
2026/05/30 00:21:39,0,3622,61909,0
2026/05/30 00:21:43,0,3623,61909,0
2026/05/30 00:21:48,0,3622,61909,0
2026/05/30 00:21:52,0,3622,61909,0
2026/05/30 00:21:57,0,3622,61909,0
2026/05/30 00:22:01,0,3622,61909,0
2026/05/30 00:22:06,0,3622,61909,0
2026/05/30 00:22:10,0,3623,61909,0
2026/05/30 00:22:15,0,3623,61909,0
2026/05/30 00:22:19,0,3623,61909,0
2026/05/30 00:22:24,0,3623,61909,0
2026/05/30 00:22:28,0,3622,61909,0
2026/05/30 00:22:33,0,3622,61909,0
2026/05/30 00:22:37,0,3622,61909,0
2026/05/30 00:22:42,0,3622,61909,0
2026/05/30 00:22:46,0,3622,61909,0
2026/05/30 00:22:51,0,3621,61909,0
2026/05/30 00:22:55,0,3622,61909,0
2026/05/30 00:23:00,0,3621,61909,0
2026/05/30 00:23:04,0,3622,61909,0
2026/05/30 00:23:09,0,3622,61909,0
2026/05/30 00:23:13,0,3621,61909,0
2026/05/30 00:23:18,0,3622,61909,0
2026/05/30 00:23:22,0,3622,61909,0
2026/05/30 00:23:27,0,3622,61909,0
2026/05/30 00:23:32,0,3622,61909,0
2026/05/30 00:23:36,0,3622,61909,0
2026/05/30 00:23:41,0,3622,61909,0
2026/05/30 00:23:45,0,3621,61909,0
2026/05/30 00:23:50,0,3620,61909,0
2026/05/30 00:23:54,0,3621,61909,0
2026/05/30 00:23:59,0,3621,61909,0
2026/05/30 00:24:03,0,3622,61909,0
2026/05/30 00:24:08,0,3621,61909,0
2026/05/30 00:24:12,0,3622,61909,0
2026/05/30 00:24:17,0,3622,61909,0
2026/05/30 00:24:21,0,3622,61909,0
2026/05/30 00:24:26,0,3622,61909,0
2026/05/30 00:24:30,0,3622,61909,0
2026/05/30 00:24:35,0,3621,61909,0
2026/05/30 00:24:39,0,3621,61909,0
2026/05/30 00:24:44,0,3622,61909,0
2026/05/30 00:24:48,0,3622,61909,0
2026/05/30 00:24:53,0,3623,61909,0
2026/05/30 00:24:57,0,3622,61909,0
2026/05/30 00:25:02,0,3622,61909,0
2026/05/30 00:25:06,0,3622,61909,0
2026/05/30 00:25:11,0,3621,61909,0
2026/05/30 00:25:15,0,3622,61909,0
2026/05/30 00:25:20,0,3622,61909,0
2026/05/30 00:25:24,0,3623,61909,0
2026/05/30 00:25:29,0,3622,61909,0
2026/05/30 00:25:34,0,3622,61909,0
2026/05/30 00:25:38,0,3622,61909,0
2026/05/30 00:25:43,0,3622,61909,0
2026/05/30 00:25:47,0,3622,61909,0
2026/05/30 00:25:52,0,3622,61909,0
2026/05/30 00:25:56,0,3623,61909,0
2026/05/30 00:26:01,0,3622,61909,0
2026/05/30 00:26:05,0,3622,61909,0
2026/05/30 00:26:10,0,3622,61909,0
2026/05/30 00:26:14,0,3621,61909,0
2026/05/30 00:26:19,0,3621,61909,0
2026/05/30 00:26:23,0,3621,61909,0
2026/05/30 00:26:28,0,3621,61909,0
2026/05/30 00:26:32,0,3621,61909,0
2026/05/30 00:26:37,0,3621,61909,0
2026/05/30 00:26:41,0,3621,61909,0
2026/05/30 00:26:46,0,3622,61909,0
2026/05/30 00:26:50,0,3621,61909,0
2026/05/30 00:26:55,0,3621,61909,0
2026/05/30 00:26:59,0,3622,61909,0
2026/05/30 00:27:04,0,3621,61909,0
2026/05/30 00:27:08,0,3621,61909,0
2026/05/30 00:27:13,0,3622,61909,0
2026/05/30 00:27:17,0,3621,61909,0
2026/05/30 00:27:22,0,3621,61909,0
2026/05/30 00:27:26,0,3621,61909,0
2026/05/30 00:27:31,0,3620,61909,0
2026/05/30 00:27:36,0,3619,61909,0
2026/05/30 00:27:40,0,3619,61909,0
2026/05/30 00:27:45,0,3619,61909,0
2026/05/30 00:27:49,0,3618,61909,0
2026/05/30 00:27:54,0,3618,61909,0
2026/05/30 00:27:58,0,3618,61909,0
2026/05/30 00:28:03,0,3618,61909,0
2026/05/30 00:28:07,0,3617,61909,0
2026/05/30 00:28:12,0,3617,61909,0
2026/05/30 00:28:16,0,3617,61909,0
2026/05/30 00:28:21,0,3616,61909,0
2026/05/30 00:28:25,0,3617,61909,0
2026/05/30 00:28:30,0,3617,61909,0
2026/05/30 00:28:34,0,3617,61909,0
2026/05/30 00:28:39,0,3616,61909,0
2026/05/30 00:28:43,0,3616,61909,0
2026/05/30 00:28:48,0,3616,61909,0
2026/05/30 00:28:52,0,3616,61909,0
2026/05/30 00:28:57,0,3617,61909,0
2026/05/30 00:29:01,0,3617,61909,0
2026/05/30 00:29:06,0,3616,61909,0
2026/05/30 00:29:10,0,3617,61909,0
2026/05/30 00:29:15,0,3617,61909,0
2026/05/30 00:29:19,0,3616,61909,0
2026/05/30 00:29:24,0,3617,61909,0
2026/05/30 00:29:28,0,3617,61909,0
2026/05/30 00:29:33,0,3615,61909,0
2026/05/30 00:29:38,0,3616,61909,0
2026/05/30 00:29:42,0,3615,61909,0
2026/05/30 00:29:47,0,3615,61909,0
2026/05/30 00:29:51,0,3615,61909,0
2026/05/30 00:29:56,0,3615,61909,0
2026/05/30 00:30:00,0,3614,61909,0
2026/05/30 00:30:05,0,3614,61909,0
2026/05/30 00:30:09,0,3615,61909,0
2026/05/30 00:30:14,0,3616,61909,0
2026/05/30 00:30:18,0,3616,61909,0
2026/05/30 00:30:23,0,3615,61909,0
2026/05/30 00:30:27,0,3616,61909,0
2026/05/30 00:30:32,0,3616,61909,0
2026/05/30 00:30:36,0,3616,61909,0
2026/05/30 00:30:41,0,3616,61909,0
2026/05/30 00:30:45,0,3616,61909,0
2026/05/30 00:30:50,0,3615,61909,0
2026/05/30 00:30:54,0,3615,61909,0
2026/05/30 00:30:59,0,3616,61909,0
2026/05/30 00:31:03,0,3616,61909,0
2026/05/30 00:31:08,0,3616,61909,0
2026/05/30 00:31:12,0,3615,61909,0
2026/05/30 00:31:17,0,3615,61909,0
2026/05/30 00:31:21,0,3615,61909,0
2026/05/30 00:31:26,0,3614,61909,0
2026/05/30 00:31:30,0,3615,61909,0
2026/05/30 00:31:35,0,3615,61909,0
2026/05/30 00:31:40,0,3615,61909,0
2026/05/30 00:31:44,0,3615,61909,0
2026/05/30 00:31:49,0,3615,61909,0
2026/05/30 00:31:53,0,3615,61909,0
2026/05/30 00:31:58,0,3616,61909,0
2026/05/30 00:32:02,0,3616,61909,0
2026/05/30 00:32:07,0,3617,61909,0
2026/05/30 00:32:11,0,3616,61909,0
2026/05/30 00:32:16,0,3616,61909,0
2026/05/30 00:32:20,0,3617,61909,0
2026/05/30 00:32:25,0,3616,61909,0
2026/05/30 00:32:29,0,3617,61909,0
2026/05/30 00:32:34,0,3617,61909,0
2026/05/30 00:32:38,0,3617,61909,0
2026/05/30 00:32:43,0,3618,61909,0
2026/05/30 00:32:47,0,3619,61909,0
2026/05/30 00:32:52,0,3619,61909,0
2026/05/30 00:32:56,0,3619,61909,0
2026/05/30 00:33:01,0,3619,61909,0
2026/05/30 00:33:05,0,3619,61909,0
2026/05/30 00:33:10,0,3618,61909,0
2026/05/30 00:33:14,0,3619,61909,0
2026/05/30 00:33:19,0,3620,61909,0
2026/05/30 00:33:23,0,3619,61909,0
2026/05/30 00:33:28,0,3619,61909,0
2026/05/30 00:33:32,0,3618,61909,0
2026/05/30 00:33:37,0,3618,61909,0
2026/05/30 00:33:41,0,3619,61909,0
2026/05/30 00:33:46,0,3619,61909,0
2026/05/30 00:33:51,0,3619,61909,0
2026/05/30 00:33:55,0,3619,61909,0
2026/05/30 00:34:00,0,3619,61909,0
2026/05/30 00:34:04,0,3619,61909,0
2026/05/30 00:34:09,0,3619,61909,0
2026/05/30 00:34:13,0,3618,61909,0
2026/05/30 00:34:18,0,3616,61909,0
2026/05/30 00:34:22,0,3616,61909,0
2026/05/30 00:34:27,0,3616,61909,0
2026/05/30 00:34:31,0,3615,61909,0
2026/05/30 00:34:36,0,3615,61909,0
2026/05/30 00:34:40,0,3615,61909,0
2026/05/30 00:34:45,0,3615,61909,0
2026/05/30 00:34:49,0,3615,61909,0
2026/05/30 00:34:54,0,3615,61909,0
2026/05/30 00:34:58,0,3615,61909,0
2026/05/30 00:35:03,0,3614,61909,0
2026/05/30 00:35:07,0,3613,61909,0
2026/05/30 00:35:12,0,3613,61909,0
2026/05/30 00:35:16,0,3613,61909,0
2026/05/30 00:35:21,0,3613,61909,0
2026/05/30 00:35:25,0,3613,61909,0
2026/05/30 00:35:30,0,3613,61909,0
2026/05/30 00:35:34,0,3613,61909,0
2026/05/30 00:35:39,0,3613,61909,0
2026/05/30 00:35:43,0,3614,61909,0
2026/05/30 00:35:48,0,3612,61909,0
2026/05/30 00:35:53,0,3613,61909,0
2026/05/30 00:35:57,0,3613,61909,0
2026/05/30 00:36:02,0,3613,61909,0
2026/05/30 00:36:06,0,3613,61909,0
2026/05/30 00:36:11,0,3614,61909,0
2026/05/30 00:36:15,0,3613,61909,0
2026/05/30 00:36:20,0,3613,61909,0
2026/05/30 00:36:24,0,3614,61909,0
2026/05/30 00:36:29,0,3615,61909,0
2026/05/30 00:36:33,0,3615,61909,0
2026/05/30 00:36:38,0,3615,61909,0
2026/05/30 00:36:42,0,3616,61909,0
2026/05/30 00:36:47,0,3616,61909,0
2026/05/30 00:36:51,0,3615,61909,0
2026/05/30 00:36:56,0,3615,61909,0
2026/05/30 00:37:00,0,3615,61909,0
2026/05/30 00:37:05,0,3615,61909,0
2026/05/30 00:37:09,0,3615,61909,0
2026/05/30 00:37:14,0,3616,61909,0
2026/05/30 00:37:18,0,3616,61909,0
2026/05/30 00:37:23,0,3615,61909,0
2026/05/30 00:37:27,0,3615,61909,0
2026/05/30 00:37:32,0,3615,61909,0
2026/05/30 00:37:36,0,3615,61909,0
2026/05/30 00:37:41,0,3615,61909,0
2026/05/30 00:37:45,0,3615,61909,0
2026/05/30 00:37:50,0,3615,61909,0
2026/05/30 00:37:55,0,3615,61909,0
2026/05/30 00:37:59,0,3615,61909,0
2026/05/30 00:38:04,0,3616,61909,0
2026/05/30 00:38:08,0,3615,61909,0
2026/05/30 00:38:13,0,3616,61909,0
2026/05/30 00:38:17,0,3616,61909,0
2026/05/30 00:38:22,0,3616,61909,0
2026/05/30 00:38:26,0,3617,61909,0
2026/05/30 00:38:31,0,3617,61909,0
2026/05/30 00:38:35,0,3617,61909,0
2026/05/30 00:38:40,0,3616,61909,0
2026/05/30 00:38:44,0,3616,61909,0
2026/05/30 00:38:49,0,3616,61909,0
2026/05/30 00:38:53,0,3617,61909,0
2026/05/30 00:38:58,0,3617,61909,0
2026/05/30 00:39:02,0,3617,61909,0
2026/05/30 00:39:07,0,3616,61909,0
2026/05/30 00:39:11,0,3617,61909,0
2026/05/30 00:39:16,0,3617,61909,0
2026/05/30 00:39:20,0,3618,61909,0
2026/05/30 00:39:25,0,3618,61909,0
2026/05/30 00:39:29,0,3618,61909,0
2026/05/30 00:39:34,0,3618,61909,0
2026/05/30 00:39:38,0,3618,61909,0
2026/05/30 00:39:43,0,3618,61909,0
2026/05/30 00:39:47,0,3618,61909,0
2026/05/30 00:39:52,0,3618,61909,0
2026/05/30 00:39:57,0,3618,61909,0
2026/05/30 00:40:01,0,3618,61909,0
2026/05/30 00:40:06,0,3618,61909,0
2026/05/30 00:40:10,0,3617,61909,0
2026/05/30 00:40:15,0,3618,61909,0
2026/05/30 00:40:19,0,3619,61909,0
2026/05/30 00:40:24,0,3618,61909,0
2026/05/30 00:40:28,0,3620,61909,0
2026/05/30 00:40:33,0,3619,61909,0
2026/05/30 00:40:37,0,3618,61909,0
2026/05/30 00:40:42,0,3619,61909,0
2026/05/30 00:40:46,0,3619,61909,0
2026/05/30 00:40:51,0,3619,61909,0
2026/05/30 00:40:55,0,3620,61909,0
2026/05/30 00:41:00,0,3620,61909,0
2026/05/30 00:41:04,0,3620,61909,0
2026/05/30 00:41:09,0,3620,61909,0
2026/05/30 00:41:13,0,3620,61909,0
2026/05/30 00:41:18,0,3621,61909,0
2026/05/30 00:41:22,0,3621,61909,0
2026/05/30 00:41:27,0,3620,61909,0
2026/05/30 00:41:31,0,3620,61909,0
2026/05/30 00:41:36,0,3621,61909,0
2026/05/30 00:41:40,0,3621,61909,0
2026/05/30 00:41:45,0,3621,61909,0
2026/05/30 00:41:49,0,3621,61909,0
2026/05/30 00:41:54,0,3621,61909,0
2026/05/30 00:41:58,0,3621,61909,0
2026/05/30 00:42:03,0,3621,61909,0
2026/05/30 00:42:08,0,3621,61909,0
2026/05/30 00:42:12,0,3621,61909,0
2026/05/30 00:42:17,0,3621,61909,0
2026/05/30 00:42:21,0,3621,61909,0
2026/05/30 00:42:26,0,3621,61909,0
2026/05/30 00:42:30,0,3621,61909,0
2026/05/30 00:42:35,0,3622,61909,0
2026/05/30 00:42:39,0,3622,61909,0
2026/05/30 00:42:44,0,3622,61909,0
2026/05/30 00:42:48,0,3623,61909,0
2026/05/30 00:42:53,0,3622,61909,0
2026/05/30 00:42:57,0,3623,61909,0
2026/05/30 00:43:02,0,3623,61909,0
2026/05/30 00:43:06,0,3623,61909,0
2026/05/30 00:43:11,0,3623,61909,0
2026/05/30 00:43:15,0,3623,61909,0
2026/05/30 00:43:20,0,3623,61909,0
2026/05/30 00:43:24,0,3622,61909,0
2026/05/30 00:43:29,0,3622,61909,0
2026/05/30 00:43:33,0,3623,61909,0
2026/05/30 00:43:38,0,3623,61909,0
2026/05/30 00:43:42,0,3623,61909,0
2026/05/30 00:43:47,0,3622,61909,0
2026/05/30 00:43:51,0,3622,61909,0
2026/05/30 00:43:56,0,3622,61909,0
2026/05/30 00:44:00,0,3622,61909,0
2026/05/30 00:44:05,0,3623,61909,0
2026/05/30 00:44:10,0,3623,61909,0
2026/05/30 00:44:14,0,3624,61909,0
2026/05/30 00:44:19,0,3624,61909,0
2026/05/30 00:44:23,0,3623,61909,0
2026/05/30 00:44:28,0,3623,61909,0
2026/05/30 00:44:32,0,3623,61909,0
2026/05/30 00:44:37,0,3624,61909,0
2026/05/30 00:44:41,0,3624,61909,0
2026/05/30 00:44:46,0,3624,61909,0
2026/05/30 00:44:50,0,3624,61909,0
2026/05/30 00:44:55,0,3624,61909,0
2026/05/30 00:44:59,0,3623,61909,0
2026/05/30 00:45:04,0,3624,61909,0
2026/05/30 00:45:08,0,3623,61909,0
2026/05/30 00:45:13,0,3624,61909,0
2026/05/30 00:45:17,0,3623,61909,0
2026/05/30 00:45:22,0,3624,61909,0
2026/05/30 00:45:26,0,3624,61909,0
2026/05/30 00:45:31,0,3625,61909,0
2026/05/30 00:45:35,0,3625,61909,0
2026/05/30 00:45:40,0,3624,61909,0
2026/05/30 00:45:44,0,3625,61909,0
2026/05/30 00:45:49,0,3625,61909,0
2026/05/30 00:45:53,0,3625,61909,0
2026/05/30 00:45:58,0,3625,61909,0
2026/05/30 00:46:02,0,3625,61909,0
2026/05/30 00:46:07,0,3625,61909,0
2026/05/30 00:46:12,0,3625,61909,0
2026/05/30 00:46:16,0,3624,61909,0
2026/05/30 00:46:21,0,3624,61909,0
2026/05/30 00:46:25,0,3623,61909,0
2026/05/30 00:46:30,0,3624,61909,0
2026/05/30 00:46:34,0,3624,61909,0
2026/05/30 00:46:39,0,3624,61909,0
2026/05/30 00:46:43,0,3625,61909,0
2026/05/30 00:46:48,0,3624,61909,0
2026/05/30 00:46:52,0,3625,61909,0
2026/05/30 00:46:57,0,3624,61909,0
2026/05/30 00:47:01,0,3624,61909,0
2026/05/30 00:47:06,0,3625,61909,0
2026/05/30 00:47:10,0,3625,61909,0
2026/05/30 00:47:15,0,3625,61909,0
2026/05/30 00:47:19,0,3625,61909,0
2026/05/30 00:47:24,0,3625,61909,0
2026/05/30 00:47:28,0,3624,61909,0
2026/05/30 00:47:33,0,3624,61909,0
2026/05/30 00:47:37,0,3624,61909,0
2026/05/30 00:47:42,0,3624,61909,0
2026/05/30 00:47:46,0,3625,61909,0
2026/05/30 00:47:51,0,3624,61909,0
2026/05/30 00:47:55,0,3624,61909,0
2026/05/30 00:48:00,0,3624,61909,0
2026/05/30 00:48:04,0,3624,61909,0
2026/05/30 00:48:09,0,3624,61909,0
2026/05/30 00:48:14,0,3623,61909,0
2026/05/30 00:48:18,0,3624,61909,0
2026/05/30 00:48:23,0,3623,61909,0
2026/05/30 00:48:27,0,3624,61909,0
2026/05/30 00:48:32,0,3624,61909,0
2026/05/30 00:48:36,0,3624,61909,0
2026/05/30 00:48:41,0,3624,61909,0
2026/05/30 00:48:45,0,3624,61909,0
2026/05/30 00:48:50,0,3624,61909,0
2026/05/30 00:48:54,0,3624,61909,0
2026/05/30 00:48:59,0,3623,61909,0
2026/05/30 00:49:03,0,3623,61909,0
2026/05/30 00:49:08,0,3622,61909,0
2026/05/30 00:49:12,0,3623,61909,0
2026/05/30 00:49:17,0,3623,61909,0
2026/05/30 00:49:21,0,3622,61909,0
2026/05/30 00:49:26,0,3623,61909,0
2026/05/30 00:49:30,0,3622,61909,0
2026/05/30 00:49:35,0,3623,61909,0
2026/05/30 00:49:39,0,3622,61909,0
2026/05/30 00:49:44,0,3622,61909,0
2026/05/30 00:49:48,0,3622,61909,0
2026/05/30 00:49:53,0,3622,61909,0
2026/05/30 00:49:57,0,3622,61909,0
2026/05/30 00:50:02,0,3621,61909,0
2026/05/30 00:50:06,0,3621,61909,0
2026/05/30 00:50:11,0,3621,61909,0
2026/05/30 00:50:16,0,3621,61909,0
2026/05/30 00:50:20,0,3621,61909,0
2026/05/30 00:50:25,0,3621,61909,0
2026/05/30 00:50:29,0,3621,61909,0
2026/05/30 00:50:34,0,3620,61909,0
2026/05/30 00:50:38,0,3620,61909,0
2026/05/30 00:50:43,0,3620,61909,0
2026/05/30 00:50:47,0,3619,61909,0
2026/05/30 00:50:52,0,3619,61909,0
2026/05/30 00:50:56,0,3620,61909,0
2026/05/30 00:51:01,0,3620,61909,0
2026/05/30 00:51:05,0,3620,61909,0
2026/05/30 00:51:10,0,3619,61909,0
2026/05/30 00:51:14,0,3620,61909,0
2026/05/30 00:51:19,0,3620,61909,0
2026/05/30 00:51:23,0,3620,61909,0
2026/05/30 00:51:28,0,3620,61909,0
2026/05/30 00:51:32,0,3620,61909,0
2026/05/30 00:51:37,0,3620,61909,0
2026/05/30 00:51:41,0,3620,61909,0
2026/05/30 00:51:46,0,3620,61909,0
2026/05/30 00:51:50,0,3620,61909,0
2026/05/30 00:51:55,0,3620,61909,0
2026/05/30 00:51:59,0,3619,61909,0
2026/05/30 00:52:04,0,3620,61909,0
2026/05/30 00:52:08,0,3620,61909,0
2026/05/30 00:52:13,0,3620,61909,0
2026/05/30 00:52:17,0,3620,61909,0
2026/05/30 00:52:22,0,3620,61909,0
2026/05/30 00:52:27,0,3620,61909,0
2026/05/30 00:52:31,0,3620,61909,0
2026/05/30 00:52:36,0,3620,61909,0
2026/05/30 00:52:40,0,3619,61909,0
2026/05/30 00:52:45,0,3620,61909,0
2026/05/30 00:52:49,0,3620,61909,0
2026/05/30 00:52:54,0,3620,61909,0
2026/05/30 00:52:58,0,3619,61909,0
2026/05/30 00:53:03,0,3619,61909,0
2026/05/30 00:53:07,0,3619,61909,0
2026/05/30 00:53:12,0,3619,61909,0
2026/05/30 00:53:16,0,3620,61909,0
2026/05/30 00:53:21,0,3620,61909,0
2026/05/30 00:53:25,0,3620,61909,0
2026/05/30 00:53:30,0,3620,61909,0
2026/05/30 00:53:34,0,3620,61909,0
2026/05/30 00:53:39,0,3620,61909,0
2026/05/30 00:53:43,0,3621,61909,0
2026/05/30 00:53:48,0,3621,61909,0
2026/05/30 00:53:52,0,3621,61909,0
2026/05/30 00:53:57,0,3621,61909,0
2026/05/30 00:54:01,0,3621,61909,0
2026/05/30 00:54:06,0,3621,61909,0
2026/05/30 00:54:10,0,3620,61909,0
2026/05/30 00:54:15,0,3621,61909,0
2026/05/30 00:54:19,0,3621,61909,0
2026/05/30 00:54:24,0,3621,61909,0
2026/05/30 00:54:29,0,3620,61909,0
2026/05/30 00:54:33,0,3620,61909,0
2026/05/30 00:54:38,0,3620,61909,0
2026/05/30 00:54:42,0,3619,61909,0
2026/05/30 00:54:47,0,3620,61909,0
2026/05/30 00:54:51,0,3619,61909,0
2026/05/30 00:54:56,0,3620,61909,0
2026/05/30 00:55:00,0,3620,61909,0
2026/05/30 00:55:05,0,3620,61909,0
2026/05/30 00:55:09,0,3620,61909,0
2026/05/30 00:55:14,0,3620,61909,0
2026/05/30 00:55:18,0,3620,61909,0
2026/05/30 00:55:23,0,3620,61909,0
2026/05/30 00:55:27,0,3620,61909,0
2026/05/30 00:55:32,0,3619,61909,0
2026/05/30 00:55:36,0,3620,61909,0
2026/05/30 00:55:41,0,3621,61909,0
2026/05/30 00:55:45,0,3620,61909,0
2026/05/30 00:55:50,0,3621,61909,0
2026/05/30 00:55:54,0,3621,61909,0
2026/05/30 00:55:59,0,3620,61909,0
2026/05/30 00:56:03,0,3621,61909,0
2026/05/30 00:56:08,0,3620,61909,0
2026/05/30 00:56:12,0,3621,61909,0
2026/05/30 00:56:17,0,3621,61909,0
2026/05/30 00:56:21,0,3621,61909,0
2026/05/30 00:56:26,0,3621,61909,0
2026/05/30 00:56:31,0,3622,61909,0
2026/05/30 00:56:35,0,3621,61909,0
2026/05/30 00:56:40,0,3621,61909,0
2026/05/30 00:56:44,0,3621,61909,0
2026/05/30 00:56:49,0,3621,61909,0
2026/05/30 00:56:53,0,3621,61909,0
2026/05/30 00:56:58,0,3622,61909,0
2026/05/30 00:57:02,0,3620,61909,0
2026/05/30 00:57:07,0,3621,61909,0
2026/05/30 00:57:11,0,3621,61909,0
2026/05/30 00:57:16,0,3620,61909,0
2026/05/30 00:57:20,0,3620,61909,0
2026/05/30 00:57:25,0,3620,61909,0
2026/05/30 00:57:29,0,3620,61909,0
2026/05/30 00:57:34,0,3621,61909,0
2026/05/30 00:57:38,0,3622,61909,0
2026/05/30 00:57:43,0,3622,61909,0
2026/05/30 00:57:47,0,3622,61909,0
2026/05/30 00:57:52,0,3622,61909,0
2026/05/30 00:57:56,0,3620,61909,0
2026/05/30 00:58:01,0,3621,61909,0
2026/05/30 00:58:05,0,3621,61909,0
2026/05/30 00:58:10,0,3620,61909,0
2026/05/30 00:58:14,0,3621,61909,0
2026/05/30 00:58:19,0,3620,61909,0
2026/05/30 00:58:23,0,3620,61909,0
2026/05/30 00:58:28,0,3621,61909,0
2026/05/30 00:58:33,0,3621,61909,0
2026/05/30 00:58:37,0,3621,61909,0
2026/05/30 00:58:42,0,3621,61909,0
2026/05/30 00:58:46,0,3620,61909,0
2026/05/30 00:58:51,0,3620,61909,0
2026/05/30 00:58:55,0,3620,61909,0
2026/05/30 00:59:00,0,3620,61909,0
2026/05/30 00:59:04,0,3620,61909,0
2026/05/30 00:59:09,0,3620,61909,0
2026/05/30 00:59:13,0,3619,61909,0
2026/05/30 00:59:18,0,3621,61909,0
2026/05/30 00:59:22,0,3620,61909,0
2026/05/30 00:59:27,0,3620,61909,0
2026/05/30 00:59:31,0,3621,61909,0
2026/05/30 00:59:36,0,3621,61909,0
2026/05/30 00:59:40,0,3621,61909,0
2026/05/30 00:59:45,0,3621,61909,0
2026/05/30 00:59:49,0,3622,61909,0
2026/05/30 00:59:54,0,3622,61909,0
2026/05/30 00:59:58,0,3622,61909,0
2026/05/30 01:00:03,0,3622,61909,0
2026/05/30 01:00:07,0,3622,61909,0
2026/05/30 01:00:12,0,3622,61909,0
2026/05/30 01:00:16,0,3622,61909,0
2026/05/30 01:00:21,0,3622,61909,0
2026/05/30 01:00:25,0,3621,61909,0
2026/05/30 01:00:30,0,3622,61909,0
2026/05/30 01:00:35,0,3622,61909,0
2026/05/30 01:00:39,0,3622,61909,0
2026/05/30 01:00:44,0,3621,61909,0
2026/05/30 01:00:48,0,3622,61909,0
2026/05/30 01:00:53,0,3621,61909,0
2026/05/30 01:00:57,0,3621,61909,0
2026/05/30 01:01:02,0,3621,61909,0
2026/05/30 01:01:06,0,3621,61909,0
2026/05/30 01:01:11,0,3620,61909,0
2026/05/30 01:01:15,0,3620,61909,0
2026/05/30 01:01:20,0,3620,61909,0
2026/05/30 01:01:24,0,3620,61909,0
2026/05/30 01:01:29,0,3619,61909,0
2026/05/30 01:01:33,0,3620,61909,0
2026/05/30 01:01:38,0,3620,61909,0
2026/05/30 01:01:42,0,3619,61909,0
2026/05/30 01:01:47,0,3620,61909,0
2026/05/30 01:01:51,0,3619,61909,0
2026/05/30 01:01:56,0,3619,61909,0
2026/05/30 01:02:00,0,3619,61909,0
2026/05/30 01:02:05,0,3620,61909,0
2026/05/30 01:02:09,0,3620,61909,0
2026/05/30 01:02:14,0,3619,61909,0
2026/05/30 01:02:18,0,3619,61909,0
2026/05/30 01:02:23,0,3619,61909,0
2026/05/30 01:02:27,0,3619,61909,0
2026/05/30 01:02:32,0,3619,61909,0
2026/05/30 01:02:37,0,3619,61909,0
2026/05/30 01:02:41,0,3618,61909,0
2026/05/30 01:02:46,0,3618,61909,0
2026/05/30 01:02:50,0,3617,61909,0
2026/05/30 01:02:55,0,3617,61909,0
2026/05/30 01:02:59,0,3617,61909,0
2026/05/30 01:03:04,0,3618,61909,0
2026/05/30 01:03:08,0,3617,61909,0
2026/05/30 01:03:13,0,3617,61909,0
2026/05/30 01:03:17,0,3617,61909,0
2026/05/30 01:03:22,0,3617,61909,0
2026/05/30 01:03:26,0,3617,61909,0
2026/05/30 01:03:31,0,3617,61909,0
2026/05/30 01:03:35,0,3617,61909,0
2026/05/30 01:03:40,0,3617,61909,0
2026/05/30 01:03:44,0,3618,61909,0
2026/05/30 01:03:49,0,3617,61909,0
2026/05/30 01:03:53,0,3617,61909,0
2026/05/30 01:03:58,0,3617,61909,0
2026/05/30 01:04:02,0,3616,61909,0
2026/05/30 01:04:07,0,3616,61909,0
2026/05/30 01:04:11,0,3616,61909,0
2026/05/30 01:04:16,0,3616,61909,0
2026/05/30 01:04:20,0,3615,61909,0
2026/05/30 01:04:25,0,3615,61909,0
2026/05/30 01:04:29,0,3615,61909,0
2026/05/30 01:04:34,0,3616,61909,0
2026/05/30 01:04:38,0,3616,61909,0
2026/05/30 01:04:43,0,3616,61909,0
2026/05/30 01:04:48,0,3615,61909,0
2026/05/30 01:04:52,0,3615,61909,0
2026/05/30 01:04:57,0,3615,61909,0
2026/05/30 01:05:01,0,3614,61909,0
2026/05/30 01:05:06,0,3614,61909,0
2026/05/30 01:05:10,0,3614,61909,0
2026/05/30 01:05:15,0,3614,61909,0
2026/05/30 01:05:19,0,3615,61909,0
2026/05/30 01:05:24,0,3615,61909,0
2026/05/30 01:05:28,0,3615,61909,0
2026/05/30 01:05:33,0,3615,61909,0
2026/05/30 01:05:37,0,3614,61909,0
2026/05/30 01:05:42,0,3614,61909,0
2026/05/30 01:05:46,0,3615,61909,0
2026/05/30 01:05:51,0,3614,61909,0
2026/05/30 01:05:55,0,3615,61909,0
2026/05/30 01:06:00,0,3612,61909,0
2026/05/30 01:06:04,0,3612,61909,0
2026/05/30 01:06:09,0,3612,61909,0
2026/05/30 01:06:13,0,3612,61909,0
2026/05/30 01:06:18,0,3611,61909,0
2026/05/30 01:06:22,0,3612,61909,0
2026/05/30 01:06:27,0,3612,61909,0
2026/05/30 01:06:31,0,3612,61909,0
2026/05/30 01:06:36,0,3612,61909,0
2026/05/30 01:06:40,0,3612,61909,0
2026/05/30 01:06:45,0,3612,61909,0
2026/05/30 01:06:50,0,3612,61909,0
2026/05/30 01:06:54,0,3612,61909,0
2026/05/30 01:06:59,0,3612,61909,0
2026/05/30 01:07:03,0,3612,61909,0
2026/05/30 01:07:08,0,3612,61909,0
2026/05/30 01:07:12,0,3612,61909,0
2026/05/30 01:07:17,0,3613,61909,0
2026/05/30 01:07:21,0,3612,61909,0
2026/05/30 01:07:26,0,3612,61909,0
2026/05/30 01:07:30,0,3612,61909,0
2026/05/30 01:07:35,0,3612,61909,0
2026/05/30 01:07:39,0,3613,61909,0
2026/05/30 01:07:44,0,3613,61909,0
2026/05/30 01:07:48,0,3613,61909,0
2026/05/30 01:07:53,0,3613,61909,0
2026/05/30 01:07:57,0,3613,61909,0
2026/05/30 01:08:02,0,3613,61909,0
2026/05/30 01:08:06,0,3613,61909,0
2026/05/30 01:08:11,0,3613,61909,0
2026/05/30 01:08:15,0,3613,61909,0
2026/05/30 01:08:20,0,3613,61909,0
2026/05/30 01:08:24,0,3613,61909,0
2026/05/30 01:08:29,0,3614,61909,0
2026/05/30 01:08:33,0,3614,61909,0
2026/05/30 01:08:38,0,3613,61909,0
2026/05/30 01:08:42,0,3613,61909,0
2026/05/30 01:08:47,0,3613,61909,0
2026/05/30 01:08:52,0,3614,61909,0
2026/05/30 01:08:56,0,3614,61909,0
2026/05/30 01:09:01,0,3615,61909,0
2026/05/30 01:09:05,0,3615,61909,0
2026/05/30 01:09:10,0,3615,61909,0
2026/05/30 01:09:14,0,3615,61909,0
2026/05/30 01:09:19,0,3615,61909,0
2026/05/30 01:09:23,0,3614,61909,0
2026/05/30 01:09:28,0,3615,61909,0
2026/05/30 01:09:32,0,3615,61909,0
2026/05/30 01:09:37,0,3614,61909,0
2026/05/30 01:09:41,0,3614,61909,0
2026/05/30 01:09:46,0,3615,61909,0
2026/05/30 01:09:50,0,3614,61909,0
2026/05/30 01:09:55,0,3615,61909,0
2026/05/30 01:09:59,0,3615,61909,0
2026/05/30 01:10:04,0,3614,61909,0
2026/05/30 01:10:08,0,3615,61909,0
2026/05/30 01:10:13,0,3615,61909,0
2026/05/30 01:10:17,0,3615,61909,0
2026/05/30 01:10:22,0,3614,61909,0
2026/05/30 01:10:26,0,3614,61909,0
2026/05/30 01:10:31,0,3614,61909,0
2026/05/30 01:10:35,0,3614,61909,0
2026/05/30 01:10:40,0,3615,61909,0
2026/05/30 01:10:44,0,3614,61909,0
2026/05/30 01:10:49,0,3615,61909,0
2026/05/30 01:10:54,0,3615,61909,0
2026/05/30 01:10:58,0,3614,61909,0
2026/05/30 01:11:03,0,3613,61909,0
2026/05/30 01:11:07,0,3614,61909,0
2026/05/30 01:11:12,0,3615,61909,0
2026/05/30 01:11:16,0,3614,61909,0
2026/05/30 01:11:21,0,3614,61909,0
2026/05/30 01:11:25,0,3614,61909,0
2026/05/30 01:11:30,0,3614,61909,0
2026/05/30 01:11:34,0,3614,61909,0
2026/05/30 01:11:39,0,3614,61909,0
2026/05/30 01:11:43,0,3614,61909,0
2026/05/30 01:11:48,0,3614,61909,0
2026/05/30 01:11:52,0,3614,61909,0
2026/05/30 01:11:57,0,3613,61909,0
2026/05/30 01:12:01,0,3614,61909,0
2026/05/30 01:12:06,0,3613,61909,0
2026/05/30 01:12:10,0,3613,61909,0
2026/05/30 01:12:15,0,3613,61909,0
2026/05/30 01:12:19,0,3614,61909,0
2026/05/30 01:12:24,0,3614,61909,0
2026/05/30 01:12:28,0,3614,61909,0
2026/05/30 01:12:33,0,3613,61909,0
2026/05/30 01:12:37,0,3613,61909,0
2026/05/30 01:12:42,0,3614,61909,0
2026/05/30 01:12:46,0,3614,61909,0
2026/05/30 01:12:51,0,3614,61909,0
2026/05/30 01:12:56,0,3614,61909,0
2026/05/30 01:13:00,0,3614,61909,0
2026/05/30 01:13:05,0,3614,61909,0
2026/05/30 01:13:09,0,3614,61909,0
2026/05/30 01:13:14,0,3614,61909,0
2026/05/30 01:13:18,0,3615,61909,0
2026/05/30 01:13:23,0,3615,61909,0
2026/05/30 01:13:27,0,3616,61909,0
2026/05/30 01:13:32,0,3615,61909,0
2026/05/30 01:13:36,0,3615,61909,0
2026/05/30 01:13:41,0,3615,61909,0
2026/05/30 01:13:45,0,3615,61909,0
2026/05/30 01:13:50,0,3616,61909,0
2026/05/30 01:13:54,0,3616,61909,0
2026/05/30 01:13:59,0,3615,61909,0
2026/05/30 01:14:03,0,3615,61909,0
2026/05/30 01:14:08,0,3614,61909,0
2026/05/30 01:14:12,0,3614,61909,0
2026/05/30 01:14:17,0,3614,61909,0
2026/05/30 01:14:21,0,3615,61909,0
2026/05/30 01:14:26,0,3615,61909,0
2026/05/30 01:14:30,0,3615,61909,0
2026/05/30 01:14:35,0,3614,61909,0
2026/05/30 01:14:39,0,3614,61909,0
2026/05/30 01:14:44,0,3614,61909,0
2026/05/30 01:14:48,0,3614,61909,0
2026/05/30 01:14:53,0,3615,61909,0
2026/05/30 01:14:58,0,3615,61909,0
2026/05/30 01:15:02,0,3615,61909,0
2026/05/30 01:15:07,0,3615,61909,0
2026/05/30 01:15:11,0,3615,61909,0
2026/05/30 01:15:16,0,3613,61909,0
2026/05/30 01:15:20,0,3614,61909,0
2026/05/30 01:15:25,0,3614,61909,0
2026/05/30 01:15:29,0,3613,61909,0
2026/05/30 01:15:34,0,3612,61909,0
2026/05/30 01:15:38,0,3613,61909,0
2026/05/30 01:15:43,0,3613,61909,0
2026/05/30 01:15:47,0,3614,61909,0
2026/05/30 01:15:52,0,3614,61909,0
2026/05/30 01:15:56,0,3613,61909,0
2026/05/30 01:16:01,0,3614,61909,0
2026/05/30 01:16:05,0,3613,61909,0
2026/05/30 01:16:10,0,3614,61909,0
2026/05/30 01:16:14,0,3614,61909,0
2026/05/30 01:16:19,0,3614,61909,0
2026/05/30 01:16:23,0,3615,61909,0
2026/05/30 01:16:28,0,3614,61909,0
2026/05/30 01:16:32,0,3615,61909,0
2026/05/30 01:16:37,0,3615,61909,0
2026/05/30 01:16:41,0,3616,61909,0
2026/05/30 01:16:46,0,3616,61909,0
2026/05/30 01:16:50,0,3616,61909,0
2026/05/30 01:16:55,0,3615,61909,0
2026/05/30 01:16:59,0,3616,61909,0
2026/05/30 01:17:04,0,3616,61909,0
2026/05/30 01:17:09,0,3616,61909,0
2026/05/30 01:17:13,0,3616,61909,0
2026/05/30 01:17:18,0,3616,61909,0
2026/05/30 01:17:22,0,3617,61909,0
2026/05/30 01:17:27,0,3617,61909,0
2026/05/30 01:17:31,0,3618,61909,0
2026/05/30 01:17:36,0,3618,61909,0
2026/05/30 01:17:40,0,3618,61909,0
2026/05/30 01:17:45,0,3618,61909,0
2026/05/30 01:17:49,0,3617,61909,0
2026/05/30 01:17:54,0,3618,61909,0
2026/05/30 01:17:58,0,3618,61909,0
2026/05/30 01:18:03,0,3618,61909,0
2026/05/30 01:18:07,0,3619,61909,0
2026/05/30 01:18:12,0,3619,61909,0
2026/05/30 01:18:16,0,3619,61909,0
2026/05/30 01:18:21,0,3619,61909,0
2026/05/30 01:18:25,0,3619,61909,0
2026/05/30 01:18:30,0,3618,61909,0
2026/05/30 01:18:34,0,3618,61909,0
2026/05/30 01:18:39,0,3619,61909,0
2026/05/30 01:18:43,0,3619,61909,0
2026/05/30 01:18:48,0,3619,61909,0
2026/05/30 01:18:52,0,3618,61909,0
2026/05/30 01:18:57,0,3619,61909,0
2026/05/30 01:19:01,0,3619,61909,0
2026/05/30 01:19:06,0,3619,61909,0
2026/05/30 01:19:11,0,3620,61909,0
2026/05/30 01:19:15,0,3620,61909,0
2026/05/30 01:19:20,0,3620,61909,0
2026/05/30 01:19:24,0,3620,61909,0
2026/05/30 01:19:29,0,3620,61909,0
2026/05/30 01:19:33,0,3619,61909,0
2026/05/30 01:19:38,0,3620,61909,0
2026/05/30 01:19:42,0,3620,61909,0
2026/05/30 01:19:47,0,3621,61909,0
2026/05/30 01:19:51,0,3620,61909,0
2026/05/30 01:19:56,0,3620,61909,0
2026/05/30 01:20:00,0,3620,61909,0
2026/05/30 01:20:05,0,3620,61909,0
2026/05/30 01:20:09,0,3620,61909,0
2026/05/30 01:20:14,0,3620,61909,0
2026/05/30 01:20:18,0,3620,61909,0
2026/05/30 01:20:23,0,3620,61909,0
2026/05/30 01:20:27,0,3619,61909,0
2026/05/30 01:20:32,0,3620,61909,0
2026/05/30 01:20:36,0,3620,61909,0
2026/05/30 01:20:41,0,3620,61909,0
2026/05/30 01:20:45,0,3621,61909,0
2026/05/30 01:20:50,0,3620,61909,0
2026/05/30 01:20:54,0,3620,61909,0
2026/05/30 01:20:59,0,3621,61909,0
2026/05/30 01:21:03,0,3620,61909,0
2026/05/30 01:21:08,0,3621,61909,0
2026/05/30 01:21:13,0,3621,61909,0
2026/05/30 01:21:17,0,3621,61909,0
2026/05/30 01:21:22,0,3621,61909,0
2026/05/30 01:21:26,0,3622,61909,0
2026/05/30 01:21:31,0,3622,61909,0
2026/05/30 01:21:35,0,3621,61909,0
2026/05/30 01:21:40,0,3621,61909,0
2026/05/30 01:21:44,0,3620,61909,0
2026/05/30 01:21:49,0,3620,61909,0
2026/05/30 01:21:53,0,3620,61909,0
2026/05/30 01:21:58,0,3619,61909,0
2026/05/30 01:22:02,0,3618,61909,0
2026/05/30 01:22:07,0,3618,61909,0
2026/05/30 01:22:11,0,3617,61909,0
2026/05/30 01:22:16,0,3617,61909,0
2026/05/30 01:22:20,0,3617,61909,0
2026/05/30 01:22:25,0,3617,61909,0
2026/05/30 01:22:29,0,3618,61909,0
2026/05/30 01:22:34,0,3617,61909,0
2026/05/30 01:22:38,0,3616,61909,0
2026/05/30 01:22:43,0,3617,61909,0
2026/05/30 01:22:47,0,3617,61909,0
2026/05/30 01:22:52,0,3616,61909,0
2026/05/30 01:22:56,0,3617,61909,0
2026/05/30 01:23:01,0,3617,61909,0
2026/05/30 01:23:05,0,3616,61909,0
2026/05/30 01:23:10,0,3615,61909,0
2026/05/30 01:23:15,0,3617,61909,0
2026/05/30 01:23:19,0,3617,61909,0
2026/05/30 01:23:24,0,3618,61909,0
2026/05/30 01:23:28,0,3618,61909,0
2026/05/30 01:23:33,0,3617,61909,0
2026/05/30 01:23:37,0,3617,61909,0
2026/05/30 01:23:42,0,3616,61909,0
2026/05/30 01:23:46,0,3616,61909,0
2026/05/30 01:23:51,0,3616,61909,0
2026/05/30 01:23:55,0,3616,61909,0
2026/05/30 01:24:00,0,3617,61909,0
2026/05/30 01:24:04,0,3616,61909,0
2026/05/30 01:24:09,0,3616,61909,0
2026/05/30 01:24:13,0,3616,61909,0
2026/05/30 01:24:18,0,3616,61909,0
2026/05/30 01:24:22,0,3616,61909,0
2026/05/30 01:24:27,0,3615,61909,0
2026/05/30 01:24:31,0,3615,61909,0
2026/05/30 01:24:36,0,3614,61909,0
2026/05/30 01:24:40,0,3615,61909,0
2026/05/30 01:24:45,0,3614,61909,0
2026/05/30 01:24:49,0,3614,61909,0
2026/05/30 01:24:54,0,3614,61909,0
2026/05/30 01:24:58,0,3614,61909,0
2026/05/30 01:25:03,0,3615,61909,0
2026/05/30 01:25:07,0,3615,61909,0
2026/05/30 01:25:12,0,3615,61909,0
2026/05/30 01:25:16,0,3615,61909,0
2026/05/30 01:25:21,0,3615,61909,0
2026/05/30 01:25:26,0,3615,61909,0
2026/05/30 01:25:30,0,3616,61909,0
2026/05/30 01:25:35,0,3616,61909,0
2026/05/30 01:25:39,0,3617,61909,0
2026/05/30 01:25:44,0,3616,61909,0
2026/05/30 01:25:48,0,3616,61909,0
2026/05/30 01:25:53,0,3616,61909,0
2026/05/30 01:25:57,0,3617,61909,0
2026/05/30 01:26:02,0,3617,61909,0
2026/05/30 01:26:06,0,3617,61909,0
2026/05/30 01:26:11,0,3617,61909,0
2026/05/30 01:26:15,0,3617,61909,0
2026/05/30 01:26:20,0,3617,61909,0
2026/05/30 01:26:24,0,3617,61909,0
2026/05/30 01:26:29,0,3617,61909,0
2026/05/30 01:26:33,0,3616,61909,0
2026/05/30 01:26:38,0,3616,61909,0
2026/05/30 01:26:42,0,3615,61909,0
2026/05/30 01:26:47,0,3615,61909,0
2026/05/30 01:26:51,0,3615,61909,0
2026/05/30 01:26:56,0,3615,61909,0
2026/05/30 01:27:00,0,3615,61909,0
2026/05/30 01:27:05,0,3615,61909,0
2026/05/30 01:27:09,0,3615,61909,0
2026/05/30 01:27:14,0,3616,61909,0
2026/05/30 01:27:18,0,3616,61909,0
2026/05/30 01:27:23,0,3616,61909,0
2026/05/30 01:27:28,0,3616,61909,0
2026/05/30 01:27:32,0,3619,61909,0
2026/05/30 01:27:37,0,3622,61909,0
2026/05/30 01:27:41,0,3630,61909,0
2026/05/30 01:27:46,0,3636,61909,0
2026/05/30 01:27:50,0,3648,61909,0
2026/05/30 01:27:55,0,3648,61909,0
2026/05/30 01:27:59,0,3608,61909,0
2026/05/30 01:28:04,0,3610,61909,0
2026/05/30 01:28:08,0,3611,61909,0
2026/05/30 01:28:13,0,3611,61909,0
2026/05/30 01:28:17,0,3605,61909,0
2026/05/30 01:28:22,0,3606,61909,0
