timestamp,gpu_util_pct,mem_util_pct,mem_used_MB,mem_total_MB
2026/06/04 18:22:09.197, 0, 0, 729, 23034
2026/06/04 18:22:14.198, 0, 0, 1516, 23034
2026/06/04 18:22:19.199, 3, 2, 1516, 23034
2026/06/04 18:22:24.199, 12, 10, 1516, 23034
2026/06/04 18:22:29.200, 8, 6, 1516, 23034
2026/06/04 18:22:34.201, 1, 0, 1516, 23034
2026/06/04 18:22:39.201, 3, 2, 1516, 23034
2026/06/04 18:22:44.202, 10, 8, 1516, 23034
2026/06/04 18:22:49.202, 14, 10, 1516, 23034
2026/06/04 18:22:54.203, 8, 6, 1516, 23034
2026/06/04 18:22:59.203, 0, 0, 1516, 23034
2026/06/04 18:23:04.204, 3, 2, 1516, 23034
2026/06/04 18:23:09.204, 15, 10, 1516, 23034
2026/06/04 18:23:14.205, 10, 2, 1488, 23034
2026/06/04 18:23:19.205, 5, 2, 944, 23034
2026/06/04 18:23:24.206, 6, 4, 1516, 23034
2026/06/04 18:23:29.206, 8, 5, 1516, 23034
2026/06/04 18:23:34.207, 15, 10, 1516, 23034
2026/06/04 18:23:39.207, 6, 4, 1516, 23034
2026/06/04 18:23:44.208, 0, 0, 1516, 23034
2026/06/04 18:23:49.208, 7, 4, 1516, 23034
2026/06/04 18:23:54.209, 15, 10, 1516, 23034
2026/06/04 18:23:59.210, 8, 6, 1516, 23034
2026/06/04 18:24:04.210, 0, 0, 1516, 23034
2026/06/04 18:24:09.211, 7, 4, 1514, 23034
2026/06/04 18:24:14.211, 15, 11, 1516, 23034
2026/06/04 18:24:19.212, 8, 6, 1516, 23034
2026/06/04 18:24:24.212, 0, 0, 1516, 23034
2026/06/04 18:24:29.214, 7, 4, 1516, 23034
2026/06/04 18:24:34.216, 16, 11, 1516, 23034
2026/06/04 18:24:39.218, 12, 9, 1516, 23034
2026/06/04 18:24:44.219, 8, 6, 1516, 23034
2026/06/04 18:24:49.221, 5, 2, 1516, 23034
2026/06/04 18:24:54.222, 0, 0, 1516, 23034
2026/06/04 18:24:59.223, 0, 0, 944, 23034
2026/06/04 18:25:04.225, 3, 2, 1516, 23034
2026/06/04 18:25:09.226, 7, 4, 1516, 23034
2026/06/04 18:25:14.227, 0, 0, 1516, 23034
2026/06/04 18:25:19.229, 8, 5, 1516, 23034
2026/06/04 18:25:24.230, 11, 8, 1516, 23034
2026/06/04 18:25:29.232, 1, 0, 1516, 23034
2026/06/04 18:25:34.233, 0, 0, 1516, 23034
2026/06/04 18:25:39.234, 8, 5, 1516, 23034
2026/06/04 18:25:44.235, 8, 6, 1516, 23034
2026/06/04 18:25:49.236, 6, 4, 1516, 23034
2026/06/04 18:25:54.238, 15, 11, 1516, 23034
2026/06/04 18:25:59.238, 8, 6, 1516, 23034
2026/06/04 18:26:04.239, 0, 0, 1516, 23034
2026/06/04 18:26:09.241, 7, 4, 1514, 23034
2026/06/04 18:26:14.241, 16, 11, 1516, 23034
2026/06/04 18:26:19.243, 8, 6, 1516, 23034
2026/06/04 18:26:24.244, 0, 0, 1516, 23034
2026/06/04 18:26:29.245, 15, 10, 1516, 23034
2026/06/04 18:26:34.246, 13, 3, 1484, 23034
2026/06/04 18:26:39.247, 8, 4, 944, 23034
2026/06/04 18:26:44.248, 15, 10, 1516, 23034
2026/06/04 18:26:49.249, 0, 0, 1516, 23034
2026/06/04 18:26:54.250, 0, 0, 1516, 23034
2026/06/04 18:26:59.252, 15, 11, 1516, 23034
2026/06/04 18:27:04.277, 8, 6, 1516, 23034
2026/06/04 18:27:09.279, 0, 0, 1516, 23034
2026/06/04 18:27:14.280, 7, 4, 1516, 23034
2026/06/04 18:27:19.282, 11, 8, 1516, 23034
2026/06/04 18:27:24.283, 0, 0, 1516, 23034
2026/06/04 18:27:29.284, 14, 10, 1516, 23034
2026/06/04 18:27:34.285, 8, 6, 1516, 23034
2026/06/04 18:27:39.285, 0, 0, 1516, 23034
2026/06/04 18:27:44.286, 15, 10, 1516, 23034
2026/06/04 18:27:49.287, 8, 6, 1516, 23034
2026/06/04 18:27:54.287, 0, 0, 1516, 23034
2026/06/04 18:27:59.288, 7, 4, 1516, 23034
2026/06/04 18:28:04.288, 8, 6, 1516, 23034
2026/06/04 18:28:09.289, 5, 4, 1516, 23034
2026/06/04 18:28:14.290, 2, 0, 1516, 23034
2026/06/04 18:28:19.290, 14, 10, 1516, 23034
2026/06/04 18:28:24.291, 8, 6, 1516, 23034
2026/06/04 18:28:29.291, 0, 0, 1516, 23034
2026/06/04 18:28:34.292, 7, 4, 1516, 23034
2026/06/04 18:28:39.292, 11, 8, 1516, 23034
2026/06/04 18:28:44.293, 0, 0, 1516, 23034
2026/06/04 18:28:49.294, 7, 4, 1516, 23034
2026/06/04 18:28:54.294, 12, 9, 1516, 23034
2026/06/04 18:28:59.295, 0, 0, 1516, 23034
2026/06/04 18:29:04.295, 1, 0, 1516, 23034
2026/06/04 18:29:09.296, 15, 11, 1516, 23034
2026/06/04 18:29:14.297, 0, 0, 1516, 23034
2026/06/04 18:29:19.297, 12, 10, 1516, 23034
2026/06/04 18:29:24.298, 8, 6, 1516, 23034
2026/06/04 18:29:29.299, 0, 0, 1516, 23034
2026/06/04 18:29:34.299, 15, 11, 1516, 23034
2026/06/04 18:29:39.300, 8, 6, 1516, 23034
2026/06/04 18:29:44.300, 0, 0, 1516, 23034
2026/06/04 18:29:49.301, 15, 10, 1516, 23034
2026/06/04 18:29:54.301, 8, 6, 1516, 23034
2026/06/04 18:29:59.302, 0, 0, 1516, 23034
2026/06/04 18:30:04.302, 7, 4, 1516, 23034
2026/06/04 18:30:09.303, 9, 7, 1516, 23034
2026/06/04 18:30:14.303, 1, 0, 1514, 23034
2026/06/04 18:30:19.304, 3, 1, 1516, 23034
2026/06/04 18:30:24.304, 8, 4, 1516, 23034
2026/06/04 18:30:29.305, 8, 7, 1514, 23034
2026/06/04 18:30:34.305, 0, 0, 1516, 23034
2026/06/04 18:30:39.306, 7, 4, 1516, 23034
2026/06/04 18:30:44.307, 15, 11, 1516, 23034
2026/06/04 18:30:49.307, 0, 0, 944, 23034
2026/06/04 18:30:54.308, 0, 0, 946, 23034
2026/06/04 18:30:59.309, 0, 0, 1018, 23034
2026/06/04 18:31:04.309, 58, 3, 1018, 23034
2026/06/04 18:31:09.310, 76, 4, 1018, 23034
2026/06/04 18:31:14.310, 57, 3, 1018, 23034
2026/06/04 18:31:19.312, 58, 3, 1018, 23034
2026/06/04 18:31:24.313, 58, 3, 1018, 23034
2026/06/04 18:31:29.314, 60, 3, 1018, 23034
2026/06/04 18:31:34.316, 67, 1, 1018, 23034
2026/06/04 18:31:39.317, 67, 1, 1018, 23034
2026/06/04 18:31:44.318, 67, 1, 1018, 23034
2026/06/04 18:31:49.319, 67, 1, 1018, 23034
2026/06/04 18:31:54.321, 68, 1, 1018, 23034
2026/06/04 18:31:59.322, 67, 1, 944, 23034
2026/06/04 18:32:04.323, 0, 0, 944, 23034
2026/06/04 18:32:09.326, 0, 0, 944, 23034
2026/06/04 18:32:14.328, 0, 0, 946, 23034
2026/06/04 18:32:19.329, 75, 4, 1018, 23034
2026/06/04 18:32:24.330, 64, 4, 1018, 23034
2026/06/04 18:32:29.332, 62, 4, 1018, 23034
2026/06/04 18:32:34.333, 61, 3, 1018, 23034
2026/06/04 18:32:39.334, 61, 4, 1018, 23034
2026/06/04 18:32:44.336, 67, 1, 1018, 23034
2026/06/04 18:32:49.337, 68, 1, 1018, 23034
2026/06/04 18:32:54.338, 68, 1, 1018, 23034
2026/06/04 18:32:59.340, 68, 1, 1018, 23034
2026/06/04 18:33:04.341, 68, 1, 944, 23034
2026/06/04 18:33:09.343, 0, 0, 944, 23034
2026/06/04 18:33:14.343, 0, 0, 944, 23034
2026/06/04 18:33:19.344, 0, 0, 1018, 23034
2026/06/04 18:33:24.345, 67, 4, 1018, 23034
2026/06/04 18:33:29.346, 73, 4, 1018, 23034
2026/06/04 18:33:34.348, 75, 4, 1018, 23034
2026/06/04 18:33:39.348, 64, 4, 1018, 23034
2026/06/04 18:33:44.349, 68, 1, 1018, 23034
2026/06/04 18:33:49.349, 68, 1, 1018, 23034
2026/06/04 18:33:54.350, 68, 1, 1018, 23034
2026/06/04 18:33:59.350, 68, 1, 944, 23034
2026/06/04 18:34:04.352, 0, 0, 944, 23034
2026/06/04 18:34:09.352, 0, 0, 944, 23034
2026/06/04 18:34:14.353, 9, 0, 1018, 23034
2026/06/04 18:34:19.353, 65, 3, 1018, 23034
2026/06/04 18:34:24.354, 66, 4, 1018, 23034
2026/06/04 18:34:29.354, 66, 4, 1018, 23034
2026/06/04 18:34:34.355, 68, 1, 1018, 23034
2026/06/04 18:34:39.355, 68, 1, 1018, 23034
2026/06/04 18:34:44.356, 69, 1, 1018, 23034
2026/06/04 18:34:49.357, 17, 1, 944, 23034
2026/06/04 18:34:54.357, 0, 0, 944, 23034
2026/06/04 18:34:59.358, 12, 1, 1018, 23034
2026/06/04 18:35:04.359, 63, 3, 1018, 23034
2026/06/04 18:35:09.361, 65, 3, 1018, 23034
2026/06/04 18:35:14.362, 65, 3, 1018, 23034
2026/06/04 18:35:19.364, 68, 1, 1018, 23034
2026/06/04 18:35:24.365, 69, 1, 1018, 23034
2026/06/04 18:35:29.366, 68, 1, 1018, 23034
2026/06/04 18:35:34.367, 47, 1, 944, 23034
2026/06/04 18:35:39.368, 0, 0, 944, 23034
2026/06/04 18:35:44.370, 64, 4, 1018, 23034
2026/06/04 18:35:49.371, 64, 3, 1018, 23034
2026/06/04 18:35:54.372, 65, 3, 1018, 23034
2026/06/04 18:35:59.372, 69, 1, 1018, 23034
2026/06/04 18:36:04.374, 69, 1, 1018, 23034
2026/06/04 18:36:09.375, 69, 1, 944, 23034
2026/06/04 18:36:14.376, 0, 0, 944, 23034
2026/06/04 18:36:19.378, 66, 4, 1018, 23034
2026/06/04 18:36:24.379, 66, 3, 1018, 23034
2026/06/04 18:36:29.380, 69, 4, 1018, 23034
2026/06/04 18:36:34.381, 69, 1, 1018, 23034
2026/06/04 18:36:39.381, 70, 1, 1018, 23034
2026/06/04 18:36:44.386, 0, 0, 944, 23034
2026/06/04 18:36:49.386, 50, 3, 1018, 23034
2026/06/04 18:36:54.388, 60, 3, 1018, 23034
2026/06/04 18:36:59.388, 63, 3, 1018, 23034
2026/06/04 18:37:04.389, 69, 1, 1016, 23034
2026/06/04 18:37:09.390, 69, 1, 1018, 23034
2026/06/04 18:37:14.391, 0, 0, 944, 23034
2026/06/04 18:37:19.392, 65, 3, 1018, 23034
2026/06/04 18:37:24.395, 64, 3, 1018, 23034
2026/06/04 18:37:29.396, 70, 1, 1018, 23034
2026/06/04 18:37:34.397, 70, 1, 1014, 23034
2026/06/04 18:37:39.398, 0, 0, 1018, 23034
2026/06/04 18:37:44.399, 62, 3, 1018, 23034
2026/06/04 18:37:49.400, 62, 3, 1018, 23034
2026/06/04 18:37:54.401, 70, 1, 1018, 23034
2026/06/04 18:37:59.403, 15, 1, 944, 23034
2026/06/04 18:38:04.404, 64, 3, 1018, 23034
2026/06/04 18:38:09.404, 66, 3, 1018, 23034
2026/06/04 18:38:14.405, 63, 3, 1008, 23034
2026/06/04 18:38:19.406, 99, 0, 966, 23034
2026/06/04 18:38:24.406, 98, 0, 966, 23034
2026/06/04 18:38:29.407, 99, 0, 966, 23034
2026/06/04 18:38:34.407, 37, 0, 944, 23034
2026/06/04 18:38:39.409, 99, 0, 966, 23034
2026/06/04 18:38:44.411, 0, 0, 944, 23034
2026/06/04 18:38:49.412, 97, 0, 966, 23034
2026/06/04 18:38:54.413, 94, 0, 966, 23034
2026/06/04 18:38:59.414, 97, 0, 944, 23034
2026/06/04 18:39:04.415, 99, 0, 966, 23034
2026/06/04 18:39:09.416, 0, 0, 944, 23034
2026/06/04 18:39:14.418, 98, 0, 964, 23034
2026/06/04 18:39:19.419, 94, 0, 966, 23034
2026/06/04 18:39:24.420, 97, 0, 966, 23034
2026/06/04 18:39:29.422, 95, 0, 966, 23034
2026/06/04 18:39:34.424, 0, 0, 944, 23034
2026/06/04 18:39:39.425, 99, 0, 966, 23034
2026/06/04 18:39:44.426, 96, 0, 964, 23034
2026/06/04 18:39:49.427, 99, 0, 964, 23034
2026/06/04 18:39:54.428, 99, 0, 966, 23034
2026/06/04 18:39:59.429, 97, 0, 944, 23034
2026/06/04 18:40:04.429, 99, 0, 964, 23034
2026/06/04 18:40:09.430, 0, 0, 944, 23034
2026/06/04 18:40:14.431, 98, 0, 964, 23034
2026/06/04 18:40:19.432, 96, 0, 966, 23034
2026/06/04 18:40:24.433, 96, 0, 944, 23034
2026/06/04 18:40:29.435, 99, 0, 966, 23034
2026/06/04 18:40:34.436, 0, 0, 944, 23034
2026/06/04 18:40:39.438, 97, 0, 962, 23034
2026/06/04 18:40:44.439, 99, 0, 966, 23034
2026/06/04 18:40:49.440, 98, 0, 966, 23034
2026/06/04 18:40:54.442, 99, 0, 966, 23034
2026/06/04 18:40:59.443, 97, 0, 966, 23034
2026/06/04 18:41:04.445, 99, 0, 966, 23034
2026/06/04 18:41:09.446, 0, 0, 944, 23034
2026/06/04 18:41:14.448, 99, 0, 966, 23034
2026/06/04 18:41:19.449, 0, 0, 944, 23034
2026/06/04 18:41:24.450, 97, 0, 964, 23034
2026/06/04 18:41:29.452, 99, 0, 962, 23034
2026/06/04 18:41:34.453, 97, 0, 962, 23034
2026/06/04 18:41:39.454, 96, 0, 966, 23034
2026/06/04 18:41:44.456, 0, 0, 944, 23034
2026/06/04 18:41:49.456, 99, 0, 966, 23034
2026/06/04 18:41:54.457, 99, 0, 966, 23034
2026/06/04 18:41:59.458, 96, 0, 966, 23034
2026/06/04 18:42:04.459, 97, 0, 966, 23034
2026/06/04 18:42:09.460, 0, 0, 944, 23034
2026/06/04 18:42:14.462, 96, 0, 966, 23034
2026/06/04 18:42:19.463, 0, 0, 944, 23034
2026/06/04 18:42:24.465, 97, 0, 964, 23034
2026/06/04 18:42:29.466, 99, 0, 966, 23034
2026/06/04 18:42:34.468, 97, 0, 966, 23034
2026/06/04 18:42:39.469, 99, 0, 966, 23034
2026/06/04 18:42:44.470, 97, 0, 966, 23034
2026/06/04 18:42:49.471, 95, 0, 966, 23034
2026/06/04 18:42:54.473, 0, 0, 944, 23034
2026/06/04 18:42:59.475, 99, 0, 964, 23034
2026/06/04 18:43:04.476, 97, 0, 966, 23034
2026/06/04 18:43:09.478, 98, 0, 966, 23034
2026/06/04 18:43:14.478, 95, 0, 964, 23034
2026/06/04 18:43:19.479, 94, 0, 944, 23034
2026/06/04 18:43:24.480, 97, 0, 964, 23034
2026/06/04 18:43:29.482, 0, 0, 944, 23034
2026/06/04 18:43:34.484, 99, 0, 966, 23034
2026/06/04 18:43:39.486, 0, 0, 944, 23034
2026/06/04 18:43:44.487, 99, 0, 964, 23034
2026/06/04 18:43:49.489, 99, 0, 964, 23034
2026/06/04 18:43:54.490, 97, 0, 964, 23034
2026/06/04 18:43:59.492, 99, 0, 966, 23034
2026/06/04 18:44:04.492, 0, 0, 944, 23034
2026/06/04 18:44:09.494, 99, 0, 964, 23034
2026/06/04 18:44:14.495, 99, 0, 964, 23034
2026/06/04 18:44:19.496, 98, 0, 964, 23034
2026/06/04 18:44:24.499, 99, 0, 966, 23034
2026/06/04 18:44:29.501, 0, 0, 944, 23034
2026/06/04 18:44:34.503, 96, 0, 966, 23034
2026/06/04 18:44:39.505, 99, 0, 964, 23034
2026/06/04 18:44:44.505, 97, 0, 964, 23034
2026/06/04 18:44:49.506, 99, 0, 964, 23034
2026/06/04 18:44:54.508, 0, 0, 944, 23034
2026/06/04 18:44:59.509, 99, 0, 966, 23034
2026/06/04 18:45:04.511, 0, 0, 944, 23034
2026/06/04 18:45:09.511, 97, 0, 962, 23034
2026/06/04 18:45:14.514, 99, 0, 966, 23034
2026/06/04 18:45:19.515, 0, 0, 944, 23034
2026/06/04 18:45:24.517, 99, 0, 964, 23034
2026/06/04 18:45:29.518, 0, 0, 944, 23034
2026/06/04 18:45:34.520, 97, 0, 964, 23034
2026/06/04 18:45:39.522, 99, 0, 962, 23034
2026/06/04 18:45:44.522, 97, 0, 962, 23034
2026/06/04 18:45:49.523, 99, 0, 964, 23034
2026/06/04 18:45:54.524, 99, 0, 962, 23034
2026/06/04 18:45:59.524, 96, 0, 962, 23034
2026/06/04 18:46:04.525, 96, 0, 966, 23034
2026/06/04 18:46:09.525, 0, 0, 944, 23034
2026/06/04 18:46:14.527, 0, 0, 729, 23034
2026/06/04 18:46:19.528, 0, 0, 729, 23034
2026/06/04 18:46:24.529, 0, 0, 729, 23034
2026/06/04 18:46:29.531, 0, 0, 729, 23034
2026/06/04 18:46:34.533, 0, 0, 729, 23034
2026/06/04 18:46:39.535, 0, 0, 729, 23034
2026/06/04 18:46:44.537, 0, 0, 729, 23034
2026/06/04 18:46:49.539, 0, 0, 729, 23034
2026/06/04 18:46:54.540, 0, 0, 729, 23034
2026/06/04 18:46:59.541, 0, 0, 729, 23034
2026/06/04 18:47:04.542, 0, 0, 729, 23034
2026/06/04 18:47:09.543, 0, 0, 729, 23034
2026/06/04 18:47:14.545, 0, 0, 729, 23034
2026/06/04 18:47:19.545, 7, 4, 1516, 23034
2026/06/04 18:47:24.547, 16, 11, 1516, 23034
2026/06/04 18:47:29.548, 8, 6, 1516, 23034
2026/06/04 18:47:34.549, 0, 0, 1516, 23034
2026/06/04 18:47:39.551, 15, 10, 1516, 23034
2026/06/04 18:47:44.551, 8, 6, 1516, 23034
2026/06/04 18:47:49.553, 0, 0, 1516, 23034
2026/06/04 18:47:54.555, 15, 10, 1516, 23034
2026/06/04 18:47:59.555, 8, 6, 1516, 23034
2026/06/04 18:48:04.557, 3, 1, 1516, 23034
2026/06/04 18:48:09.558, 15, 11, 1516, 23034
2026/06/04 18:48:14.560, 8, 6, 1516, 23034
2026/06/04 18:48:19.561, 0, 0, 1516, 23034
2026/06/04 18:48:24.562, 5, 3, 1516, 23034
2026/06/04 18:48:29.564, 0, 0, 1484, 23034
2026/06/04 18:48:34.566, 12, 9, 944, 23034
2026/06/04 18:48:39.567, 4, 2, 1516, 23034
2026/06/04 18:48:44.568, 5, 3, 1516, 23034
2026/06/04 18:48:49.569, 15, 10, 1516, 23034
2026/06/04 18:48:54.571, 8, 6, 1516, 23034
2026/06/04 18:48:59.572, 0, 0, 1516, 23034
2026/06/04 18:49:04.574, 16, 11, 1516, 23034
2026/06/04 18:49:09.575, 0, 0, 1516, 23034
2026/06/04 18:49:14.576, 11, 8, 1514, 23034
2026/06/04 18:49:19.576, 4, 2, 1516, 23034
2026/06/04 18:49:24.578, 8, 7, 1516, 23034
2026/06/04 18:49:29.579, 7, 4, 1516, 23034
2026/06/04 18:49:34.580, 0, 0, 1516, 23034
2026/06/04 18:49:39.584, 12, 9, 1516, 23034
2026/06/04 18:49:44.584, 5, 2, 1516, 23034
2026/06/04 18:49:49.585, 8, 6, 1516, 23034
2026/06/04 18:49:54.586, 0, 0, 944, 23034
2026/06/04 18:49:59.586, 12, 10, 1516, 23034
2026/06/04 18:50:04.587, 0, 0, 1516, 23034
2026/06/04 18:50:09.587, 15, 11, 1516, 23034
2026/06/04 18:50:14.588, 0, 0, 1516, 23034
2026/06/04 18:50:19.588, 9, 6, 1516, 23034
2026/06/04 18:50:24.589, 7, 5, 1516, 23034
2026/06/04 18:50:29.589, 7, 4, 1516, 23034
2026/06/04 18:50:34.590, 4, 2, 1516, 23034
2026/06/04 18:50:39.590, 14, 10, 1516, 23034
2026/06/04 18:50:44.591, 0, 0, 1516, 23034
2026/06/04 18:50:49.591, 16, 11, 1516, 23034
2026/06/04 18:50:54.592, 3, 2, 1516, 23034
2026/06/04 18:50:59.593, 16, 11, 1516, 23034
2026/06/04 18:51:04.593, 0, 0, 1516, 23034
2026/06/04 18:51:09.594, 8, 4, 1516, 23034
2026/06/04 18:51:14.594, 8, 6, 1514, 23034
2026/06/04 18:51:19.597, 12, 9, 944, 23034
2026/06/04 18:51:24.598, 11, 8, 1516, 23034
2026/06/04 18:51:29.600, 4, 2, 1516, 23034
2026/06/04 18:51:34.601, 11, 9, 1516, 23034
2026/06/04 18:51:39.604, 7, 4, 1516, 23034
2026/06/04 18:51:44.618, 0, 0, 1516, 23034
2026/06/04 18:51:49.619, 11, 8, 1516, 23034
2026/06/04 18:51:54.620, 8, 7, 1516, 23034
2026/06/04 18:51:59.621, 2, 0, 1516, 23034
2026/06/04 18:52:04.623, 11, 8, 1516, 23034
2026/06/04 18:52:09.624, 7, 4, 1516, 23034
2026/06/04 18:52:14.625, 8, 6, 1516, 23034
2026/06/04 18:52:19.626, 10, 7, 1516, 23034
2026/06/04 18:52:24.627, 6, 4, 1516, 23034
2026/06/04 18:52:29.628, 13, 10, 1516, 23034
2026/06/04 18:52:34.629, 0, 0, 1516, 23034
2026/06/04 18:52:39.630, 11, 8, 1516, 23034
2026/06/04 18:52:44.632, 0, 0, 1516, 23034
2026/06/04 18:52:49.632, 16, 11, 1516, 23034
2026/06/04 18:52:54.633, 0, 0, 1516, 23034
2026/06/04 18:52:59.635, 12, 9, 1516, 23034
2026/06/04 18:53:04.636, 0, 0, 1516, 23034
2026/06/04 18:53:09.645, 9, 7, 1516, 23034
2026/06/04 18:53:14.646, 0, 0, 1484, 23034
2026/06/04 18:53:19.646, 19, 7, 944, 23034
2026/06/04 18:53:24.647, 0, 0, 944, 23034
2026/06/04 18:53:29.649, 12, 10, 1516, 23034
2026/06/04 18:53:34.650, 4, 2, 1516, 23034
2026/06/04 18:53:39.651, 7, 4, 1516, 23034
2026/06/04 18:53:44.651, 8, 6, 1516, 23034
2026/06/04 18:53:49.652, 0, 0, 1516, 23034
2026/06/04 18:53:54.652, 0, 0, 1516, 23034
2026/06/04 18:53:59.653, 15, 10, 1516, 23034
2026/06/04 18:54:04.654, 0, 0, 1516, 23034
2026/06/04 18:54:09.654, 14, 10, 1516, 23034
2026/06/04 18:54:14.655, 0, 0, 1516, 23034
2026/06/04 18:54:19.655, 8, 6, 1516, 23034
2026/06/04 18:54:24.656, 3, 1, 1516, 23034
2026/06/04 18:54:29.656, 8, 4, 1516, 23034
2026/06/04 18:54:34.657, 0, 0, 1516, 23034
2026/06/04 18:54:39.658, 11, 8, 1516, 23034
2026/06/04 18:54:44.658, 0, 0, 1516, 23034
2026/06/04 18:54:49.659, 15, 11, 1516, 23034
2026/06/04 18:54:54.659, 0, 0, 1516, 23034
2026/06/04 18:54:59.660, 12, 9, 1516, 23034
2026/06/04 18:55:04.661, 0, 0, 1516, 23034
2026/06/04 18:55:09.661, 13, 10, 1516, 23034
2026/06/04 18:55:14.662, 0, 0, 1516, 23034
2026/06/04 18:55:19.663, 12, 9, 1516, 23034
2026/06/04 18:55:24.663, 0, 0, 1514, 23034
2026/06/04 18:55:29.664, 15, 10, 1516, 23034
2026/06/04 18:55:34.664, 3, 2, 1516, 23034
2026/06/04 18:55:39.665, 8, 6, 1514, 23034
2026/06/04 18:55:44.666, 3, 2, 1516, 23034
2026/06/04 18:55:49.666, 8, 7, 1516, 23034
2026/06/04 18:55:54.667, 7, 4, 1516, 23034
2026/06/04 18:55:59.668, 58, 3, 1018, 23034
2026/06/04 18:56:04.668, 78, 4, 1018, 23034
2026/06/04 18:56:09.669, 63, 4, 1018, 23034
2026/06/04 18:56:14.669, 60, 3, 1018, 23034
2026/06/04 18:56:19.670, 58, 3, 1018, 23034
2026/06/04 18:56:24.671, 67, 1, 1018, 23034
2026/06/04 18:56:29.672, 67, 1, 1018, 23034
2026/06/04 18:56:34.674, 67, 1, 1018, 23034
2026/06/04 18:56:39.674, 67, 1, 1018, 23034
2026/06/04 18:56:44.675, 67, 1, 1018, 23034
2026/06/04 18:56:49.676, 67, 1, 1018, 23034
2026/06/04 18:56:54.677, 0, 0, 944, 23034
2026/06/04 18:56:59.677, 0, 0, 944, 23034
2026/06/04 18:57:04.679, 0, 0, 944, 23034
2026/06/04 18:57:09.680, 0, 0, 944, 23034
2026/06/04 18:57:14.682, 65, 3, 1018, 23034
2026/06/04 18:57:19.683, 63, 4, 1018, 23034
2026/06/04 18:57:24.684, 62, 3, 1018, 23034
2026/06/04 18:57:29.686, 78, 4, 1018, 23034
2026/06/04 18:57:34.687, 76, 4, 1018, 23034
2026/06/04 18:57:39.688, 67, 1, 1018, 23034
2026/06/04 18:57:44.689, 67, 1, 1018, 23034
2026/06/04 18:57:49.690, 68, 1, 1018, 23034
2026/06/04 18:57:54.692, 68, 1, 1018, 23034
2026/06/04 18:57:59.693, 68, 1, 1018, 23034
2026/06/04 18:58:04.695, 17, 1, 944, 23034
2026/06/04 18:58:09.697, 0, 0, 944, 23034
2026/06/04 18:58:14.698, 0, 0, 944, 23034
2026/06/04 18:58:19.699, 0, 0, 1018, 23034
2026/06/04 18:58:24.701, 72, 4, 1018, 23034
2026/06/04 18:58:29.702, 63, 4, 1018, 23034
2026/06/04 18:58:34.704, 62, 3, 1018, 23034
2026/06/04 18:58:39.704, 62, 4, 1018, 23034
2026/06/04 18:58:44.706, 68, 1, 1018, 23034
2026/06/04 18:58:49.707, 68, 1, 1018, 23034
2026/06/04 18:58:54.708, 68, 1, 1018, 23034
2026/06/04 18:58:59.710, 68, 1, 1018, 23034
2026/06/04 18:59:04.712, 0, 0, 944, 23034
2026/06/04 18:59:09.712, 0, 0, 944, 23034
2026/06/04 18:59:14.713, 0, 0, 1018, 23034
2026/06/04 18:59:19.713, 61, 3, 1018, 23034
2026/06/04 18:59:24.714, 69, 4, 1018, 23034
2026/06/04 18:59:29.714, 63, 3, 1018, 23034
2026/06/04 18:59:34.715, 61, 2, 1018, 23034
2026/06/04 18:59:39.716, 68, 1, 1018, 23034
2026/06/04 18:59:44.716, 68, 1, 1018, 23034
2026/06/04 18:59:49.717, 68, 1, 1018, 23034
2026/06/04 18:59:54.718, 0, 0, 944, 23034
2026/06/04 18:59:59.718, 0, 0, 944, 23034
2026/06/04 19:00:04.719, 65, 4, 1018, 23034
2026/06/04 19:00:09.720, 66, 4, 1018, 23034
2026/06/04 19:00:14.722, 65, 3, 1018, 23034
2026/06/04 19:00:19.722, 68, 1, 1018, 23034
2026/06/04 19:00:24.724, 68, 1, 1018, 23034
2026/06/04 19:00:29.725, 69, 1, 1018, 23034
2026/06/04 19:00:34.726, 69, 1, 944, 23034
2026/06/04 19:00:39.728, 0, 0, 944, 23034
2026/06/04 19:00:44.730, 39, 2, 1018, 23034
2026/06/04 19:00:49.730, 66, 4, 1018, 23034
2026/06/04 19:00:54.732, 66, 4, 1018, 23034
2026/06/04 19:00:59.733, 68, 1, 1018, 23034
2026/06/04 19:01:04.734, 69, 1, 1018, 23034
2026/06/04 19:01:09.736, 69, 1, 1018, 23034
2026/06/04 19:01:14.737, 0, 0, 944, 23034
2026/06/04 19:01:19.739, 53, 3, 1012, 23034
2026/06/04 19:01:24.739, 69, 4, 1018, 23034
2026/06/04 19:01:29.740, 67, 4, 1018, 23034
2026/06/04 19:01:34.740, 69, 1, 1018, 23034
2026/06/04 19:01:39.741, 69, 1, 1018, 23034
2026/06/04 19:01:44.742, 69, 1, 1014, 23034
2026/06/04 19:01:49.743, 0, 0, 944, 23034
2026/06/04 19:01:54.744, 59, 3, 1018, 23034
2026/06/04 19:01:59.745, 60, 3, 1018, 23034
2026/06/04 19:02:04.745, 69, 1, 1018, 23034
2026/06/04 19:02:09.746, 69, 1, 1018, 23034
2026/06/04 19:02:14.748, 0, 0, 944, 23034
2026/06/04 19:02:19.748, 25, 2, 1018, 23034
2026/06/04 19:02:24.749, 63, 3, 1018, 23034
2026/06/04 19:02:29.749, 64, 3, 1018, 23034
2026/06/04 19:02:34.750, 70, 1, 1018, 23034
2026/06/04 19:02:39.751, 39, 1, 944, 23034
2026/06/04 19:02:44.752, 65, 4, 1018, 23034
2026/06/04 19:02:49.752, 63, 3, 1018, 23034
2026/06/04 19:02:54.753, 70, 1, 1018, 23034
2026/06/04 19:02:59.753, 70, 1, 1018, 23034
2026/06/04 19:03:04.755, 0, 0, 944, 23034
2026/06/04 19:03:09.756, 66, 4, 1018, 23034
2026/06/04 19:03:14.757, 65, 3, 1018, 23034
2026/06/04 19:03:19.757, 69, 1, 1018, 23034
2026/06/04 19:03:24.758, 63, 3, 1008, 23034
2026/06/04 19:03:29.759, 95, 0, 966, 23034
2026/06/04 19:03:34.759, 98, 0, 966, 23034
2026/06/04 19:03:39.760, 95, 0, 966, 23034
2026/06/04 19:03:44.763, 0, 0, 944, 23034
2026/06/04 19:03:49.763, 99, 0, 966, 23034
2026/06/04 19:03:54.765, 95, 0, 966, 23034
2026/06/04 19:03:59.766, 98, 0, 966, 23034
2026/06/04 19:04:04.767, 99, 0, 966, 23034
2026/06/04 19:04:09.767, 0, 0, 944, 23034
2026/06/04 19:04:14.769, 99, 0, 966, 23034
2026/06/04 19:04:19.770, 99, 0, 964, 23034
2026/06/04 19:04:24.771, 97, 0, 964, 23034
2026/06/04 19:04:29.772, 99, 0, 966, 23034
2026/06/04 19:04:34.773, 0, 0, 944, 23034
2026/06/04 19:04:39.775, 99, 0, 966, 23034
2026/06/04 19:04:44.776, 97, 0, 966, 23034
2026/06/04 19:04:49.778, 97, 0, 966, 23034
2026/06/04 19:04:54.779, 99, 0, 962, 23034
2026/06/04 19:04:59.780, 33, 0, 944, 23034
2026/06/04 19:05:04.781, 99, 0, 964, 23034
2026/06/04 19:05:09.782, 0, 0, 944, 23034
2026/06/04 19:05:14.783, 97, 0, 964, 23034
2026/06/04 19:05:19.784, 97, 0, 966, 23034
2026/06/04 19:05:24.784, 96, 0, 966, 23034
2026/06/04 19:05:29.785, 99, 0, 966, 23034
2026/06/04 19:05:34.785, 0, 0, 944, 23034
2026/06/04 19:05:39.786, 97, 0, 966, 23034
2026/06/04 19:05:44.787, 94, 0, 962, 23034
2026/06/04 19:05:49.788, 98, 0, 962, 23034
2026/06/04 19:05:54.789, 99, 0, 966, 23034
2026/06/04 19:05:59.789, 98, 0, 966, 23034
2026/06/04 19:06:04.791, 96, 0, 966, 23034
2026/06/04 19:06:09.792, 0, 0, 944, 23034
2026/06/04 19:06:14.793, 99, 0, 966, 23034
2026/06/04 19:06:19.794, 0, 0, 944, 23034
2026/06/04 19:06:24.796, 97, 0, 966, 23034
2026/06/04 19:06:29.796, 96, 0, 964, 23034
2026/06/04 19:06:34.797, 97, 0, 964, 23034
2026/06/04 19:06:39.798, 97, 0, 962, 23034
2026/06/04 19:06:44.800, 0, 0, 944, 23034
2026/06/04 19:06:49.801, 99, 0, 966, 23034
2026/06/04 19:06:54.802, 96, 0, 966, 23034
2026/06/04 19:06:59.803, 97, 0, 966, 23034
2026/06/04 19:07:04.805, 97, 0, 966, 23034
2026/06/04 19:07:09.806, 0, 0, 944, 23034
2026/06/04 19:07:14.807, 98, 0, 966, 23034
2026/06/04 19:07:19.808, 0, 0, 944, 23034
2026/06/04 19:07:24.810, 98, 0, 966, 23034
2026/06/04 19:07:29.811, 99, 0, 964, 23034
2026/06/04 19:07:34.812, 97, 0, 964, 23034
2026/06/04 19:07:39.813, 96, 0, 966, 23034
2026/06/04 19:07:44.815, 97, 0, 944, 23034
2026/06/04 19:07:49.815, 99, 0, 966, 23034
2026/06/04 19:07:54.816, 0, 0, 944, 23034
2026/06/04 19:07:59.818, 97, 0, 966, 23034
2026/06/04 19:08:04.819, 99, 0, 964, 23034
2026/06/04 19:08:09.821, 98, 0, 964, 23034
2026/06/04 19:08:14.821, 96, 0, 966, 23034
2026/06/04 19:08:19.822, 0, 0, 944, 23034
2026/06/04 19:08:24.824, 97, 0, 964, 23034
2026/06/04 19:08:29.826, 0, 0, 944, 23034
2026/06/04 19:08:34.827, 99, 0, 964, 23034
2026/06/04 19:08:39.828, 97, 0, 966, 23034
2026/06/04 19:08:44.830, 97, 0, 966, 23034
2026/06/04 19:08:49.831, 97, 0, 964, 23034
2026/06/04 19:08:54.832, 96, 0, 964, 23034
2026/06/04 19:08:59.834, 99, 0, 964, 23034
2026/06/04 19:09:04.834, 0, 0, 944, 23034
2026/06/04 19:09:09.836, 99, 0, 966, 23034
2026/06/04 19:09:14.838, 92, 0, 964, 23034
2026/06/04 19:09:19.839, 97, 0, 964, 23034
2026/06/04 19:09:24.839, 96, 0, 964, 23034
2026/06/04 19:09:29.840, 0, 0, 944, 23034
2026/06/04 19:09:34.841, 96, 0, 966, 23034
2026/06/04 19:09:39.842, 47, 0, 966, 23034
2026/06/04 19:09:44.842, 97, 0, 966, 23034
2026/06/04 19:09:49.844, 97, 0, 964, 23034
2026/06/04 19:09:54.845, 0, 0, 944, 23034
2026/06/04 19:09:59.846, 96, 0, 964, 23034
2026/06/04 19:10:04.847, 99, 0, 966, 23034
2026/06/04 19:10:09.847, 97, 0, 966, 23034
2026/06/04 19:10:14.848, 97, 0, 962, 23034
2026/06/04 19:10:19.848, 0, 0, 944, 23034
2026/06/04 19:10:24.849, 97, 0, 966, 23034
2026/06/04 19:10:29.849, 96, 0, 964, 23034
2026/06/04 19:10:34.850, 97, 0, 964, 23034
2026/06/04 19:10:39.851, 99, 0, 964, 23034
2026/06/04 19:10:44.852, 0, 0, 944, 23034
2026/06/04 19:10:49.853, 96, 0, 962, 23034
2026/06/04 19:10:54.855, 20, 0, 964, 23034
2026/06/04 19:10:59.857, 98, 0, 964, 23034
2026/06/04 19:11:04.858, 95, 0, 962, 23034
2026/06/04 19:11:09.860, 0, 0, 944, 23034
2026/06/04 19:11:14.862, 99, 0, 966, 23034
2026/06/04 19:11:19.864, 97, 0, 964, 23034
2026/06/04 19:11:24.864, 97, 0, 964, 23034
2026/06/04 19:11:29.866, 97, 0, 966, 23034
2026/06/04 19:11:34.867, 0, 0, 944, 23034
2026/06/04 19:11:39.867, 98, 0, 962, 23034
2026/06/04 19:11:44.869, 99, 0, 966, 23034
2026/06/04 19:11:49.870, 98, 0, 966, 23034
2026/06/04 19:11:54.872, 99, 0, 966, 23034
2026/06/04 19:11:59.873, 97, 0, 944, 23034
2026/06/04 19:12:04.875, 99, 0, 966, 23034
2026/06/04 19:12:09.876, 0, 0, 944, 23034
2026/06/04 19:12:14.877, 97, 0, 966, 23034
2026/06/04 19:12:19.879, 99, 0, 966, 23034
2026/06/04 19:12:24.880, 97, 0, 966, 23034
2026/06/04 19:12:29.882, 99, 0, 966, 23034
2026/06/04 19:12:34.883, 0, 0, 944, 23034
2026/06/04 19:12:39.885, 99, 0, 966, 23034
2026/06/04 19:12:44.886, 0, 0, 964, 23034
2026/06/04 19:12:49.888, 97, 0, 964, 23034
2026/06/04 19:12:54.890, 96, 0, 966, 23034
2026/06/04 19:12:59.891, 98, 0, 966, 23034
2026/06/04 19:13:04.893, 97, 0, 966, 23034
2026/06/04 19:13:09.894, 0, 0, 944, 23034
2026/06/04 19:13:14.896, 97, 0, 966, 23034
2026/06/04 19:13:19.897, 99, 0, 966, 23034
2026/06/04 19:13:24.899, 97, 0, 966, 23034
2026/06/04 19:13:29.901, 99, 0, 966, 23034
2026/06/04 19:13:34.903, 0, 0, 944, 23034
2026/06/04 19:13:39.905, 96, 0, 966, 23034
2026/06/04 19:13:44.906, 0, 0, 966, 23034
2026/06/04 19:13:49.908, 98, 0, 966, 23034
2026/06/04 19:13:54.909, 99, 0, 964, 23034
2026/06/04 19:13:59.911, 98, 0, 964, 23034
2026/06/04 19:14:04.913, 99, 0, 966, 23034
2026/06/04 19:14:09.915, 0, 0, 944, 23034
2026/06/04 19:14:14.917, 97, 0, 964, 23034
2026/06/04 19:14:19.919, 99, 0, 964, 23034
2026/06/04 19:14:24.921, 0, 0, 944, 23034
2026/06/04 19:14:29.921, 98, 0, 966, 23034
2026/06/04 19:14:34.923, 97, 0, 966, 23034
2026/06/04 19:14:39.925, 97, 0, 966, 23034
2026/06/04 19:14:44.927, 98, 0, 966, 23034
2026/06/04 19:14:49.928, 0, 0, 944, 23034
2026/06/04 19:14:54.928, 94, 0, 966, 23034
2026/06/04 19:14:59.930, 99, 0, 964, 23034
2026/06/04 19:15:04.932, 97, 0, 964, 23034
2026/06/04 19:15:09.932, 99, 0, 966, 23034
2026/06/04 19:15:14.934, 97, 0, 944, 23034
2026/06/04 19:15:19.935, 99, 0, 966, 23034
2026/06/04 19:15:24.937, 0, 0, 944, 23034
2026/06/04 19:15:29.939, 98, 0, 966, 23034
2026/06/04 19:15:34.940, 99, 0, 964, 23034
2026/06/04 19:15:39.942, 96, 0, 944, 23034
2026/06/04 19:15:44.943, 97, 0, 964, 23034
2026/06/04 19:15:49.944, 0, 0, 964, 23034
2026/06/04 19:15:54.946, 98, 0, 964, 23034
2026/06/04 19:15:59.948, 98, 0, 964, 23034
2026/06/04 19:16:04.950, 96, 0, 964, 23034
2026/06/04 19:16:09.952, 99, 0, 964, 23034
2026/06/04 19:16:14.954, 0, 0, 944, 23034
2026/06/04 19:16:19.955, 97, 0, 964, 23034
2026/06/04 19:16:24.957, 96, 0, 964, 23034
2026/06/04 19:16:29.959, 97, 0, 964, 23034
2026/06/04 19:16:34.960, 99, 0, 962, 23034
2026/06/04 19:16:39.962, 0, 0, 944, 23034
2026/06/04 19:16:44.963, 98, 0, 966, 23034
2026/06/04 19:16:49.964, 99, 0, 966, 23034
2026/06/04 19:16:54.966, 97, 0, 966, 23034
2026/06/04 19:16:59.967, 99, 0, 964, 23034
2026/06/04 19:17:04.969, 0, 0, 944, 23034
2026/06/04 19:17:09.969, 99, 0, 966, 23034
2026/06/04 19:17:14.971, 99, 0, 966, 23034
2026/06/04 19:17:19.972, 98, 0, 966, 23034
2026/06/04 19:17:24.973, 97, 0, 964, 23034
2026/06/04 19:17:29.974, 0, 0, 944, 23034
2026/06/04 19:17:34.974, 0, 0, 944, 23034
2026/06/04 19:17:39.975, 0, 0, 944, 23034
2026/06/04 19:17:44.975, 0, 0, 944, 23034
2026/06/04 19:17:49.977, 0, 0, 944, 23034
2026/06/04 19:17:54.979, 0, 0, 944, 23034
2026/06/04 19:17:59.979, 0, 0, 944, 23034
2026/06/04 19:18:04.981, 0, 0, 944, 23034
2026/06/04 19:18:09.981, 0, 0, 944, 23034
2026/06/04 19:18:14.982, 0, 0, 944, 23034
2026/06/04 19:18:19.984, 0, 0, 944, 23034
2026/06/04 19:18:24.985, 0, 0, 944, 23034
2026/06/04 19:18:29.986, 0, 0, 944, 23034
2026/06/04 19:18:34.986, 0, 0, 944, 23034
2026/06/04 19:18:39.987, 0, 0, 944, 23034
2026/06/04 19:18:44.988, 0, 0, 944, 23034
2026/06/04 19:18:49.989, 0, 0, 944, 23034
2026/06/04 19:18:54.990, 0, 0, 944, 23034
2026/06/04 19:18:59.990, 0, 0, 944, 23034
2026/06/04 19:19:04.991, 0, 0, 944, 23034
2026/06/04 19:19:09.992, 0, 0, 944, 23034
2026/06/04 19:19:14.993, 0, 0, 944, 23034
2026/06/04 19:19:19.994, 0, 0, 944, 23034
2026/06/04 19:19:24.994, 0, 0, 944, 23034
2026/06/04 19:19:29.995, 0, 0, 944, 23034
2026/06/04 19:19:34.996, 0, 0, 944, 23034
2026/06/04 19:19:39.996, 0, 0, 944, 23034
2026/06/04 19:19:44.997, 0, 0, 944, 23034
2026/06/04 19:19:49.998, 0, 0, 944, 23034
2026/06/04 19:19:54.999, 0, 0, 944, 23034
2026/06/04 19:19:59.999, 0, 0, 944, 23034
2026/06/04 19:20:05.000, 0, 0, 944, 23034
2026/06/04 19:20:10.001, 0, 0, 944, 23034
2026/06/04 19:20:15.002, 0, 0, 944, 23034
2026/06/04 19:20:20.002, 0, 0, 944, 23034
2026/06/04 19:20:25.003, 0, 0, 944, 23034
2026/06/04 19:20:30.004, 0, 0, 944, 23034
2026/06/04 19:20:35.006, 0, 0, 944, 23034
2026/06/04 19:20:40.008, 0, 0, 944, 23034
2026/06/04 19:20:45.010, 0, 0, 944, 23034
2026/06/04 19:20:50.012, 0, 0, 944, 23034
2026/06/04 19:20:55.013, 0, 0, 944, 23034
2026/06/04 19:21:00.015, 0, 0, 944, 23034
2026/06/04 19:21:05.016, 0, 0, 944, 23034
2026/06/04 19:21:10.017, 0, 0, 944, 23034
2026/06/04 19:21:15.018, 0, 0, 944, 23034
2026/06/04 19:21:20.019, 0, 0, 944, 23034
2026/06/04 19:21:25.020, 0, 0, 944, 23034
2026/06/04 19:21:30.022, 0, 0, 944, 23034
2026/06/04 19:21:35.023, 0, 0, 944, 23034
2026/06/04 19:21:40.024, 0, 0, 944, 23034
2026/06/04 19:21:45.025, 0, 0, 944, 23034
2026/06/04 19:21:50.026, 0, 0, 944, 23034
2026/06/04 19:21:55.028, 0, 0, 944, 23034
2026/06/04 19:22:00.028, 0, 0, 944, 23034
2026/06/04 19:22:05.029, 0, 0, 944, 23034
2026/06/04 19:22:10.029, 0, 0, 944, 23034
2026/06/04 19:22:15.030, 0, 0, 944, 23034
2026/06/04 19:22:20.031, 0, 0, 944, 23034
2026/06/04 19:22:25.032, 0, 0, 944, 23034
2026/06/04 19:22:30.034, 0, 0, 944, 23034
2026/06/04 19:22:35.035, 0, 0, 944, 23034
2026/06/04 19:22:40.037, 0, 0, 944, 23034
2026/06/04 19:22:45.038, 0, 0, 944, 23034
2026/06/04 19:22:50.040, 0, 0, 944, 23034
2026/06/04 19:22:55.041, 0, 0, 944, 23034
2026/06/04 19:23:00.041, 0, 0, 944, 23034
2026/06/04 19:23:05.042, 0, 0, 944, 23034
2026/06/04 19:23:10.043, 0, 0, 944, 23034
2026/06/04 19:23:15.043, 0, 0, 944, 23034
2026/06/04 19:23:20.044, 0, 0, 944, 23034
2026/06/04 19:23:25.045, 0, 0, 944, 23034
2026/06/04 19:23:30.046, 0, 0, 944, 23034
2026/06/04 19:23:35.048, 0, 0, 944, 23034
2026/06/04 19:23:40.048, 0, 0, 944, 23034
2026/06/04 19:23:45.049, 0, 0, 944, 23034
2026/06/04 19:23:50.050, 0, 0, 944, 23034
2026/06/04 19:23:55.051, 0, 0, 944, 23034
2026/06/04 19:24:00.052, 0, 0, 944, 23034
2026/06/04 19:24:05.052, 0, 0, 944, 23034
2026/06/04 19:24:10.054, 0, 0, 944, 23034
2026/06/04 19:24:15.056, 0, 0, 944, 23034
2026/06/04 19:24:20.057, 0, 0, 944, 23034
2026/06/04 19:24:25.058, 0, 0, 944, 23034
2026/06/04 19:24:30.059, 0, 0, 944, 23034
2026/06/04 19:24:35.061, 0, 0, 944, 23034
2026/06/04 19:24:40.062, 0, 0, 944, 23034
2026/06/04 19:24:45.064, 0, 0, 944, 23034
2026/06/04 19:24:50.065, 0, 0, 944, 23034
2026/06/04 19:24:55.067, 0, 0, 944, 23034
2026/06/04 19:25:00.068, 0, 0, 944, 23034
2026/06/04 19:25:05.070, 0, 0, 944, 23034
2026/06/04 19:25:10.070, 0, 0, 944, 23034
2026/06/04 19:25:15.072, 0, 0, 944, 23034
2026/06/04 19:25:20.074, 0, 0, 944, 23034
2026/06/04 19:25:25.075, 0, 0, 944, 23034
2026/06/04 19:25:30.077, 0, 0, 944, 23034
2026/06/04 19:25:35.077, 0, 0, 944, 23034
2026/06/04 19:25:40.079, 0, 0, 944, 23034
2026/06/04 19:25:45.079, 0, 0, 944, 23034
2026/06/04 19:25:50.080, 0, 0, 944, 23034
2026/06/04 19:25:55.081, 0, 0, 944, 23034
2026/06/04 19:26:00.081, 0, 0, 944, 23034
2026/06/04 19:26:05.082, 0, 0, 944, 23034
2026/06/04 19:26:10.083, 0, 0, 944, 23034
2026/06/04 19:26:15.083, 0, 0, 944, 23034
2026/06/04 19:26:20.084, 0, 0, 944, 23034
2026/06/04 19:26:25.085, 0, 0, 944, 23034
2026/06/04 19:26:30.085, 0, 0, 944, 23034
2026/06/04 19:26:35.086, 0, 0, 944, 23034
2026/06/04 19:26:40.087, 0, 0, 944, 23034
2026/06/04 19:26:45.088, 0, 0, 944, 23034
2026/06/04 19:26:50.089, 0, 0, 944, 23034
2026/06/04 19:26:55.090, 0, 0, 944, 23034
2026/06/04 19:27:00.092, 0, 0, 944, 23034
2026/06/04 19:27:05.093, 0, 0, 944, 23034
2026/06/04 19:27:10.094, 0, 0, 944, 23034
2026/06/04 19:27:15.096, 0, 0, 944, 23034
2026/06/04 19:27:20.097, 0, 0, 944, 23034
2026/06/04 19:27:25.099, 0, 0, 944, 23034
2026/06/04 19:27:30.100, 0, 0, 944, 23034
2026/06/04 19:27:35.101, 0, 0, 944, 23034
2026/06/04 19:27:40.102, 0, 0, 944, 23034
2026/06/04 19:27:45.102, 0, 0, 944, 23034
2026/06/04 19:27:50.103, 0, 0, 944, 23034
2026/06/04 19:27:55.104, 0, 0, 944, 23034
2026/06/04 19:28:00.104, 0, 0, 944, 23034
2026/06/04 19:28:05.105, 0, 0, 944, 23034
2026/06/04 19:28:10.106, 0, 0, 944, 23034
2026/06/04 19:28:15.107, 0, 0, 944, 23034
2026/06/04 19:28:20.108, 0, 0, 944, 23034
2026/06/04 19:28:25.109, 0, 0, 944, 23034
2026/06/04 19:28:30.110, 0, 0, 944, 23034
2026/06/04 19:28:35.112, 0, 0, 944, 23034
2026/06/04 19:28:40.113, 0, 0, 944, 23034
2026/06/04 19:28:45.115, 0, 0, 944, 23034
2026/06/04 19:28:50.115, 0, 0, 944, 23034
2026/06/04 19:28:55.116, 0, 0, 944, 23034
2026/06/04 19:29:00.117, 0, 0, 944, 23034
2026/06/04 19:29:05.117, 0, 0, 944, 23034
2026/06/04 19:29:10.119, 0, 0, 944, 23034
2026/06/04 19:29:15.120, 0, 0, 944, 23034
2026/06/04 19:29:20.121, 0, 0, 944, 23034
2026/06/04 19:29:25.122, 0, 0, 944, 23034
2026/06/04 19:29:30.122, 0, 0, 944, 23034
2026/06/04 19:29:35.123, 0, 0, 944, 23034
2026/06/04 19:29:40.125, 0, 0, 944, 23034
2026/06/04 19:29:45.126, 0, 0, 944, 23034
2026/06/04 19:29:50.126, 0, 0, 944, 23034
2026/06/04 19:29:55.127, 0, 0, 944, 23034
2026/06/04 19:30:00.128, 0, 0, 944, 23034
2026/06/04 19:30:05.129, 0, 0, 944, 23034
2026/06/04 19:30:10.131, 0, 0, 944, 23034
2026/06/04 19:30:15.132, 0, 0, 944, 23034
2026/06/04 19:30:20.134, 0, 0, 944, 23034
2026/06/04 19:30:25.135, 0, 0, 944, 23034
2026/06/04 19:30:30.136, 0, 0, 944, 23034
2026/06/04 19:30:35.137, 0, 0, 944, 23034
2026/06/04 19:30:40.139, 0, 0, 944, 23034
2026/06/04 19:30:45.140, 0, 0, 944, 23034
2026/06/04 19:30:50.142, 0, 0, 944, 23034
2026/06/04 19:30:55.144, 0, 0, 944, 23034
2026/06/04 19:31:00.146, 0, 0, 944, 23034
2026/06/04 19:31:05.147, 0, 0, 944, 23034
2026/06/04 19:31:10.149, 0, 0, 944, 23034
2026/06/04 19:31:15.150, 0, 0, 944, 23034
2026/06/04 19:31:20.152, 0, 0, 944, 23034
2026/06/04 19:31:25.153, 0, 0, 944, 23034
2026/06/04 19:31:30.154, 0, 0, 944, 23034
2026/06/04 19:31:35.155, 0, 0, 944, 23034
2026/06/04 19:31:40.157, 0, 0, 944, 23034
2026/06/04 19:31:45.158, 0, 0, 944, 23034
2026/06/04 19:31:50.159, 0, 0, 944, 23034
2026/06/04 19:31:55.160, 0, 0, 944, 23034
2026/06/04 19:32:00.161, 0, 0, 944, 23034
2026/06/04 19:32:05.162, 0, 0, 944, 23034
2026/06/04 19:32:10.163, 0, 0, 944, 23034
2026/06/04 19:32:15.163, 0, 0, 944, 23034
2026/06/04 19:32:20.163, 0, 0, 944, 23034
2026/06/04 19:32:25.164, 0, 0, 944, 23034
2026/06/04 19:32:30.165, 0, 0, 944, 23034
2026/06/04 19:32:35.165, 0, 0, 944, 23034
2026/06/04 19:32:40.166, 0, 0, 944, 23034
2026/06/04 19:32:45.167, 0, 0, 944, 23034
2026/06/04 19:32:50.167, 0, 0, 944, 23034
2026/06/04 19:32:55.169, 0, 0, 944, 23034
2026/06/04 19:33:00.170, 0, 0, 944, 23034
2026/06/04 19:33:05.172, 0, 0, 944, 23034
2026/06/04 19:33:10.173, 0, 0, 944, 23034
2026/06/04 19:33:15.174, 0, 0, 944, 23034
2026/06/04 19:33:20.176, 0, 0, 944, 23034
2026/06/04 19:33:25.177, 0, 0, 944, 23034
2026/06/04 19:33:30.178, 0, 0, 944, 23034
2026/06/04 19:33:35.180, 0, 0, 944, 23034
2026/06/04 19:33:40.183, 0, 0, 944, 23034
2026/06/04 19:33:45.184, 0, 0, 944, 23034
2026/06/04 19:33:50.184, 0, 0, 944, 23034
2026/06/04 19:33:55.185, 0, 0, 944, 23034
2026/06/04 19:34:00.185, 0, 0, 944, 23034
2026/06/04 19:34:05.186, 0, 0, 944, 23034
2026/06/04 19:34:10.186, 0, 0, 944, 23034
2026/06/04 19:34:15.188, 0, 0, 944, 23034
2026/06/04 19:34:20.188, 0, 0, 944, 23034
2026/06/04 19:34:25.189, 0, 0, 944, 23034
2026/06/04 19:34:30.189, 0, 0, 944, 23034
2026/06/04 19:34:35.190, 0, 0, 944, 23034
2026/06/04 19:34:40.191, 0, 0, 944, 23034
2026/06/04 19:34:45.192, 0, 0, 944, 23034
2026/06/04 19:34:50.193, 0, 0, 944, 23034
2026/06/04 19:34:55.193, 0, 0, 944, 23034
2026/06/04 19:35:00.194, 0, 0, 944, 23034
2026/06/04 19:35:05.196, 0, 0, 944, 23034
2026/06/04 19:35:10.197, 0, 0, 944, 23034
2026/06/04 19:35:15.199, 0, 0, 944, 23034
2026/06/04 19:35:20.200, 0, 0, 944, 23034
2026/06/04 19:35:25.201, 0, 0, 944, 23034
2026/06/04 19:35:30.203, 0, 0, 944, 23034
2026/06/04 19:35:35.204, 0, 0, 944, 23034
2026/06/04 19:35:40.206, 0, 0, 944, 23034
2026/06/04 19:35:45.207, 0, 0, 944, 23034
2026/06/04 19:35:50.208, 0, 0, 944, 23034
2026/06/04 19:35:55.210, 0, 0, 944, 23034
2026/06/04 19:36:00.212, 0, 0, 944, 23034
2026/06/04 19:36:05.213, 0, 0, 944, 23034
2026/06/04 19:36:10.214, 0, 0, 944, 23034
2026/06/04 19:36:15.216, 0, 0, 944, 23034
2026/06/04 19:36:20.218, 0, 0, 944, 23034
2026/06/04 19:36:25.219, 0, 0, 944, 23034
2026/06/04 19:36:30.220, 0, 0, 944, 23034
2026/06/04 19:36:35.222, 0, 0, 944, 23034
2026/06/04 19:36:40.223, 0, 0, 944, 23034
2026/06/04 19:36:45.224, 0, 0, 944, 23034
2026/06/04 19:36:50.225, 0, 0, 944, 23034
2026/06/04 19:36:55.227, 0, 0, 944, 23034
2026/06/04 19:37:00.229, 0, 0, 944, 23034
2026/06/04 19:37:05.230, 0, 0, 944, 23034
2026/06/04 19:37:10.231, 0, 0, 944, 23034
2026/06/04 19:37:15.232, 0, 0, 944, 23034
2026/06/04 19:37:20.233, 0, 0, 944, 23034
2026/06/04 19:37:25.235, 0, 0, 944, 23034
2026/06/04 19:37:30.235, 0, 0, 944, 23034
2026/06/04 19:37:35.236, 0, 0, 944, 23034
2026/06/04 19:37:40.237, 0, 0, 944, 23034
2026/06/04 19:37:45.238, 0, 0, 944, 23034
2026/06/04 19:37:50.238, 0, 0, 944, 23034
2026/06/04 19:37:55.239, 0, 0, 944, 23034
2026/06/04 19:38:00.240, 0, 0, 944, 23034
2026/06/04 19:38:05.242, 0, 0, 944, 23034
2026/06/04 19:38:10.243, 0, 0, 944, 23034
2026/06/04 19:38:15.244, 0, 0, 944, 23034
2026/06/04 19:38:20.246, 0, 0, 944, 23034
2026/06/04 19:38:25.247, 0, 0, 944, 23034
2026/06/04 19:38:30.248, 0, 0, 944, 23034
2026/06/04 19:38:35.249, 0, 0, 944, 23034
2026/06/04 19:38:40.250, 0, 0, 944, 23034
2026/06/04 19:38:45.251, 0, 0, 944, 23034
2026/06/04 19:38:50.252, 0, 0, 944, 23034
2026/06/04 19:38:55.254, 0, 0, 944, 23034
2026/06/04 19:39:00.255, 0, 0, 944, 23034
2026/06/04 19:39:05.256, 0, 0, 944, 23034
2026/06/04 19:39:10.258, 0, 0, 944, 23034
2026/06/04 19:39:15.260, 0, 0, 944, 23034
2026/06/04 19:39:20.260, 0, 0, 944, 23034
2026/06/04 19:39:25.261, 0, 0, 944, 23034
2026/06/04 19:39:30.261, 0, 0, 944, 23034
2026/06/04 19:39:35.262, 0, 0, 944, 23034
2026/06/04 19:39:40.263, 0, 0, 944, 23034
2026/06/04 19:39:45.264, 0, 0, 944, 23034
2026/06/04 19:39:50.264, 0, 0, 944, 23034
2026/06/04 19:39:55.265, 0, 0, 944, 23034
2026/06/04 19:40:00.266, 0, 0, 944, 23034
2026/06/04 19:40:05.267, 0, 0, 944, 23034
2026/06/04 19:40:10.268, 0, 0, 944, 23034
2026/06/04 19:40:15.268, 0, 0, 944, 23034
2026/06/04 19:40:20.269, 0, 0, 944, 23034
2026/06/04 19:40:25.270, 0, 0, 944, 23034
2026/06/04 19:40:30.271, 0, 0, 944, 23034
2026/06/04 19:40:35.272, 0, 0, 944, 23034
2026/06/04 19:40:40.273, 0, 0, 944, 23034
2026/06/04 19:40:45.274, 0, 0, 944, 23034
2026/06/04 19:40:50.275, 0, 0, 944, 23034
2026/06/04 19:40:55.277, 0, 0, 944, 23034
2026/06/04 19:41:00.278, 0, 0, 944, 23034
2026/06/04 19:41:05.279, 0, 0, 944, 23034
2026/06/04 19:41:10.280, 0, 0, 944, 23034
2026/06/04 19:41:15.280, 0, 0, 944, 23034
2026/06/04 19:41:20.281, 0, 0, 944, 23034
2026/06/04 19:41:25.282, 0, 0, 944, 23034
2026/06/04 19:41:30.283, 0, 0, 944, 23034
2026/06/04 19:41:35.283, 0, 0, 944, 23034
2026/06/04 19:41:40.285, 0, 0, 944, 23034
2026/06/04 19:41:45.286, 0, 0, 944, 23034
2026/06/04 19:41:50.286, 0, 0, 944, 23034
2026/06/04 19:41:55.288, 0, 0, 944, 23034
2026/06/04 19:42:00.288, 0, 0, 944, 23034
2026/06/04 19:42:05.289, 0, 0, 944, 23034
2026/06/04 19:42:10.290, 0, 0, 944, 23034
2026/06/04 19:42:15.291, 0, 0, 944, 23034
2026/06/04 19:42:20.292, 0, 0, 944, 23034
2026/06/04 19:42:25.293, 0, 0, 944, 23034
2026/06/04 19:42:30.294, 0, 0, 944, 23034
2026/06/04 19:42:35.294, 0, 0, 944, 23034
2026/06/04 19:42:40.295, 0, 0, 944, 23034
2026/06/04 19:42:45.296, 0, 0, 944, 23034
2026/06/04 19:42:50.297, 0, 0, 944, 23034
2026/06/04 19:42:55.299, 0, 0, 944, 23034
2026/06/04 19:43:00.300, 0, 0, 944, 23034
2026/06/04 19:43:05.300, 0, 0, 944, 23034
2026/06/04 19:43:10.301, 0, 0, 944, 23034
2026/06/04 19:43:15.302, 0, 0, 944, 23034
2026/06/04 19:43:20.303, 0, 0, 944, 23034
2026/06/04 19:43:25.304, 0, 0, 944, 23034
2026/06/04 19:43:30.306, 0, 0, 944, 23034
2026/06/04 19:43:35.307, 0, 0, 944, 23034
2026/06/04 19:43:40.308, 0, 0, 944, 23034
2026/06/04 19:43:45.310, 0, 0, 944, 23034
2026/06/04 19:43:50.312, 0, 0, 944, 23034
2026/06/04 19:43:55.313, 0, 0, 944, 23034
2026/06/04 19:44:00.313, 0, 0, 944, 23034
2026/06/04 19:44:05.314, 0, 0, 944, 23034
2026/06/04 19:44:10.315, 0, 0, 944, 23034
2026/06/04 19:44:15.315, 0, 0, 944, 23034
2026/06/04 19:44:20.316, 0, 0, 944, 23034
2026/06/04 19:44:25.316, 0, 0, 944, 23034
2026/06/04 19:44:30.317, 0, 0, 944, 23034
2026/06/04 19:44:35.318, 0, 0, 944, 23034
2026/06/04 19:44:40.320, 0, 0, 944, 23034
2026/06/04 19:44:45.322, 0, 0, 944, 23034
2026/06/04 19:44:50.323, 0, 0, 944, 23034
2026/06/04 19:44:55.324, 0, 0, 944, 23034
2026/06/04 19:45:00.326, 0, 0, 944, 23034
2026/06/04 19:45:05.326, 0, 0, 944, 23034
2026/06/04 19:45:10.328, 0, 0, 944, 23034
2026/06/04 19:45:15.330, 0, 0, 944, 23034
2026/06/04 19:45:20.330, 0, 0, 944, 23034
2026/06/04 19:45:25.331, 0, 0, 944, 23034
2026/06/04 19:45:30.332, 0, 0, 944, 23034
2026/06/04 19:45:35.332, 0, 0, 944, 23034
2026/06/04 19:45:40.334, 0, 0, 944, 23034
2026/06/04 19:45:45.334, 0, 0, 944, 23034
2026/06/04 19:45:50.335, 0, 0, 944, 23034
2026/06/04 19:45:55.336, 0, 0, 944, 23034
2026/06/04 19:46:00.336, 0, 0, 944, 23034
2026/06/04 19:46:05.337, 0, 0, 944, 23034
2026/06/04 19:46:10.338, 0, 0, 944, 23034
2026/06/04 19:46:15.339, 0, 0, 944, 23034
2026/06/04 19:46:20.339, 0, 0, 944, 23034
2026/06/04 19:46:25.341, 0, 0, 944, 23034
2026/06/04 19:46:30.342, 0, 0, 944, 23034
2026/06/04 19:46:35.344, 0, 0, 944, 23034
2026/06/04 19:46:40.346, 0, 0, 944, 23034
2026/06/04 19:46:45.348, 0, 0, 944, 23034
2026/06/04 19:46:50.349, 0, 0, 944, 23034
2026/06/04 19:46:55.352, 0, 0, 944, 23034
2026/06/04 19:47:00.353, 0, 0, 944, 23034
2026/06/04 19:47:05.355, 0, 0, 944, 23034
2026/06/04 19:47:10.356, 0, 0, 944, 23034
2026/06/04 19:47:15.356, 0, 0, 944, 23034
2026/06/04 19:47:20.358, 0, 0, 944, 23034
2026/06/04 19:47:25.359, 0, 0, 944, 23034
2026/06/04 19:47:30.359, 0, 0, 944, 23034
2026/06/04 19:47:35.361, 0, 0, 944, 23034
2026/06/04 19:47:40.362, 0, 0, 944, 23034
2026/06/04 19:47:45.364, 0, 0, 944, 23034
2026/06/04 19:47:50.365, 0, 0, 944, 23034
2026/06/04 19:47:55.366, 0, 0, 944, 23034
2026/06/04 19:48:00.366, 0, 0, 944, 23034
2026/06/04 19:48:05.367, 0, 0, 944, 23034
2026/06/04 19:48:10.367, 0, 0, 944, 23034
2026/06/04 19:48:15.368, 0, 0, 944, 23034
2026/06/04 19:48:20.369, 0, 0, 944, 23034
2026/06/04 19:48:25.371, 0, 0, 944, 23034
2026/06/04 19:48:30.372, 0, 0, 944, 23034
2026/06/04 19:48:35.373, 0, 0, 944, 23034
2026/06/04 19:48:40.374, 0, 0, 944, 23034
2026/06/04 19:48:45.374, 0, 0, 944, 23034
2026/06/04 19:48:50.375, 0, 0, 944, 23034
2026/06/04 19:48:55.376, 0, 0, 944, 23034
2026/06/04 19:49:00.377, 0, 0, 944, 23034
2026/06/04 19:49:05.378, 0, 0, 944, 23034
2026/06/04 19:49:10.378, 0, 0, 944, 23034
2026/06/04 19:49:15.379, 0, 0, 944, 23034
2026/06/04 19:49:20.380, 0, 0, 944, 23034
2026/06/04 19:49:25.380, 0, 0, 944, 23034
2026/06/04 19:49:30.384, 0, 0, 944, 23034
2026/06/04 19:49:35.385, 0, 0, 944, 23034
2026/06/04 19:49:40.385, 0, 0, 944, 23034
2026/06/04 19:49:45.386, 0, 0, 944, 23034
2026/06/04 19:49:50.388, 0, 0, 944, 23034
2026/06/04 19:49:55.389, 0, 0, 944, 23034
2026/06/04 19:50:00.389, 0, 0, 944, 23034
2026/06/04 19:50:05.390, 0, 0, 944, 23034
2026/06/04 19:50:10.391, 0, 0, 944, 23034
2026/06/04 19:50:15.392, 0, 0, 944, 23034
2026/06/04 19:50:20.393, 0, 0, 944, 23034
2026/06/04 19:50:25.395, 0, 0, 944, 23034
2026/06/04 19:50:30.396, 0, 0, 944, 23034
2026/06/04 19:50:35.398, 0, 0, 944, 23034
2026/06/04 19:50:40.399, 0, 0, 944, 23034
2026/06/04 19:50:45.400, 0, 0, 944, 23034
2026/06/04 19:50:50.402, 0, 0, 944, 23034
2026/06/04 19:50:55.403, 0, 0, 944, 23034
2026/06/04 19:51:00.404, 0, 0, 944, 23034
2026/06/04 19:51:05.405, 0, 0, 944, 23034
2026/06/04 19:51:10.407, 0, 0, 944, 23034
2026/06/04 19:51:15.408, 0, 0, 944, 23034
2026/06/04 19:51:20.410, 0, 0, 944, 23034
2026/06/04 19:51:25.414, 0, 0, 944, 23034
2026/06/04 19:51:30.414, 0, 0, 944, 23034
2026/06/04 19:51:35.416, 0, 0, 944, 23034
2026/06/04 19:51:40.418, 0, 0, 944, 23034
2026/06/04 19:51:45.420, 0, 0, 944, 23034
2026/06/04 19:51:50.422, 0, 0, 944, 23034
2026/06/04 19:51:55.423, 0, 0, 944, 23034
2026/06/04 19:52:00.426, 0, 0, 944, 23034
2026/06/04 19:52:05.428, 0, 0, 944, 23034
2026/06/04 19:52:10.428, 0, 0, 944, 23034
2026/06/04 19:52:15.430, 0, 0, 944, 23034
2026/06/04 19:52:20.431, 0, 0, 944, 23034
2026/06/04 19:52:25.432, 0, 0, 944, 23034
2026/06/04 19:52:30.433, 0, 0, 944, 23034
2026/06/04 19:52:35.434, 0, 0, 944, 23034
2026/06/04 19:52:40.436, 0, 0, 944, 23034
2026/06/04 19:52:45.437, 0, 0, 944, 23034
2026/06/04 19:52:50.440, 0, 0, 944, 23034
2026/06/04 19:52:55.441, 0, 0, 944, 23034
2026/06/04 19:53:00.443, 0, 0, 944, 23034
2026/06/04 19:53:05.446, 0, 0, 944, 23034
2026/06/04 19:53:10.446, 0, 0, 944, 23034
2026/06/04 19:53:15.448, 0, 0, 944, 23034
2026/06/04 19:53:20.450, 0, 0, 944, 23034
2026/06/04 19:53:25.452, 0, 0, 944, 23034
2026/06/04 19:53:30.454, 0, 0, 944, 23034
2026/06/04 19:53:35.457, 0, 0, 944, 23034
2026/06/04 19:53:40.459, 0, 0, 944, 23034
2026/06/04 19:53:45.459, 0, 0, 944, 23034
2026/06/04 19:53:50.461, 0, 0, 944, 23034
2026/06/04 19:53:55.461, 0, 0, 944, 23034
2026/06/04 19:54:00.462, 0, 0, 944, 23034
2026/06/04 19:54:05.463, 0, 0, 944, 23034
2026/06/04 19:54:10.463, 0, 0, 944, 23034
2026/06/04 19:54:15.464, 0, 0, 944, 23034
2026/06/04 19:54:20.466, 0, 0, 944, 23034
2026/06/04 19:54:25.468, 0, 0, 944, 23034
2026/06/04 19:54:30.469, 0, 0, 944, 23034
2026/06/04 19:54:35.471, 0, 0, 944, 23034
2026/06/04 19:54:40.473, 0, 0, 944, 23034
2026/06/04 19:54:45.475, 0, 0, 944, 23034
2026/06/04 19:54:50.477, 0, 0, 944, 23034
2026/06/04 19:54:55.479, 0, 0, 944, 23034
2026/06/04 19:55:00.481, 0, 0, 944, 23034
2026/06/04 19:55:05.483, 0, 0, 944, 23034
2026/06/04 19:55:10.484, 0, 0, 944, 23034
2026/06/04 19:55:15.487, 0, 0, 944, 23034
2026/06/04 19:55:20.488, 0, 0, 944, 23034
2026/06/04 19:55:25.490, 0, 0, 944, 23034
2026/06/04 19:55:30.492, 0, 0, 944, 23034
2026/06/04 19:55:35.493, 0, 0, 944, 23034
2026/06/04 19:55:40.494, 0, 0, 944, 23034
2026/06/04 19:55:45.495, 0, 0, 944, 23034
2026/06/04 19:55:50.496, 0, 0, 944, 23034
2026/06/04 19:55:55.498, 0, 0, 944, 23034
2026/06/04 19:56:00.498, 0, 0, 944, 23034
2026/06/04 19:56:05.499, 0, 0, 944, 23034
2026/06/04 19:56:10.499, 0, 0, 944, 23034
2026/06/04 19:56:15.500, 0, 0, 944, 23034
2026/06/04 19:56:20.502, 0, 0, 944, 23034
2026/06/04 19:56:25.503, 0, 0, 944, 23034
2026/06/04 19:56:30.504, 0, 0, 944, 23034
2026/06/04 19:56:35.505, 0, 0, 944, 23034
2026/06/04 19:56:40.507, 0, 0, 944, 23034
2026/06/04 19:56:45.508, 0, 0, 944, 23034
2026/06/04 19:56:50.510, 0, 0, 944, 23034
2026/06/04 19:56:55.511, 0, 0, 944, 23034
2026/06/04 19:57:00.512, 0, 0, 944, 23034
2026/06/04 19:57:05.514, 0, 0, 944, 23034
2026/06/04 19:57:10.515, 0, 0, 944, 23034
2026/06/04 19:57:15.517, 0, 0, 944, 23034
2026/06/04 19:57:20.518, 0, 0, 944, 23034
2026/06/04 19:57:25.520, 0, 0, 944, 23034
2026/06/04 19:57:30.521, 0, 0, 944, 23034
2026/06/04 19:57:35.522, 0, 0, 944, 23034
2026/06/04 19:57:40.524, 0, 0, 944, 23034
2026/06/04 19:57:45.524, 0, 0, 944, 23034
2026/06/04 19:57:50.525, 0, 0, 944, 23034
2026/06/04 19:57:55.525, 0, 0, 944, 23034
2026/06/04 19:58:00.526, 0, 0, 944, 23034
2026/06/04 19:58:05.526, 0, 0, 944, 23034
2026/06/04 19:58:10.527, 0, 0, 944, 23034
2026/06/04 19:58:15.528, 0, 0, 944, 23034
2026/06/04 19:58:20.528, 0, 0, 944, 23034
2026/06/04 19:58:25.529, 0, 0, 944, 23034
2026/06/04 19:58:30.530, 0, 0, 944, 23034
2026/06/04 19:58:35.530, 0, 0, 944, 23034
2026/06/04 19:58:40.531, 0, 0, 944, 23034
2026/06/04 19:58:45.531, 0, 0, 944, 23034
2026/06/04 19:58:50.532, 0, 0, 944, 23034
2026/06/04 19:58:55.533, 0, 0, 944, 23034
2026/06/04 19:59:00.534, 0, 0, 944, 23034
2026/06/04 19:59:05.534, 0, 0, 944, 23034
2026/06/04 19:59:10.536, 0, 0, 944, 23034
2026/06/04 19:59:15.537, 0, 0, 944, 23034
2026/06/04 19:59:20.538, 0, 0, 944, 23034
2026/06/04 19:59:25.539, 0, 0, 944, 23034
2026/06/04 19:59:30.540, 0, 0, 944, 23034
2026/06/04 19:59:35.542, 0, 0, 944, 23034
2026/06/04 19:59:40.543, 0, 0, 944, 23034
2026/06/04 19:59:45.544, 0, 0, 944, 23034
2026/06/04 19:59:50.546, 0, 0, 944, 23034
2026/06/04 19:59:55.547, 0, 0, 944, 23034
2026/06/04 20:00:00.548, 0, 0, 944, 23034
2026/06/04 20:00:05.550, 0, 0, 944, 23034
2026/06/04 20:00:10.551, 0, 0, 944, 23034
2026/06/04 20:00:15.553, 0, 0, 944, 23034
2026/06/04 20:00:20.553, 0, 0, 944, 23034
2026/06/04 20:00:25.554, 0, 0, 944, 23034
2026/06/04 20:00:30.555, 0, 0, 944, 23034
2026/06/04 20:00:35.555, 0, 0, 944, 23034
2026/06/04 20:00:40.556, 0, 0, 944, 23034
2026/06/04 20:00:45.557, 0, 0, 944, 23034
2026/06/04 20:00:50.558, 0, 0, 944, 23034
2026/06/04 20:00:55.559, 0, 0, 944, 23034
2026/06/04 20:01:00.561, 0, 0, 944, 23034
2026/06/04 20:01:05.562, 0, 0, 944, 23034
2026/06/04 20:01:10.563, 0, 0, 944, 23034
2026/06/04 20:01:15.565, 0, 0, 944, 23034
2026/06/04 20:01:20.566, 0, 0, 944, 23034
2026/06/04 20:01:25.567, 0, 0, 944, 23034
2026/06/04 20:01:30.568, 0, 0, 944, 23034
2026/06/04 20:01:35.569, 0, 0, 944, 23034
2026/06/04 20:01:40.571, 0, 0, 944, 23034
2026/06/04 20:01:45.572, 0, 0, 944, 23034
2026/06/04 20:01:50.572, 0, 0, 944, 23034
2026/06/04 20:01:55.573, 0, 0, 944, 23034
2026/06/04 20:02:00.574, 0, 0, 944, 23034
2026/06/04 20:02:05.576, 0, 0, 944, 23034
2026/06/04 20:02:10.577, 0, 0, 944, 23034
2026/06/04 20:02:15.578, 0, 0, 944, 23034
2026/06/04 20:02:20.579, 0, 0, 944, 23034
2026/06/04 20:02:25.580, 0, 0, 944, 23034
2026/06/04 20:02:30.581, 0, 0, 944, 23034
2026/06/04 20:02:35.582, 0, 0, 944, 23034
2026/06/04 20:02:40.582, 0, 0, 944, 23034
2026/06/04 20:02:45.583, 0, 0, 944, 23034
2026/06/04 20:02:50.584, 0, 0, 944, 23034
2026/06/04 20:02:55.585, 0, 0, 944, 23034
2026/06/04 20:03:00.586, 0, 0, 944, 23034
2026/06/04 20:03:05.587, 0, 0, 944, 23034
2026/06/04 20:03:10.588, 0, 0, 944, 23034
2026/06/04 20:03:15.590, 0, 0, 944, 23034
2026/06/04 20:03:20.591, 0, 0, 944, 23034
2026/06/04 20:03:25.593, 0, 0, 944, 23034
2026/06/04 20:03:30.594, 0, 0, 944, 23034
2026/06/04 20:03:35.596, 0, 0, 944, 23034
2026/06/04 20:03:40.597, 0, 0, 944, 23034
2026/06/04 20:03:45.597, 0, 0, 944, 23034
2026/06/04 20:03:50.598, 0, 0, 944, 23034
2026/06/04 20:03:55.599, 0, 0, 944, 23034
2026/06/04 20:04:00.600, 0, 0, 944, 23034
2026/06/04 20:04:05.601, 0, 0, 944, 23034
2026/06/04 20:04:10.603, 0, 0, 944, 23034
2026/06/04 20:04:15.605, 0, 0, 944, 23034
2026/06/04 20:04:20.606, 0, 0, 944, 23034
2026/06/04 20:04:25.607, 0, 0, 944, 23034
2026/06/04 20:04:30.608, 0, 0, 944, 23034
2026/06/04 20:04:35.610, 0, 0, 944, 23034
2026/06/04 20:04:40.611, 0, 0, 944, 23034
2026/06/04 20:04:45.612, 0, 0, 944, 23034
2026/06/04 20:04:50.613, 0, 0, 944, 23034
2026/06/04 20:04:55.614, 0, 0, 944, 23034
2026/06/04 20:05:00.615, 0, 0, 944, 23034
2026/06/04 20:05:05.616, 0, 0, 944, 23034
2026/06/04 20:05:10.618, 0, 0, 944, 23034
2026/06/04 20:05:15.619, 0, 0, 944, 23034
2026/06/04 20:05:20.620, 0, 0, 944, 23034
2026/06/04 20:05:25.622, 0, 0, 944, 23034
2026/06/04 20:05:30.623, 0, 0, 944, 23034
2026/06/04 20:05:35.624, 0, 0, 944, 23034
2026/06/04 20:05:40.625, 0, 0, 944, 23034
2026/06/04 20:05:45.627, 0, 0, 944, 23034
2026/06/04 20:05:50.628, 0, 0, 944, 23034
2026/06/04 20:05:55.629, 0, 0, 944, 23034
2026/06/04 20:06:00.631, 0, 0, 944, 23034
2026/06/04 20:06:05.632, 0, 0, 944, 23034
2026/06/04 20:06:10.633, 0, 0, 944, 23034
2026/06/04 20:06:15.634, 0, 0, 944, 23034
2026/06/04 20:06:20.634, 0, 0, 944, 23034
2026/06/04 20:06:25.634, 0, 0, 944, 23034
2026/06/04 20:06:30.635, 0, 0, 944, 23034
2026/06/04 20:06:35.636, 0, 0, 944, 23034
2026/06/04 20:06:40.636, 0, 0, 944, 23034
2026/06/04 20:06:45.637, 0, 0, 944, 23034
2026/06/04 20:06:50.638, 0, 0, 944, 23034
2026/06/04 20:06:55.640, 0, 0, 944, 23034
2026/06/04 20:07:00.641, 0, 0, 944, 23034
2026/06/04 20:07:05.643, 0, 0, 944, 23034
2026/06/04 20:07:10.644, 0, 0, 944, 23034
2026/06/04 20:07:15.646, 0, 0, 944, 23034
2026/06/04 20:07:20.647, 0, 0, 944, 23034
2026/06/04 20:07:25.649, 0, 0, 944, 23034
2026/06/04 20:07:30.650, 0, 0, 944, 23034
2026/06/04 20:07:35.654, 0, 0, 944, 23034
2026/06/04 20:07:40.655, 0, 0, 944, 23034
2026/06/04 20:07:45.657, 0, 0, 944, 23034
2026/06/04 20:07:50.658, 0, 0, 944, 23034
2026/06/04 20:07:55.659, 0, 0, 944, 23034
2026/06/04 20:08:00.661, 0, 0, 944, 23034
2026/06/04 20:08:05.662, 0, 0, 944, 23034
2026/06/04 20:08:10.664, 0, 0, 944, 23034
2026/06/04 20:08:15.665, 0, 0, 944, 23034
2026/06/04 20:08:20.667, 0, 0, 944, 23034
2026/06/04 20:08:25.668, 0, 0, 944, 23034
2026/06/04 20:08:30.671, 0, 0, 944, 23034
2026/06/04 20:08:35.671, 0, 0, 944, 23034
2026/06/04 20:08:40.672, 0, 0, 944, 23034
2026/06/04 20:08:45.672, 0, 0, 944, 23034
2026/06/04 20:08:50.673, 0, 0, 944, 23034
2026/06/04 20:08:55.674, 0, 0, 944, 23034
2026/06/04 20:09:00.676, 0, 0, 944, 23034
2026/06/04 20:09:05.676, 0, 0, 944, 23034
2026/06/04 20:09:10.677, 0, 0, 944, 23034
2026/06/04 20:09:15.678, 0, 0, 944, 23034
2026/06/04 20:09:20.678, 0, 0, 944, 23034
2026/06/04 20:09:25.679, 0, 0, 944, 23034
2026/06/04 20:09:30.680, 0, 0, 944, 23034
2026/06/04 20:09:35.681, 0, 0, 944, 23034
2026/06/04 20:09:40.684, 0, 0, 944, 23034
2026/06/04 20:09:45.685, 0, 0, 944, 23034
2026/06/04 20:09:50.686, 0, 0, 944, 23034
2026/06/04 20:09:55.687, 0, 0, 944, 23034
2026/06/04 20:10:00.688, 0, 0, 944, 23034
2026/06/04 20:10:05.689, 0, 0, 944, 23034
2026/06/04 20:10:10.691, 0, 0, 944, 23034
2026/06/04 20:10:15.692, 0, 0, 944, 23034
2026/06/04 20:10:20.693, 0, 0, 944, 23034
2026/06/04 20:10:25.694, 0, 0, 944, 23034
2026/06/04 20:10:30.695, 0, 0, 944, 23034
2026/06/04 20:10:35.697, 0, 0, 944, 23034
2026/06/04 20:10:40.698, 0, 0, 944, 23034
2026/06/04 20:10:45.699, 0, 0, 944, 23034
2026/06/04 20:10:50.701, 0, 0, 944, 23034
2026/06/04 20:10:55.702, 0, 0, 944, 23034
2026/06/04 20:11:00.702, 0, 0, 944, 23034
2026/06/04 20:11:05.703, 0, 0, 944, 23034
2026/06/04 20:11:10.703, 0, 0, 944, 23034
2026/06/04 20:11:15.705, 0, 0, 944, 23034
2026/06/04 20:11:20.706, 0, 0, 944, 23034
2026/06/04 20:11:25.706, 0, 0, 944, 23034
2026/06/04 20:11:30.707, 0, 0, 944, 23034
2026/06/04 20:11:35.708, 0, 0, 944, 23034
2026/06/04 20:11:40.709, 0, 0, 944, 23034
2026/06/04 20:11:45.710, 0, 0, 944, 23034
2026/06/04 20:11:50.711, 0, 0, 944, 23034
2026/06/04 20:11:55.712, 0, 0, 944, 23034
2026/06/04 20:12:00.713, 0, 0, 944, 23034
2026/06/04 20:12:05.715, 0, 0, 944, 23034
2026/06/04 20:12:10.717, 0, 0, 944, 23034
2026/06/04 20:12:15.718, 0, 0, 944, 23034
2026/06/04 20:12:20.719, 0, 0, 944, 23034
2026/06/04 20:12:25.720, 0, 0, 944, 23034
2026/06/04 20:12:30.722, 0, 0, 944, 23034
2026/06/04 20:12:35.723, 0, 0, 944, 23034
2026/06/04 20:12:40.724, 0, 0, 944, 23034
2026/06/04 20:12:45.725, 0, 0, 944, 23034
2026/06/04 20:12:50.725, 0, 0, 944, 23034
2026/06/04 20:12:55.726, 0, 0, 944, 23034
2026/06/04 20:13:00.728, 0, 0, 944, 23034
2026/06/04 20:13:05.730, 0, 0, 944, 23034
2026/06/04 20:13:10.731, 0, 0, 944, 23034
2026/06/04 20:13:15.732, 0, 0, 944, 23034
2026/06/04 20:13:20.734, 0, 0, 944, 23034
2026/06/04 20:13:25.735, 0, 0, 944, 23034
2026/06/04 20:13:30.736, 0, 0, 944, 23034
2026/06/04 20:13:35.738, 0, 0, 944, 23034
2026/06/04 20:13:40.739, 0, 0, 944, 23034
2026/06/04 20:13:45.739, 0, 0, 944, 23034
2026/06/04 20:13:50.741, 0, 0, 944, 23034
2026/06/04 20:13:55.742, 0, 0, 944, 23034
2026/06/04 20:14:00.743, 0, 0, 944, 23034
2026/06/04 20:14:05.744, 0, 0, 944, 23034
2026/06/04 20:14:10.746, 0, 0, 944, 23034
2026/06/04 20:14:15.747, 0, 0, 944, 23034
2026/06/04 20:14:20.747, 0, 0, 944, 23034
2026/06/04 20:14:25.748, 0, 0, 944, 23034
2026/06/04 20:14:30.748, 0, 0, 944, 23034
2026/06/04 20:14:35.749, 0, 0, 944, 23034
2026/06/04 20:14:40.750, 0, 0, 944, 23034
2026/06/04 20:14:45.750, 0, 0, 944, 23034
2026/06/04 20:14:50.752, 0, 0, 944, 23034
2026/06/04 20:14:55.753, 0, 0, 944, 23034
2026/06/04 20:15:00.754, 0, 0, 944, 23034
2026/06/04 20:15:05.756, 0, 0, 944, 23034
2026/06/04 20:15:10.757, 0, 0, 944, 23034
2026/06/04 20:15:15.758, 0, 0, 944, 23034
2026/06/04 20:15:20.759, 0, 0, 944, 23034
2026/06/04 20:15:25.761, 0, 0, 944, 23034
2026/06/04 20:15:30.762, 0, 0, 944, 23034
2026/06/04 20:15:35.763, 0, 0, 944, 23034
2026/06/04 20:15:40.764, 0, 0, 944, 23034
2026/06/04 20:15:45.765, 0, 0, 944, 23034
2026/06/04 20:15:50.765, 0, 0, 944, 23034
2026/06/04 20:15:55.766, 0, 0, 944, 23034
2026/06/04 20:16:00.766, 0, 0, 944, 23034
2026/06/04 20:16:05.768, 0, 0, 944, 23034
2026/06/04 20:16:10.768, 0, 0, 944, 23034
2026/06/04 20:16:15.769, 0, 0, 944, 23034
2026/06/04 20:16:20.771, 0, 0, 944, 23034
2026/06/04 20:16:25.772, 0, 0, 944, 23034
2026/06/04 20:16:30.775, 0, 0, 944, 23034
2026/06/04 20:16:35.777, 0, 0, 944, 23034
2026/06/04 20:16:40.778, 0, 0, 944, 23034
2026/06/04 20:16:45.779, 0, 0, 944, 23034
2026/06/04 20:16:50.779, 0, 0, 944, 23034
2026/06/04 20:16:55.783, 0, 0, 944, 23034
2026/06/04 20:17:00.783, 0, 0, 944, 23034
2026/06/04 20:17:05.784, 0, 0, 944, 23034
2026/06/04 20:17:10.786, 0, 0, 944, 23034
2026/06/04 20:17:15.787, 0, 0, 944, 23034
2026/06/04 20:17:20.788, 0, 0, 944, 23034
2026/06/04 20:17:25.789, 0, 0, 944, 23034
2026/06/04 20:17:30.790, 0, 0, 944, 23034
2026/06/04 20:17:35.792, 0, 0, 944, 23034
2026/06/04 20:17:40.793, 0, 0, 944, 23034
2026/06/04 20:17:45.794, 0, 0, 944, 23034
2026/06/04 20:17:50.796, 0, 0, 944, 23034
2026/06/04 20:17:55.797, 0, 0, 944, 23034
2026/06/04 20:18:00.798, 0, 0, 944, 23034
2026/06/04 20:18:05.799, 0, 0, 944, 23034
2026/06/04 20:18:10.800, 0, 0, 944, 23034
2026/06/04 20:18:15.802, 0, 0, 944, 23034
2026/06/04 20:18:20.803, 0, 0, 944, 23034
2026/06/04 20:18:25.804, 0, 0, 944, 23034
2026/06/04 20:18:30.805, 0, 0, 944, 23034
2026/06/04 20:18:35.806, 0, 0, 944, 23034
2026/06/04 20:18:40.807, 0, 0, 944, 23034
2026/06/04 20:18:45.808, 0, 0, 944, 23034
2026/06/04 20:18:50.809, 0, 0, 944, 23034
2026/06/04 20:18:55.811, 0, 0, 944, 23034
2026/06/04 20:19:00.812, 0, 0, 944, 23034
2026/06/04 20:19:05.813, 0, 0, 944, 23034
2026/06/04 20:19:10.815, 0, 0, 944, 23034
2026/06/04 20:19:15.816, 0, 0, 944, 23034
2026/06/04 20:19:20.820, 0, 0, 944, 23034
2026/06/04 20:19:25.821, 0, 0, 944, 23034
2026/06/04 20:19:30.822, 0, 0, 944, 23034
2026/06/04 20:19:35.824, 0, 0, 944, 23034
2026/06/04 20:19:40.826, 0, 0, 944, 23034
2026/06/04 20:19:45.827, 0, 0, 944, 23034
2026/06/04 20:19:50.828, 0, 0, 944, 23034
2026/06/04 20:19:55.831, 0, 0, 944, 23034
2026/06/04 20:20:00.832, 0, 0, 944, 23034
2026/06/04 20:20:05.833, 0, 0, 944, 23034
2026/06/04 20:20:10.834, 0, 0, 944, 23034
2026/06/04 20:20:15.835, 0, 0, 944, 23034
2026/06/04 20:20:20.836, 0, 0, 944, 23034
2026/06/04 20:20:25.838, 0, 0, 944, 23034
2026/06/04 20:20:30.839, 0, 0, 944, 23034
2026/06/04 20:20:35.840, 0, 0, 944, 23034
2026/06/04 20:20:40.841, 0, 0, 944, 23034
2026/06/04 20:20:45.843, 0, 0, 944, 23034
2026/06/04 20:20:50.844, 0, 0, 944, 23034
2026/06/04 20:20:55.845, 0, 0, 944, 23034
2026/06/04 20:21:00.846, 0, 0, 944, 23034
2026/06/04 20:21:05.847, 0, 0, 944, 23034
2026/06/04 20:21:10.849, 0, 0, 944, 23034
2026/06/04 20:21:15.850, 0, 0, 944, 23034
2026/06/04 20:21:20.851, 0, 0, 944, 23034
2026/06/04 20:21:25.853, 0, 0, 944, 23034
2026/06/04 20:21:30.854, 0, 0, 944, 23034
2026/06/04 20:21:35.855, 0, 0, 944, 23034
2026/06/04 20:21:40.857, 0, 0, 944, 23034
2026/06/04 20:21:45.858, 0, 0, 944, 23034
2026/06/04 20:21:50.859, 0, 0, 944, 23034
2026/06/04 20:21:55.861, 0, 0, 944, 23034
2026/06/04 20:22:00.862, 0, 0, 944, 23034
2026/06/04 20:22:05.864, 0, 0, 944, 23034
2026/06/04 20:22:10.865, 0, 0, 944, 23034
2026/06/04 20:22:15.867, 0, 0, 944, 23034
2026/06/04 20:22:20.868, 0, 0, 944, 23034
2026/06/04 20:22:25.869, 0, 0, 944, 23034
2026/06/04 20:22:30.870, 0, 0, 944, 23034
2026/06/04 20:22:35.870, 0, 0, 944, 23034
2026/06/04 20:22:40.870, 0, 0, 944, 23034
2026/06/04 20:22:45.872, 0, 0, 944, 23034
2026/06/04 20:22:50.872, 0, 0, 944, 23034
2026/06/04 20:22:55.873, 0, 0, 944, 23034
2026/06/04 20:23:00.874, 0, 0, 944, 23034
2026/06/04 20:23:05.874, 0, 0, 944, 23034
2026/06/04 20:23:10.875, 0, 0, 944, 23034
2026/06/04 20:23:15.876, 0, 0, 944, 23034
2026/06/04 20:23:20.877, 0, 0, 944, 23034
2026/06/04 20:23:25.878, 0, 0, 944, 23034
2026/06/04 20:23:30.880, 0, 0, 944, 23034
2026/06/04 20:23:35.881, 0, 0, 944, 23034
2026/06/04 20:23:40.882, 0, 0, 944, 23034
2026/06/04 20:23:45.884, 0, 0, 944, 23034
2026/06/04 20:23:50.885, 0, 0, 944, 23034
2026/06/04 20:23:55.886, 0, 0, 944, 23034
2026/06/04 20:24:00.887, 0, 0, 944, 23034
2026/06/04 20:24:05.888, 0, 0, 944, 23034
2026/06/04 20:24:10.890, 0, 0, 944, 23034
2026/06/04 20:24:15.891, 0, 0, 944, 23034
2026/06/04 20:24:20.892, 0, 0, 944, 23034
2026/06/04 20:24:25.893, 0, 0, 944, 23034
2026/06/04 20:24:30.895, 0, 0, 944, 23034
2026/06/04 20:24:35.896, 0, 0, 944, 23034
2026/06/04 20:24:40.897, 0, 0, 944, 23034
2026/06/04 20:24:45.898, 0, 0, 944, 23034
2026/06/04 20:24:50.899, 0, 0, 944, 23034
2026/06/04 20:24:55.901, 0, 0, 944, 23034
2026/06/04 20:25:00.902, 0, 0, 944, 23034
2026/06/04 20:25:05.903, 0, 0, 944, 23034
2026/06/04 20:25:10.904, 0, 0, 944, 23034
2026/06/04 20:25:15.906, 0, 0, 944, 23034
2026/06/04 20:25:20.906, 0, 0, 944, 23034
2026/06/04 20:25:25.907, 0, 0, 944, 23034
2026/06/04 20:25:30.907, 0, 0, 944, 23034
2026/06/04 20:25:35.908, 0, 0, 944, 23034
2026/06/04 20:25:40.908, 0, 0, 944, 23034
2026/06/04 20:25:45.909, 0, 0, 944, 23034
2026/06/04 20:25:50.911, 0, 0, 944, 23034
2026/06/04 20:25:55.912, 0, 0, 944, 23034
2026/06/04 20:26:00.913, 0, 0, 944, 23034
2026/06/04 20:26:05.914, 0, 0, 944, 23034
2026/06/04 20:26:10.915, 0, 0, 944, 23034
2026/06/04 20:26:15.916, 0, 0, 944, 23034
2026/06/04 20:26:20.918, 0, 0, 944, 23034
2026/06/04 20:26:25.919, 0, 0, 944, 23034
2026/06/04 20:26:30.920, 0, 0, 944, 23034
2026/06/04 20:26:35.921, 0, 0, 944, 23034
2026/06/04 20:26:40.922, 0, 0, 944, 23034
2026/06/04 20:26:45.923, 0, 0, 944, 23034
2026/06/04 20:26:50.925, 0, 0, 944, 23034
2026/06/04 20:26:55.926, 0, 0, 944, 23034
2026/06/04 20:27:00.927, 0, 0, 944, 23034
2026/06/04 20:27:05.928, 0, 0, 944, 23034
2026/06/04 20:27:10.929, 0, 0, 944, 23034
2026/06/04 20:27:15.930, 0, 0, 944, 23034
2026/06/04 20:27:20.931, 0, 0, 944, 23034
2026/06/04 20:27:25.932, 0, 0, 944, 23034
2026/06/04 20:27:30.934, 0, 0, 944, 23034
2026/06/04 20:27:35.935, 0, 0, 944, 23034
2026/06/04 20:27:40.936, 0, 0, 944, 23034
2026/06/04 20:27:45.937, 0, 0, 944, 23034
2026/06/04 20:27:50.938, 0, 0, 944, 23034
2026/06/04 20:27:55.939, 0, 0, 944, 23034
2026/06/04 20:28:00.941, 0, 0, 944, 23034
2026/06/04 20:28:05.942, 0, 0, 944, 23034
2026/06/04 20:28:10.943, 0, 0, 944, 23034
2026/06/04 20:28:15.944, 0, 0, 944, 23034
2026/06/04 20:28:20.945, 0, 0, 944, 23034
2026/06/04 20:28:25.946, 0, 0, 944, 23034
2026/06/04 20:28:30.947, 0, 0, 944, 23034
2026/06/04 20:28:35.949, 0, 0, 944, 23034
2026/06/04 20:28:40.951, 0, 0, 944, 23034
2026/06/04 20:28:45.952, 0, 0, 944, 23034
2026/06/04 20:28:50.953, 0, 0, 944, 23034
2026/06/04 20:28:55.954, 0, 0, 944, 23034
2026/06/04 20:29:00.955, 0, 0, 944, 23034
2026/06/04 20:29:05.956, 0, 0, 944, 23034
2026/06/04 20:29:10.956, 0, 0, 944, 23034
2026/06/04 20:29:15.957, 0, 0, 944, 23034
2026/06/04 20:29:20.958, 0, 0, 944, 23034
2026/06/04 20:29:25.960, 0, 0, 944, 23034
2026/06/04 20:29:30.961, 0, 0, 944, 23034
2026/06/04 20:29:35.962, 0, 0, 944, 23034
2026/06/04 20:29:40.963, 0, 0, 944, 23034
2026/06/04 20:29:45.964, 0, 0, 944, 23034
2026/06/04 20:29:50.966, 0, 0, 944, 23034
2026/06/04 20:29:55.967, 0, 0, 944, 23034
2026/06/04 20:30:00.968, 0, 0, 944, 23034
2026/06/04 20:30:05.969, 0, 0, 944, 23034
2026/06/04 20:30:10.970, 0, 0, 944, 23034
2026/06/04 20:30:15.972, 0, 0, 944, 23034
2026/06/04 20:30:20.973, 0, 0, 944, 23034
2026/06/04 20:30:25.974, 0, 0, 944, 23034
2026/06/04 20:30:30.976, 0, 0, 944, 23034
2026/06/04 20:30:35.976, 0, 0, 944, 23034
2026/06/04 20:30:40.977, 0, 0, 944, 23034
2026/06/04 20:30:45.978, 0, 0, 944, 23034
2026/06/04 20:30:50.979, 0, 0, 944, 23034
2026/06/04 20:30:55.980, 0, 0, 944, 23034
2026/06/04 20:31:00.982, 0, 0, 944, 23034
2026/06/04 20:31:05.983, 0, 0, 944, 23034
2026/06/04 20:31:10.984, 0, 0, 944, 23034
2026/06/04 20:31:15.985, 0, 0, 944, 23034
2026/06/04 20:31:20.987, 0, 0, 944, 23034
2026/06/04 20:31:25.989, 0, 0, 944, 23034
2026/06/04 20:31:30.989, 0, 0, 944, 23034
2026/06/04 20:31:35.991, 0, 0, 944, 23034
2026/06/04 20:31:40.992, 0, 0, 944, 23034
2026/06/04 20:31:45.994, 0, 0, 944, 23034
2026/06/04 20:31:50.995, 0, 0, 944, 23034
2026/06/04 20:31:55.996, 0, 0, 944, 23034
2026/06/04 20:32:00.997, 0, 0, 944, 23034
2026/06/04 20:32:05.998, 0, 0, 944, 23034
2026/06/04 20:32:11.000, 0, 0, 944, 23034
2026/06/04 20:32:16.001, 0, 0, 944, 23034
2026/06/04 20:32:21.002, 0, 0, 944, 23034
2026/06/04 20:32:26.003, 0, 0, 944, 23034
2026/06/04 20:32:31.004, 0, 0, 944, 23034
2026/06/04 20:32:36.006, 0, 0, 944, 23034
2026/06/04 20:32:41.007, 0, 0, 944, 23034
2026/06/04 20:32:46.008, 0, 0, 944, 23034
2026/06/04 20:32:51.009, 0, 0, 944, 23034
2026/06/04 20:32:56.010, 0, 0, 944, 23034
2026/06/04 20:33:01.011, 0, 0, 944, 23034
2026/06/04 20:33:06.011, 0, 0, 944, 23034
2026/06/04 20:33:11.012, 0, 0, 944, 23034
2026/06/04 20:33:16.013, 0, 0, 944, 23034
2026/06/04 20:33:21.014, 0, 0, 944, 23034
2026/06/04 20:33:26.014, 0, 0, 944, 23034
2026/06/04 20:33:31.015, 0, 0, 944, 23034
2026/06/04 20:33:36.016, 0, 0, 944, 23034
2026/06/04 20:33:41.017, 0, 0, 944, 23034
2026/06/04 20:33:46.019, 0, 0, 944, 23034
2026/06/04 20:33:51.020, 0, 0, 944, 23034
2026/06/04 20:33:56.021, 0, 0, 944, 23034
2026/06/04 20:34:01.023, 0, 0, 944, 23034
2026/06/04 20:34:06.024, 0, 0, 944, 23034
2026/06/04 20:34:11.025, 0, 0, 944, 23034
2026/06/04 20:34:16.026, 0, 0, 944, 23034
2026/06/04 20:34:21.028, 0, 0, 944, 23034
2026/06/04 20:34:26.029, 0, 0, 944, 23034
2026/06/04 20:34:31.030, 0, 0, 944, 23034
2026/06/04 20:34:36.031, 0, 0, 944, 23034
2026/06/04 20:34:41.033, 0, 0, 944, 23034
2026/06/04 20:34:46.035, 0, 0, 944, 23034
2026/06/04 20:34:51.036, 0, 0, 944, 23034
2026/06/04 20:34:56.037, 0, 0, 944, 23034
2026/06/04 20:35:01.038, 0, 0, 944, 23034
2026/06/04 20:35:06.039, 0, 0, 944, 23034
2026/06/04 20:35:11.041, 0, 0, 944, 23034
2026/06/04 20:35:16.042, 0, 0, 944, 23034
2026/06/04 20:35:21.043, 0, 0, 944, 23034
2026/06/04 20:35:26.044, 0, 0, 944, 23034
2026/06/04 20:35:31.045, 0, 0, 944, 23034
2026/06/04 20:35:36.047, 0, 0, 944, 23034
2026/06/04 20:35:41.048, 0, 0, 944, 23034
2026/06/04 20:35:46.048, 0, 0, 944, 23034
2026/06/04 20:35:51.049, 0, 0, 944, 23034
2026/06/04 20:35:56.049, 0, 0, 944, 23034
2026/06/04 20:36:01.050, 0, 0, 944, 23034
2026/06/04 20:36:06.051, 0, 0, 944, 23034
2026/06/04 20:36:11.051, 0, 0, 944, 23034
2026/06/04 20:36:16.053, 0, 0, 944, 23034
2026/06/04 20:36:21.054, 0, 0, 944, 23034
2026/06/04 20:36:26.055, 0, 0, 944, 23034
2026/06/04 20:36:31.056, 0, 0, 944, 23034
2026/06/04 20:36:36.057, 0, 0, 944, 23034
2026/06/04 20:36:41.059, 0, 0, 944, 23034
2026/06/04 20:36:46.060, 0, 0, 944, 23034
2026/06/04 20:36:51.061, 0, 0, 944, 23034
2026/06/04 20:36:56.062, 0, 0, 944, 23034
2026/06/04 20:37:01.063, 0, 0, 944, 23034
2026/06/04 20:37:06.064, 0, 0, 944, 23034
2026/06/04 20:37:11.065, 0, 0, 944, 23034
2026/06/04 20:37:16.067, 0, 0, 944, 23034
2026/06/04 20:37:21.069, 0, 0, 944, 23034
2026/06/04 20:37:26.070, 0, 0, 944, 23034
2026/06/04 20:37:31.071, 0, 0, 944, 23034
2026/06/04 20:37:36.071, 0, 0, 944, 23034
2026/06/04 20:37:41.072, 0, 0, 944, 23034
2026/06/04 20:37:46.073, 0, 0, 944, 23034
2026/06/04 20:37:51.074, 0, 0, 944, 23034
2026/06/04 20:37:56.076, 0, 0, 944, 23034
2026/06/04 20:38:01.077, 0, 0, 944, 23034
2026/06/04 20:38:06.078, 0, 0, 944, 23034
2026/06/04 20:38:11.079, 0, 0, 944, 23034
2026/06/04 20:38:16.081, 0, 0, 944, 23034
2026/06/04 20:38:21.082, 0, 0, 944, 23034
2026/06/04 20:38:26.083, 0, 0, 944, 23034
2026/06/04 20:38:31.084, 0, 0, 944, 23034
2026/06/04 20:38:36.086, 0, 0, 944, 23034
2026/06/04 20:38:41.087, 0, 0, 944, 23034
2026/06/04 20:38:46.088, 0, 0, 944, 23034
2026/06/04 20:38:51.088, 0, 0, 944, 23034
2026/06/04 20:38:56.089, 0, 0, 944, 23034
2026/06/04 20:39:01.089, 0, 0, 944, 23034
2026/06/04 20:39:06.090, 0, 0, 944, 23034
2026/06/04 20:39:11.091, 0, 0, 944, 23034
2026/06/04 20:39:16.092, 0, 0, 944, 23034
2026/06/04 20:39:21.092, 0, 0, 944, 23034
2026/06/04 20:39:26.093, 0, 0, 944, 23034
2026/06/04 20:39:31.096, 0, 0, 944, 23034
2026/06/04 20:39:36.097, 0, 0, 944, 23034
2026/06/04 20:39:41.098, 0, 0, 944, 23034
2026/06/04 20:39:46.100, 0, 0, 944, 23034
2026/06/04 20:39:51.101, 0, 0, 944, 23034
2026/06/04 20:39:56.103, 0, 0, 944, 23034
2026/06/04 20:40:01.104, 0, 0, 944, 23034
2026/06/04 20:40:06.106, 0, 0, 944, 23034
2026/06/04 20:40:11.108, 0, 0, 944, 23034
2026/06/04 20:40:16.109, 0, 0, 944, 23034
2026/06/04 20:40:21.111, 0, 0, 944, 23034
2026/06/04 20:40:26.113, 0, 0, 944, 23034
2026/06/04 20:40:31.115, 0, 0, 944, 23034
2026/06/04 20:40:36.116, 0, 0, 944, 23034
2026/06/04 20:40:41.118, 0, 0, 944, 23034
2026/06/04 20:40:46.119, 0, 0, 944, 23034
2026/06/04 20:40:51.121, 0, 0, 944, 23034
2026/06/04 20:40:56.122, 0, 0, 944, 23034
2026/06/04 20:41:01.124, 0, 0, 944, 23034
2026/06/04 20:41:06.125, 0, 0, 944, 23034
2026/06/04 20:41:11.128, 0, 0, 944, 23034
2026/06/04 20:41:16.128, 0, 0, 944, 23034
2026/06/04 20:41:21.130, 0, 0, 944, 23034
2026/06/04 20:41:26.131, 0, 0, 944, 23034
2026/06/04 20:41:31.133, 0, 0, 944, 23034
2026/06/04 20:41:36.135, 0, 0, 944, 23034
2026/06/04 20:41:41.136, 0, 0, 944, 23034
2026/06/04 20:41:46.138, 0, 0, 944, 23034
2026/06/04 20:41:51.140, 0, 0, 944, 23034
2026/06/04 20:41:56.140, 0, 0, 944, 23034
2026/06/04 20:42:01.142, 0, 0, 944, 23034
2026/06/04 20:42:06.144, 0, 0, 944, 23034
2026/06/04 20:42:11.145, 0, 0, 944, 23034
2026/06/04 20:42:16.147, 0, 0, 944, 23034
2026/06/04 20:42:21.149, 0, 0, 944, 23034
2026/06/04 20:42:26.150, 0, 0, 944, 23034
2026/06/04 20:42:31.152, 0, 0, 944, 23034
2026/06/04 20:42:36.154, 0, 0, 944, 23034
2026/06/04 20:42:41.155, 0, 0, 944, 23034
2026/06/04 20:42:46.157, 0, 0, 944, 23034
2026/06/04 20:42:51.159, 0, 0, 944, 23034
2026/06/04 20:42:56.159, 0, 0, 944, 23034
2026/06/04 20:43:01.161, 0, 0, 944, 23034
2026/06/04 20:43:06.163, 0, 0, 944, 23034
2026/06/04 20:43:11.165, 0, 0, 944, 23034
2026/06/04 20:43:16.166, 0, 0, 729, 23034
2026/06/04 20:43:21.169, 0, 0, 729, 23034
2026/06/04 20:43:26.169, 0, 0, 729, 23034
2026/06/04 20:43:31.171, 0, 0, 729, 23034
2026/06/04 20:43:36.173, 0, 0, 729, 23034
2026/06/04 20:43:41.175, 0, 0, 729, 23034
2026/06/04 20:43:46.177, 0, 0, 729, 23034
2026/06/04 20:43:51.177, 0, 0, 729, 23034
2026/06/04 20:43:56.179, 0, 0, 729, 23034
2026/06/04 20:44:01.181, 0, 0, 729, 23034
2026/06/04 20:44:06.181, 0, 0, 729, 23034
2026/06/04 20:44:11.183, 0, 0, 729, 23034
2026/06/04 20:44:16.185, 0, 0, 729, 23034
2026/06/04 20:44:21.187, 0, 0, 729, 23034
2026/06/04 20:44:26.188, 0, 0, 729, 23034
2026/06/04 20:44:31.189, 0, 0, 729, 23034
2026/06/04 20:44:36.191, 0, 0, 729, 23034
2026/06/04 20:44:41.191, 0, 0, 729, 23034
2026/06/04 20:44:46.193, 0, 0, 729, 23034
2026/06/04 20:44:51.195, 0, 0, 729, 23034
2026/06/04 20:44:56.195, 0, 0, 729, 23034
2026/06/04 20:45:01.197, 0, 0, 729, 23034
2026/06/04 20:45:06.198, 0, 0, 729, 23034
2026/06/04 20:45:11.200, 0, 0, 729, 23034
2026/06/04 20:45:16.201, 0, 0, 729, 23034
2026/06/04 20:45:21.203, 0, 0, 729, 23034
2026/06/04 20:45:26.205, 0, 0, 729, 23034
2026/06/04 20:45:31.206, 0, 0, 729, 23034
2026/06/04 20:45:36.208, 0, 0, 729, 23034
2026/06/04 20:45:41.209, 0, 0, 729, 23034
2026/06/04 20:45:46.211, 0, 0, 729, 23034
2026/06/04 20:45:51.212, 0, 0, 729, 23034
2026/06/04 20:45:56.214, 0, 0, 729, 23034
2026/06/04 20:46:01.216, 0, 0, 729, 23034
2026/06/04 20:46:06.218, 0, 0, 729, 23034
2026/06/04 20:46:11.219, 0, 0, 729, 23034
2026/06/04 20:46:16.221, 0, 0, 729, 23034
2026/06/04 20:46:21.222, 0, 0, 729, 23034
2026/06/04 20:46:26.223, 0, 0, 729, 23034
2026/06/04 20:46:31.225, 0, 0, 729, 23034
2026/06/04 20:46:36.227, 0, 0, 729, 23034
2026/06/04 20:46:41.228, 0, 0, 729, 23034
2026/06/04 20:46:46.230, 0, 0, 729, 23034
2026/06/04 20:46:51.231, 0, 0, 729, 23034
2026/06/04 20:46:56.231, 0, 0, 729, 23034
2026/06/04 20:47:01.232, 0, 0, 729, 23034
2026/06/04 20:47:06.234, 0, 0, 729, 23034
2026/06/04 20:47:11.236, 0, 0, 729, 23034
2026/06/04 20:47:16.237, 0, 0, 729, 23034
2026/06/04 20:47:21.239, 0, 0, 729, 23034
2026/06/04 20:47:26.241, 0, 0, 729, 23034
2026/06/04 20:47:31.243, 0, 0, 729, 23034
2026/06/04 20:47:36.244, 0, 0, 729, 23034
2026/06/04 20:47:41.245, 0, 0, 729, 23034
2026/06/04 20:47:46.247, 0, 0, 729, 23034
2026/06/04 20:47:51.247, 0, 0, 729, 23034
2026/06/04 20:47:56.249, 0, 0, 729, 23034
2026/06/04 20:48:01.251, 0, 0, 729, 23034
2026/06/04 20:48:06.253, 0, 0, 729, 23034
2026/06/04 20:48:11.254, 0, 0, 729, 23034
2026/06/04 20:48:16.255, 0, 0, 729, 23034
2026/06/04 20:48:21.257, 0, 0, 729, 23034
2026/06/04 20:48:26.258, 0, 0, 729, 23034
2026/06/04 20:48:31.260, 0, 0, 729, 23034
2026/06/04 20:48:36.260, 0, 0, 729, 23034
2026/06/04 20:48:41.262, 0, 0, 729, 23034
2026/06/04 20:48:46.264, 0, 0, 729, 23034
2026/06/04 20:48:51.266, 0, 0, 729, 23034
2026/06/04 20:48:56.267, 0, 0, 729, 23034
2026/06/04 20:49:01.269, 0, 0, 729, 23034
2026/06/04 20:49:06.270, 0, 0, 729, 23034
2026/06/04 20:49:11.272, 0, 0, 729, 23034
2026/06/04 20:49:16.272, 0, 0, 729, 23034
2026/06/04 20:49:21.274, 0, 0, 729, 23034
2026/06/04 20:49:26.276, 0, 0, 729, 23034
2026/06/04 20:49:31.278, 0, 0, 729, 23034
2026/06/04 20:49:36.279, 0, 0, 729, 23034
2026/06/04 20:49:41.279, 0, 0, 729, 23034
2026/06/04 20:49:46.280, 0, 0, 729, 23034
2026/06/04 20:49:51.282, 0, 0, 729, 23034
2026/06/04 20:49:56.284, 0, 0, 729, 23034
2026/06/04 20:50:01.285, 0, 0, 729, 23034
2026/06/04 20:50:06.286, 0, 0, 729, 23034
2026/06/04 20:50:11.287, 0, 0, 729, 23034
2026/06/04 20:50:16.287, 0, 0, 729, 23034
2026/06/04 20:50:21.288, 0, 0, 729, 23034
2026/06/04 20:50:26.290, 0, 0, 729, 23034
2026/06/04 20:50:31.291, 0, 0, 729, 23034
2026/06/04 20:50:36.292, 0, 0, 729, 23034
2026/06/04 20:50:41.294, 0, 0, 729, 23034
2026/06/04 20:50:46.295, 0, 0, 729, 23034
2026/06/04 20:50:51.296, 0, 0, 729, 23034
2026/06/04 20:50:56.298, 0, 0, 729, 23034
2026/06/04 20:51:01.300, 0, 0, 729, 23034
2026/06/04 20:51:06.301, 0, 0, 729, 23034
2026/06/04 20:51:11.302, 0, 0, 729, 23034
2026/06/04 20:51:16.304, 0, 0, 729, 23034
2026/06/04 20:51:21.305, 0, 0, 729, 23034
2026/06/04 20:51:26.306, 0, 0, 729, 23034
2026/06/04 20:51:31.307, 0, 0, 729, 23034
2026/06/04 20:51:36.309, 0, 0, 729, 23034
2026/06/04 20:51:41.311, 0, 0, 729, 23034
2026/06/04 20:51:46.312, 0, 0, 729, 23034
2026/06/04 20:51:51.314, 0, 0, 729, 23034
2026/06/04 20:51:56.315, 0, 0, 729, 23034
2026/06/04 20:52:01.316, 0, 0, 729, 23034
2026/06/04 20:52:06.317, 0, 0, 729, 23034
2026/06/04 20:52:11.318, 0, 0, 729, 23034
2026/06/04 20:52:16.320, 0, 0, 729, 23034
2026/06/04 20:52:21.320, 0, 0, 729, 23034
2026/06/04 20:52:26.322, 0, 0, 729, 23034
2026/06/04 20:52:31.324, 0, 0, 729, 23034
2026/06/04 20:52:36.325, 0, 0, 729, 23034
2026/06/04 20:52:41.326, 0, 0, 729, 23034
2026/06/04 20:52:46.328, 0, 0, 729, 23034
2026/06/04 20:52:51.330, 0, 0, 729, 23034
2026/06/04 20:52:56.330, 0, 0, 729, 23034
2026/06/04 20:53:01.332, 0, 0, 729, 23034
2026/06/04 20:53:06.333, 0, 0, 729, 23034
2026/06/04 20:53:11.334, 0, 0, 729, 23034
2026/06/04 20:53:16.334, 0, 0, 729, 23034
2026/06/04 20:53:21.336, 0, 0, 729, 23034
2026/06/04 20:53:26.337, 0, 0, 729, 23034
2026/06/04 20:53:31.338, 0, 0, 729, 23034
2026/06/04 20:53:36.339, 0, 0, 729, 23034
2026/06/04 20:53:41.341, 0, 0, 729, 23034
2026/06/04 20:53:46.343, 0, 0, 729, 23034
2026/06/04 20:53:51.344, 0, 0, 729, 23034
2026/06/04 20:53:56.346, 0, 0, 729, 23034
2026/06/04 20:54:01.348, 0, 0, 729, 23034
2026/06/04 20:54:06.350, 0, 0, 729, 23034
2026/06/04 20:54:11.351, 0, 0, 729, 23034
2026/06/04 20:54:16.353, 0, 0, 729, 23034
2026/06/04 20:54:21.355, 0, 0, 729, 23034
2026/06/04 20:54:26.355, 0, 0, 729, 23034
2026/06/04 20:54:31.357, 0, 0, 729, 23034
2026/06/04 20:54:36.358, 0, 0, 729, 23034
2026/06/04 20:54:41.360, 0, 0, 729, 23034
2026/06/04 20:54:46.360, 0, 0, 729, 23034
2026/06/04 20:54:51.362, 0, 0, 729, 23034
2026/06/04 20:54:56.363, 0, 0, 729, 23034
2026/06/04 20:55:01.363, 0, 0, 729, 23034
2026/06/04 20:55:06.364, 0, 0, 729, 23034
2026/06/04 20:55:11.365, 0, 0, 729, 23034
2026/06/04 20:55:16.366, 0, 0, 729, 23034
2026/06/04 20:55:21.368, 0, 0, 729, 23034
2026/06/04 20:55:26.370, 0, 0, 729, 23034
2026/06/04 20:55:31.371, 0, 0, 729, 23034
2026/06/04 20:55:36.371, 0, 0, 729, 23034
2026/06/04 20:55:41.372, 0, 0, 729, 23034
2026/06/04 20:55:46.374, 0, 0, 729, 23034
2026/06/04 20:55:51.374, 0, 0, 729, 23034
2026/06/04 20:55:56.375, 0, 0, 729, 23034
2026/06/04 20:56:01.377, 0, 0, 729, 23034
2026/06/04 20:56:06.378, 0, 0, 729, 23034
2026/06/04 20:56:11.379, 0, 0, 729, 23034
2026/06/04 20:56:16.381, 0, 0, 729, 23034
2026/06/04 20:56:21.381, 0, 0, 729, 23034
2026/06/04 20:56:26.383, 0, 0, 729, 23034
2026/06/04 20:56:31.384, 0, 0, 729, 23034
2026/06/04 20:56:36.386, 0, 0, 729, 23034
2026/06/04 20:56:41.388, 0, 0, 729, 23034
2026/06/04 20:56:46.389, 0, 0, 729, 23034
2026/06/04 20:56:51.390, 0, 0, 729, 23034
2026/06/04 20:56:56.391, 0, 0, 729, 23034
2026/06/04 20:57:01.393, 0, 0, 729, 23034
2026/06/04 20:57:06.395, 0, 0, 729, 23034
2026/06/04 20:57:11.396, 0, 0, 729, 23034
2026/06/04 20:57:16.397, 0, 0, 729, 23034
2026/06/04 20:57:21.399, 0, 0, 729, 23034
2026/06/04 20:57:26.399, 0, 0, 729, 23034
2026/06/04 20:57:31.400, 0, 0, 729, 23034
2026/06/04 20:57:36.402, 0, 0, 729, 23034
2026/06/04 20:57:41.404, 0, 0, 729, 23034
2026/06/04 20:57:46.406, 0, 0, 729, 23034
2026/06/04 20:57:51.406, 0, 0, 729, 23034
2026/06/04 20:57:56.408, 0, 0, 729, 23034
2026/06/04 20:58:01.410, 0, 0, 729, 23034
2026/06/04 20:58:06.411, 0, 0, 729, 23034
2026/06/04 20:58:11.413, 0, 0, 729, 23034
2026/06/04 20:58:16.415, 0, 0, 729, 23034
2026/06/04 20:58:21.416, 0, 0, 729, 23034
2026/06/04 20:58:26.417, 0, 0, 729, 23034
2026/06/04 20:58:31.419, 0, 0, 729, 23034
2026/06/04 20:58:36.421, 0, 0, 729, 23034
2026/06/04 20:58:41.422, 0, 0, 729, 23034
2026/06/04 20:58:46.424, 0, 0, 729, 23034
2026/06/04 20:58:51.426, 0, 0, 729, 23034
2026/06/04 20:58:56.426, 0, 0, 729, 23034
2026/06/04 20:59:01.428, 0, 0, 729, 23034
2026/06/04 20:59:06.429, 0, 0, 729, 23034
2026/06/04 20:59:11.429, 0, 0, 729, 23034
2026/06/04 20:59:16.430, 0, 0, 729, 23034
2026/06/04 20:59:21.431, 0, 0, 729, 23034
2026/06/04 20:59:26.432, 0, 0, 729, 23034
2026/06/04 20:59:31.434, 0, 0, 729, 23034
2026/06/04 20:59:36.436, 0, 0, 729, 23034
2026/06/04 20:59:41.436, 0, 0, 729, 23034
2026/06/04 20:59:46.437, 0, 0, 729, 23034
2026/06/04 20:59:51.439, 0, 0, 729, 23034
2026/06/04 20:59:56.441, 0, 0, 729, 23034
2026/06/04 21:00:01.442, 0, 0, 729, 23034
2026/06/04 21:00:06.444, 0, 0, 729, 23034
2026/06/04 21:00:11.446, 0, 0, 729, 23034
2026/06/04 21:00:16.448, 0, 0, 729, 23034
2026/06/04 21:00:21.448, 0, 0, 729, 23034
2026/06/04 21:00:26.450, 0, 0, 729, 23034
2026/06/04 21:00:31.452, 0, 0, 729, 23034
2026/06/04 21:00:36.453, 0, 0, 729, 23034
2026/06/04 21:00:41.454, 0, 0, 729, 23034
2026/06/04 21:00:46.455, 0, 0, 729, 23034
2026/06/04 21:00:51.456, 0, 0, 729, 23034
2026/06/04 21:00:56.458, 0, 0, 729, 23034
2026/06/04 21:01:01.460, 0, 0, 729, 23034
2026/06/04 21:01:06.460, 0, 0, 729, 23034
2026/06/04 21:01:11.461, 0, 0, 729, 23034
2026/06/04 21:01:16.463, 0, 0, 729, 23034
2026/06/04 21:01:21.464, 0, 0, 729, 23034
2026/06/04 21:01:26.464, 0, 0, 729, 23034
2026/06/04 21:01:31.466, 0, 0, 729, 23034
2026/06/04 21:01:36.468, 0, 0, 729, 23034
2026/06/04 21:01:41.468, 0, 0, 729, 23034
2026/06/04 21:01:46.470, 0, 0, 729, 23034
2026/06/04 21:01:51.472, 0, 0, 729, 23034
2026/06/04 21:01:56.473, 0, 0, 729, 23034
2026/06/04 21:02:01.475, 0, 0, 729, 23034
2026/06/04 21:02:06.477, 0, 0, 729, 23034
2026/06/04 21:02:11.478, 0, 0, 729, 23034
2026/06/04 21:02:16.480, 0, 0, 729, 23034
2026/06/04 21:02:21.482, 0, 0, 729, 23034
2026/06/04 21:02:26.482, 0, 0, 729, 23034
2026/06/04 21:02:31.484, 0, 0, 729, 23034
2026/06/04 21:02:36.486, 0, 0, 729, 23034
2026/06/04 21:02:41.487, 0, 0, 729, 23034
2026/06/04 21:02:46.488, 0, 0, 729, 23034
2026/06/04 21:02:51.490, 0, 0, 729, 23034
2026/06/04 21:02:56.492, 0, 0, 729, 23034
2026/06/04 21:03:01.493, 0, 0, 729, 23034
2026/06/04 21:03:06.494, 0, 0, 729, 23034
2026/06/04 21:03:11.495, 0, 0, 729, 23034
2026/06/04 21:03:16.495, 0, 0, 729, 23034
2026/06/04 21:03:21.497, 0, 0, 729, 23034
2026/06/04 21:03:26.499, 0, 0, 729, 23034
2026/06/04 21:03:31.501, 0, 0, 729, 23034
2026/06/04 21:03:36.501, 0, 0, 729, 23034
2026/06/04 21:03:41.503, 0, 0, 729, 23034
2026/06/04 21:03:46.505, 0, 0, 729, 23034
2026/06/04 21:03:51.506, 0, 0, 729, 23034
2026/06/04 21:03:56.507, 0, 0, 729, 23034
2026/06/04 21:04:01.509, 0, 0, 729, 23034
2026/06/04 21:04:06.510, 0, 0, 729, 23034
2026/06/04 21:04:11.512, 0, 0, 729, 23034
2026/06/04 21:04:16.514, 0, 0, 729, 23034
2026/06/04 21:04:21.516, 0, 0, 729, 23034
2026/06/04 21:04:26.517, 0, 0, 729, 23034
2026/06/04 21:04:31.519, 0, 0, 729, 23034
2026/06/04 21:04:36.521, 0, 0, 729, 23034
2026/06/04 21:04:41.523, 0, 0, 729, 23034
2026/06/04 21:04:46.523, 0, 0, 729, 23034
2026/06/04 21:04:51.525, 0, 0, 729, 23034
2026/06/04 21:04:56.527, 0, 0, 729, 23034
2026/06/04 21:05:01.528, 0, 0, 729, 23034
2026/06/04 21:05:06.530, 0, 0, 729, 23034
2026/06/04 21:05:11.532, 0, 0, 729, 23034
2026/06/04 21:05:16.533, 0, 0, 729, 23034
2026/06/04 21:05:21.533, 0, 0, 729, 23034
2026/06/04 21:05:26.535, 0, 0, 729, 23034
2026/06/04 21:05:31.537, 0, 0, 729, 23034
2026/06/04 21:05:36.538, 0, 0, 729, 23034
2026/06/04 21:05:41.540, 0, 0, 729, 23034
2026/06/04 21:05:46.542, 0, 0, 729, 23034
2026/06/04 21:05:51.544, 0, 0, 729, 23034
2026/06/04 21:05:56.545, 0, 0, 729, 23034
2026/06/04 21:06:01.547, 0, 0, 729, 23034
2026/06/04 21:06:06.549, 0, 0, 729, 23034
2026/06/04 21:06:11.551, 0, 0, 729, 23034
2026/06/04 21:06:16.552, 0, 0, 729, 23034
2026/06/04 21:06:21.554, 0, 0, 729, 23034
2026/06/04 21:06:26.556, 0, 0, 729, 23034
2026/06/04 21:06:31.558, 0, 0, 729, 23034
2026/06/04 21:06:36.558, 0, 0, 729, 23034
2026/06/04 21:06:41.559, 0, 0, 729, 23034
2026/06/04 21:06:46.561, 0, 0, 729, 23034
2026/06/04 21:06:51.562, 0, 0, 729, 23034
2026/06/04 21:06:56.564, 0, 0, 729, 23034
2026/06/04 21:07:01.566, 0, 0, 729, 23034
2026/06/04 21:07:06.568, 0, 0, 729, 23034
2026/06/04 21:07:11.570, 0, 0, 729, 23034
2026/06/04 21:07:16.570, 0, 0, 729, 23034
2026/06/04 21:07:21.572, 0, 0, 729, 23034
2026/06/04 21:07:26.574, 0, 0, 729, 23034
2026/06/04 21:07:31.576, 0, 0, 729, 23034
2026/06/04 21:07:36.577, 0, 0, 729, 23034
2026/06/04 21:07:41.578, 0, 0, 729, 23034
2026/06/04 21:07:46.580, 0, 0, 729, 23034
2026/06/04 21:07:51.580, 0, 0, 729, 23034
2026/06/04 21:07:56.582, 0, 0, 729, 23034
2026/06/04 21:08:01.584, 0, 0, 729, 23034
2026/06/04 21:08:06.585, 0, 0, 729, 23034
2026/06/04 21:08:11.586, 0, 0, 729, 23034
2026/06/04 21:08:16.588, 0, 0, 729, 23034
2026/06/04 21:08:21.589, 0, 0, 729, 23034
2026/06/04 21:08:26.591, 0, 0, 729, 23034
2026/06/04 21:08:31.592, 0, 0, 729, 23034
2026/06/04 21:08:36.594, 0, 0, 729, 23034
2026/06/04 21:08:41.596, 0, 0, 729, 23034
2026/06/04 21:08:46.598, 0, 0, 729, 23034
2026/06/04 21:08:51.598, 0, 0, 729, 23034
2026/06/04 21:08:56.600, 0, 0, 729, 23034
2026/06/04 21:09:01.602, 0, 0, 729, 23034
2026/06/04 21:09:06.604, 0, 0, 729, 23034
2026/06/04 21:09:11.605, 0, 0, 729, 23034
2026/06/04 21:09:16.606, 0, 0, 729, 23034
2026/06/04 21:09:21.608, 0, 0, 729, 23034
2026/06/04 21:09:26.610, 0, 0, 729, 23034
2026/06/04 21:09:31.611, 0, 0, 729, 23034
2026/06/04 21:09:36.613, 0, 0, 729, 23034
2026/06/04 21:09:41.615, 0, 0, 729, 23034
2026/06/04 21:09:46.616, 0, 0, 729, 23034
2026/06/04 21:09:51.617, 0, 0, 729, 23034
2026/06/04 21:09:56.619, 0, 0, 729, 23034
2026/06/04 21:10:01.621, 0, 0, 729, 23034
2026/06/04 21:10:06.623, 0, 0, 729, 23034
2026/06/04 21:10:11.624, 0, 0, 729, 23034
2026/06/04 21:10:16.625, 0, 0, 729, 23034
2026/06/04 21:10:21.626, 0, 0, 729, 23034
2026/06/04 21:10:26.628, 0, 0, 729, 23034
2026/06/04 21:10:31.628, 0, 0, 729, 23034
2026/06/04 21:10:36.630, 0, 0, 729, 23034
2026/06/04 21:10:41.632, 0, 0, 729, 23034
2026/06/04 21:10:46.632, 0, 0, 729, 23034
2026/06/04 21:10:51.634, 0, 0, 729, 23034
2026/06/04 21:10:56.636, 0, 0, 729, 23034
2026/06/04 21:11:01.637, 0, 0, 729, 23034
2026/06/04 21:11:06.638, 0, 0, 729, 23034
2026/06/04 21:11:11.639, 0, 0, 729, 23034
2026/06/04 21:11:16.639, 0, 0, 729, 23034
2026/06/04 21:11:21.640, 0, 0, 729, 23034
2026/06/04 21:11:26.641, 0, 0, 729, 23034
2026/06/04 21:11:31.641, 0, 0, 729, 23034
2026/06/04 21:11:36.642, 0, 0, 729, 23034
2026/06/04 21:11:41.643, 0, 0, 729, 23034
2026/06/04 21:11:46.644, 0, 0, 729, 23034
2026/06/04 21:11:51.645, 0, 0, 729, 23034
2026/06/04 21:11:56.647, 0, 0, 729, 23034
2026/06/04 21:12:01.647, 0, 0, 729, 23034
2026/06/04 21:12:06.649, 0, 0, 729, 23034
2026/06/04 21:12:11.651, 0, 0, 729, 23034
2026/06/04 21:12:16.653, 0, 0, 729, 23034
2026/06/04 21:12:21.653, 0, 0, 729, 23034
2026/06/04 21:12:26.654, 0, 0, 729, 23034
2026/06/04 21:12:31.655, 0, 0, 729, 23034
2026/06/04 21:12:36.655, 0, 0, 729, 23034
2026/06/04 21:12:41.657, 0, 0, 729, 23034
2026/06/04 21:12:46.659, 0, 0, 729, 23034
2026/06/04 21:12:51.659, 0, 0, 729, 23034
2026/06/04 21:12:56.661, 0, 0, 729, 23034
2026/06/04 21:13:01.662, 0, 0, 729, 23034
2026/06/04 21:13:06.664, 0, 0, 729, 23034
2026/06/04 21:13:11.665, 0, 0, 729, 23034
2026/06/04 21:13:16.667, 0, 0, 729, 23034
2026/06/04 21:13:21.668, 0, 0, 729, 23034
2026/06/04 21:13:26.669, 0, 0, 729, 23034
2026/06/04 21:13:31.670, 0, 0, 729, 23034
2026/06/04 21:13:36.671, 0, 0, 729, 23034
2026/06/04 21:13:41.672, 0, 0, 729, 23034
2026/06/04 21:13:46.674, 0, 0, 729, 23034
2026/06/04 21:13:51.676, 0, 0, 729, 23034
2026/06/04 21:13:56.678, 0, 0, 729, 23034
2026/06/04 21:14:01.679, 0, 0, 729, 23034
2026/06/04 21:14:06.681, 0, 0, 729, 23034
2026/06/04 21:14:11.683, 0, 0, 729, 23034
2026/06/04 21:14:16.685, 0, 0, 729, 23034
2026/06/04 21:14:21.686, 0, 0, 729, 23034
2026/06/04 21:14:26.688, 0, 0, 729, 23034
2026/06/04 21:14:31.690, 0, 0, 729, 23034
2026/06/04 21:14:36.692, 0, 0, 729, 23034
2026/06/04 21:14:41.693, 0, 0, 729, 23034
2026/06/04 21:14:46.695, 0, 0, 729, 23034
2026/06/04 21:14:51.696, 0, 0, 729, 23034
2026/06/04 21:14:56.698, 0, 0, 729, 23034
2026/06/04 21:15:01.700, 0, 0, 729, 23034
2026/06/04 21:15:06.700, 0, 0, 729, 23034
2026/06/04 21:15:11.701, 0, 0, 729, 23034
2026/06/04 21:15:16.703, 0, 0, 729, 23034
2026/06/04 21:15:21.704, 0, 0, 729, 23034
2026/06/04 21:15:26.706, 0, 0, 729, 23034
2026/06/04 21:15:31.708, 0, 0, 729, 23034
2026/06/04 21:15:36.709, 0, 0, 729, 23034
2026/06/04 21:15:41.709, 0, 0, 729, 23034
2026/06/04 21:15:46.710, 0, 0, 729, 23034
2026/06/04 21:15:51.711, 0, 0, 729, 23034
2026/06/04 21:15:56.713, 0, 0, 729, 23034
2026/06/04 21:16:01.714, 0, 0, 729, 23034
2026/06/04 21:16:06.716, 0, 0, 729, 23034
2026/06/04 21:16:11.718, 0, 0, 729, 23034
2026/06/04 21:16:16.718, 0, 0, 729, 23034
2026/06/04 21:16:21.719, 0, 0, 729, 23034
2026/06/04 21:16:26.721, 0, 0, 729, 23034
2026/06/04 21:16:31.721, 0, 0, 729, 23034
2026/06/04 21:16:36.722, 0, 0, 729, 23034
2026/06/04 21:16:41.724, 0, 0, 729, 23034
2026/06/04 21:16:46.726, 0, 0, 729, 23034
2026/06/04 21:16:51.727, 0, 0, 729, 23034
2026/06/04 21:16:56.729, 0, 0, 729, 23034
2026/06/04 21:17:01.730, 0, 0, 729, 23034
2026/06/04 21:17:06.730, 0, 0, 729, 23034
2026/06/04 21:17:11.732, 0, 0, 729, 23034
2026/06/04 21:17:16.733, 0, 0, 729, 23034
2026/06/04 21:17:21.735, 0, 0, 729, 23034
2026/06/04 21:17:26.736, 0, 0, 729, 23034
2026/06/04 21:17:31.737, 0, 0, 729, 23034
2026/06/04 21:17:36.739, 0, 0, 729, 23034
2026/06/04 21:17:41.740, 0, 0, 729, 23034
2026/06/04 21:17:46.741, 0, 0, 729, 23034
2026/06/04 21:17:51.743, 0, 0, 729, 23034
2026/06/04 21:17:56.745, 0, 0, 729, 23034
2026/06/04 21:18:01.745, 0, 0, 729, 23034
2026/06/04 21:18:06.747, 0, 0, 729, 23034
2026/06/04 21:18:11.748, 0, 0, 729, 23034
2026/06/04 21:18:16.748, 0, 0, 729, 23034
2026/06/04 21:18:21.750, 0, 0, 729, 23034
2026/06/04 21:18:26.752, 0, 0, 729, 23034
2026/06/04 21:18:31.753, 0, 0, 729, 23034
2026/06/04 21:18:36.753, 0, 0, 729, 23034
2026/06/04 21:18:41.754, 0, 0, 729, 23034
2026/06/04 21:18:46.756, 0, 0, 729, 23034
2026/06/04 21:18:51.758, 0, 0, 729, 23034
2026/06/04 21:18:56.758, 0, 0, 729, 23034
2026/06/04 21:19:01.759, 0, 0, 729, 23034
2026/06/04 21:19:06.761, 0, 0, 729, 23034
2026/06/04 21:19:11.763, 0, 0, 729, 23034
2026/06/04 21:19:16.764, 0, 0, 729, 23034
2026/06/04 21:19:21.765, 0, 0, 729, 23034
2026/06/04 21:19:26.766, 0, 0, 729, 23034
2026/06/04 21:19:31.766, 0, 0, 729, 23034
2026/06/04 21:19:36.767, 0, 0, 729, 23034
2026/06/04 21:19:41.768, 0, 0, 729, 23034
2026/06/04 21:19:46.768, 0, 0, 729, 23034
2026/06/04 21:19:51.770, 0, 0, 729, 23034
2026/06/04 21:19:56.772, 0, 0, 729, 23034
2026/06/04 21:20:01.773, 0, 0, 729, 23034
2026/06/04 21:20:06.775, 0, 0, 729, 23034
2026/06/04 21:20:11.777, 0, 0, 729, 23034
2026/06/04 21:20:16.779, 0, 0, 729, 23034
2026/06/04 21:20:21.780, 0, 0, 729, 23034
2026/06/04 21:20:26.782, 0, 0, 729, 23034
2026/06/04 21:20:31.784, 0, 0, 729, 23034
2026/06/04 21:20:36.786, 0, 0, 729, 23034
2026/06/04 21:20:41.787, 0, 0, 729, 23034
2026/06/04 21:20:46.789, 0, 0, 729, 23034
2026/06/04 21:20:51.790, 0, 0, 729, 23034
2026/06/04 21:20:56.791, 0, 0, 729, 23034
2026/06/04 21:21:01.793, 0, 0, 729, 23034
2026/06/04 21:21:06.795, 0, 0, 729, 23034
2026/06/04 21:21:11.795, 0, 0, 729, 23034
2026/06/04 21:21:16.796, 0, 0, 729, 23034
2026/06/04 21:21:21.798, 0, 0, 729, 23034
2026/06/04 21:21:26.800, 0, 0, 729, 23034
2026/06/04 21:21:31.801, 0, 0, 729, 23034
2026/06/04 21:21:36.803, 0, 0, 729, 23034
2026/06/04 21:21:41.804, 0, 0, 729, 23034
2026/06/04 21:21:46.804, 0, 0, 729, 23034
2026/06/04 21:21:51.806, 0, 0, 729, 23034
2026/06/04 21:21:56.808, 0, 0, 729, 23034
2026/06/04 21:22:01.810, 0, 0, 729, 23034
2026/06/04 21:22:06.811, 0, 0, 729, 23034
2026/06/04 21:22:11.812, 0, 0, 729, 23034
2026/06/04 21:22:16.813, 0, 0, 729, 23034
2026/06/04 21:22:21.814, 0, 0, 729, 23034
2026/06/04 21:22:26.815, 0, 0, 729, 23034
2026/06/04 21:22:31.816, 0, 0, 729, 23034
2026/06/04 21:22:36.817, 0, 0, 729, 23034
2026/06/04 21:22:41.819, 0, 0, 729, 23034
2026/06/04 21:22:46.821, 0, 0, 729, 23034
2026/06/04 21:22:51.823, 0, 0, 729, 23034
2026/06/04 21:22:56.823, 0, 0, 729, 23034
2026/06/04 21:23:01.824, 0, 0, 729, 23034
2026/06/04 21:23:06.825, 0, 0, 729, 23034
2026/06/04 21:23:11.828, 0, 0, 729, 23034
2026/06/04 21:23:16.828, 0, 0, 729, 23034
2026/06/04 21:23:21.829, 0, 0, 729, 23034
2026/06/04 21:23:26.830, 0, 0, 729, 23034
2026/06/04 21:23:31.831, 0, 0, 729, 23034
2026/06/04 21:23:36.833, 0, 0, 729, 23034
2026/06/04 21:23:41.835, 0, 0, 729, 23034
2026/06/04 21:23:46.836, 0, 0, 729, 23034
2026/06/04 21:23:51.837, 0, 0, 729, 23034
2026/06/04 21:23:56.839, 0, 0, 729, 23034
2026/06/04 21:24:01.840, 0, 0, 729, 23034
2026/06/04 21:24:06.842, 0, 0, 729, 23034
2026/06/04 21:24:11.844, 0, 0, 729, 23034
2026/06/04 21:24:16.846, 0, 0, 729, 23034
2026/06/04 21:24:21.847, 0, 0, 729, 23034
2026/06/04 21:24:26.849, 0, 0, 729, 23034
2026/06/04 21:24:31.850, 0, 0, 729, 23034
2026/06/04 21:24:36.850, 0, 0, 729, 23034
2026/06/04 21:24:41.852, 0, 0, 729, 23034
2026/06/04 21:24:46.853, 0, 0, 729, 23034
2026/06/04 21:24:51.855, 0, 0, 729, 23034
2026/06/04 21:24:56.856, 0, 0, 729, 23034
2026/06/04 21:25:01.858, 0, 0, 729, 23034
2026/06/04 21:25:06.859, 0, 0, 729, 23034
2026/06/04 21:25:11.861, 0, 0, 729, 23034
2026/06/04 21:25:16.863, 0, 0, 729, 23034
2026/06/04 21:25:21.863, 0, 0, 729, 23034
2026/06/04 21:25:26.865, 0, 0, 729, 23034
2026/06/04 21:25:31.866, 0, 0, 729, 23034
2026/06/04 21:25:36.868, 0, 0, 729, 23034
2026/06/04 21:25:41.870, 0, 0, 729, 23034
2026/06/04 21:25:46.871, 0, 0, 729, 23034
2026/06/04 21:25:51.873, 0, 0, 729, 23034
2026/06/04 21:25:56.875, 0, 0, 729, 23034
2026/06/04 21:26:01.876, 0, 0, 729, 23034
2026/06/04 21:26:06.878, 0, 0, 729, 23034
2026/06/04 21:26:11.880, 0, 0, 729, 23034
2026/06/04 21:26:16.882, 0, 0, 729, 23034
2026/06/04 21:26:21.883, 0, 0, 729, 23034
2026/06/04 21:26:26.885, 0, 0, 729, 23034
2026/06/04 21:26:31.887, 0, 0, 729, 23034
2026/06/04 21:26:36.888, 0, 0, 729, 23034
2026/06/04 21:26:41.889, 0, 0, 729, 23034
2026/06/04 21:26:46.891, 0, 0, 729, 23034
2026/06/04 21:26:51.893, 0, 0, 729, 23034
2026/06/04 21:26:56.893, 0, 0, 729, 23034
2026/06/04 21:27:01.895, 0, 0, 729, 23034
2026/06/04 21:27:06.897, 0, 0, 729, 23034
2026/06/04 21:27:11.898, 0, 0, 729, 23034
2026/06/04 21:27:16.899, 0, 0, 729, 23034
2026/06/04 21:27:21.900, 0, 0, 729, 23034
2026/06/04 21:27:26.900, 0, 0, 729, 23034
2026/06/04 21:27:31.901, 0, 0, 729, 23034
2026/06/04 21:27:36.902, 0, 0, 729, 23034
2026/06/04 21:27:41.902, 0, 0, 729, 23034
2026/06/04 21:27:46.903, 0, 0, 729, 23034
2026/06/04 21:27:51.903, 0, 0, 729, 23034
2026/06/04 21:27:56.904, 0, 0, 729, 23034
2026/06/04 21:28:01.906, 0, 0, 729, 23034
2026/06/04 21:28:06.908, 0, 0, 729, 23034
2026/06/04 21:28:11.909, 0, 0, 729, 23034
2026/06/04 21:28:16.911, 0, 0, 729, 23034
2026/06/04 21:28:21.913, 0, 0, 729, 23034
2026/06/04 21:28:26.915, 0, 0, 729, 23034
2026/06/04 21:28:31.917, 0, 0, 729, 23034
2026/06/04 21:28:36.919, 0, 0, 729, 23034
2026/06/04 21:28:41.920, 0, 0, 729, 23034
2026/06/04 21:28:46.922, 0, 0, 729, 23034
2026/06/04 21:28:51.924, 0, 0, 729, 23034
2026/06/04 21:28:56.925, 0, 0, 729, 23034
2026/06/04 21:29:01.925, 0, 0, 729, 23034
2026/06/04 21:29:06.926, 0, 0, 729, 23034
2026/06/04 21:29:11.927, 0, 0, 729, 23034
2026/06/04 21:29:16.927, 0, 0, 729, 23034
2026/06/04 21:29:21.928, 0, 0, 729, 23034
2026/06/04 21:29:26.929, 0, 0, 729, 23034
2026/06/04 21:29:31.930, 0, 0, 729, 23034
2026/06/04 21:29:36.931, 0, 0, 729, 23034
2026/06/04 21:29:41.933, 0, 0, 729, 23034
2026/06/04 21:29:46.935, 0, 0, 729, 23034
2026/06/04 21:29:51.935, 0, 0, 729, 23034
2026/06/04 21:29:56.937, 0, 0, 729, 23034
2026/06/04 21:30:01.939, 0, 0, 729, 23034
2026/06/04 21:30:06.940, 0, 0, 729, 23034
2026/06/04 21:30:11.942, 0, 0, 729, 23034
2026/06/04 21:30:16.944, 0, 0, 729, 23034
2026/06/04 21:30:21.945, 0, 0, 729, 23034
2026/06/04 21:30:26.947, 0, 0, 729, 23034
2026/06/04 21:30:31.949, 0, 0, 729, 23034
2026/06/04 21:30:36.950, 0, 0, 729, 23034
2026/06/04 21:30:41.950, 0, 0, 729, 23034
2026/06/04 21:30:46.952, 0, 0, 729, 23034
2026/06/04 21:30:51.954, 0, 0, 729, 23034
2026/06/04 21:30:56.955, 0, 0, 729, 23034
2026/06/04 21:31:01.956, 0, 0, 729, 23034
2026/06/04 21:31:06.957, 0, 0, 729, 23034
2026/06/04 21:31:11.959, 0, 0, 729, 23034
2026/06/04 21:31:16.961, 0, 0, 729, 23034
2026/06/04 21:31:21.961, 0, 0, 729, 23034
2026/06/04 21:31:26.963, 0, 0, 729, 23034
2026/06/04 21:31:31.965, 0, 0, 729, 23034
2026/06/04 21:31:36.967, 0, 0, 729, 23034
2026/06/04 21:31:41.968, 0, 0, 729, 23034
2026/06/04 21:31:46.970, 0, 0, 729, 23034
2026/06/04 21:31:51.972, 0, 0, 729, 23034
2026/06/04 21:31:56.974, 0, 0, 729, 23034
2026/06/04 21:32:01.974, 0, 0, 729, 23034
2026/06/04 21:32:06.976, 0, 0, 729, 23034
2026/06/04 21:32:11.978, 0, 0, 729, 23034
2026/06/04 21:32:16.979, 0, 0, 729, 23034
2026/06/04 21:32:21.981, 0, 0, 729, 23034
2026/06/04 21:32:26.983, 0, 0, 729, 23034
2026/06/04 21:32:31.984, 0, 0, 729, 23034
2026/06/04 21:32:36.987, 0, 0, 729, 23034
2026/06/04 21:32:41.988, 0, 0, 729, 23034
2026/06/04 21:32:46.988, 0, 0, 729, 23034
2026/06/04 21:32:51.989, 0, 0, 729, 23034
2026/06/04 21:32:56.991, 0, 0, 729, 23034
2026/06/04 21:33:01.993, 0, 0, 729, 23034
2026/06/04 21:33:06.993, 0, 0, 729, 23034
2026/06/04 21:33:11.994, 0, 0, 729, 23034
2026/06/04 21:33:16.996, 0, 0, 729, 23034
2026/06/04 21:33:21.998, 0, 0, 729, 23034
2026/06/04 21:33:26.999, 0, 0, 729, 23034
2026/06/04 21:33:32.001, 0, 0, 729, 23034
2026/06/04 21:33:37.003, 0, 0, 729, 23034
2026/06/04 21:33:42.004, 0, 0, 729, 23034
2026/06/04 21:33:47.005, 0, 0, 729, 23034
2026/06/04 21:33:52.007, 0, 0, 729, 23034
2026/06/04 21:33:57.008, 0, 0, 729, 23034
2026/06/04 21:34:02.009, 0, 0, 729, 23034
2026/06/04 21:34:07.011, 0, 0, 729, 23034
2026/06/04 21:34:12.013, 0, 0, 729, 23034
2026/06/04 21:34:17.014, 0, 0, 729, 23034
2026/06/04 21:34:22.016, 0, 0, 729, 23034
2026/06/04 21:34:27.017, 0, 0, 729, 23034
2026/06/04 21:34:32.018, 0, 0, 729, 23034
2026/06/04 21:34:37.019, 0, 0, 729, 23034
2026/06/04 21:34:42.021, 0, 0, 729, 23034
2026/06/04 21:34:47.023, 0, 0, 729, 23034
2026/06/04 21:34:52.023, 0, 0, 729, 23034
2026/06/04 21:34:57.025, 0, 0, 729, 23034
2026/06/04 21:35:02.026, 0, 0, 729, 23034
2026/06/04 21:35:07.026, 0, 0, 729, 23034
2026/06/04 21:35:12.028, 0, 0, 729, 23034
2026/06/04 21:35:17.030, 0, 0, 729, 23034
2026/06/04 21:35:22.032, 0, 0, 729, 23034
2026/06/04 21:35:27.032, 0, 0, 729, 23034
2026/06/04 21:35:32.033, 0, 0, 729, 23034
2026/06/04 21:35:37.034, 0, 0, 729, 23034
2026/06/04 21:35:42.034, 0, 0, 729, 23034
2026/06/04 21:35:47.035, 0, 0, 729, 23034
2026/06/04 21:35:52.036, 0, 0, 729, 23034
2026/06/04 21:35:57.036, 0, 0, 729, 23034
2026/06/04 21:36:02.038, 0, 0, 729, 23034
2026/06/04 21:36:07.040, 0, 0, 729, 23034
2026/06/04 21:36:12.042, 0, 0, 729, 23034
2026/06/04 21:36:17.043, 0, 0, 729, 23034
2026/06/04 21:36:22.045, 0, 0, 729, 23034
2026/06/04 21:36:27.047, 0, 0, 729, 23034
2026/06/04 21:36:32.048, 0, 0, 729, 23034
2026/06/04 21:36:37.050, 0, 0, 729, 23034
2026/06/04 21:36:42.051, 0, 0, 729, 23034
2026/06/04 21:36:47.052, 0, 0, 729, 23034
2026/06/04 21:36:52.054, 0, 0, 729, 23034
2026/06/04 21:36:57.056, 0, 0, 729, 23034
2026/06/04 21:37:02.057, 0, 0, 729, 23034
2026/06/04 21:37:07.057, 0, 0, 729, 23034
2026/06/04 21:37:12.059, 0, 0, 729, 23034
2026/06/04 21:37:17.061, 0, 0, 729, 23034
2026/06/04 21:37:22.062, 0, 0, 729, 23034
2026/06/04 21:37:27.064, 0, 0, 729, 23034
2026/06/04 21:37:32.066, 0, 0, 729, 23034
2026/06/04 21:37:37.068, 0, 0, 729, 23034
2026/06/04 21:37:42.068, 0, 0, 729, 23034
2026/06/04 21:37:47.070, 0, 0, 729, 23034
2026/06/04 21:37:52.072, 0, 0, 729, 23034
2026/06/04 21:37:57.072, 0, 0, 729, 23034
2026/06/04 21:38:02.074, 0, 0, 729, 23034
2026/06/04 21:38:07.076, 0, 0, 729, 23034
2026/06/04 21:38:12.077, 0, 0, 729, 23034
2026/06/04 21:38:17.079, 0, 0, 729, 23034
2026/06/04 21:38:22.081, 0, 0, 729, 23034
2026/06/04 21:38:27.082, 0, 0, 729, 23034
2026/06/04 21:38:32.084, 0, 0, 729, 23034
2026/06/04 21:38:37.085, 0, 0, 729, 23034
2026/06/04 21:38:42.085, 0, 0, 729, 23034
2026/06/04 21:38:47.087, 0, 0, 729, 23034
2026/06/04 21:38:52.089, 0, 0, 729, 23034
2026/06/04 21:38:57.091, 0, 0, 729, 23034
2026/06/04 21:39:02.092, 0, 0, 729, 23034
2026/06/04 21:39:07.094, 0, 0, 729, 23034
2026/06/04 21:39:12.095, 0, 0, 729, 23034
2026/06/04 21:39:17.096, 0, 0, 729, 23034
2026/06/04 21:39:22.098, 0, 0, 729, 23034
2026/06/04 21:39:27.099, 0, 0, 729, 23034
2026/06/04 21:39:32.101, 0, 0, 729, 23034
2026/06/04 21:39:37.101, 0, 0, 729, 23034
2026/06/04 21:39:42.103, 0, 0, 729, 23034
2026/06/04 21:39:47.105, 0, 0, 729, 23034
2026/06/04 21:39:52.106, 0, 0, 729, 23034
2026/06/04 21:39:57.108, 0, 0, 729, 23034
2026/06/04 21:40:02.110, 0, 0, 729, 23034
2026/06/04 21:40:07.112, 0, 0, 729, 23034
2026/06/04 21:40:12.112, 0, 0, 729, 23034
2026/06/04 21:40:17.114, 0, 0, 729, 23034
2026/06/04 21:40:22.116, 0, 0, 729, 23034
2026/06/04 21:40:27.117, 0, 0, 729, 23034
2026/06/04 21:40:32.119, 0, 0, 729, 23034
2026/06/04 21:40:37.121, 0, 0, 729, 23034
2026/06/04 21:40:42.121, 0, 0, 729, 23034
2026/06/04 21:40:47.122, 0, 0, 729, 23034
2026/06/04 21:40:52.124, 0, 0, 729, 23034
2026/06/04 21:40:57.124, 0, 0, 729, 23034
2026/06/04 21:41:02.125, 0, 0, 729, 23034
2026/06/04 21:41:07.126, 0, 0, 729, 23034
2026/06/04 21:41:12.127, 0, 0, 729, 23034
2026/06/04 21:41:17.129, 0, 0, 729, 23034
2026/06/04 21:41:22.131, 0, 0, 729, 23034
2026/06/04 21:41:27.132, 0, 0, 729, 23034
2026/06/04 21:41:32.134, 0, 0, 729, 23034
2026/06/04 21:41:37.136, 0, 0, 729, 23034
2026/06/04 21:41:42.140, 0, 0, 729, 23034
2026/06/04 21:41:47.141, 0, 0, 729, 23034
2026/06/04 21:41:52.143, 0, 0, 729, 23034
2026/06/04 21:41:57.144, 0, 0, 729, 23034
2026/06/04 21:42:02.146, 0, 0, 729, 23034
2026/06/04 21:42:07.147, 0, 0, 729, 23034
2026/06/04 21:42:12.149, 0, 0, 729, 23034
2026/06/04 21:42:17.149, 0, 0, 729, 23034
2026/06/04 21:42:22.151, 0, 0, 729, 23034
2026/06/04 21:42:27.153, 0, 0, 729, 23034
2026/06/04 21:42:32.154, 0, 0, 729, 23034
2026/06/04 21:42:37.156, 0, 0, 729, 23034
2026/06/04 21:42:42.157, 0, 0, 729, 23034
2026/06/04 21:42:47.159, 0, 0, 729, 23034
2026/06/04 21:42:52.161, 0, 0, 729, 23034
2026/06/04 21:42:57.161, 0, 0, 729, 23034
2026/06/04 21:43:02.163, 0, 0, 729, 23034
2026/06/04 21:43:07.165, 0, 0, 729, 23034
2026/06/04 21:43:12.166, 0, 0, 729, 23034
2026/06/04 21:43:17.168, 0, 0, 729, 23034
2026/06/04 21:43:22.169, 0, 0, 729, 23034
2026/06/04 21:43:27.169, 0, 0, 729, 23034
2026/06/04 21:43:32.171, 0, 0, 729, 23034
2026/06/04 21:43:37.173, 0, 0, 729, 23034
2026/06/04 21:43:42.173, 0, 0, 729, 23034
2026/06/04 21:43:47.174, 0, 0, 729, 23034
2026/06/04 21:43:52.175, 0, 0, 729, 23034
2026/06/04 21:43:57.175, 0, 0, 729, 23034
2026/06/04 21:44:02.176, 0, 0, 729, 23034
2026/06/04 21:44:07.176, 0, 0, 729, 23034
2026/06/04 21:44:12.177, 0, 0, 729, 23034
2026/06/04 21:44:17.178, 0, 0, 729, 23034
2026/06/04 21:44:22.178, 0, 0, 729, 23034
2026/06/04 21:44:27.180, 0, 0, 729, 23034
2026/06/04 21:44:32.182, 0, 0, 729, 23034
2026/06/04 21:44:37.184, 0, 0, 729, 23034
2026/06/04 21:44:42.184, 0, 0, 729, 23034
2026/06/04 21:44:47.186, 0, 0, 729, 23034
2026/06/04 21:44:52.188, 0, 0, 729, 23034
2026/06/04 21:44:57.188, 0, 0, 729, 23034
2026/06/04 21:45:02.190, 0, 0, 729, 23034
2026/06/04 21:45:07.192, 0, 0, 729, 23034
2026/06/04 21:45:12.192, 0, 0, 729, 23034
2026/06/04 21:45:17.194, 0, 0, 729, 23034
2026/06/04 21:45:22.196, 0, 0, 729, 23034
2026/06/04 21:45:27.197, 0, 0, 729, 23034
2026/06/04 21:45:32.199, 0, 0, 729, 23034
2026/06/04 21:45:37.201, 0, 0, 729, 23034
2026/06/04 21:45:42.202, 0, 0, 729, 23034
2026/06/04 21:45:47.204, 0, 0, 729, 23034
2026/06/04 21:45:52.206, 0, 0, 729, 23034
2026/06/04 21:45:57.208, 0, 0, 729, 23034
2026/06/04 21:46:02.209, 0, 0, 729, 23034
2026/06/04 21:46:07.211, 0, 0, 729, 23034
2026/06/04 21:46:12.213, 0, 0, 729, 23034
2026/06/04 21:46:17.214, 0, 0, 729, 23034
2026/06/04 21:46:22.215, 0, 0, 729, 23034
2026/06/04 21:46:27.217, 0, 0, 729, 23034
2026/06/04 21:46:32.219, 0, 0, 729, 23034
2026/06/04 21:46:37.220, 0, 0, 729, 23034
2026/06/04 21:46:42.222, 0, 0, 729, 23034
2026/06/04 21:46:47.224, 0, 0, 729, 23034
2026/06/04 21:46:52.224, 0, 0, 729, 23034
2026/06/04 21:46:57.225, 0, 0, 729, 23034
2026/06/04 21:47:02.227, 0, 0, 729, 23034
2026/06/04 21:47:07.228, 0, 0, 729, 23034
2026/06/04 21:47:12.230, 0, 0, 729, 23034
2026/06/04 21:47:17.232, 0, 0, 729, 23034
2026/06/04 21:47:22.233, 0, 0, 729, 23034
2026/06/04 21:47:27.235, 0, 0, 729, 23034
2026/06/04 21:47:32.236, 0, 0, 729, 23034
2026/06/04 21:47:37.236, 0, 0, 729, 23034
2026/06/04 21:47:42.238, 0, 0, 729, 23034
2026/06/04 21:47:47.240, 0, 0, 729, 23034
2026/06/04 21:47:52.241, 0, 0, 729, 23034
2026/06/04 21:47:57.242, 0, 0, 729, 23034
2026/06/04 21:48:02.243, 0, 0, 729, 23034
2026/06/04 21:48:07.245, 0, 0, 729, 23034
2026/06/04 21:48:12.245, 0, 0, 729, 23034
2026/06/04 21:48:17.247, 0, 0, 729, 23034
2026/06/04 21:48:22.248, 0, 0, 729, 23034
2026/06/04 21:48:27.249, 0, 0, 729, 23034
2026/06/04 21:48:32.251, 0, 0, 729, 23034
2026/06/04 21:48:37.253, 0, 0, 729, 23034
2026/06/04 21:48:42.255, 0, 0, 729, 23034
2026/06/04 21:48:47.256, 0, 0, 729, 23034
2026/06/04 21:48:52.258, 0, 0, 729, 23034
2026/06/04 21:48:57.260, 0, 0, 729, 23034
2026/06/04 21:49:02.262, 0, 0, 729, 23034
2026/06/04 21:49:07.262, 0, 0, 729, 23034
2026/06/04 21:49:12.264, 0, 0, 729, 23034
2026/06/04 21:49:17.265, 0, 0, 729, 23034
2026/06/04 21:49:22.267, 0, 0, 729, 23034
2026/06/04 21:49:27.267, 0, 0, 729, 23034
2026/06/04 21:49:32.269, 0, 0, 729, 23034
2026/06/04 21:49:37.270, 0, 0, 729, 23034
2026/06/04 21:49:42.272, 0, 0, 729, 23034
2026/06/04 21:49:47.273, 0, 0, 729, 23034
2026/06/04 21:49:52.275, 0, 0, 729, 23034
2026/06/04 21:49:57.277, 0, 0, 729, 23034
2026/06/04 21:50:02.277, 0, 0, 729, 23034
2026/06/04 21:50:07.279, 0, 0, 729, 23034
2026/06/04 21:50:12.281, 0, 0, 729, 23034
2026/06/04 21:50:17.282, 0, 0, 729, 23034
2026/06/04 21:50:22.284, 0, 0, 729, 23034
2026/06/04 21:50:27.285, 0, 0, 729, 23034
2026/06/04 21:50:32.286, 0, 0, 729, 23034
2026/06/04 21:50:37.287, 0, 0, 729, 23034
2026/06/04 21:50:42.289, 0, 0, 729, 23034
2026/06/04 21:50:47.291, 0, 0, 729, 23034
2026/06/04 21:50:52.292, 0, 0, 729, 23034
2026/06/04 21:50:57.294, 0, 0, 729, 23034
2026/06/04 21:51:02.296, 0, 0, 729, 23034
2026/06/04 21:51:07.296, 0, 0, 729, 23034
2026/06/04 21:51:12.298, 0, 0, 729, 23034
2026/06/04 21:51:17.299, 0, 0, 729, 23034
2026/06/04 21:51:22.301, 0, 0, 729, 23034
2026/06/04 21:51:27.301, 0, 0, 729, 23034
2026/06/04 21:51:32.309, 0, 0, 729, 23034
2026/06/04 21:51:37.312, 0, 0, 729, 23034
2026/06/04 21:51:42.314, 0, 0, 729, 23034
2026/06/04 21:51:47.315, 0, 0, 729, 23034
2026/06/04 21:51:52.316, 0, 0, 729, 23034
2026/06/04 21:51:57.316, 0, 0, 729, 23034
2026/06/04 21:52:02.317, 0, 0, 729, 23034
2026/06/04 21:52:07.318, 0, 0, 729, 23034
2026/06/04 21:52:12.319, 0, 0, 729, 23034
2026/06/04 21:52:17.321, 0, 0, 729, 23034
2026/06/04 21:52:22.322, 0, 0, 729, 23034
2026/06/04 21:52:27.323, 0, 0, 729, 23034
2026/06/04 21:52:32.325, 0, 0, 729, 23034
2026/06/04 21:52:37.326, 0, 0, 729, 23034
2026/06/04 21:52:42.328, 0, 0, 729, 23034
2026/06/04 21:52:47.329, 0, 0, 729, 23034
2026/06/04 21:52:52.329, 0, 0, 729, 23034
2026/06/04 21:52:57.330, 0, 0, 729, 23034
2026/06/04 21:53:02.331, 0, 0, 729, 23034
2026/06/04 21:53:07.333, 0, 0, 729, 23034
2026/06/04 21:53:12.334, 0, 0, 729, 23034
2026/06/04 21:53:17.336, 0, 0, 729, 23034
2026/06/04 21:53:22.336, 0, 0, 729, 23034
2026/06/04 21:53:27.337, 0, 0, 729, 23034
2026/06/04 21:53:32.339, 0, 0, 729, 23034
2026/06/04 21:53:37.340, 0, 0, 729, 23034
2026/06/04 21:53:42.341, 0, 0, 729, 23034
2026/06/04 21:53:47.342, 0, 0, 729, 23034
2026/06/04 21:53:52.344, 0, 0, 729, 23034
2026/06/04 21:53:57.345, 0, 0, 729, 23034
2026/06/04 21:54:02.347, 0, 0, 729, 23034
2026/06/04 21:54:07.349, 0, 0, 729, 23034
2026/06/04 21:54:12.351, 0, 0, 729, 23034
2026/06/04 21:54:17.352, 0, 0, 729, 23034
2026/06/04 21:54:22.354, 0, 0, 729, 23034
2026/06/04 21:54:27.356, 0, 0, 729, 23034
2026/06/04 21:54:32.357, 0, 0, 729, 23034
2026/06/04 21:54:37.357, 0, 0, 729, 23034
2026/06/04 21:54:42.359, 0, 0, 729, 23034
2026/06/04 21:54:47.360, 0, 0, 729, 23034
2026/06/04 21:54:52.361, 0, 0, 729, 23034
2026/06/04 21:54:57.363, 0, 0, 729, 23034
2026/06/04 21:55:02.365, 0, 0, 729, 23034
2026/06/04 21:55:07.367, 0, 0, 729, 23034
2026/06/04 21:55:12.367, 0, 0, 729, 23034
2026/06/04 21:55:17.369, 0, 0, 729, 23034
2026/06/04 21:55:22.370, 0, 0, 729, 23034
2026/06/04 21:55:27.371, 0, 0, 729, 23034
2026/06/04 21:55:32.373, 0, 0, 729, 23034
2026/06/04 21:55:37.375, 0, 0, 729, 23034
2026/06/04 21:55:42.377, 0, 0, 729, 23034
2026/06/04 21:55:47.378, 0, 0, 729, 23034
2026/06/04 21:55:52.380, 0, 0, 729, 23034
2026/06/04 21:55:57.382, 0, 0, 729, 23034
2026/06/04 21:56:02.384, 0, 0, 729, 23034
2026/06/04 21:56:07.386, 0, 0, 729, 23034
2026/06/04 21:56:12.386, 0, 0, 729, 23034
2026/06/04 21:56:17.388, 0, 0, 729, 23034
2026/06/04 21:56:22.390, 0, 0, 729, 23034
2026/06/04 21:56:27.391, 0, 0, 729, 23034
2026/06/04 21:56:32.392, 0, 0, 729, 23034
2026/06/04 21:56:37.394, 0, 0, 729, 23034
2026/06/04 21:56:42.396, 0, 0, 729, 23034
2026/06/04 21:56:47.396, 0, 0, 729, 23034
2026/06/04 21:56:52.398, 0, 0, 729, 23034
2026/06/04 21:56:57.400, 0, 0, 729, 23034
2026/06/04 21:57:02.402, 0, 0, 729, 23034
2026/06/04 21:57:07.402, 0, 0, 729, 23034
2026/06/04 21:57:12.404, 0, 0, 729, 23034
2026/06/04 21:57:17.406, 0, 0, 729, 23034
2026/06/04 21:57:22.408, 0, 0, 729, 23034
2026/06/04 21:57:27.408, 0, 0, 729, 23034
2026/06/04 21:57:32.409, 0, 0, 729, 23034
2026/06/04 21:57:37.411, 0, 0, 729, 23034
2026/06/04 21:57:42.412, 0, 0, 729, 23034
2026/06/04 21:57:47.414, 0, 0, 729, 23034
2026/06/04 21:57:52.416, 0, 0, 729, 23034
2026/06/04 21:57:57.417, 0, 0, 729, 23034
2026/06/04 21:58:02.418, 0, 0, 729, 23034
2026/06/04 21:58:07.419, 0, 0, 729, 23034
2026/06/04 21:58:12.419, 0, 0, 729, 23034
2026/06/04 21:58:17.421, 0, 0, 729, 23034
2026/06/04 21:58:22.423, 0, 0, 729, 23034
2026/06/04 21:58:27.425, 0, 0, 729, 23034
2026/06/04 21:58:32.425, 0, 0, 729, 23034
2026/06/04 21:58:37.427, 0, 0, 729, 23034
2026/06/04 21:58:42.428, 0, 0, 729, 23034
2026/06/04 21:58:47.429, 0, 0, 729, 23034
2026/06/04 21:58:52.431, 0, 0, 729, 23034
2026/06/04 21:58:57.433, 0, 0, 729, 23034
2026/06/04 21:59:02.434, 0, 0, 729, 23034
2026/06/04 21:59:07.436, 0, 0, 729, 23034
2026/06/04 21:59:12.438, 0, 0, 729, 23034
2026/06/04 21:59:17.440, 0, 0, 729, 23034
2026/06/04 21:59:22.440, 0, 0, 729, 23034
2026/06/04 21:59:27.441, 0, 0, 729, 23034
2026/06/04 21:59:32.442, 0, 0, 729, 23034
2026/06/04 21:59:37.444, 0, 0, 729, 23034
2026/06/04 21:59:42.446, 0, 0, 729, 23034
2026/06/04 21:59:47.448, 0, 0, 729, 23034
2026/06/04 21:59:52.448, 0, 0, 729, 23034
2026/06/04 21:59:57.450, 0, 0, 729, 23034
2026/06/04 22:00:02.451, 0, 0, 729, 23034
2026/06/04 22:00:07.451, 0, 0, 729, 23034
2026/06/04 22:00:12.452, 0, 0, 729, 23034
2026/06/04 22:00:17.454, 0, 0, 729, 23034
2026/06/04 22:00:22.455, 0, 0, 729, 23034
2026/06/04 22:00:27.457, 0, 0, 729, 23034
2026/06/04 22:00:32.459, 0, 0, 729, 23034
2026/06/04 22:00:37.460, 0, 0, 729, 23034
2026/06/04 22:00:42.460, 0, 0, 729, 23034
2026/06/04 22:00:47.461, 0, 0, 729, 23034
2026/06/04 22:00:52.463, 0, 0, 729, 23034
2026/06/04 22:00:57.464, 0, 0, 729, 23034
2026/06/04 22:01:02.466, 0, 0, 729, 23034
2026/06/04 22:01:07.467, 0, 0, 729, 23034
2026/06/04 22:01:12.467, 0, 0, 729, 23034
2026/06/04 22:01:17.468, 0, 0, 729, 23034
2026/06/04 22:01:22.470, 0, 0, 729, 23034
2026/06/04 22:01:27.472, 0, 0, 729, 23034
2026/06/04 22:01:32.473, 0, 0, 729, 23034
2026/06/04 22:01:37.475, 0, 0, 729, 23034
2026/06/04 22:01:42.477, 0, 0, 729, 23034
2026/06/04 22:01:47.478, 0, 0, 729, 23034
2026/06/04 22:01:52.479, 0, 0, 729, 23034
2026/06/04 22:01:57.481, 0, 0, 729, 23034
2026/06/04 22:02:02.483, 0, 0, 729, 23034
2026/06/04 22:02:07.485, 0, 0, 729, 23034
2026/06/04 22:02:12.485, 0, 0, 729, 23034
2026/06/04 22:02:17.487, 0, 0, 729, 23034
2026/06/04 22:02:22.488, 0, 0, 729, 23034
2026/06/04 22:02:27.490, 0, 0, 729, 23034
2026/06/04 22:02:32.491, 0, 0, 729, 23034
2026/06/04 22:02:37.493, 0, 0, 729, 23034
2026/06/04 22:02:42.495, 0, 0, 729, 23034
2026/06/04 22:02:47.495, 0, 0, 729, 23034
2026/06/04 22:02:52.497, 0, 0, 729, 23034
2026/06/04 22:02:57.499, 0, 0, 729, 23034
2026/06/04 22:03:02.500, 0, 0, 729, 23034
2026/06/04 22:03:07.501, 0, 0, 729, 23034
2026/06/04 22:03:12.503, 0, 0, 729, 23034
2026/06/04 22:03:17.505, 0, 0, 729, 23034
2026/06/04 22:03:22.506, 0, 0, 729, 23034
2026/06/04 22:03:27.508, 0, 0, 729, 23034
2026/06/04 22:03:32.510, 0, 0, 729, 23034
2026/06/04 22:03:37.511, 0, 0, 729, 23034
2026/06/04 22:03:42.511, 0, 0, 729, 23034
2026/06/04 22:03:47.512, 0, 0, 729, 23034
2026/06/04 22:03:52.514, 0, 0, 729, 23034
2026/06/04 22:03:57.515, 0, 0, 729, 23034
2026/06/04 22:04:02.517, 0, 0, 729, 23034
2026/06/04 22:04:07.519, 0, 0, 729, 23034
2026/06/04 22:04:12.521, 0, 0, 729, 23034
2026/06/04 22:04:17.522, 0, 0, 729, 23034
2026/06/04 22:04:22.524, 0, 0, 729, 23034
2026/06/04 22:04:27.526, 0, 0, 729, 23034
2026/06/04 22:04:32.527, 0, 0, 729, 23034
2026/06/04 22:04:37.529, 0, 0, 729, 23034
2026/06/04 22:04:42.530, 0, 0, 729, 23034
2026/06/04 22:04:47.532, 0, 0, 729, 23034
2026/06/04 22:04:52.534, 0, 0, 729, 23034
2026/06/04 22:04:57.535, 0, 0, 729, 23034
2026/06/04 22:05:02.535, 0, 0, 729, 23034
2026/06/04 22:05:07.537, 0, 0, 729, 23034
2026/06/04 22:05:12.539, 0, 0, 729, 23034
2026/06/04 22:05:17.541, 0, 0, 729, 23034
2026/06/04 22:05:22.542, 0, 0, 729, 23034
2026/06/04 22:05:27.543, 0, 0, 729, 23034
2026/06/04 22:05:32.545, 0, 0, 729, 23034
2026/06/04 22:05:37.546, 0, 0, 729, 23034
2026/06/04 22:05:42.548, 0, 0, 729, 23034
2026/06/04 22:05:47.550, 0, 0, 729, 23034
2026/06/04 22:05:52.551, 0, 0, 729, 23034
2026/06/04 22:05:57.552, 0, 0, 729, 23034
2026/06/04 22:06:02.554, 0, 0, 729, 23034
2026/06/04 22:06:07.555, 0, 0, 729, 23034
2026/06/04 22:06:12.555, 0, 0, 729, 23034
2026/06/04 22:06:17.557, 0, 0, 729, 23034
2026/06/04 22:06:22.558, 0, 0, 729, 23034
2026/06/04 22:06:27.560, 0, 0, 729, 23034
2026/06/04 22:06:32.560, 0, 0, 729, 23034
2026/06/04 22:06:37.562, 0, 0, 729, 23034
2026/06/04 22:06:42.564, 0, 0, 729, 23034
2026/06/04 22:06:47.566, 0, 0, 729, 23034
2026/06/04 22:06:52.567, 0, 0, 729, 23034
2026/06/04 22:06:57.569, 0, 0, 729, 23034
2026/06/04 22:07:02.571, 0, 0, 729, 23034
2026/06/04 22:07:07.571, 0, 0, 729, 23034
2026/06/04 22:07:12.573, 0, 0, 729, 23034
2026/06/04 22:07:17.575, 0, 0, 729, 23034
2026/06/04 22:07:22.575, 0, 0, 729, 23034
2026/06/04 22:07:27.577, 0, 0, 729, 23034
2026/06/04 22:07:32.579, 0, 0, 729, 23034
2026/06/04 22:07:37.581, 0, 0, 729, 23034
2026/06/04 22:07:42.582, 0, 0, 729, 23034
2026/06/04 22:07:47.584, 0, 0, 729, 23034
2026/06/04 22:07:52.586, 0, 0, 729, 23034
2026/06/04 22:07:57.588, 0, 0, 729, 23034
2026/06/04 22:08:02.590, 0, 0, 729, 23034
2026/06/04 22:08:07.590, 0, 0, 729, 23034
2026/06/04 22:08:12.591, 0, 0, 729, 23034
2026/06/04 22:08:17.592, 0, 0, 729, 23034
2026/06/04 22:08:22.592, 0, 0, 729, 23034
2026/06/04 22:08:27.593, 0, 0, 729, 23034
2026/06/04 22:08:32.595, 0, 0, 729, 23034
2026/06/04 22:08:37.597, 0, 0, 729, 23034
2026/06/04 22:08:42.598, 0, 0, 729, 23034
2026/06/04 22:08:47.600, 0, 0, 729, 23034
2026/06/04 22:08:52.602, 0, 0, 729, 23034
2026/06/04 22:08:57.604, 0, 0, 729, 23034
2026/06/04 22:09:02.605, 0, 0, 729, 23034
2026/06/04 22:09:07.607, 0, 0, 729, 23034
2026/06/04 22:09:12.609, 0, 0, 729, 23034
2026/06/04 22:09:17.609, 0, 0, 729, 23034
2026/06/04 22:09:22.611, 0, 0, 729, 23034
2026/06/04 22:09:27.613, 0, 0, 729, 23034
2026/06/04 22:09:32.615, 0, 0, 729, 23034
2026/06/04 22:09:37.616, 0, 0, 729, 23034
2026/06/04 22:09:42.618, 0, 0, 729, 23034
2026/06/04 22:09:47.620, 0, 0, 729, 23034
2026/06/04 22:09:52.622, 0, 0, 729, 23034
2026/06/04 22:09:57.623, 0, 0, 729, 23034
2026/06/04 22:10:02.625, 0, 0, 729, 23034
2026/06/04 22:10:07.627, 0, 0, 729, 23034
2026/06/04 22:10:12.629, 0, 0, 729, 23034
2026/06/04 22:10:17.631, 0, 0, 729, 23034
2026/06/04 22:10:22.632, 0, 0, 729, 23034
2026/06/04 22:10:27.634, 0, 0, 729, 23034
2026/06/04 22:10:32.636, 0, 0, 729, 23034
2026/06/04 22:10:37.637, 0, 0, 729, 23034
2026/06/04 22:10:42.639, 0, 0, 729, 23034
2026/06/04 22:10:47.641, 0, 0, 729, 23034
2026/06/04 22:10:52.643, 0, 0, 729, 23034
2026/06/04 22:10:57.644, 0, 0, 729, 23034
2026/06/04 22:11:02.646, 0, 0, 729, 23034
2026/06/04 22:11:07.648, 0, 0, 729, 23034
2026/06/04 22:11:12.649, 0, 0, 729, 23034
2026/06/04 22:11:17.651, 0, 0, 729, 23034
2026/06/04 22:11:22.653, 0, 0, 729, 23034
2026/06/04 22:11:27.654, 0, 0, 729, 23034
2026/06/04 22:11:32.656, 0, 0, 729, 23034
2026/06/04 22:11:37.658, 0, 0, 729, 23034
2026/06/04 22:11:42.660, 0, 0, 729, 23034
2026/06/04 22:11:47.662, 0, 0, 729, 23034
2026/06/04 22:11:52.662, 0, 0, 729, 23034
2026/06/04 22:11:57.664, 0, 0, 729, 23034
2026/06/04 22:12:02.666, 0, 0, 729, 23034
2026/06/04 22:12:07.667, 0, 0, 729, 23034
2026/06/04 22:12:12.668, 0, 0, 729, 23034
2026/06/04 22:12:17.669, 0, 0, 729, 23034
2026/06/04 22:12:22.670, 0, 0, 729, 23034
2026/06/04 22:12:27.672, 0, 0, 729, 23034
2026/06/04 22:12:32.674, 0, 0, 729, 23034
2026/06/04 22:12:37.674, 0, 0, 729, 23034
2026/06/04 22:12:42.676, 0, 0, 729, 23034
2026/06/04 22:12:47.678, 0, 0, 729, 23034
2026/06/04 22:12:52.680, 0, 0, 729, 23034
2026/06/04 22:12:57.681, 0, 0, 729, 23034
2026/06/04 22:13:02.683, 0, 0, 729, 23034
2026/06/04 22:13:07.685, 0, 0, 729, 23034
2026/06/04 22:13:12.685, 0, 0, 729, 23034
2026/06/04 22:13:17.686, 0, 0, 729, 23034
2026/06/04 22:13:22.688, 0, 0, 729, 23034
2026/06/04 22:13:27.690, 0, 0, 729, 23034
2026/06/04 22:13:32.690, 0, 0, 729, 23034
2026/06/04 22:13:37.691, 0, 0, 729, 23034
2026/06/04 22:13:42.692, 0, 0, 729, 23034
2026/06/04 22:13:47.693, 0, 0, 729, 23034
2026/06/04 22:13:52.695, 0, 0, 729, 23034
2026/06/04 22:13:57.697, 0, 0, 729, 23034
2026/06/04 22:14:02.698, 0, 0, 729, 23034
2026/06/04 22:14:07.700, 0, 0, 729, 23034
2026/06/04 22:14:12.702, 0, 0, 729, 23034
2026/06/04 22:14:17.703, 0, 0, 729, 23034
2026/06/04 22:14:22.704, 0, 0, 729, 23034
2026/06/04 22:14:27.706, 0, 0, 729, 23034
2026/06/04 22:14:32.707, 0, 0, 729, 23034
2026/06/04 22:14:37.708, 0, 0, 729, 23034
2026/06/04 22:14:42.709, 0, 0, 729, 23034
2026/06/04 22:14:47.711, 0, 0, 729, 23034
2026/06/04 22:14:52.712, 0, 0, 729, 23034
2026/06/04 22:14:57.714, 0, 0, 729, 23034
2026/06/04 22:15:02.716, 0, 0, 729, 23034
2026/06/04 22:15:07.716, 0, 0, 729, 23034
2026/06/04 22:15:12.717, 0, 0, 729, 23034
2026/06/04 22:15:17.719, 0, 0, 729, 23034
2026/06/04 22:15:22.721, 0, 0, 729, 23034
2026/06/04 22:15:27.722, 0, 0, 729, 23034
2026/06/04 22:15:32.723, 0, 0, 729, 23034
2026/06/04 22:15:37.725, 0, 0, 729, 23034
2026/06/04 22:15:42.725, 0, 0, 729, 23034
2026/06/04 22:15:47.727, 0, 0, 729, 23034
2026/06/04 22:15:52.729, 0, 0, 729, 23034
2026/06/04 22:15:57.731, 0, 0, 729, 23034
2026/06/04 22:16:02.731, 0, 0, 729, 23034
2026/06/04 22:16:07.733, 0, 0, 729, 23034
2026/06/04 22:16:12.735, 0, 0, 729, 23034
2026/06/04 22:16:17.735, 0, 0, 729, 23034
2026/06/04 22:16:22.736, 0, 0, 729, 23034
2026/06/04 22:16:27.737, 0, 0, 729, 23034
2026/06/04 22:16:32.737, 0, 0, 729, 23034
2026/06/04 22:16:37.738, 0, 0, 729, 23034
2026/06/04 22:16:42.739, 0, 0, 729, 23034
2026/06/04 22:16:47.739, 0, 0, 729, 23034
2026/06/04 22:16:52.741, 0, 0, 729, 23034
2026/06/04 22:16:57.743, 0, 0, 729, 23034
2026/06/04 22:17:02.745, 0, 0, 729, 23034
2026/06/04 22:17:07.746, 0, 0, 729, 23034
2026/06/04 22:17:12.748, 0, 0, 729, 23034
2026/06/04 22:17:17.749, 0, 0, 729, 23034
2026/06/04 22:17:22.750, 0, 0, 729, 23034
2026/06/04 22:17:27.752, 0, 0, 729, 23034
2026/06/04 22:17:32.754, 0, 0, 729, 23034
2026/06/04 22:17:37.755, 0, 0, 729, 23034
2026/06/04 22:17:42.757, 0, 0, 729, 23034
2026/06/04 22:17:47.759, 0, 0, 729, 23034
2026/06/04 22:17:52.760, 0, 0, 729, 23034
2026/06/04 22:17:57.760, 0, 0, 729, 23034
2026/06/04 22:18:02.762, 0, 0, 729, 23034
2026/06/04 22:18:07.764, 0, 0, 729, 23034
2026/06/04 22:18:12.765, 0, 0, 729, 23034
2026/06/04 22:18:17.767, 0, 0, 729, 23034
2026/06/04 22:18:22.769, 0, 0, 729, 23034
2026/06/04 22:18:27.770, 0, 0, 729, 23034
2026/06/04 22:18:32.770, 0, 0, 729, 23034
2026/06/04 22:18:37.771, 0, 0, 729, 23034
2026/06/04 22:18:42.773, 0, 0, 729, 23034
2026/06/04 22:18:47.773, 0, 0, 729, 23034
2026/06/04 22:18:52.775, 0, 0, 729, 23034
2026/06/04 22:18:57.777, 0, 0, 729, 23034
2026/06/04 22:19:02.777, 0, 0, 729, 23034
2026/06/04 22:19:07.778, 0, 0, 729, 23034
2026/06/04 22:19:12.780, 0, 0, 729, 23034
2026/06/04 22:19:17.781, 0, 0, 729, 23034
2026/06/04 22:19:22.782, 0, 0, 729, 23034
2026/06/04 22:19:27.783, 0, 0, 729, 23034
2026/06/04 22:19:32.783, 0, 0, 729, 23034
2026/06/04 22:19:37.785, 0, 0, 729, 23034
2026/06/04 22:19:42.786, 0, 0, 729, 23034
2026/06/04 22:19:47.788, 0, 0, 729, 23034
2026/06/04 22:19:52.789, 0, 0, 729, 23034
2026/06/04 22:19:57.791, 0, 0, 729, 23034
2026/06/04 22:20:02.793, 0, 0, 729, 23034
2026/06/04 22:20:07.795, 0, 0, 729, 23034
2026/06/04 22:20:12.796, 0, 0, 729, 23034
2026/06/04 22:20:17.798, 0, 0, 729, 23034
2026/06/04 22:20:22.799, 0, 0, 729, 23034
2026/06/04 22:20:27.800, 0, 0, 729, 23034
2026/06/04 22:20:32.801, 0, 0, 729, 23034
2026/06/04 22:20:37.803, 0, 0, 729, 23034
2026/06/04 22:20:42.804, 0, 0, 729, 23034
2026/06/04 22:20:47.806, 0, 0, 729, 23034
2026/06/04 22:20:52.808, 0, 0, 729, 23034
2026/06/04 22:20:57.810, 0, 0, 729, 23034
2026/06/04 22:21:02.810, 0, 0, 729, 23034
2026/06/04 22:21:07.811, 0, 0, 729, 23034
2026/06/04 22:21:12.813, 0, 0, 729, 23034
2026/06/04 22:21:17.814, 0, 0, 729, 23034
2026/06/04 22:21:22.815, 0, 0, 729, 23034
2026/06/04 22:21:27.817, 0, 0, 729, 23034
2026/06/04 22:21:32.819, 0, 0, 729, 23034
2026/06/04 22:21:37.820, 0, 0, 729, 23034
2026/06/04 22:21:42.822, 0, 0, 729, 23034
2026/06/04 22:21:47.824, 0, 0, 729, 23034
2026/06/04 22:21:52.826, 0, 0, 729, 23034
2026/06/04 22:21:57.827, 0, 0, 729, 23034
2026/06/04 22:22:02.829, 0, 0, 729, 23034
2026/06/04 22:22:07.831, 0, 0, 729, 23034
2026/06/04 22:22:12.833, 0, 0, 729, 23034
2026/06/04 22:22:17.834, 0, 0, 729, 23034
2026/06/04 22:22:22.836, 0, 0, 729, 23034
2026/06/04 22:22:27.838, 0, 0, 729, 23034
2026/06/04 22:22:32.839, 0, 0, 729, 23034
2026/06/04 22:22:37.841, 0, 0, 729, 23034
2026/06/04 22:22:42.842, 0, 0, 729, 23034
2026/06/04 22:22:47.842, 0, 0, 729, 23034
2026/06/04 22:22:52.844, 0, 0, 729, 23034
2026/06/04 22:22:57.846, 0, 0, 729, 23034
2026/06/04 22:23:02.847, 0, 0, 729, 23034
2026/06/04 22:23:07.849, 0, 0, 729, 23034
2026/06/04 22:23:12.851, 0, 0, 729, 23034
2026/06/04 22:23:17.853, 0, 0, 729, 23034
2026/06/04 22:23:22.854, 0, 0, 729, 23034
2026/06/04 22:23:27.856, 0, 0, 729, 23034
2026/06/04 22:23:32.858, 0, 0, 729, 23034
2026/06/04 22:23:37.859, 0, 0, 729, 23034
2026/06/04 22:23:42.861, 0, 0, 729, 23034
2026/06/04 22:23:47.863, 0, 0, 729, 23034
2026/06/04 22:23:52.865, 0, 0, 729, 23034
2026/06/04 22:23:57.866, 0, 0, 729, 23034
2026/06/04 22:24:02.868, 0, 0, 729, 23034
2026/06/04 22:24:07.870, 0, 0, 729, 23034
2026/06/04 22:24:12.870, 0, 0, 729, 23034
2026/06/04 22:24:17.872, 0, 0, 729, 23034
2026/06/04 22:24:22.873, 0, 0, 729, 23034
2026/06/04 22:24:27.873, 0, 0, 729, 23034
2026/06/04 22:24:32.874, 0, 0, 729, 23034
2026/06/04 22:24:37.875, 0, 0, 729, 23034
2026/06/04 22:24:42.875, 0, 0, 729, 23034
2026/06/04 22:24:47.877, 0, 0, 729, 23034
2026/06/04 22:24:52.879, 0, 0, 729, 23034
2026/06/04 22:24:57.881, 0, 0, 729, 23034
2026/06/04 22:25:02.882, 0, 0, 729, 23034
2026/06/04 22:25:07.884, 0, 0, 729, 23034
2026/06/04 22:25:12.886, 0, 0, 729, 23034
2026/06/04 22:25:17.887, 0, 0, 729, 23034
2026/06/04 22:25:22.889, 0, 0, 729, 23034
2026/06/04 22:25:27.891, 0, 0, 729, 23034
2026/06/04 22:25:32.893, 0, 0, 729, 23034
2026/06/04 22:25:37.894, 0, 0, 729, 23034
2026/06/04 22:25:42.896, 0, 0, 729, 23034
2026/06/04 22:25:47.898, 0, 0, 729, 23034
2026/06/04 22:25:52.899, 0, 0, 729, 23034
2026/06/04 22:25:57.901, 0, 0, 729, 23034
2026/06/04 22:26:02.903, 0, 0, 729, 23034
2026/06/04 22:26:07.905, 0, 0, 729, 23034
2026/06/04 22:26:12.905, 0, 0, 729, 23034
2026/06/04 22:26:17.907, 0, 0, 729, 23034
2026/06/04 22:26:22.909, 0, 0, 729, 23034
2026/06/04 22:26:27.911, 0, 0, 729, 23034
2026/06/04 22:26:32.912, 0, 0, 729, 23034
2026/06/04 22:26:37.914, 0, 0, 729, 23034
2026/06/04 22:26:42.916, 0, 0, 729, 23034
2026/06/04 22:26:47.917, 0, 0, 729, 23034
2026/06/04 22:26:52.918, 0, 0, 729, 23034
2026/06/04 22:26:57.920, 0, 0, 729, 23034
2026/06/04 22:27:02.922, 0, 0, 729, 23034
2026/06/04 22:27:07.923, 0, 0, 729, 23034
2026/06/04 22:27:12.924, 0, 0, 729, 23034
2026/06/04 22:27:17.926, 0, 0, 729, 23034
2026/06/04 22:27:22.928, 0, 0, 729, 23034
2026/06/04 22:27:27.928, 0, 0, 729, 23034
2026/06/04 22:27:32.930, 0, 0, 729, 23034
2026/06/04 22:27:37.932, 0, 0, 729, 23034
2026/06/04 22:27:42.933, 0, 0, 729, 23034
2026/06/04 22:27:47.935, 0, 0, 729, 23034
2026/06/04 22:27:52.937, 0, 0, 729, 23034
2026/06/04 22:27:57.939, 0, 0, 729, 23034
2026/06/04 22:28:02.940, 0, 0, 729, 23034
2026/06/04 22:28:07.942, 0, 0, 729, 23034
2026/06/04 22:28:12.944, 0, 0, 729, 23034
2026/06/04 22:28:17.946, 0, 0, 729, 23034
2026/06/04 22:28:22.947, 0, 0, 729, 23034
2026/06/04 22:28:27.948, 0, 0, 729, 23034
2026/06/04 22:28:32.949, 0, 0, 729, 23034
2026/06/04 22:28:37.950, 0, 0, 729, 23034
2026/06/04 22:28:42.951, 0, 0, 729, 23034
2026/06/04 22:28:47.953, 0, 0, 729, 23034
2026/06/04 22:28:52.955, 0, 0, 729, 23034
2026/06/04 22:28:57.956, 0, 0, 729, 23034
2026/06/04 22:29:02.958, 0, 0, 729, 23034
2026/06/04 22:29:07.960, 0, 0, 729, 23034
2026/06/04 22:29:12.960, 0, 0, 729, 23034
2026/06/04 22:29:17.962, 0, 0, 729, 23034
2026/06/04 22:29:22.963, 0, 0, 729, 23034
2026/06/04 22:29:27.964, 0, 0, 729, 23034
2026/06/04 22:29:32.966, 0, 0, 729, 23034
2026/06/04 22:29:37.968, 0, 0, 729, 23034
2026/06/04 22:29:42.970, 0, 0, 729, 23034
2026/06/04 22:29:47.972, 0, 0, 729, 23034
2026/06/04 22:29:52.972, 0, 0, 729, 23034
2026/06/04 22:29:57.974, 0, 0, 729, 23034
2026/06/04 22:30:02.975, 0, 0, 729, 23034
2026/06/04 22:30:07.977, 0, 0, 729, 23034
2026/06/04 22:30:12.978, 0, 0, 729, 23034
2026/06/04 22:30:17.980, 0, 0, 729, 23034
2026/06/04 22:30:22.982, 0, 0, 729, 23034
2026/06/04 22:30:27.984, 0, 0, 729, 23034
2026/06/04 22:30:32.984, 0, 0, 729, 23034
2026/06/04 22:30:37.986, 0, 0, 729, 23034
2026/06/04 22:30:42.987, 0, 0, 729, 23034
2026/06/04 22:30:47.987, 0, 0, 729, 23034
2026/06/04 22:30:52.988, 0, 0, 729, 23034
2026/06/04 22:30:57.990, 0, 0, 729, 23034
2026/06/04 22:31:02.990, 0, 0, 729, 23034
2026/06/04 22:31:07.991, 0, 0, 729, 23034
2026/06/04 22:31:12.993, 0, 0, 729, 23034
2026/06/04 22:31:17.995, 0, 0, 729, 23034
2026/06/04 22:31:22.996, 0, 0, 729, 23034
2026/06/04 22:31:27.998, 0, 0, 729, 23034
2026/06/04 22:31:33.000, 0, 0, 729, 23034
2026/06/04 22:31:38.002, 0, 0, 729, 23034
2026/06/04 22:31:43.002, 0, 0, 729, 23034
2026/06/04 22:31:48.004, 0, 0, 729, 23034
2026/06/04 22:31:53.006, 0, 0, 729, 23034
2026/06/04 22:31:58.008, 0, 0, 729, 23034
2026/06/04 22:32:03.009, 0, 0, 729, 23034
2026/06/04 22:32:08.010, 0, 0, 729, 23034
2026/06/04 22:32:13.011, 0, 0, 729, 23034
2026/06/04 22:32:18.012, 0, 0, 729, 23034
2026/06/04 22:32:23.014, 0, 0, 729, 23034
2026/06/04 22:32:28.016, 0, 0, 729, 23034
2026/06/04 22:32:33.018, 0, 0, 729, 23034
2026/06/04 22:32:38.019, 0, 0, 729, 23034
2026/06/04 22:32:43.020, 0, 0, 729, 23034
2026/06/04 22:32:48.022, 0, 0, 729, 23034
2026/06/04 22:32:53.024, 0, 0, 729, 23034
2026/06/04 22:32:58.025, 0, 0, 729, 23034
2026/06/04 22:33:03.027, 0, 0, 729, 23034
2026/06/04 22:33:08.029, 0, 0, 729, 23034
2026/06/04 22:33:13.031, 0, 0, 729, 23034
2026/06/04 22:33:18.032, 0, 0, 729, 23034
2026/06/04 22:33:23.034, 0, 0, 729, 23034
2026/06/04 22:33:28.036, 0, 0, 729, 23034
2026/06/04 22:33:33.038, 0, 0, 729, 23034
2026/06/04 22:33:38.038, 0, 0, 729, 23034
2026/06/04 22:33:43.040, 0, 0, 729, 23034
2026/06/04 22:33:48.042, 0, 0, 729, 23034
2026/06/04 22:33:53.043, 0, 0, 729, 23034
2026/06/04 22:33:58.044, 0, 0, 729, 23034
2026/06/04 22:34:03.046, 0, 0, 729, 23034
2026/06/04 22:34:08.047, 0, 0, 729, 23034
2026/06/04 22:34:13.049, 0, 0, 729, 23034
2026/06/04 22:34:18.051, 0, 0, 729, 23034
2026/06/04 22:34:23.053, 0, 0, 729, 23034
2026/06/04 22:34:28.053, 0, 0, 729, 23034
2026/06/04 22:34:33.055, 0, 0, 729, 23034
2026/06/04 22:34:38.057, 0, 0, 729, 23034
2026/06/04 22:34:43.059, 0, 0, 729, 23034
2026/06/04 22:34:48.059, 0, 0, 729, 23034
2026/06/04 22:34:53.060, 0, 0, 729, 23034
2026/06/04 22:34:58.062, 0, 0, 729, 23034
2026/06/04 22:35:03.062, 0, 0, 729, 23034
2026/06/04 22:35:08.064, 0, 0, 729, 23034
2026/06/04 22:35:13.066, 0, 0, 729, 23034
2026/06/04 22:35:18.067, 0, 0, 729, 23034
2026/06/04 22:35:23.069, 0, 0, 729, 23034
2026/06/04 22:35:28.071, 0, 0, 729, 23034
2026/06/04 22:35:33.072, 0, 0, 729, 23034
2026/06/04 22:35:38.073, 0, 0, 729, 23034
2026/06/04 22:35:43.075, 0, 0, 729, 23034
2026/06/04 22:35:48.075, 0, 0, 729, 23034
2026/06/04 22:35:53.076, 0, 0, 729, 23034
2026/06/04 22:35:58.077, 0, 0, 729, 23034
2026/06/04 22:36:03.077, 0, 0, 729, 23034
2026/06/04 22:36:08.079, 0, 0, 729, 23034
2026/06/04 22:36:13.081, 0, 0, 729, 23034
2026/06/04 22:36:18.082, 0, 0, 729, 23034
2026/06/04 22:36:23.084, 0, 0, 729, 23034
2026/06/04 22:36:28.086, 0, 0, 729, 23034
2026/06/04 22:36:33.087, 0, 0, 729, 23034
2026/06/04 22:36:38.089, 0, 0, 729, 23034
2026/06/04 22:36:43.090, 0, 0, 729, 23034
2026/06/04 22:36:48.092, 0, 0, 729, 23034
2026/06/04 22:36:53.093, 0, 0, 729, 23034
2026/06/04 22:36:58.093, 0, 0, 729, 23034
2026/06/04 22:37:03.095, 0, 0, 729, 23034
2026/06/04 22:37:08.097, 0, 0, 729, 23034
2026/06/04 22:37:13.098, 0, 0, 729, 23034
2026/06/04 22:37:18.100, 0, 0, 729, 23034
2026/06/04 22:37:23.102, 0, 0, 729, 23034
2026/06/04 22:37:28.104, 0, 0, 729, 23034
2026/06/04 22:37:33.105, 0, 0, 729, 23034
2026/06/04 22:37:38.107, 0, 0, 729, 23034
2026/06/04 22:37:43.109, 0, 0, 729, 23034
2026/06/04 22:37:48.110, 0, 0, 729, 23034
2026/06/04 22:37:53.111, 0, 0, 729, 23034
2026/06/04 22:37:58.112, 0, 0, 729, 23034
2026/06/04 22:38:03.113, 0, 0, 729, 23034
2026/06/04 22:38:08.113, 0, 0, 729, 23034
2026/06/04 22:38:13.115, 0, 0, 729, 23034
2026/06/04 22:38:18.116, 0, 0, 729, 23034
2026/06/04 22:38:23.118, 0, 0, 729, 23034
2026/06/04 22:38:28.118, 0, 0, 729, 23034
2026/06/04 22:38:33.119, 0, 0, 729, 23034
2026/06/04 22:38:38.121, 0, 0, 729, 23034
2026/06/04 22:38:43.121, 0, 0, 729, 23034
2026/06/04 22:38:48.122, 0, 0, 729, 23034
2026/06/04 22:38:53.124, 0, 0, 729, 23034
2026/06/04 22:38:58.125, 0, 0, 729, 23034
2026/06/04 22:39:03.127, 0, 0, 729, 23034
2026/06/04 22:39:08.129, 0, 0, 729, 23034
2026/06/04 22:39:13.130, 0, 0, 729, 23034
2026/06/04 22:39:18.132, 0, 0, 729, 23034
2026/06/04 22:39:23.133, 0, 0, 729, 23034
2026/06/04 22:39:28.133, 0, 0, 729, 23034
2026/06/04 22:39:33.135, 0, 0, 729, 23034
2026/06/04 22:39:38.137, 0, 0, 729, 23034
2026/06/04 22:39:43.139, 0, 0, 729, 23034
2026/06/04 22:39:48.140, 0, 0, 729, 23034
2026/06/04 22:39:53.141, 0, 0, 729, 23034
2026/06/04 22:39:58.142, 0, 0, 729, 23034
2026/06/04 22:40:03.143, 0, 0, 729, 23034
2026/06/04 22:40:08.145, 0, 0, 729, 23034
2026/06/04 22:40:13.147, 0, 0, 729, 23034
2026/06/04 22:40:18.149, 0, 0, 729, 23034
2026/06/04 22:40:23.150, 0, 0, 729, 23034
2026/06/04 22:40:28.152, 0, 0, 729, 23034
2026/06/04 22:40:33.153, 0, 0, 729, 23034
2026/06/04 22:40:38.153, 0, 0, 729, 23034
2026/06/04 22:40:43.154, 0, 0, 729, 23034
2026/06/04 22:40:48.155, 0, 0, 729, 23034
2026/06/04 22:40:53.155, 0, 0, 729, 23034
2026/06/04 22:40:58.157, 0, 0, 729, 23034
2026/06/04 22:41:03.159, 0, 0, 729, 23034
2026/06/04 22:41:08.159, 0, 0, 729, 23034
2026/06/04 22:41:13.161, 0, 0, 729, 23034
2026/06/04 22:41:18.163, 0, 0, 729, 23034
2026/06/04 22:41:23.164, 0, 0, 729, 23034
2026/06/04 22:41:28.166, 0, 0, 729, 23034
2026/06/04 22:41:33.168, 0, 0, 729, 23034
2026/06/04 22:41:38.169, 0, 0, 729, 23034
2026/06/04 22:41:43.170, 0, 0, 729, 23034
2026/06/04 22:41:48.171, 0, 0, 729, 23034
2026/06/04 22:41:53.172, 0, 0, 729, 23034
2026/06/04 22:41:58.174, 0, 0, 729, 23034
2026/06/04 22:42:03.175, 0, 0, 729, 23034
2026/06/04 22:42:08.176, 0, 0, 729, 23034
2026/06/04 22:42:13.176, 0, 0, 729, 23034
2026/06/04 22:42:18.177, 0, 0, 729, 23034
2026/06/04 22:42:23.179, 0, 0, 729, 23034
2026/06/04 22:42:28.183, 0, 0, 729, 23034
2026/06/04 22:42:33.185, 0, 0, 729, 23034
2026/06/04 22:42:38.186, 0, 0, 729, 23034
2026/06/04 22:42:43.188, 0, 0, 729, 23034
2026/06/04 22:42:48.188, 0, 0, 729, 23034
2026/06/04 22:42:53.189, 0, 0, 729, 23034
2026/06/04 22:42:58.191, 0, 0, 729, 23034
2026/06/04 22:43:03.192, 0, 0, 729, 23034
2026/06/04 22:43:08.194, 0, 0, 729, 23034
2026/06/04 22:43:13.194, 0, 0, 729, 23034
2026/06/04 22:43:18.196, 0, 0, 729, 23034
2026/06/04 22:43:23.198, 0, 0, 729, 23034
2026/06/04 22:43:28.198, 0, 0, 729, 23034
2026/06/04 22:43:33.200, 0, 0, 729, 23034
2026/06/04 22:43:38.201, 0, 0, 729, 23034
2026/06/04 22:43:43.201, 0, 0, 729, 23034
2026/06/04 22:43:48.203, 0, 0, 729, 23034
2026/06/04 22:43:53.205, 0, 0, 729, 23034
2026/06/04 22:43:58.206, 0, 0, 729, 23034
2026/06/04 22:44:03.208, 0, 0, 729, 23034
2026/06/04 22:44:08.210, 0, 0, 729, 23034
2026/06/04 22:44:13.211, 0, 0, 729, 23034
2026/06/04 22:44:18.212, 0, 0, 729, 23034
2026/06/04 22:44:23.214, 0, 0, 729, 23034
2026/06/04 22:44:28.216, 0, 0, 729, 23034
2026/06/04 22:44:33.217, 0, 0, 729, 23034
2026/06/04 22:44:38.218, 0, 0, 729, 23034
2026/06/04 22:44:43.220, 0, 0, 729, 23034
2026/06/04 22:44:48.222, 0, 0, 729, 23034
2026/06/04 22:44:53.223, 0, 0, 729, 23034
2026/06/04 22:44:58.224, 0, 0, 729, 23034
2026/06/04 22:45:03.226, 0, 0, 729, 23034
2026/06/04 22:45:08.228, 0, 0, 729, 23034
2026/06/04 22:45:13.228, 0, 0, 729, 23034
2026/06/04 22:45:18.230, 0, 0, 729, 23034
2026/06/04 22:45:23.232, 0, 0, 729, 23034
2026/06/04 22:45:28.234, 0, 0, 729, 23034
2026/06/04 22:45:33.235, 0, 0, 729, 23034
2026/06/04 22:45:38.237, 0, 0, 729, 23034
2026/06/04 22:45:43.239, 0, 0, 729, 23034
2026/06/04 22:45:48.241, 0, 0, 729, 23034
2026/06/04 22:45:53.242, 0, 0, 729, 23034
2026/06/04 22:45:58.244, 0, 0, 729, 23034
2026/06/04 22:46:03.246, 0, 0, 729, 23034
2026/06/04 22:46:08.248, 0, 0, 729, 23034
2026/06/04 22:46:13.249, 0, 0, 729, 23034
2026/06/04 22:46:18.251, 0, 0, 729, 23034
2026/06/04 22:46:23.252, 0, 0, 729, 23034
2026/06/04 22:46:28.254, 0, 0, 729, 23034
2026/06/04 22:46:33.255, 0, 0, 729, 23034
2026/06/04 22:46:38.257, 0, 0, 729, 23034
2026/06/04 22:46:43.259, 0, 0, 729, 23034
2026/06/04 22:46:48.261, 0, 0, 729, 23034
2026/06/04 22:46:53.262, 0, 0, 729, 23034
2026/06/04 22:46:58.263, 0, 0, 729, 23034
2026/06/04 22:47:03.265, 0, 0, 729, 23034
2026/06/04 22:47:08.267, 0, 0, 729, 23034
2026/06/04 22:47:13.268, 0, 0, 729, 23034
2026/06/04 22:47:18.270, 0, 0, 729, 23034
2026/06/04 22:47:23.271, 0, 0, 729, 23034
2026/06/04 22:47:28.271, 0, 0, 729, 23034
2026/06/04 22:47:33.273, 0, 0, 729, 23034
2026/06/04 22:47:38.274, 0, 0, 729, 23034
2026/06/04 22:47:43.275, 0, 0, 729, 23034
2026/06/04 22:47:48.277, 0, 0, 729, 23034
2026/06/04 22:47:53.279, 0, 0, 729, 23034
2026/06/04 22:47:58.280, 0, 0, 729, 23034
2026/06/04 22:48:03.282, 0, 0, 729, 23034
2026/06/04 22:48:08.284, 0, 0, 729, 23034
2026/06/04 22:48:13.286, 0, 0, 729, 23034
2026/06/04 22:48:18.286, 0, 0, 729, 23034
2026/06/04 22:48:23.288, 0, 0, 729, 23034
2026/06/04 22:48:28.290, 0, 0, 729, 23034
2026/06/04 22:48:33.290, 0, 0, 729, 23034
2026/06/04 22:48:38.291, 0, 0, 729, 23034
2026/06/04 22:48:43.293, 0, 0, 729, 23034
2026/06/04 22:48:48.293, 0, 0, 729, 23034
2026/06/04 22:48:53.294, 0, 0, 729, 23034
2026/06/04 22:48:58.294, 0, 0, 729, 23034
2026/06/04 22:49:03.295, 0, 0, 729, 23034
2026/06/04 22:49:08.296, 0, 0, 729, 23034
2026/06/04 22:49:13.296, 0, 0, 729, 23034
2026/06/04 22:49:18.298, 0, 0, 729, 23034
2026/06/04 22:49:23.300, 0, 0, 729, 23034
2026/06/04 22:49:28.302, 0, 0, 729, 23034
2026/06/04 22:49:33.302, 0, 0, 729, 23034
2026/06/04 22:49:38.304, 0, 0, 729, 23034
2026/06/04 22:49:43.306, 0, 0, 729, 23034
2026/06/04 22:49:48.308, 0, 0, 729, 23034
2026/06/04 22:49:53.309, 0, 0, 729, 23034
2026/06/04 22:49:58.311, 0, 0, 729, 23034
2026/06/04 22:50:03.313, 0, 0, 729, 23034
2026/06/04 22:50:08.313, 0, 0, 729, 23034
2026/06/04 22:50:13.315, 0, 0, 729, 23034
2026/06/04 22:50:18.317, 0, 0, 729, 23034
2026/06/04 22:50:23.319, 0, 0, 729, 23034
2026/06/04 22:50:28.321, 0, 0, 729, 23034
2026/06/04 22:50:33.321, 0, 0, 729, 23034
2026/06/04 22:50:38.323, 0, 0, 729, 23034
2026/06/04 22:50:43.325, 0, 0, 729, 23034
2026/06/04 22:50:48.327, 0, 0, 729, 23034
2026/06/04 22:50:53.329, 0, 0, 729, 23034
2026/06/04 22:50:58.330, 0, 0, 729, 23034
2026/06/04 22:51:03.332, 0, 0, 729, 23034
2026/06/04 22:51:08.334, 0, 0, 729, 23034
2026/06/04 22:51:13.334, 0, 0, 729, 23034
2026/06/04 22:51:18.336, 0, 0, 729, 23034
2026/06/04 22:51:23.338, 0, 0, 729, 23034
2026/06/04 22:51:28.340, 0, 0, 729, 23034
2026/06/04 22:51:33.341, 0, 0, 729, 23034
2026/06/04 22:51:38.343, 0, 0, 729, 23034
2026/06/04 22:51:43.345, 0, 0, 729, 23034
2026/06/04 22:51:48.346, 0, 0, 729, 23034
2026/06/04 22:51:53.347, 0, 0, 729, 23034
2026/06/04 22:51:58.349, 0, 0, 729, 23034
2026/06/04 22:52:03.350, 0, 0, 729, 23034
2026/06/04 22:52:08.351, 0, 0, 729, 23034
2026/06/04 22:52:13.353, 0, 0, 729, 23034
2026/06/04 22:52:18.354, 0, 0, 729, 23034
2026/06/04 22:52:23.356, 0, 0, 729, 23034
2026/06/04 22:52:28.357, 0, 0, 729, 23034
2026/06/04 22:52:33.359, 0, 0, 729, 23034
2026/06/04 22:52:38.360, 0, 0, 729, 23034
2026/06/04 22:52:43.361, 0, 0, 729, 23034
2026/06/04 22:52:48.363, 0, 0, 729, 23034
2026/06/04 22:52:53.364, 0, 0, 729, 23034
2026/06/04 22:52:58.366, 0, 0, 729, 23034
2026/06/04 22:53:03.368, 0, 0, 729, 23034
2026/06/04 22:53:08.369, 0, 0, 729, 23034
2026/06/04 22:53:13.370, 0, 0, 729, 23034
2026/06/04 22:53:18.372, 0, 0, 729, 23034
2026/06/04 22:53:23.374, 0, 0, 729, 23034
2026/06/04 22:53:28.376, 0, 0, 729, 23034
2026/06/04 22:53:33.377, 0, 0, 729, 23034
2026/06/04 22:53:38.379, 0, 0, 729, 23034
2026/06/04 22:53:43.381, 0, 0, 729, 23034
2026/06/04 22:53:48.382, 0, 0, 729, 23034
2026/06/04 22:53:53.384, 0, 0, 729, 23034
2026/06/04 22:53:58.386, 0, 0, 729, 23034
2026/06/04 22:54:03.388, 0, 0, 729, 23034
2026/06/04 22:54:08.388, 0, 0, 729, 23034
2026/06/04 22:54:13.389, 0, 0, 729, 23034
2026/06/04 22:54:18.391, 0, 0, 729, 23034
2026/06/04 22:54:23.392, 0, 0, 729, 23034
2026/06/04 22:54:28.394, 0, 0, 729, 23034
2026/06/04 22:54:33.395, 0, 0, 729, 23034
2026/06/04 22:54:38.397, 0, 0, 729, 23034
2026/06/04 22:54:43.398, 0, 0, 729, 23034
2026/06/04 22:54:48.399, 0, 0, 729, 23034
2026/06/04 22:54:53.401, 0, 0, 729, 23034
2026/06/04 22:54:58.402, 0, 0, 729, 23034
2026/06/04 22:55:03.403, 0, 0, 729, 23034
2026/06/04 22:55:08.405, 0, 0, 729, 23034
2026/06/04 22:55:13.407, 0, 0, 729, 23034
2026/06/04 22:55:18.408, 0, 0, 729, 23034
2026/06/04 22:55:23.410, 0, 0, 729, 23034
2026/06/04 22:55:28.412, 0, 0, 729, 23034
2026/06/04 22:55:33.414, 0, 0, 729, 23034
2026/06/04 22:55:38.414, 0, 0, 729, 23034
2026/06/04 22:55:43.416, 0, 0, 729, 23034
2026/06/04 22:55:48.418, 0, 0, 729, 23034
2026/06/04 22:55:53.419, 0, 0, 729, 23034
2026/06/04 22:55:58.421, 0, 0, 729, 23034
2026/06/04 22:56:03.423, 0, 0, 729, 23034
2026/06/04 22:56:08.423, 0, 0, 729, 23034
2026/06/04 22:56:13.425, 0, 0, 729, 23034
2026/06/04 22:56:18.427, 0, 0, 729, 23034
2026/06/04 22:56:23.428, 0, 0, 729, 23034
2026/06/04 22:56:28.430, 0, 0, 729, 23034
2026/06/04 22:56:33.432, 0, 0, 729, 23034
2026/06/04 22:56:38.434, 0, 0, 729, 23034
2026/06/04 22:56:43.435, 0, 0, 729, 23034
2026/06/04 22:56:48.436, 0, 0, 729, 23034
2026/06/04 22:56:53.437, 0, 0, 729, 23034
2026/06/04 22:56:58.437, 0, 0, 729, 23034
2026/06/04 22:57:03.438, 0, 0, 729, 23034
2026/06/04 22:57:08.439, 0, 0, 729, 23034
2026/06/04 22:57:13.439, 0, 0, 729, 23034
2026/06/04 22:57:18.440, 0, 0, 729, 23034
2026/06/04 22:57:23.442, 0, 0, 729, 23034
2026/06/04 22:57:28.444, 0, 0, 729, 23034
2026/06/04 22:57:33.445, 0, 0, 729, 23034
2026/06/04 22:57:38.446, 0, 0, 729, 23034
2026/06/04 22:57:43.448, 0, 0, 729, 23034
2026/06/04 22:57:48.450, 0, 0, 729, 23034
2026/06/04 22:57:53.450, 0, 0, 729, 23034
2026/06/04 22:57:58.451, 0, 0, 729, 23034
2026/06/04 22:58:03.453, 0, 0, 729, 23034
2026/06/04 22:58:08.454, 0, 0, 729, 23034
2026/06/04 22:58:13.456, 0, 0, 729, 23034
2026/06/04 22:58:18.458, 0, 0, 729, 23034
2026/06/04 22:58:23.459, 0, 0, 729, 23034
2026/06/04 22:58:28.460, 0, 0, 729, 23034
2026/06/04 22:58:33.462, 0, 0, 729, 23034
2026/06/04 22:58:38.463, 0, 0, 729, 23034
2026/06/04 22:58:43.464, 0, 0, 729, 23034
2026/06/04 22:58:48.466, 0, 0, 729, 23034
2026/06/04 22:58:53.467, 0, 0, 729, 23034
2026/06/04 22:58:58.469, 0, 0, 729, 23034
2026/06/04 22:59:03.470, 0, 0, 729, 23034
2026/06/04 22:59:08.471, 0, 0, 729, 23034
2026/06/04 22:59:13.473, 0, 0, 729, 23034
2026/06/04 22:59:18.474, 0, 0, 729, 23034
2026/06/04 22:59:23.476, 0, 0, 729, 23034
2026/06/04 22:59:28.478, 0, 0, 729, 23034
2026/06/04 22:59:33.480, 0, 0, 729, 23034
2026/06/04 22:59:38.482, 0, 0, 729, 23034
2026/06/04 22:59:43.483, 0, 0, 729, 23034
2026/06/04 22:59:48.485, 0, 0, 729, 23034
2026/06/04 22:59:53.486, 0, 0, 729, 23034
2026/06/04 22:59:58.488, 0, 0, 729, 23034
2026/06/04 23:00:03.490, 0, 0, 729, 23034
2026/06/04 23:00:08.490, 0, 0, 729, 23034
2026/06/04 23:00:13.491, 0, 0, 729, 23034
2026/06/04 23:00:18.493, 0, 0, 729, 23034
2026/06/04 23:00:23.495, 0, 0, 729, 23034
2026/06/04 23:00:28.497, 0, 0, 729, 23034
2026/06/04 23:00:33.498, 0, 0, 729, 23034
2026/06/04 23:00:38.500, 0, 0, 729, 23034
2026/06/04 23:00:43.502, 0, 0, 729, 23034
2026/06/04 23:00:48.503, 0, 0, 729, 23034
2026/06/04 23:00:53.505, 0, 0, 729, 23034
2026/06/04 23:00:58.507, 0, 0, 729, 23034
2026/06/04 23:01:03.509, 0, 0, 729, 23034
2026/06/04 23:01:08.511, 0, 0, 729, 23034
2026/06/04 23:01:13.512, 0, 0, 729, 23034
2026/06/04 23:01:18.513, 0, 0, 729, 23034
2026/06/04 23:01:23.514, 0, 0, 729, 23034
2026/06/04 23:01:28.515, 0, 0, 729, 23034
2026/06/04 23:01:33.517, 0, 0, 729, 23034
2026/06/04 23:01:38.519, 0, 0, 729, 23034
2026/06/04 23:01:43.521, 0, 0, 729, 23034
2026/06/04 23:01:48.523, 0, 0, 729, 23034
2026/06/04 23:01:53.524, 0, 0, 729, 23034
2026/06/04 23:01:58.526, 0, 0, 729, 23034
2026/06/04 23:02:03.528, 0, 0, 729, 23034
2026/06/04 23:02:08.529, 0, 0, 729, 23034
2026/06/04 23:02:13.531, 0, 0, 729, 23034
2026/06/04 23:02:18.533, 0, 0, 729, 23034
2026/06/04 23:02:23.534, 0, 0, 729, 23034
2026/06/04 23:02:28.535, 0, 0, 729, 23034
2026/06/04 23:02:33.537, 0, 0, 729, 23034
2026/06/04 23:02:38.539, 0, 0, 729, 23034
2026/06/04 23:02:43.541, 0, 0, 729, 23034
2026/06/04 23:02:48.541, 0, 0, 729, 23034
2026/06/04 23:02:53.543, 0, 0, 729, 23034
2026/06/04 23:02:58.544, 0, 0, 729, 23034
2026/06/04 23:03:03.546, 0, 0, 729, 23034
2026/06/04 23:03:08.547, 0, 0, 729, 23034
2026/06/04 23:03:13.548, 0, 0, 729, 23034
2026/06/04 23:03:18.550, 0, 0, 729, 23034
2026/06/04 23:03:23.551, 0, 0, 729, 23034
2026/06/04 23:03:28.553, 0, 0, 729, 23034
2026/06/04 23:03:33.553, 0, 0, 729, 23034
2026/06/04 23:03:38.554, 0, 0, 729, 23034
2026/06/04 23:03:43.556, 0, 0, 729, 23034
2026/06/04 23:03:48.558, 0, 0, 729, 23034
2026/06/04 23:03:53.559, 0, 0, 729, 23034
2026/06/04 23:03:58.561, 0, 0, 729, 23034
2026/06/04 23:04:03.563, 0, 0, 729, 23034
2026/06/04 23:04:08.565, 0, 0, 729, 23034
2026/06/04 23:04:13.565, 0, 0, 729, 23034
2026/06/04 23:04:18.567, 0, 0, 729, 23034
2026/06/04 23:04:23.569, 0, 0, 729, 23034
2026/06/04 23:04:28.570, 0, 0, 729, 23034
2026/06/04 23:04:33.572, 0, 0, 729, 23034
2026/06/04 23:04:38.573, 0, 0, 729, 23034
2026/06/04 23:04:43.575, 0, 0, 729, 23034
2026/06/04 23:04:48.577, 0, 0, 729, 23034
2026/06/04 23:04:53.578, 0, 0, 729, 23034
2026/06/04 23:04:58.580, 0, 0, 729, 23034
2026/06/04 23:05:03.581, 0, 0, 729, 23034
2026/06/04 23:05:08.581, 0, 0, 729, 23034
2026/06/04 23:05:13.582, 0, 0, 729, 23034
2026/06/04 23:05:18.583, 0, 0, 729, 23034
2026/06/04 23:05:23.583, 0, 0, 729, 23034
2026/06/04 23:05:28.584, 0, 0, 729, 23034
2026/06/04 23:05:33.586, 0, 0, 729, 23034
2026/06/04 23:05:38.587, 0, 0, 729, 23034
2026/06/04 23:05:43.589, 0, 0, 729, 23034
2026/06/04 23:05:48.591, 0, 0, 729, 23034
2026/06/04 23:05:53.593, 0, 0, 729, 23034
2026/06/04 23:05:58.594, 0, 0, 729, 23034
2026/06/04 23:06:03.596, 0, 0, 729, 23034
2026/06/04 23:06:08.597, 0, 0, 729, 23034
2026/06/04 23:06:13.599, 0, 0, 729, 23034
2026/06/04 23:06:18.600, 0, 0, 729, 23034
2026/06/04 23:06:23.601, 0, 0, 729, 23034
2026/06/04 23:06:28.603, 0, 0, 729, 23034
2026/06/04 23:06:33.604, 0, 0, 729, 23034
2026/06/04 23:06:38.606, 0, 0, 729, 23034
2026/06/04 23:06:43.608, 0, 0, 729, 23034
2026/06/04 23:06:48.610, 0, 0, 729, 23034
2026/06/04 23:06:53.611, 0, 0, 729, 23034
2026/06/04 23:06:58.612, 0, 0, 729, 23034
2026/06/04 23:07:03.614, 0, 0, 729, 23034
2026/06/04 23:07:08.615, 0, 0, 729, 23034
2026/06/04 23:07:13.617, 0, 0, 729, 23034
2026/06/04 23:07:18.619, 0, 0, 729, 23034
2026/06/04 23:07:23.621, 0, 0, 729, 23034
2026/06/04 23:07:28.622, 0, 0, 729, 23034
2026/06/04 23:07:33.624, 0, 0, 729, 23034
2026/06/04 23:07:38.626, 0, 0, 729, 23034
2026/06/04 23:07:43.627, 0, 0, 729, 23034
2026/06/04 23:07:48.629, 0, 0, 729, 23034
2026/06/04 23:07:53.631, 0, 0, 729, 23034
2026/06/04 23:07:58.632, 0, 0, 729, 23034
2026/06/04 23:08:03.634, 0, 0, 729, 23034
2026/06/04 23:08:08.635, 0, 0, 729, 23034
2026/06/04 23:08:13.637, 0, 0, 729, 23034
2026/06/04 23:08:18.639, 0, 0, 729, 23034
2026/06/04 23:08:23.640, 0, 0, 729, 23034
2026/06/04 23:08:28.641, 0, 0, 729, 23034
2026/06/04 23:08:33.642, 0, 0, 729, 23034
2026/06/04 23:08:38.643, 0, 0, 729, 23034
2026/06/04 23:08:43.645, 0, 0, 729, 23034
2026/06/04 23:08:48.647, 0, 0, 729, 23034
2026/06/04 23:08:53.649, 0, 0, 729, 23034
2026/06/04 23:08:58.650, 0, 0, 729, 23034
2026/06/04 23:09:03.651, 0, 0, 729, 23034
2026/06/04 23:09:08.652, 0, 0, 729, 23034
2026/06/04 23:09:13.653, 0, 0, 729, 23034
2026/06/04 23:09:18.653, 0, 0, 729, 23034
2026/06/04 23:09:23.655, 0, 0, 729, 23034
2026/06/04 23:09:28.657, 0, 0, 729, 23034
2026/06/04 23:09:33.659, 0, 0, 729, 23034
2026/06/04 23:09:38.660, 0, 0, 729, 23034
2026/06/04 23:09:43.662, 0, 0, 729, 23034
2026/06/04 23:09:48.663, 0, 0, 729, 23034
2026/06/04 23:09:53.664, 0, 0, 729, 23034
2026/06/04 23:09:58.665, 0, 0, 729, 23034
2026/06/04 23:10:03.667, 0, 0, 729, 23034
2026/06/04 23:10:08.669, 0, 0, 729, 23034
2026/06/04 23:10:13.670, 0, 0, 729, 23034
2026/06/04 23:10:18.672, 0, 0, 729, 23034
2026/06/04 23:10:23.674, 0, 0, 729, 23034
2026/06/04 23:10:28.674, 0, 0, 729, 23034
2026/06/04 23:10:33.676, 0, 0, 729, 23034
2026/06/04 23:10:38.677, 0, 0, 729, 23034
2026/06/04 23:10:43.678, 0, 0, 729, 23034
2026/06/04 23:10:48.680, 0, 0, 729, 23034
2026/06/04 23:10:53.682, 0, 0, 729, 23034
2026/06/04 23:10:58.683, 0, 0, 729, 23034
2026/06/04 23:11:03.685, 0, 0, 729, 23034
2026/06/04 23:11:08.687, 0, 0, 729, 23034
2026/06/04 23:11:13.689, 0, 0, 729, 23034
2026/06/04 23:11:18.691, 0, 0, 729, 23034
2026/06/04 23:11:23.693, 0, 0, 729, 23034
2026/06/04 23:11:28.694, 0, 0, 729, 23034
2026/06/04 23:11:33.696, 0, 0, 729, 23034
2026/06/04 23:11:38.698, 0, 0, 729, 23034
2026/06/04 23:11:43.700, 0, 0, 729, 23034
2026/06/04 23:11:48.701, 0, 0, 729, 23034
2026/06/04 23:11:53.703, 0, 0, 729, 23034
2026/06/04 23:11:58.705, 0, 0, 729, 23034
2026/06/04 23:12:03.705, 0, 0, 729, 23034
2026/06/04 23:12:08.707, 0, 0, 729, 23034
2026/06/04 23:12:13.709, 0, 0, 729, 23034
2026/06/04 23:12:18.711, 0, 0, 729, 23034
2026/06/04 23:12:23.713, 0, 0, 729, 23034
2026/06/04 23:12:28.714, 0, 0, 729, 23034
2026/06/04 23:12:33.716, 0, 0, 729, 23034
2026/06/04 23:12:38.718, 0, 0, 729, 23034
2026/06/04 23:12:43.720, 0, 0, 729, 23034
2026/06/04 23:12:48.721, 0, 0, 729, 23034
2026/06/04 23:12:53.723, 0, 0, 729, 23034
2026/06/04 23:12:58.725, 0, 0, 729, 23034
2026/06/04 23:13:03.727, 0, 0, 729, 23034
2026/06/04 23:13:08.728, 0, 0, 729, 23034
2026/06/04 23:13:13.728, 0, 0, 729, 23034
2026/06/04 23:13:18.729, 0, 0, 729, 23034
2026/06/04 23:13:23.729, 0, 0, 729, 23034
2026/06/04 23:13:28.730, 0, 0, 729, 23034
2026/06/04 23:13:33.731, 0, 0, 729, 23034
2026/06/04 23:13:38.731, 0, 0, 729, 23034
2026/06/04 23:13:43.732, 0, 0, 729, 23034
2026/06/04 23:13:48.733, 0, 0, 729, 23034
2026/06/04 23:13:53.733, 0, 0, 729, 23034
2026/06/04 23:13:58.735, 0, 0, 729, 23034
2026/06/04 23:14:03.737, 0, 0, 729, 23034
2026/06/04 23:14:08.738, 0, 0, 729, 23034
2026/06/04 23:14:13.739, 0, 0, 729, 23034
2026/06/04 23:14:18.741, 0, 0, 729, 23034
2026/06/04 23:14:23.743, 0, 0, 729, 23034
2026/06/04 23:14:28.743, 0, 0, 729, 23034
2026/06/04 23:14:33.745, 0, 0, 729, 23034
2026/06/04 23:14:38.747, 0, 0, 729, 23034
2026/06/04 23:14:43.749, 0, 0, 729, 23034
2026/06/04 23:14:48.750, 0, 0, 729, 23034
2026/06/04 23:14:53.752, 0, 0, 729, 23034
2026/06/04 23:14:58.753, 0, 0, 729, 23034
2026/06/04 23:15:03.754, 0, 0, 729, 23034
2026/06/04 23:15:08.756, 0, 0, 729, 23034
2026/06/04 23:15:13.757, 0, 0, 729, 23034
2026/06/04 23:15:18.759, 0, 0, 729, 23034
2026/06/04 23:15:23.760, 0, 0, 729, 23034
2026/06/04 23:15:28.762, 0, 0, 729, 23034
2026/06/04 23:15:33.764, 0, 0, 729, 23034
2026/06/04 23:15:38.765, 0, 0, 729, 23034
2026/06/04 23:15:43.765, 0, 0, 729, 23034
2026/06/04 23:15:48.767, 0, 0, 729, 23034
2026/06/04 23:15:53.769, 0, 0, 729, 23034
2026/06/04 23:15:58.769, 0, 0, 729, 23034
2026/06/04 23:16:03.771, 0, 0, 729, 23034
2026/06/04 23:16:08.773, 0, 0, 729, 23034
2026/06/04 23:16:13.774, 0, 0, 729, 23034
2026/06/04 23:16:18.775, 0, 0, 729, 23034
2026/06/04 23:16:23.776, 0, 0, 729, 23034
2026/06/04 23:16:28.777, 0, 0, 729, 23034
2026/06/04 23:16:33.778, 0, 0, 729, 23034
2026/06/04 23:16:38.780, 0, 0, 729, 23034
2026/06/04 23:16:43.782, 0, 0, 729, 23034
2026/06/04 23:16:48.782, 0, 0, 729, 23034
2026/06/04 23:16:53.783, 0, 0, 729, 23034
2026/06/04 23:16:58.784, 0, 0, 729, 23034
2026/06/04 23:17:03.786, 0, 0, 729, 23034
2026/06/04 23:17:08.787, 0, 0, 729, 23034
2026/06/04 23:17:13.789, 0, 0, 729, 23034
2026/06/04 23:17:18.791, 0, 0, 729, 23034
2026/06/04 23:17:23.792, 0, 0, 729, 23034
2026/06/04 23:17:28.794, 0, 0, 729, 23034
2026/06/04 23:17:33.796, 0, 0, 729, 23034
2026/06/04 23:17:38.798, 0, 0, 729, 23034
2026/06/04 23:17:43.800, 0, 0, 729, 23034
2026/06/04 23:17:48.801, 0, 0, 729, 23034
2026/06/04 23:17:53.802, 0, 0, 729, 23034
2026/06/04 23:17:58.804, 0, 0, 729, 23034
2026/06/04 23:18:03.806, 0, 0, 729, 23034
2026/06/04 23:18:08.807, 0, 0, 729, 23034
2026/06/04 23:18:13.808, 0, 0, 729, 23034
2026/06/04 23:18:18.810, 0, 0, 729, 23034
2026/06/04 23:18:23.810, 0, 0, 729, 23034
2026/06/04 23:18:28.811, 0, 0, 729, 23034
2026/06/04 23:18:33.812, 0, 0, 729, 23034
2026/06/04 23:18:38.813, 0, 0, 729, 23034
2026/06/04 23:18:43.814, 0, 0, 729, 23034
2026/06/04 23:18:48.816, 0, 0, 729, 23034
2026/06/04 23:18:53.818, 0, 0, 729, 23034
2026/06/04 23:18:58.819, 0, 0, 729, 23034
2026/06/04 23:19:03.821, 0, 0, 729, 23034
2026/06/04 23:19:08.823, 0, 0, 729, 23034
2026/06/04 23:19:13.825, 0, 0, 729, 23034
2026/06/04 23:19:18.826, 0, 0, 729, 23034
2026/06/04 23:19:23.828, 0, 0, 729, 23034
2026/06/04 23:19:28.830, 0, 0, 729, 23034
2026/06/04 23:19:33.832, 0, 0, 729, 23034
2026/06/04 23:19:38.834, 0, 0, 729, 23034
2026/06/04 23:19:43.835, 0, 0, 729, 23034
2026/06/04 23:19:48.836, 0, 0, 729, 23034
2026/06/04 23:19:53.838, 0, 0, 729, 23034
2026/06/04 23:19:58.838, 0, 0, 729, 23034
2026/06/04 23:20:03.839, 0, 0, 729, 23034
2026/06/04 23:20:08.840, 0, 0, 729, 23034
2026/06/04 23:20:13.841, 0, 0, 729, 23034
2026/06/04 23:20:18.843, 0, 0, 729, 23034
2026/06/04 23:20:23.844, 0, 0, 729, 23034
2026/06/04 23:20:28.846, 0, 0, 729, 23034
2026/06/04 23:20:33.847, 0, 0, 729, 23034
2026/06/04 23:20:38.849, 0, 0, 729, 23034
2026/06/04 23:20:43.851, 0, 0, 729, 23034
2026/06/04 23:20:48.851, 0, 0, 729, 23034
2026/06/04 23:20:53.853, 0, 0, 729, 23034
2026/06/04 23:20:58.854, 0, 0, 729, 23034
2026/06/04 23:21:03.856, 0, 0, 729, 23034
2026/06/04 23:21:08.856, 0, 0, 729, 23034
2026/06/04 23:21:13.857, 0, 0, 729, 23034
2026/06/04 23:21:18.857, 0, 0, 729, 23034
2026/06/04 23:21:23.858, 0, 0, 729, 23034
2026/06/04 23:21:28.859, 0, 0, 729, 23034
2026/06/04 23:21:33.861, 0, 0, 729, 23034
2026/06/04 23:21:38.862, 0, 0, 729, 23034
2026/06/04 23:21:43.863, 0, 0, 729, 23034
2026/06/04 23:21:48.865, 0, 0, 729, 23034
2026/06/04 23:21:53.865, 0, 0, 729, 23034
2026/06/04 23:21:58.866, 0, 0, 729, 23034
2026/06/04 23:22:03.867, 0, 0, 729, 23034
2026/06/04 23:22:08.868, 0, 0, 729, 23034
2026/06/04 23:22:13.869, 0, 0, 729, 23034
2026/06/04 23:22:18.871, 0, 0, 729, 23034
2026/06/04 23:22:23.873, 0, 0, 729, 23034
2026/06/04 23:22:28.874, 0, 0, 729, 23034
2026/06/04 23:22:33.876, 0, 0, 729, 23034
2026/06/04 23:22:38.878, 0, 0, 729, 23034
2026/06/04 23:22:43.880, 0, 0, 729, 23034
2026/06/04 23:22:48.881, 0, 0, 729, 23034
2026/06/04 23:22:53.883, 0, 0, 729, 23034
2026/06/04 23:22:58.885, 0, 0, 729, 23034
2026/06/04 23:23:03.887, 0, 0, 729, 23034
2026/06/04 23:23:08.888, 0, 0, 729, 23034
2026/06/04 23:23:13.890, 0, 0, 729, 23034
2026/06/04 23:23:18.892, 0, 0, 729, 23034
2026/06/04 23:23:23.893, 0, 0, 729, 23034
2026/06/04 23:23:28.895, 0, 0, 729, 23034
2026/06/04 23:23:33.897, 0, 0, 729, 23034
2026/06/04 23:23:38.899, 0, 0, 729, 23034
2026/06/04 23:23:43.900, 0, 0, 729, 23034
2026/06/04 23:23:48.902, 0, 0, 729, 23034
2026/06/04 23:23:53.903, 0, 0, 729, 23034
2026/06/04 23:23:58.904, 0, 0, 729, 23034
2026/06/04 23:24:03.905, 0, 0, 729, 23034
2026/06/04 23:24:08.907, 0, 0, 729, 23034
2026/06/04 23:24:13.909, 0, 0, 729, 23034
2026/06/04 23:24:18.910, 0, 0, 729, 23034
2026/06/04 23:24:23.911, 0, 0, 729, 23034
2026/06/04 23:24:28.913, 0, 0, 729, 23034
2026/06/04 23:24:33.913, 0, 0, 729, 23034
2026/06/04 23:24:38.915, 0, 0, 729, 23034
2026/06/04 23:24:43.916, 0, 0, 729, 23034
2026/06/04 23:24:48.918, 0, 0, 729, 23034
2026/06/04 23:24:53.919, 0, 0, 729, 23034
2026/06/04 23:24:58.921, 0, 0, 729, 23034
2026/06/04 23:25:03.923, 0, 0, 729, 23034
2026/06/04 23:25:08.925, 0, 0, 729, 23034
2026/06/04 23:25:13.926, 0, 0, 729, 23034
2026/06/04 23:25:18.927, 0, 0, 729, 23034
2026/06/04 23:25:23.929, 0, 0, 729, 23034
2026/06/04 23:25:28.929, 0, 0, 729, 23034
2026/06/04 23:25:33.930, 0, 0, 729, 23034
2026/06/04 23:25:38.932, 0, 0, 729, 23034
2026/06/04 23:25:43.934, 0, 0, 729, 23034
2026/06/04 23:25:48.935, 0, 0, 729, 23034
2026/06/04 23:25:53.936, 0, 0, 729, 23034
2026/06/04 23:25:58.938, 0, 0, 729, 23034
2026/06/04 23:26:03.940, 0, 0, 729, 23034
2026/06/04 23:26:08.941, 0, 0, 729, 23034
2026/06/04 23:26:13.942, 0, 0, 729, 23034
2026/06/04 23:26:18.944, 0, 0, 729, 23034
2026/06/04 23:26:23.945, 0, 0, 729, 23034
2026/06/04 23:26:28.947, 0, 0, 729, 23034
2026/06/04 23:26:33.948, 0, 0, 729, 23034
2026/06/04 23:26:38.950, 0, 0, 729, 23034
2026/06/04 23:26:43.950, 0, 0, 729, 23034
2026/06/04 23:26:48.952, 0, 0, 729, 23034
2026/06/04 23:26:53.954, 0, 0, 729, 23034
2026/06/04 23:26:58.956, 0, 0, 729, 23034
2026/06/04 23:27:03.957, 0, 0, 729, 23034
2026/06/04 23:27:08.958, 0, 0, 729, 23034
2026/06/04 23:27:13.960, 0, 0, 729, 23034
2026/06/04 23:27:18.962, 0, 0, 729, 23034
2026/06/04 23:27:23.964, 0, 0, 729, 23034
2026/06/04 23:27:28.965, 0, 0, 729, 23034
2026/06/04 23:27:33.967, 0, 0, 729, 23034
2026/06/04 23:27:38.969, 0, 0, 729, 23034
2026/06/04 23:27:43.973, 0, 0, 729, 23034
2026/06/04 23:27:48.974, 0, 0, 729, 23034
2026/06/04 23:27:53.976, 0, 0, 729, 23034
2026/06/04 23:27:58.977, 0, 0, 729, 23034
2026/06/04 23:28:03.979, 0, 0, 729, 23034
2026/06/04 23:28:08.979, 0, 0, 729, 23034
2026/06/04 23:28:13.981, 0, 0, 729, 23034
2026/06/04 23:28:18.982, 0, 0, 729, 23034
2026/06/04 23:28:23.983, 0, 0, 729, 23034
2026/06/04 23:28:28.985, 0, 0, 729, 23034
2026/06/04 23:28:33.986, 0, 0, 729, 23034
2026/06/04 23:28:38.987, 0, 0, 729, 23034
2026/06/04 23:28:43.989, 0, 0, 729, 23034
2026/06/04 23:28:48.990, 0, 0, 729, 23034
2026/06/04 23:28:53.991, 0, 0, 729, 23034
2026/06/04 23:28:58.992, 0, 0, 729, 23034
2026/06/04 23:29:03.992, 0, 0, 729, 23034
2026/06/04 23:29:08.994, 0, 0, 729, 23034
2026/06/04 23:29:13.996, 0, 0, 729, 23034
2026/06/04 23:29:18.997, 0, 0, 729, 23034
2026/06/04 23:29:23.998, 0, 0, 729, 23034
2026/06/04 23:29:28.999, 0, 0, 729, 23034
2026/06/04 23:29:33.999, 0, 0, 729, 23034
2026/06/04 23:29:39.000, 0, 0, 729, 23034
2026/06/04 23:29:44.002, 0, 0, 729, 23034
2026/06/04 23:29:49.004, 0, 0, 729, 23034
2026/06/04 23:29:54.005, 0, 0, 729, 23034
2026/06/04 23:29:59.007, 0, 0, 729, 23034
2026/06/04 23:30:04.009, 0, 0, 729, 23034
2026/06/04 23:30:09.011, 0, 0, 729, 23034
2026/06/04 23:30:14.012, 0, 0, 729, 23034
2026/06/04 23:30:19.014, 0, 0, 729, 23034
2026/06/04 23:30:24.016, 0, 0, 729, 23034
2026/06/04 23:30:29.017, 0, 0, 729, 23034
2026/06/04 23:30:34.019, 0, 0, 729, 23034
2026/06/04 23:30:39.021, 0, 0, 729, 23034
2026/06/04 23:30:44.023, 0, 0, 729, 23034
2026/06/04 23:30:49.023, 0, 0, 729, 23034
2026/06/04 23:30:54.024, 0, 0, 729, 23034
2026/06/04 23:30:59.026, 0, 0, 729, 23034
2026/06/04 23:31:04.027, 0, 0, 729, 23034
2026/06/04 23:31:09.029, 0, 0, 729, 23034
2026/06/04 23:31:14.031, 0, 0, 729, 23034
2026/06/04 23:31:19.031, 0, 0, 729, 23034
2026/06/04 23:31:24.032, 0, 0, 729, 23034
2026/06/04 23:31:29.034, 0, 0, 729, 23034
2026/06/04 23:31:34.036, 0, 0, 729, 23034
2026/06/04 23:31:39.037, 0, 0, 729, 23034
2026/06/04 23:31:44.038, 0, 0, 729, 23034
2026/06/04 23:31:49.039, 0, 0, 729, 23034
2026/06/04 23:31:54.039, 0, 0, 729, 23034
2026/06/04 23:31:59.041, 0, 0, 729, 23034
2026/06/04 23:32:04.043, 0, 0, 729, 23034
2026/06/04 23:32:09.045, 0, 0, 729, 23034
2026/06/04 23:32:14.045, 0, 0, 729, 23034
2026/06/04 23:32:19.047, 0, 0, 729, 23034
2026/06/04 23:32:24.049, 0, 0, 729, 23034
2026/06/04 23:32:29.050, 0, 0, 729, 23034
2026/06/04 23:32:34.051, 0, 0, 729, 23034
2026/06/04 23:32:39.053, 0, 0, 729, 23034
2026/06/04 23:32:44.054, 0, 0, 729, 23034
2026/06/04 23:32:49.056, 0, 0, 729, 23034
2026/06/04 23:32:54.058, 0, 0, 729, 23034
2026/06/04 23:32:59.059, 0, 0, 729, 23034
2026/06/04 23:33:04.060, 0, 0, 729, 23034
2026/06/04 23:33:09.062, 0, 0, 729, 23034
2026/06/04 23:33:14.064, 0, 0, 729, 23034
2026/06/04 23:33:19.066, 0, 0, 729, 23034
2026/06/04 23:33:24.068, 0, 0, 729, 23034
2026/06/04 23:33:29.069, 0, 0, 729, 23034
2026/06/04 23:33:34.071, 0, 0, 729, 23034
2026/06/04 23:33:39.072, 0, 0, 729, 23034
2026/06/04 23:33:44.073, 0, 0, 729, 23034
2026/06/04 23:33:49.075, 0, 0, 729, 23034
2026/06/04 23:33:54.077, 0, 0, 729, 23034
2026/06/04 23:33:59.078, 0, 0, 729, 23034
2026/06/04 23:34:04.079, 0, 0, 729, 23034
2026/06/04 23:34:09.081, 0, 0, 729, 23034
2026/06/04 23:34:14.082, 0, 0, 729, 23034
2026/06/04 23:34:19.084, 0, 0, 729, 23034
2026/06/04 23:34:24.085, 0, 0, 729, 23034
2026/06/04 23:34:29.085, 0, 0, 729, 23034
2026/06/04 23:34:34.087, 0, 0, 729, 23034
2026/06/04 23:34:39.089, 0, 0, 729, 23034
2026/06/04 23:34:44.090, 0, 0, 729, 23034
2026/06/04 23:34:49.090, 0, 0, 729, 23034
2026/06/04 23:34:54.092, 0, 0, 729, 23034
2026/06/04 23:34:59.093, 0, 0, 729, 23034
2026/06/04 23:35:04.094, 0, 0, 729, 23034
2026/06/04 23:35:09.095, 0, 0, 729, 23034
2026/06/04 23:35:14.097, 0, 0, 729, 23034
2026/06/04 23:35:19.098, 0, 0, 729, 23034
2026/06/04 23:35:24.099, 0, 0, 729, 23034
2026/06/04 23:35:29.100, 0, 0, 729, 23034
2026/06/04 23:35:34.101, 0, 0, 729, 23034
2026/06/04 23:35:39.101, 0, 0, 729, 23034
2026/06/04 23:35:44.102, 0, 0, 729, 23034
2026/06/04 23:35:49.103, 0, 0, 729, 23034
2026/06/04 23:35:54.104, 0, 0, 729, 23034
2026/06/04 23:35:59.106, 0, 0, 729, 23034
2026/06/04 23:36:04.107, 0, 0, 729, 23034
2026/06/04 23:36:09.108, 0, 0, 729, 23034
2026/06/04 23:36:14.109, 0, 0, 729, 23034
2026/06/04 23:36:19.110, 0, 0, 729, 23034
2026/06/04 23:36:24.111, 0, 0, 729, 23034
2026/06/04 23:36:29.113, 0, 0, 729, 23034
2026/06/04 23:36:34.114, 0, 0, 729, 23034
2026/06/04 23:36:39.115, 0, 0, 729, 23034
2026/06/04 23:36:44.115, 0, 0, 729, 23034
2026/06/04 23:36:49.117, 0, 0, 729, 23034
2026/06/04 23:36:54.118, 0, 0, 729, 23034
2026/06/04 23:36:59.119, 0, 0, 729, 23034
2026/06/04 23:37:04.120, 0, 0, 729, 23034
2026/06/04 23:37:09.122, 0, 0, 729, 23034
2026/06/04 23:37:14.124, 0, 0, 729, 23034
2026/06/04 23:37:19.125, 0, 0, 729, 23034
2026/06/04 23:37:24.127, 0, 0, 729, 23034
2026/06/04 23:37:29.128, 0, 0, 729, 23034
2026/06/04 23:37:34.128, 0, 0, 729, 23034
2026/06/04 23:37:39.129, 0, 0, 729, 23034
2026/06/04 23:37:44.130, 0, 0, 729, 23034
2026/06/04 23:37:49.130, 0, 0, 729, 23034
2026/06/04 23:37:54.131, 0, 0, 729, 23034
2026/06/04 23:37:59.132, 0, 0, 729, 23034
2026/06/04 23:38:04.132, 0, 0, 729, 23034
2026/06/04 23:38:09.134, 0, 0, 729, 23034
2026/06/04 23:38:14.135, 0, 0, 729, 23034
2026/06/04 23:38:19.136, 0, 0, 729, 23034
2026/06/04 23:38:24.138, 0, 0, 729, 23034
2026/06/04 23:38:29.140, 0, 0, 729, 23034
2026/06/04 23:38:34.142, 0, 0, 729, 23034
2026/06/04 23:38:39.143, 0, 0, 729, 23034
2026/06/04 23:38:44.145, 0, 0, 729, 23034
2026/06/04 23:38:49.147, 0, 0, 729, 23034
2026/06/04 23:38:54.148, 0, 0, 729, 23034
2026/06/04 23:38:59.149, 0, 0, 729, 23034
2026/06/04 23:39:04.151, 0, 0, 729, 23034
2026/06/04 23:39:09.151, 0, 0, 729, 23034
2026/06/04 23:39:14.153, 0, 0, 729, 23034
2026/06/04 23:39:19.155, 0, 0, 729, 23034
2026/06/04 23:39:24.157, 0, 0, 729, 23034
2026/06/04 23:39:29.158, 0, 0, 729, 23034
2026/06/04 23:39:34.160, 0, 0, 729, 23034
2026/06/04 23:39:39.162, 0, 0, 729, 23034
2026/06/04 23:39:44.164, 0, 0, 729, 23034
2026/06/04 23:39:49.164, 0, 0, 729, 23034
2026/06/04 23:39:54.165, 0, 0, 729, 23034
2026/06/04 23:39:59.166, 0, 0, 729, 23034
2026/06/04 23:40:04.168, 0, 0, 729, 23034
2026/06/04 23:40:09.170, 0, 0, 729, 23034
2026/06/04 23:40:14.172, 0, 0, 729, 23034
2026/06/04 23:40:19.173, 0, 0, 729, 23034
2026/06/04 23:40:24.175, 0, 0, 729, 23034
2026/06/04 23:40:29.177, 0, 0, 729, 23034
2026/06/04 23:40:34.178, 0, 0, 729, 23034
2026/06/04 23:40:39.180, 0, 0, 729, 23034
2026/06/04 23:40:44.182, 0, 0, 729, 23034
2026/06/04 23:40:49.183, 0, 0, 729, 23034
2026/06/04 23:40:54.184, 0, 0, 729, 23034
2026/06/04 23:40:59.186, 0, 0, 729, 23034
2026/06/04 23:41:04.187, 0, 0, 729, 23034
2026/06/04 23:41:09.188, 0, 0, 729, 23034
2026/06/04 23:41:14.188, 0, 0, 729, 23034
2026/06/04 23:41:19.190, 0, 0, 729, 23034
2026/06/04 23:41:24.191, 0, 0, 729, 23034
2026/06/04 23:41:29.191, 0, 0, 729, 23034
2026/06/04 23:41:34.193, 0, 0, 729, 23034
2026/06/04 23:41:39.194, 0, 0, 729, 23034
2026/06/04 23:41:44.194, 0, 0, 729, 23034
2026/06/04 23:41:49.196, 0, 0, 729, 23034
2026/06/04 23:41:54.198, 0, 0, 729, 23034
2026/06/04 23:41:59.199, 0, 0, 729, 23034
2026/06/04 23:42:04.199, 0, 0, 729, 23034
2026/06/04 23:42:09.201, 0, 0, 729, 23034
2026/06/04 23:42:14.203, 0, 0, 729, 23034
2026/06/04 23:42:19.204, 0, 0, 729, 23034
2026/06/04 23:42:24.206, 0, 0, 729, 23034
2026/06/04 23:42:29.207, 0, 0, 729, 23034
2026/06/04 23:42:34.210, 0, 0, 729, 23034
2026/06/04 23:42:39.212, 0, 0, 729, 23034
2026/06/04 23:42:44.214, 0, 0, 729, 23034
2026/06/04 23:42:49.217, 0, 0, 729, 23034
2026/06/04 23:42:54.218, 0, 0, 729, 23034
2026/06/04 23:42:59.220, 0, 0, 729, 23034
2026/06/04 23:43:04.222, 0, 0, 729, 23034
2026/06/04 23:43:09.224, 0, 0, 729, 23034
2026/06/04 23:43:14.225, 0, 0, 729, 23034
2026/06/04 23:43:19.227, 0, 0, 729, 23034
2026/06/04 23:43:24.228, 0, 0, 729, 23034
2026/06/04 23:43:29.228, 0, 0, 729, 23034
2026/06/04 23:43:34.230, 0, 0, 729, 23034
2026/06/04 23:43:39.232, 0, 0, 729, 23034
2026/06/04 23:43:44.234, 0, 0, 729, 23034
2026/06/04 23:43:49.235, 0, 0, 729, 23034
2026/06/04 23:43:54.236, 0, 0, 729, 23034
2026/06/04 23:43:59.238, 0, 0, 729, 23034
2026/06/04 23:44:04.239, 0, 0, 729, 23034
2026/06/04 23:44:09.240, 0, 0, 729, 23034
2026/06/04 23:44:14.241, 0, 0, 729, 23034
2026/06/04 23:44:19.241, 0, 0, 729, 23034
2026/06/04 23:44:24.243, 0, 0, 729, 23034
2026/06/04 23:44:29.245, 0, 0, 729, 23034
2026/06/04 23:44:34.247, 0, 0, 729, 23034
2026/06/04 23:44:39.248, 0, 0, 729, 23034
2026/06/04 23:44:44.250, 0, 0, 729, 23034
2026/06/04 23:44:49.252, 0, 0, 729, 23034
2026/06/04 23:44:54.253, 0, 0, 729, 23034
2026/06/04 23:44:59.253, 0, 0, 729, 23034
2026/06/04 23:45:04.255, 0, 0, 729, 23034
2026/06/04 23:45:09.257, 0, 0, 729, 23034
2026/06/04 23:45:14.259, 0, 0, 729, 23034
2026/06/04 23:45:19.259, 0, 0, 729, 23034
2026/06/04 23:45:24.260, 0, 0, 729, 23034
2026/06/04 23:45:29.261, 0, 0, 729, 23034
2026/06/04 23:45:34.263, 0, 0, 729, 23034
2026/06/04 23:45:39.263, 0, 0, 729, 23034
2026/06/04 23:45:44.264, 0, 0, 729, 23034
2026/06/04 23:45:49.265, 0, 0, 729, 23034
2026/06/04 23:45:54.265, 0, 0, 729, 23034
2026/06/04 23:45:59.266, 0, 0, 729, 23034
2026/06/04 23:46:04.267, 0, 0, 729, 23034
2026/06/04 23:46:09.267, 0, 0, 729, 23034
2026/06/04 23:46:14.268, 0, 0, 729, 23034
2026/06/04 23:46:19.270, 0, 0, 729, 23034
2026/06/04 23:46:24.272, 0, 0, 729, 23034
2026/06/04 23:46:29.272, 0, 0, 729, 23034
2026/06/04 23:46:34.274, 0, 0, 729, 23034
2026/06/04 23:46:39.276, 0, 0, 729, 23034
2026/06/04 23:46:44.277, 0, 0, 729, 23034
2026/06/04 23:46:49.279, 0, 0, 729, 23034
2026/06/04 23:46:54.280, 0, 0, 729, 23034
2026/06/04 23:46:59.282, 0, 0, 729, 23034
2026/06/04 23:47:04.283, 0, 0, 729, 23034
2026/06/04 23:47:09.284, 0, 0, 729, 23034
2026/06/04 23:47:14.286, 0, 0, 729, 23034
2026/06/04 23:47:19.288, 0, 0, 729, 23034
2026/06/04 23:47:24.288, 0, 0, 729, 23034
2026/06/04 23:47:29.290, 0, 0, 729, 23034
2026/06/04 23:47:34.292, 0, 0, 729, 23034
2026/06/04 23:47:39.293, 0, 0, 729, 23034
2026/06/04 23:47:44.295, 0, 0, 729, 23034
2026/06/04 23:47:49.297, 0, 0, 729, 23034
2026/06/04 23:47:54.299, 0, 0, 729, 23034
2026/06/04 23:47:59.300, 0, 0, 729, 23034
2026/06/04 23:48:04.302, 0, 0, 729, 23034
2026/06/04 23:48:09.304, 0, 0, 729, 23034
2026/06/04 23:48:14.306, 0, 0, 729, 23034
2026/06/04 23:48:19.306, 0, 0, 729, 23034
2026/06/04 23:48:24.307, 0, 0, 729, 23034
2026/06/04 23:48:29.308, 0, 0, 729, 23034
2026/06/04 23:48:34.309, 0, 0, 729, 23034
2026/06/04 23:48:39.310, 0, 0, 729, 23034
2026/06/04 23:48:44.312, 0, 0, 729, 23034
2026/06/04 23:48:49.313, 0, 0, 729, 23034
2026/06/04 23:48:54.315, 0, 0, 729, 23034
2026/06/04 23:48:59.317, 0, 0, 729, 23034
2026/06/04 23:49:04.319, 0, 0, 729, 23034
2026/06/04 23:49:09.319, 0, 0, 729, 23034
2026/06/04 23:49:14.321, 0, 0, 729, 23034
2026/06/04 23:49:19.323, 0, 0, 729, 23034
2026/06/04 23:49:24.325, 0, 0, 729, 23034
2026/06/04 23:49:29.325, 0, 0, 729, 23034
2026/06/04 23:49:34.327, 0, 0, 729, 23034
2026/06/04 23:49:39.328, 0, 0, 729, 23034
2026/06/04 23:49:44.329, 0, 0, 729, 23034
2026/06/04 23:49:49.331, 0, 0, 729, 23034
2026/06/04 23:49:54.333, 0, 0, 729, 23034
2026/06/04 23:49:59.334, 0, 0, 729, 23034
2026/06/04 23:50:04.335, 0, 0, 729, 23034
2026/06/04 23:50:09.337, 0, 0, 729, 23034
2026/06/04 23:50:14.339, 0, 0, 729, 23034
2026/06/04 23:50:19.341, 0, 0, 729, 23034
2026/06/04 23:50:24.341, 0, 0, 729, 23034
2026/06/04 23:50:29.343, 0, 0, 729, 23034
2026/06/04 23:50:34.345, 0, 0, 729, 23034
2026/06/04 23:50:39.346, 0, 0, 729, 23034
2026/06/04 23:50:44.348, 0, 0, 729, 23034
2026/06/04 23:50:49.350, 0, 0, 729, 23034
2026/06/04 23:50:54.352, 0, 0, 729, 23034
2026/06/04 23:50:59.353, 0, 0, 729, 23034
2026/06/04 23:51:04.355, 0, 0, 729, 23034
2026/06/04 23:51:09.357, 0, 0, 729, 23034
2026/06/04 23:51:14.358, 0, 0, 729, 23034
2026/06/04 23:51:19.359, 0, 0, 729, 23034
2026/06/04 23:51:24.360, 0, 0, 729, 23034
2026/06/04 23:51:29.362, 0, 0, 729, 23034
2026/06/04 23:51:34.364, 0, 0, 729, 23034
2026/06/04 23:51:39.364, 0, 0, 729, 23034
2026/06/04 23:51:44.366, 0, 0, 729, 23034
2026/06/04 23:51:49.368, 0, 0, 729, 23034
2026/06/04 23:51:54.368, 0, 0, 729, 23034
2026/06/04 23:51:59.370, 0, 0, 729, 23034
2026/06/04 23:52:04.372, 0, 0, 729, 23034
2026/06/04 23:52:09.373, 0, 0, 729, 23034
2026/06/04 23:52:14.374, 0, 0, 729, 23034
2026/06/04 23:52:19.376, 0, 0, 729, 23034
2026/06/04 23:52:24.378, 0, 0, 729, 23034
2026/06/04 23:52:29.380, 0, 0, 729, 23034
2026/06/04 23:52:34.381, 0, 0, 729, 23034
2026/06/04 23:52:39.383, 0, 0, 729, 23034
2026/06/04 23:52:44.385, 0, 0, 729, 23034
2026/06/04 23:52:49.387, 0, 0, 729, 23034
2026/06/04 23:52:54.388, 0, 0, 729, 23034
2026/06/04 23:52:59.390, 0, 0, 729, 23034
2026/06/04 23:53:04.392, 0, 0, 729, 23034
2026/06/04 23:53:09.394, 0, 0, 729, 23034
2026/06/04 23:53:14.395, 0, 0, 729, 23034
2026/06/04 23:53:19.397, 0, 0, 729, 23034
2026/06/04 23:53:24.399, 0, 0, 729, 23034
2026/06/04 23:53:29.401, 0, 0, 729, 23034
2026/06/04 23:53:34.403, 0, 0, 729, 23034
2026/06/04 23:53:39.403, 0, 0, 729, 23034
2026/06/04 23:53:44.405, 0, 0, 729, 23034
2026/06/04 23:53:49.406, 0, 0, 729, 23034
2026/06/04 23:53:54.406, 0, 0, 729, 23034
2026/06/04 23:53:59.407, 0, 0, 729, 23034
2026/06/04 23:54:04.408, 0, 0, 729, 23034
2026/06/04 23:54:09.408, 0, 0, 729, 23034
2026/06/04 23:54:14.409, 0, 0, 729, 23034
2026/06/04 23:54:19.410, 0, 0, 729, 23034
2026/06/04 23:54:24.412, 0, 0, 729, 23034
2026/06/04 23:54:29.412, 0, 0, 729, 23034
2026/06/04 23:54:34.414, 0, 0, 729, 23034
2026/06/04 23:54:39.416, 0, 0, 729, 23034
2026/06/04 23:54:44.417, 0, 0, 729, 23034
2026/06/04 23:54:49.419, 0, 0, 729, 23034
2026/06/04 23:54:54.421, 0, 0, 729, 23034
2026/06/04 23:54:59.422, 0, 0, 729, 23034
2026/06/04 23:55:04.422, 0, 0, 729, 23034
2026/06/04 23:55:09.423, 0, 0, 729, 23034
2026/06/04 23:55:14.425, 0, 0, 729, 23034
2026/06/04 23:55:19.425, 0, 0, 729, 23034
2026/06/04 23:55:24.427, 0, 0, 729, 23034
2026/06/04 23:55:29.429, 0, 0, 729, 23034
2026/06/04 23:55:34.431, 0, 0, 729, 23034
2026/06/04 23:55:39.431, 0, 0, 729, 23034
2026/06/04 23:55:44.432, 0, 0, 729, 23034
2026/06/04 23:55:49.433, 0, 0, 729, 23034
2026/06/04 23:55:54.435, 0, 0, 729, 23034
2026/06/04 23:55:59.436, 0, 0, 729, 23034
2026/06/04 23:56:04.437, 0, 0, 729, 23034
2026/06/04 23:56:09.439, 0, 0, 729, 23034
2026/06/04 23:56:14.440, 0, 0, 729, 23034
2026/06/04 23:56:19.442, 0, 0, 729, 23034
2026/06/04 23:56:24.444, 0, 0, 729, 23034
2026/06/04 23:56:29.446, 0, 0, 729, 23034
2026/06/04 23:56:34.448, 0, 0, 729, 23034
2026/06/04 23:56:39.449, 0, 0, 729, 23034
2026/06/04 23:56:44.451, 0, 0, 729, 23034
2026/06/04 23:56:49.452, 0, 0, 729, 23034
2026/06/04 23:56:54.453, 0, 0, 729, 23034
2026/06/04 23:56:59.455, 0, 0, 729, 23034
2026/06/04 23:57:04.457, 0, 0, 729, 23034
2026/06/04 23:57:09.459, 0, 0, 729, 23034
2026/06/04 23:57:14.459, 0, 0, 729, 23034
2026/06/04 23:57:19.461, 0, 0, 729, 23034
2026/06/04 23:57:24.463, 0, 0, 729, 23034
2026/06/04 23:57:29.464, 0, 0, 729, 23034
2026/06/04 23:57:34.466, 0, 0, 729, 23034
2026/06/04 23:57:39.467, 0, 0, 729, 23034
2026/06/04 23:57:44.468, 0, 0, 729, 23034
2026/06/04 23:57:49.469, 0, 0, 729, 23034
2026/06/04 23:57:54.471, 0, 0, 729, 23034
2026/06/04 23:57:59.472, 0, 0, 729, 23034
2026/06/04 23:58:04.473, 0, 0, 729, 23034
2026/06/04 23:58:09.475, 0, 0, 729, 23034
2026/06/04 23:58:14.476, 0, 0, 729, 23034
2026/06/04 23:58:19.477, 0, 0, 729, 23034
2026/06/04 23:58:24.478, 0, 0, 729, 23034
2026/06/04 23:58:29.480, 0, 0, 729, 23034
2026/06/04 23:58:34.482, 0, 0, 729, 23034
2026/06/04 23:58:39.482, 0, 0, 729, 23034
2026/06/04 23:58:44.483, 0, 0, 729, 23034
2026/06/04 23:58:49.485, 0, 0, 729, 23034
2026/06/04 23:58:54.485, 0, 0, 729, 23034
2026/06/04 23:58:59.487, 0, 0, 729, 23034
2026/06/04 23:59:04.489, 0, 0, 729, 23034
2026/06/04 23:59:09.489, 0, 0, 729, 23034
2026/06/04 23:59:14.491, 0, 0, 729, 23034
2026/06/04 23:59:19.493, 0, 0, 729, 23034
2026/06/04 23:59:24.495, 0, 0, 729, 23034
2026/06/04 23:59:29.495, 0, 0, 729, 23034
2026/06/04 23:59:34.497, 0, 0, 729, 23034
2026/06/04 23:59:39.497, 0, 0, 729, 23034
2026/06/04 23:59:44.499, 0, 0, 729, 23034
2026/06/04 23:59:49.500, 0, 0, 729, 23034
2026/06/04 23:59:54.502, 0, 0, 729, 23034
2026/06/04 23:59:59.502, 0, 0, 729, 23034
2026/06/05 00:00:04.503, 0, 0, 729, 23034
2026/06/05 00:00:09.504, 0, 0, 729, 23034
2026/06/05 00:00:14.506, 0, 0, 729, 23034
2026/06/05 00:00:19.508, 0, 0, 729, 23034
2026/06/05 00:00:24.509, 0, 0, 729, 23034
2026/06/05 00:00:29.511, 0, 0, 729, 23034
2026/06/05 00:00:34.513, 0, 0, 729, 23034
2026/06/05 00:00:39.515, 0, 0, 729, 23034
2026/06/05 00:00:44.517, 0, 0, 729, 23034
2026/06/05 00:00:49.518, 0, 0, 729, 23034
2026/06/05 00:00:54.520, 0, 0, 729, 23034
2026/06/05 00:00:59.522, 0, 0, 729, 23034
2026/06/05 00:01:04.522, 0, 0, 729, 23034
2026/06/05 00:01:09.524, 0, 0, 729, 23034
2026/06/05 00:01:14.526, 0, 0, 729, 23034
2026/06/05 00:01:19.526, 0, 0, 729, 23034
2026/06/05 00:01:24.528, 0, 0, 729, 23034
2026/06/05 00:01:29.530, 0, 0, 729, 23034
2026/06/05 00:01:34.532, 0, 0, 729, 23034
2026/06/05 00:01:39.533, 0, 0, 729, 23034
2026/06/05 00:01:44.535, 0, 0, 729, 23034
2026/06/05 00:01:49.537, 0, 0, 729, 23034
2026/06/05 00:01:54.537, 0, 0, 729, 23034
2026/06/05 00:01:59.538, 0, 0, 729, 23034
2026/06/05 00:02:04.539, 0, 0, 729, 23034
2026/06/05 00:02:09.539, 0, 0, 729, 23034
2026/06/05 00:02:14.540, 0, 0, 729, 23034
2026/06/05 00:02:19.541, 0, 0, 729, 23034
2026/06/05 00:02:24.541, 0, 0, 729, 23034
2026/06/05 00:02:29.542, 0, 0, 729, 23034
2026/06/05 00:02:34.543, 0, 0, 729, 23034
2026/06/05 00:02:39.543, 0, 0, 729, 23034
2026/06/05 00:02:44.545, 0, 0, 729, 23034
2026/06/05 00:02:49.547, 0, 0, 729, 23034
2026/06/05 00:02:54.549, 0, 0, 729, 23034
2026/06/05 00:02:59.550, 0, 0, 729, 23034
2026/06/05 00:03:04.552, 0, 0, 729, 23034
2026/06/05 00:03:09.554, 0, 0, 729, 23034
2026/06/05 00:03:14.555, 0, 0, 729, 23034
2026/06/05 00:03:19.555, 0, 0, 729, 23034
2026/06/05 00:03:24.557, 0, 0, 729, 23034
2026/06/05 00:03:29.559, 0, 0, 729, 23034
2026/06/05 00:03:34.561, 0, 0, 729, 23034
2026/06/05 00:03:39.562, 0, 0, 729, 23034
2026/06/05 00:03:44.564, 0, 0, 729, 23034
2026/06/05 00:03:49.566, 0, 0, 729, 23034
2026/06/05 00:03:54.568, 0, 0, 729, 23034
2026/06/05 00:03:59.569, 0, 0, 729, 23034
2026/06/05 00:04:04.571, 0, 0, 729, 23034
2026/06/05 00:04:09.573, 0, 0, 729, 23034
2026/06/05 00:04:14.575, 0, 0, 729, 23034
2026/06/05 00:04:19.575, 0, 0, 729, 23034
2026/06/05 00:04:24.577, 0, 0, 729, 23034
2026/06/05 00:04:29.579, 0, 0, 729, 23034
2026/06/05 00:04:34.580, 0, 0, 729, 23034
2026/06/05 00:04:39.581, 0, 0, 729, 23034
2026/06/05 00:04:44.582, 0, 0, 729, 23034
2026/06/05 00:04:49.582, 0, 0, 729, 23034
2026/06/05 00:04:54.583, 0, 0, 729, 23034
2026/06/05 00:04:59.584, 0, 0, 729, 23034
2026/06/05 00:05:04.586, 0, 0, 729, 23034
2026/06/05 00:05:09.587, 0, 0, 729, 23034
2026/06/05 00:05:14.589, 0, 0, 729, 23034
2026/06/05 00:05:19.591, 0, 0, 729, 23034
2026/06/05 00:05:24.592, 0, 0, 729, 23034
2026/06/05 00:05:29.594, 0, 0, 729, 23034
2026/06/05 00:05:34.596, 0, 0, 729, 23034
2026/06/05 00:05:39.597, 0, 0, 729, 23034
2026/06/05 00:05:44.599, 0, 0, 729, 23034
2026/06/05 00:05:49.601, 0, 0, 729, 23034
2026/06/05 00:05:54.602, 0, 0, 729, 23034
2026/06/05 00:05:59.603, 0, 0, 729, 23034
2026/06/05 00:06:04.605, 0, 0, 729, 23034
2026/06/05 00:06:09.606, 0, 0, 729, 23034
2026/06/05 00:06:14.608, 0, 0, 729, 23034
2026/06/05 00:06:19.609, 0, 0, 729, 23034
2026/06/05 00:06:24.611, 0, 0, 729, 23034
2026/06/05 00:06:29.611, 0, 0, 729, 23034
2026/06/05 00:06:34.613, 0, 0, 729, 23034
2026/06/05 00:06:39.615, 0, 0, 729, 23034
2026/06/05 00:06:44.615, 0, 0, 729, 23034
2026/06/05 00:06:49.617, 0, 0, 729, 23034
2026/06/05 00:06:54.619, 0, 0, 729, 23034
2026/06/05 00:06:59.621, 0, 0, 729, 23034
2026/06/05 00:07:04.622, 0, 0, 729, 23034
2026/06/05 00:07:09.622, 0, 0, 729, 23034
2026/06/05 00:07:14.624, 0, 0, 729, 23034
2026/06/05 00:07:19.625, 0, 0, 729, 23034
2026/06/05 00:07:24.626, 0, 0, 729, 23034
2026/06/05 00:07:29.628, 0, 0, 729, 23034
2026/06/05 00:07:34.630, 0, 0, 729, 23034
2026/06/05 00:07:39.632, 0, 0, 729, 23034
2026/06/05 00:07:44.632, 0, 0, 729, 23034
2026/06/05 00:07:49.634, 0, 0, 729, 23034
2026/06/05 00:07:54.635, 0, 0, 729, 23034
2026/06/05 00:07:59.637, 0, 0, 729, 23034
2026/06/05 00:08:04.638, 0, 0, 729, 23034
2026/06/05 00:08:09.640, 0, 0, 729, 23034
2026/06/05 00:08:14.642, 0, 0, 729, 23034
2026/06/05 00:08:19.644, 0, 0, 729, 23034
2026/06/05 00:08:24.645, 0, 0, 729, 23034
2026/06/05 00:08:29.646, 0, 0, 729, 23034
2026/06/05 00:08:34.647, 0, 0, 729, 23034
2026/06/05 00:08:39.648, 0, 0, 729, 23034
2026/06/05 00:08:44.650, 0, 0, 729, 23034
2026/06/05 00:08:49.652, 0, 0, 729, 23034
2026/06/05 00:08:54.654, 0, 0, 729, 23034
2026/06/05 00:08:59.654, 0, 0, 729, 23034
2026/06/05 00:09:04.655, 0, 0, 729, 23034
2026/06/05 00:09:09.657, 0, 0, 729, 23034
2026/06/05 00:09:14.657, 0, 0, 729, 23034
2026/06/05 00:09:19.659, 0, 0, 729, 23034
2026/06/05 00:09:24.661, 0, 0, 729, 23034
2026/06/05 00:09:29.663, 0, 0, 729, 23034
2026/06/05 00:09:34.665, 0, 0, 729, 23034
2026/06/05 00:09:39.667, 0, 0, 729, 23034
2026/06/05 00:09:44.668, 0, 0, 729, 23034
2026/06/05 00:09:49.669, 0, 0, 729, 23034
2026/06/05 00:09:54.670, 0, 0, 729, 23034
2026/06/05 00:09:59.670, 0, 0, 729, 23034
2026/06/05 00:10:04.671, 0, 0, 729, 23034
2026/06/05 00:10:09.672, 0, 0, 729, 23034
2026/06/05 00:10:14.672, 0, 0, 729, 23034
2026/06/05 00:10:19.673, 0, 0, 729, 23034
2026/06/05 00:10:24.675, 0, 0, 729, 23034
2026/06/05 00:10:29.676, 0, 0, 729, 23034
2026/06/05 00:10:34.678, 0, 0, 729, 23034
2026/06/05 00:10:39.680, 0, 0, 729, 23034
2026/06/05 00:10:44.682, 0, 0, 729, 23034
2026/06/05 00:10:49.683, 0, 0, 729, 23034
2026/06/05 00:10:54.685, 0, 0, 729, 23034
2026/06/05 00:10:59.687, 0, 0, 729, 23034
2026/06/05 00:11:04.688, 0, 0, 729, 23034
2026/06/05 00:11:09.689, 0, 0, 729, 23034
2026/06/05 00:11:14.690, 0, 0, 729, 23034
2026/06/05 00:11:19.691, 0, 0, 729, 23034
2026/06/05 00:11:24.693, 0, 0, 729, 23034
2026/06/05 00:11:29.695, 0, 0, 729, 23034
2026/06/05 00:11:34.696, 0, 0, 729, 23034
2026/06/05 00:11:39.698, 0, 0, 729, 23034
2026/06/05 00:11:44.700, 0, 0, 729, 23034
2026/06/05 00:11:49.702, 0, 0, 729, 23034
2026/06/05 00:11:54.703, 0, 0, 729, 23034
2026/06/05 00:11:59.704, 0, 0, 729, 23034
2026/06/05 00:12:04.706, 0, 0, 729, 23034
2026/06/05 00:12:09.706, 0, 0, 729, 23034
2026/06/05 00:12:14.708, 0, 0, 729, 23034
2026/06/05 00:12:19.710, 0, 0, 729, 23034
2026/06/05 00:12:24.712, 0, 0, 729, 23034
2026/06/05 00:12:29.714, 0, 0, 729, 23034
2026/06/05 00:12:34.714, 0, 0, 729, 23034
2026/06/05 00:12:39.716, 0, 0, 729, 23034
2026/06/05 00:12:44.718, 0, 0, 729, 23034
2026/06/05 00:12:49.719, 0, 0, 729, 23034
2026/06/05 00:12:54.721, 0, 0, 729, 23034
2026/06/05 00:12:59.722, 0, 0, 729, 23034
2026/06/05 00:13:04.722, 0, 0, 729, 23034
2026/06/05 00:13:09.724, 0, 0, 729, 23034
2026/06/05 00:13:14.726, 0, 0, 729, 23034
2026/06/05 00:13:19.728, 0, 0, 729, 23034
2026/06/05 00:13:24.730, 0, 0, 729, 23034
2026/06/05 00:13:29.731, 0, 0, 729, 23034
2026/06/05 00:13:34.733, 0, 0, 729, 23034
2026/06/05 00:13:39.735, 0, 0, 729, 23034
2026/06/05 00:13:44.737, 0, 0, 729, 23034
2026/06/05 00:13:49.737, 0, 0, 729, 23034
2026/06/05 00:13:54.739, 0, 0, 729, 23034
2026/06/05 00:13:59.741, 0, 0, 729, 23034
2026/06/05 00:14:04.743, 0, 0, 729, 23034
2026/06/05 00:14:09.744, 0, 0, 729, 23034
2026/06/05 00:14:14.746, 0, 0, 729, 23034
2026/06/05 00:14:19.747, 0, 0, 729, 23034
2026/06/05 00:14:24.749, 0, 0, 729, 23034
2026/06/05 00:14:29.749, 0, 0, 729, 23034
2026/06/05 00:14:34.751, 0, 0, 729, 23034
2026/06/05 00:14:39.753, 0, 0, 729, 23034
2026/06/05 00:14:44.753, 0, 0, 729, 23034
2026/06/05 00:14:49.755, 0, 0, 729, 23034
2026/06/05 00:14:54.757, 0, 0, 729, 23034
2026/06/05 00:14:59.759, 0, 0, 729, 23034
2026/06/05 00:15:04.760, 0, 0, 729, 23034
2026/06/05 00:15:09.762, 0, 0, 729, 23034
2026/06/05 00:15:14.764, 0, 0, 729, 23034
2026/06/05 00:15:19.766, 0, 0, 729, 23034
2026/06/05 00:15:24.767, 0, 0, 729, 23034
2026/06/05 00:15:29.768, 0, 0, 729, 23034
2026/06/05 00:15:34.769, 0, 0, 729, 23034
2026/06/05 00:15:39.770, 0, 0, 729, 23034
2026/06/05 00:15:44.772, 0, 0, 729, 23034
2026/06/05 00:15:49.774, 0, 0, 729, 23034
2026/06/05 00:15:54.774, 0, 0, 729, 23034
2026/06/05 00:15:59.776, 0, 0, 729, 23034
2026/06/05 00:16:04.778, 0, 0, 729, 23034
2026/06/05 00:16:09.779, 0, 0, 729, 23034
2026/06/05 00:16:14.780, 0, 0, 729, 23034
2026/06/05 00:16:19.782, 0, 0, 729, 23034
2026/06/05 00:16:24.784, 0, 0, 729, 23034
2026/06/05 00:16:29.786, 0, 0, 729, 23034
2026/06/05 00:16:34.787, 0, 0, 729, 23034
2026/06/05 00:16:39.789, 0, 0, 729, 23034
2026/06/05 00:16:44.791, 0, 0, 729, 23034
2026/06/05 00:16:49.792, 0, 0, 729, 23034
2026/06/05 00:16:54.794, 0, 0, 729, 23034
2026/06/05 00:16:59.796, 0, 0, 729, 23034
2026/06/05 00:17:04.798, 0, 0, 729, 23034
2026/06/05 00:17:09.799, 0, 0, 729, 23034
2026/06/05 00:17:14.799, 0, 0, 729, 23034
2026/06/05 00:17:19.801, 0, 0, 729, 23034
2026/06/05 00:17:24.803, 0, 0, 729, 23034
2026/06/05 00:17:29.804, 0, 0, 729, 23034
2026/06/05 00:17:34.806, 0, 0, 729, 23034
2026/06/05 00:17:39.807, 0, 0, 729, 23034
2026/06/05 00:17:44.809, 0, 0, 729, 23034
2026/06/05 00:17:49.809, 0, 0, 729, 23034
2026/06/05 00:17:54.811, 0, 0, 729, 23034
2026/06/05 00:17:59.813, 0, 0, 729, 23034
2026/06/05 00:18:04.813, 0, 0, 729, 23034
2026/06/05 00:18:09.814, 0, 0, 729, 23034
2026/06/05 00:18:14.815, 0, 0, 729, 23034
2026/06/05 00:18:19.815, 0, 0, 729, 23034
2026/06/05 00:18:24.816, 0, 0, 729, 23034
2026/06/05 00:18:29.818, 0, 0, 729, 23034
2026/06/05 00:18:34.820, 0, 0, 729, 23034
2026/06/05 00:18:39.821, 0, 0, 729, 23034
2026/06/05 00:18:44.823, 0, 0, 729, 23034
2026/06/05 00:18:49.825, 0, 0, 729, 23034
2026/06/05 00:18:54.826, 0, 0, 729, 23034
2026/06/05 00:18:59.827, 0, 0, 729, 23034
2026/06/05 00:19:04.829, 0, 0, 729, 23034
2026/06/05 00:19:09.831, 0, 0, 729, 23034
2026/06/05 00:19:14.832, 0, 0, 729, 23034
2026/06/05 00:19:19.832, 0, 0, 729, 23034
2026/06/05 00:19:24.834, 0, 0, 729, 23034
2026/06/05 00:19:29.836, 0, 0, 729, 23034
2026/06/05 00:19:34.837, 0, 0, 729, 23034
2026/06/05 00:19:39.839, 0, 0, 729, 23034
2026/06/05 00:19:44.840, 0, 0, 729, 23034
2026/06/05 00:19:49.842, 0, 0, 729, 23034
2026/06/05 00:19:54.843, 0, 0, 729, 23034
2026/06/05 00:19:59.845, 0, 0, 729, 23034
2026/06/05 00:20:04.847, 0, 0, 729, 23034
2026/06/05 00:20:09.849, 0, 0, 729, 23034
2026/06/05 00:20:14.850, 0, 0, 729, 23034
2026/06/05 00:20:19.852, 0, 0, 729, 23034
2026/06/05 00:20:24.854, 0, 0, 729, 23034
2026/06/05 00:20:29.856, 0, 0, 729, 23034
2026/06/05 00:20:34.856, 0, 0, 729, 23034
2026/06/05 00:20:39.857, 0, 0, 729, 23034
2026/06/05 00:20:44.859, 0, 0, 729, 23034
2026/06/05 00:20:49.860, 0, 0, 729, 23034
2026/06/05 00:20:54.862, 0, 0, 729, 23034
2026/06/05 00:20:59.864, 0, 0, 729, 23034
2026/06/05 00:21:04.865, 0, 0, 729, 23034
2026/06/05 00:21:09.866, 0, 0, 729, 23034
2026/06/05 00:21:14.868, 0, 0, 729, 23034
2026/06/05 00:21:19.869, 0, 0, 729, 23034
2026/06/05 00:21:24.871, 0, 0, 729, 23034
2026/06/05 00:21:29.873, 0, 0, 729, 23034
2026/06/05 00:21:34.875, 0, 0, 729, 23034
2026/06/05 00:21:39.875, 0, 0, 729, 23034
2026/06/05 00:21:44.877, 0, 0, 729, 23034
2026/06/05 00:21:49.878, 0, 0, 729, 23034
2026/06/05 00:21:54.879, 0, 0, 729, 23034
2026/06/05 00:21:59.881, 0, 0, 729, 23034
2026/06/05 00:22:04.883, 0, 0, 729, 23034
2026/06/05 00:22:09.884, 0, 0, 729, 23034
2026/06/05 00:22:14.886, 0, 0, 729, 23034
2026/06/05 00:22:19.888, 0, 0, 729, 23034
2026/06/05 00:22:24.890, 0, 0, 729, 23034
2026/06/05 00:22:29.892, 0, 0, 729, 23034
2026/06/05 00:22:34.893, 0, 0, 729, 23034
2026/06/05 00:22:39.895, 0, 0, 729, 23034
2026/06/05 00:22:44.897, 0, 0, 729, 23034
2026/06/05 00:22:49.899, 0, 0, 729, 23034
2026/06/05 00:22:54.899, 0, 0, 729, 23034
2026/06/05 00:22:59.901, 0, 0, 729, 23034
2026/06/05 00:23:04.902, 0, 0, 729, 23034
2026/06/05 00:23:09.903, 0, 0, 729, 23034
2026/06/05 00:23:14.905, 0, 0, 729, 23034
2026/06/05 00:23:19.907, 0, 0, 729, 23034
2026/06/05 00:23:24.908, 0, 0, 729, 23034
2026/06/05 00:23:29.910, 0, 0, 729, 23034
2026/06/05 00:23:34.912, 0, 0, 729, 23034
2026/06/05 00:23:39.914, 0, 0, 729, 23034
2026/06/05 00:23:44.914, 0, 0, 729, 23034
2026/06/05 00:23:49.916, 0, 0, 729, 23034
2026/06/05 00:23:54.918, 0, 0, 729, 23034
2026/06/05 00:23:59.920, 0, 0, 729, 23034
2026/06/05 00:24:04.921, 0, 0, 729, 23034
2026/06/05 00:24:09.922, 0, 0, 729, 23034
2026/06/05 00:24:14.924, 0, 0, 729, 23034
2026/06/05 00:24:19.925, 0, 0, 729, 23034
2026/06/05 00:24:24.927, 0, 0, 729, 23034
2026/06/05 00:24:29.929, 0, 0, 729, 23034
2026/06/05 00:24:34.929, 0, 0, 729, 23034
2026/06/05 00:24:39.931, 0, 0, 729, 23034
2026/06/05 00:24:44.933, 0, 0, 729, 23034
2026/06/05 00:24:49.935, 0, 0, 729, 23034
2026/06/05 00:24:54.936, 0, 0, 729, 23034
2026/06/05 00:24:59.938, 0, 0, 729, 23034
2026/06/05 00:25:04.940, 0, 0, 729, 23034
2026/06/05 00:25:09.941, 0, 0, 729, 23034
2026/06/05 00:25:14.943, 0, 0, 729, 23034
2026/06/05 00:25:19.944, 0, 0, 729, 23034
2026/06/05 00:25:24.946, 0, 0, 729, 23034
2026/06/05 00:25:29.947, 0, 0, 729, 23034
2026/06/05 00:25:34.949, 0, 0, 729, 23034
2026/06/05 00:25:39.951, 0, 0, 729, 23034
2026/06/05 00:25:44.953, 0, 0, 729, 23034
2026/06/05 00:25:49.954, 0, 0, 729, 23034
2026/06/05 00:25:54.956, 0, 0, 729, 23034
2026/06/05 00:25:59.958, 0, 0, 729, 23034
2026/06/05 00:26:04.960, 0, 0, 729, 23034
2026/06/05 00:26:09.961, 0, 0, 729, 23034
2026/06/05 00:26:14.963, 0, 0, 729, 23034
2026/06/05 00:26:19.964, 0, 0, 729, 23034
2026/06/05 00:26:24.965, 0, 0, 729, 23034
2026/06/05 00:26:29.966, 0, 0, 729, 23034
2026/06/05 00:26:34.968, 0, 0, 729, 23034
2026/06/05 00:26:39.970, 0, 0, 729, 23034
2026/06/05 00:26:44.972, 0, 0, 729, 23034
2026/06/05 00:26:49.974, 0, 0, 729, 23034
2026/06/05 00:26:54.975, 0, 0, 729, 23034
2026/06/05 00:26:59.977, 0, 0, 729, 23034
2026/06/05 00:27:04.979, 0, 0, 729, 23034
2026/06/05 00:27:09.981, 0, 0, 729, 23034
2026/06/05 00:27:14.982, 0, 0, 729, 23034
2026/06/05 00:27:19.984, 0, 0, 729, 23034
2026/06/05 00:27:24.986, 0, 0, 729, 23034
2026/06/05 00:27:29.987, 0, 0, 729, 23034
2026/06/05 00:27:34.989, 0, 0, 729, 23034
2026/06/05 00:27:39.991, 0, 0, 729, 23034
2026/06/05 00:27:44.993, 0, 0, 729, 23034
2026/06/05 00:27:49.994, 0, 0, 729, 23034
2026/06/05 00:27:54.996, 0, 0, 729, 23034
2026/06/05 00:27:59.998, 0, 0, 729, 23034
2026/06/05 00:28:04.999, 0, 0, 729, 23034
2026/06/05 00:28:09.999, 0, 0, 729, 23034
2026/06/05 00:28:15.001, 0, 0, 729, 23034
2026/06/05 00:28:20.002, 0, 0, 729, 23034
2026/06/05 00:28:25.002, 0, 0, 729, 23034
2026/06/05 00:28:30.004, 0, 0, 729, 23034
2026/06/05 00:28:35.005, 0, 0, 729, 23034
2026/06/05 00:28:40.005, 0, 0, 729, 23034
2026/06/05 00:28:45.006, 0, 0, 729, 23034
2026/06/05 00:28:50.007, 0, 0, 729, 23034
2026/06/05 00:28:55.009, 0, 0, 729, 23034
2026/06/05 00:29:00.010, 0, 0, 729, 23034
2026/06/05 00:29:05.012, 0, 0, 729, 23034
2026/06/05 00:29:10.014, 0, 0, 729, 23034
2026/06/05 00:29:15.014, 0, 0, 729, 23034
2026/06/05 00:29:20.015, 0, 0, 729, 23034
2026/06/05 00:29:25.017, 0, 0, 729, 23034
2026/06/05 00:29:30.019, 0, 0, 729, 23034
2026/06/05 00:29:35.020, 0, 0, 729, 23034
2026/06/05 00:29:40.022, 0, 0, 729, 23034
2026/06/05 00:29:45.023, 0, 0, 729, 23034
2026/06/05 00:29:50.025, 0, 0, 729, 23034
2026/06/05 00:29:55.027, 0, 0, 729, 23034
2026/06/05 00:30:00.027, 0, 0, 729, 23034
2026/06/05 00:30:05.029, 0, 0, 729, 23034
2026/06/05 00:30:10.031, 0, 0, 729, 23034
2026/06/05 00:30:15.032, 0, 0, 729, 23034
2026/06/05 00:30:20.033, 0, 0, 729, 23034
2026/06/05 00:30:25.034, 0, 0, 729, 23034
2026/06/05 00:30:30.036, 0, 0, 729, 23034
2026/06/05 00:30:35.038, 0, 0, 729, 23034
2026/06/05 00:30:40.039, 0, 0, 729, 23034
2026/06/05 00:30:45.041, 0, 0, 729, 23034
2026/06/05 00:30:50.042, 0, 0, 729, 23034
2026/06/05 00:30:55.044, 0, 0, 729, 23034
2026/06/05 00:31:00.044, 0, 0, 729, 23034
2026/06/05 00:31:05.046, 0, 0, 729, 23034
2026/06/05 00:31:10.048, 0, 0, 729, 23034
2026/06/05 00:31:15.050, 0, 0, 729, 23034
2026/06/05 00:31:20.050, 0, 0, 729, 23034
2026/06/05 00:31:25.052, 0, 0, 729, 23034
2026/06/05 00:31:30.054, 0, 0, 729, 23034
2026/06/05 00:31:35.056, 0, 0, 729, 23034
2026/06/05 00:31:40.056, 0, 0, 729, 23034
2026/06/05 00:31:45.058, 0, 0, 729, 23034
2026/06/05 00:31:50.060, 0, 0, 729, 23034
2026/06/05 00:31:55.061, 0, 0, 729, 23034
2026/06/05 00:32:00.062, 0, 0, 729, 23034
2026/06/05 00:32:05.064, 0, 0, 729, 23034
2026/06/05 00:32:10.066, 0, 0, 729, 23034
2026/06/05 00:32:15.067, 0, 0, 729, 23034
2026/06/05 00:32:20.069, 0, 0, 729, 23034
2026/06/05 00:32:25.070, 0, 0, 729, 23034
2026/06/05 00:32:30.072, 0, 0, 729, 23034
2026/06/05 00:32:35.072, 0, 0, 729, 23034
2026/06/05 00:32:40.073, 0, 0, 729, 23034
2026/06/05 00:32:45.075, 0, 0, 729, 23034
2026/06/05 00:32:50.077, 0, 0, 729, 23034
2026/06/05 00:32:55.077, 0, 0, 729, 23034
2026/06/05 00:33:00.079, 0, 0, 729, 23034
2026/06/05 00:33:05.081, 0, 0, 729, 23034
2026/06/05 00:33:10.083, 0, 0, 729, 23034
2026/06/05 00:33:15.085, 0, 0, 729, 23034
2026/06/05 00:33:20.085, 0, 0, 729, 23034
2026/06/05 00:33:25.087, 0, 0, 729, 23034
2026/06/05 00:33:30.089, 0, 0, 729, 23034
2026/06/05 00:33:35.089, 0, 0, 729, 23034
2026/06/05 00:33:40.091, 0, 0, 729, 23034
2026/06/05 00:33:45.093, 0, 0, 729, 23034
2026/06/05 00:33:50.095, 0, 0, 729, 23034
2026/06/05 00:33:55.096, 0, 0, 729, 23034
2026/06/05 00:34:00.098, 0, 0, 729, 23034
2026/06/05 00:34:05.099, 0, 0, 729, 23034
2026/06/05 00:34:10.099, 0, 0, 729, 23034
2026/06/05 00:34:15.101, 0, 0, 729, 23034
2026/06/05 00:34:20.102, 0, 0, 729, 23034
2026/06/05 00:34:25.103, 0, 0, 729, 23034
2026/06/05 00:34:30.104, 0, 0, 729, 23034
2026/06/05 00:34:35.105, 0, 0, 729, 23034
2026/06/05 00:34:40.105, 0, 0, 729, 23034
2026/06/05 00:34:45.107, 0, 0, 729, 23034
2026/06/05 00:34:50.109, 0, 0, 729, 23034
2026/06/05 00:34:55.111, 0, 0, 729, 23034
2026/06/05 00:35:00.111, 0, 0, 729, 23034
2026/06/05 00:35:05.113, 0, 0, 729, 23034
2026/06/05 00:35:10.115, 0, 0, 729, 23034
2026/06/05 00:35:15.117, 0, 0, 729, 23034
2026/06/05 00:35:20.118, 0, 0, 729, 23034
2026/06/05 00:35:25.119, 0, 0, 729, 23034
2026/06/05 00:35:30.121, 0, 0, 729, 23034
2026/06/05 00:35:35.122, 0, 0, 729, 23034
2026/06/05 00:35:40.123, 0, 0, 729, 23034
2026/06/05 00:35:45.125, 0, 0, 729, 23034
2026/06/05 00:35:50.125, 0, 0, 729, 23034
2026/06/05 00:35:55.127, 0, 0, 729, 23034
2026/06/05 00:36:00.129, 0, 0, 729, 23034
2026/06/05 00:36:05.131, 0, 0, 729, 23034
2026/06/05 00:36:10.131, 0, 0, 729, 23034
2026/06/05 00:36:15.133, 0, 0, 729, 23034
2026/06/05 00:36:20.134, 0, 0, 729, 23034
2026/06/05 00:36:25.135, 0, 0, 729, 23034
2026/06/05 00:36:30.137, 0, 0, 729, 23034
2026/06/05 00:36:35.139, 0, 0, 729, 23034
2026/06/05 00:36:40.141, 0, 0, 729, 23034
2026/06/05 00:36:45.141, 0, 0, 729, 23034
2026/06/05 00:36:50.143, 0, 0, 729, 23034
2026/06/05 00:36:55.145, 0, 0, 729, 23034
2026/06/05 00:37:00.145, 0, 0, 729, 23034
2026/06/05 00:37:05.147, 0, 0, 729, 23034
2026/06/05 00:37:10.149, 0, 0, 729, 23034
2026/06/05 00:37:15.150, 0, 0, 729, 23034
2026/06/05 00:37:20.152, 0, 0, 729, 23034
2026/06/05 00:37:25.153, 0, 0, 729, 23034
2026/06/05 00:37:30.155, 0, 0, 729, 23034
2026/06/05 00:37:35.155, 0, 0, 729, 23034
2026/06/05 00:37:40.156, 0, 0, 729, 23034
2026/06/05 00:37:45.157, 0, 0, 729, 23034
2026/06/05 00:37:50.157, 0, 0, 729, 23034
2026/06/05 00:37:55.159, 0, 0, 729, 23034
2026/06/05 00:38:00.161, 0, 0, 729, 23034
2026/06/05 00:38:05.162, 0, 0, 729, 23034
2026/06/05 00:38:10.163, 0, 0, 729, 23034
2026/06/05 00:38:15.165, 0, 0, 729, 23034
2026/06/05 00:38:20.165, 0, 0, 729, 23034
2026/06/05 00:38:25.167, 0, 0, 729, 23034
2026/06/05 00:38:30.169, 0, 0, 729, 23034
2026/06/05 00:38:35.171, 0, 0, 729, 23034
2026/06/05 00:38:40.172, 0, 0, 729, 23034
2026/06/05 00:38:45.174, 0, 0, 729, 23034
2026/06/05 00:38:50.176, 0, 0, 729, 23034
2026/06/05 00:38:55.178, 0, 0, 729, 23034
2026/06/05 00:39:00.180, 0, 0, 729, 23034
2026/06/05 00:39:05.181, 0, 0, 729, 23034
2026/06/05 00:39:10.182, 0, 0, 729, 23034
2026/06/05 00:39:15.184, 0, 0, 729, 23034
2026/06/05 00:39:20.185, 0, 0, 729, 23034
2026/06/05 00:39:25.187, 0, 0, 729, 23034
2026/06/05 00:39:30.188, 0, 0, 729, 23034
2026/06/05 00:39:35.188, 0, 0, 729, 23034
2026/06/05 00:39:40.190, 0, 0, 729, 23034
2026/06/05 00:39:45.192, 0, 0, 729, 23034
2026/06/05 00:39:50.192, 0, 0, 729, 23034
2026/06/05 00:39:55.193, 0, 0, 729, 23034
2026/06/05 00:40:00.195, 0, 0, 729, 23034
2026/06/05 00:40:05.196, 0, 0, 729, 23034
2026/06/05 00:40:10.196, 0, 0, 729, 23034
2026/06/05 00:40:15.198, 0, 0, 729, 23034
2026/06/05 00:40:20.200, 0, 0, 729, 23034
2026/06/05 00:40:25.202, 0, 0, 729, 23034
2026/06/05 00:40:30.203, 0, 0, 729, 23034
2026/06/05 00:40:35.205, 0, 0, 729, 23034
2026/06/05 00:40:40.206, 0, 0, 729, 23034
2026/06/05 00:40:45.208, 0, 0, 729, 23034
2026/06/05 00:40:50.209, 0, 0, 729, 23034
2026/06/05 00:40:55.211, 0, 0, 729, 23034
2026/06/05 00:41:00.213, 0, 0, 729, 23034
2026/06/05 00:41:05.213, 0, 0, 729, 23034
2026/06/05 00:41:10.215, 0, 0, 729, 23034
2026/06/05 00:41:15.217, 0, 0, 729, 23034
2026/06/05 00:41:20.218, 0, 0, 729, 23034
2026/06/05 00:41:25.219, 0, 0, 729, 23034
2026/06/05 00:41:30.221, 0, 0, 729, 23034
2026/06/05 00:41:35.223, 0, 0, 729, 23034
2026/06/05 00:41:40.224, 0, 0, 729, 23034
2026/06/05 00:41:45.226, 0, 0, 729, 23034
2026/06/05 00:41:50.228, 0, 0, 729, 23034
2026/06/05 00:41:55.230, 0, 0, 729, 23034
2026/06/05 00:42:00.231, 0, 0, 729, 23034
2026/06/05 00:42:05.233, 0, 0, 729, 23034
2026/06/05 00:42:10.235, 0, 0, 729, 23034
2026/06/05 00:42:15.236, 0, 0, 729, 23034
2026/06/05 00:42:20.238, 0, 0, 729, 23034
2026/06/05 00:42:25.240, 0, 0, 729, 23034
2026/06/05 00:42:30.241, 0, 0, 729, 23034
2026/06/05 00:42:35.242, 0, 0, 729, 23034
2026/06/05 00:42:40.243, 0, 0, 729, 23034
2026/06/05 00:42:45.243, 0, 0, 729, 23034
2026/06/05 00:42:50.244, 0, 0, 729, 23034
2026/06/05 00:42:55.246, 0, 0, 729, 23034
2026/06/05 00:43:00.248, 0, 0, 729, 23034
2026/06/05 00:43:05.249, 0, 0, 729, 23034
2026/06/05 00:43:10.251, 0, 0, 729, 23034
2026/06/05 00:43:15.253, 0, 0, 729, 23034
2026/06/05 00:43:20.255, 0, 0, 729, 23034
2026/06/05 00:43:25.256, 0, 0, 729, 23034
2026/06/05 00:43:30.258, 0, 0, 729, 23034
2026/06/05 00:43:35.260, 0, 0, 729, 23034
2026/06/05 00:43:40.262, 0, 0, 729, 23034
2026/06/05 00:43:45.262, 0, 0, 729, 23034
2026/06/05 00:43:50.264, 0, 0, 729, 23034
2026/06/05 00:43:55.266, 0, 0, 729, 23034
2026/06/05 00:44:00.268, 0, 0, 729, 23034
2026/06/05 00:44:05.268, 0, 0, 729, 23034
2026/06/05 00:44:10.270, 0, 0, 729, 23034
2026/06/05 00:44:15.271, 0, 0, 729, 23034
2026/06/05 00:44:20.272, 0, 0, 729, 23034
2026/06/05 00:44:25.274, 0, 0, 729, 23034
2026/06/05 00:44:30.276, 0, 0, 729, 23034
2026/06/05 00:44:35.278, 0, 0, 729, 23034
2026/06/05 00:44:40.279, 0, 0, 729, 23034
2026/06/05 00:44:45.281, 0, 0, 729, 23034
2026/06/05 00:44:50.283, 0, 0, 729, 23034
2026/06/05 00:44:55.285, 0, 0, 729, 23034
2026/06/05 00:45:00.286, 0, 0, 729, 23034
2026/06/05 00:45:05.288, 0, 0, 729, 23034
2026/06/05 00:45:10.290, 0, 0, 729, 23034
2026/06/05 00:45:15.291, 0, 0, 729, 23034
2026/06/05 00:45:20.292, 0, 0, 729, 23034
2026/06/05 00:45:25.294, 0, 0, 729, 23034
2026/06/05 00:45:30.296, 0, 0, 729, 23034
2026/06/05 00:45:35.297, 0, 0, 729, 23034
2026/06/05 00:45:40.299, 0, 0, 729, 23034
2026/06/05 00:45:45.301, 0, 0, 729, 23034
2026/06/05 00:45:50.303, 0, 0, 729, 23034
2026/06/05 00:45:55.303, 0, 0, 729, 23034
2026/06/05 00:46:00.305, 0, 0, 729, 23034
2026/06/05 00:46:05.307, 0, 0, 729, 23034
2026/06/05 00:46:10.309, 0, 0, 729, 23034
2026/06/05 00:46:15.309, 0, 0, 729, 23034
2026/06/05 00:46:20.311, 0, 0, 729, 23034
2026/06/05 00:46:25.313, 0, 0, 729, 23034
2026/06/05 00:46:30.314, 0, 0, 729, 23034
2026/06/05 00:46:35.315, 0, 0, 729, 23034
2026/06/05 00:46:40.317, 0, 0, 729, 23034
2026/06/05 00:46:45.319, 0, 0, 729, 23034
2026/06/05 00:46:50.319, 0, 0, 729, 23034
2026/06/05 00:46:55.321, 0, 0, 729, 23034
2026/06/05 00:47:00.323, 0, 0, 729, 23034
2026/06/05 00:47:05.324, 0, 0, 729, 23034
2026/06/05 00:47:10.326, 0, 0, 729, 23034
2026/06/05 00:47:15.328, 0, 0, 729, 23034
2026/06/05 00:47:20.328, 0, 0, 729, 23034
2026/06/05 00:47:25.330, 0, 0, 729, 23034
2026/06/05 00:47:30.332, 0, 0, 729, 23034
2026/06/05 00:47:35.334, 0, 0, 729, 23034
2026/06/05 00:47:40.335, 0, 0, 729, 23034
2026/06/05 00:47:45.337, 0, 0, 729, 23034
2026/06/05 00:47:50.339, 0, 0, 729, 23034
2026/06/05 00:47:55.341, 0, 0, 729, 23034
2026/06/05 00:48:00.342, 0, 0, 729, 23034
2026/06/05 00:48:05.344, 0, 0, 729, 23034
2026/06/05 00:48:10.345, 0, 0, 729, 23034
2026/06/05 00:48:15.347, 0, 0, 729, 23034
2026/06/05 00:48:20.347, 0, 0, 729, 23034
2026/06/05 00:48:25.349, 0, 0, 729, 23034
2026/06/05 00:48:30.351, 0, 0, 729, 23034
2026/06/05 00:48:35.352, 0, 0, 729, 23034
2026/06/05 00:48:40.354, 0, 0, 729, 23034
2026/06/05 00:48:45.356, 0, 0, 729, 23034
2026/06/05 00:48:50.357, 0, 0, 729, 23034
2026/06/05 00:48:55.358, 0, 0, 729, 23034
2026/06/05 00:49:00.360, 0, 0, 729, 23034
2026/06/05 00:49:05.360, 0, 0, 729, 23034
2026/06/05 00:49:10.361, 0, 0, 729, 23034
2026/06/05 00:49:15.363, 0, 0, 729, 23034
2026/06/05 00:49:20.364, 0, 0, 729, 23034
2026/06/05 00:49:25.364, 0, 0, 729, 23034
2026/06/05 00:49:30.366, 0, 0, 729, 23034
2026/06/05 00:49:35.368, 0, 0, 729, 23034
2026/06/05 00:49:40.369, 0, 0, 729, 23034
2026/06/05 00:49:45.371, 0, 0, 729, 23034
2026/06/05 00:49:50.373, 0, 0, 729, 23034
2026/06/05 00:49:55.374, 0, 0, 729, 23034
2026/06/05 00:50:00.376, 0, 0, 729, 23034
2026/06/05 00:50:05.378, 0, 0, 729, 23034
2026/06/05 00:50:10.380, 0, 0, 729, 23034
2026/06/05 00:50:15.380, 0, 0, 729, 23034
2026/06/05 00:50:20.382, 0, 0, 729, 23034
2026/06/05 00:50:25.383, 0, 0, 729, 23034
2026/06/05 00:50:30.385, 0, 0, 729, 23034
2026/06/05 00:50:35.385, 0, 0, 729, 23034
2026/06/05 00:50:40.387, 0, 0, 729, 23034
2026/06/05 00:50:45.388, 0, 0, 729, 23034
2026/06/05 00:50:50.388, 0, 0, 729, 23034
2026/06/05 00:50:55.389, 0, 0, 729, 23034
2026/06/05 00:51:00.390, 0, 0, 729, 23034
2026/06/05 00:51:05.390, 0, 0, 729, 23034
2026/06/05 00:51:10.391, 0, 0, 729, 23034
2026/06/05 00:51:15.393, 0, 0, 729, 23034
2026/06/05 00:51:20.395, 0, 0, 729, 23034
2026/06/05 00:51:25.395, 0, 0, 729, 23034
2026/06/05 00:51:30.397, 0, 0, 729, 23034
2026/06/05 00:51:35.399, 0, 0, 729, 23034
2026/06/05 00:51:40.401, 0, 0, 729, 23034
2026/06/05 00:51:45.401, 0, 0, 729, 23034
2026/06/05 00:51:50.403, 0, 0, 729, 23034
2026/06/05 00:51:55.404, 0, 0, 729, 23034
2026/06/05 00:52:00.404, 0, 0, 729, 23034
2026/06/05 00:52:05.406, 0, 0, 729, 23034
2026/06/05 00:52:10.408, 0, 0, 729, 23034
2026/06/05 00:52:15.410, 0, 0, 729, 23034
2026/06/05 00:52:20.411, 0, 0, 729, 23034
2026/06/05 00:52:25.413, 0, 0, 729, 23034
2026/06/05 00:52:30.415, 0, 0, 729, 23034
2026/06/05 00:52:35.417, 0, 0, 729, 23034
2026/06/05 00:52:40.417, 0, 0, 729, 23034
2026/06/05 00:52:45.419, 0, 0, 729, 23034
2026/06/05 00:52:50.421, 0, 0, 729, 23034
2026/06/05 00:52:55.423, 0, 0, 729, 23034
2026/06/05 00:53:00.424, 0, 0, 729, 23034
2026/06/05 00:53:05.426, 0, 0, 729, 23034
2026/06/05 00:53:10.428, 0, 0, 729, 23034
2026/06/05 00:53:15.430, 0, 0, 729, 23034
2026/06/05 00:53:20.431, 0, 0, 729, 23034
2026/06/05 00:53:25.432, 0, 0, 729, 23034
2026/06/05 00:53:30.434, 0, 0, 729, 23034
2026/06/05 00:53:35.434, 0, 0, 729, 23034
2026/06/05 00:53:40.436, 0, 0, 729, 23034
2026/06/05 00:53:45.438, 0, 0, 729, 23034
2026/06/05 00:53:50.438, 0, 0, 729, 23034
2026/06/05 00:53:55.440, 0, 0, 729, 23034
2026/06/05 00:54:00.442, 0, 0, 729, 23034
2026/06/05 00:54:05.442, 0, 0, 729, 23034
2026/06/05 00:54:10.444, 0, 0, 729, 23034
2026/06/05 00:54:15.445, 0, 0, 729, 23034
2026/06/05 00:54:20.447, 0, 0, 729, 23034
2026/06/05 00:54:25.447, 0, 0, 729, 23034
2026/06/05 00:54:30.449, 0, 0, 729, 23034
2026/06/05 00:54:35.451, 0, 0, 729, 23034
2026/06/05 00:54:40.451, 0, 0, 729, 23034
2026/06/05 00:54:45.453, 0, 0, 729, 23034
2026/06/05 00:54:50.455, 0, 0, 729, 23034
2026/06/05 00:54:55.457, 0, 0, 729, 23034
2026/06/05 00:55:00.458, 0, 0, 729, 23034
2026/06/05 00:55:05.460, 0, 0, 729, 23034
2026/06/05 00:55:10.462, 0, 0, 729, 23034
2026/06/05 00:55:15.462, 0, 0, 729, 23034
2026/06/05 00:55:20.464, 0, 0, 729, 23034
2026/06/05 00:55:25.466, 0, 0, 729, 23034
2026/06/05 00:55:30.466, 0, 0, 729, 23034
2026/06/05 00:55:35.468, 0, 0, 729, 23034
2026/06/05 00:55:40.470, 0, 0, 729, 23034
2026/06/05 00:55:45.472, 0, 0, 729, 23034
2026/06/05 00:55:50.473, 0, 0, 729, 23034
2026/06/05 00:55:55.475, 0, 0, 729, 23034
2026/06/05 00:56:00.477, 0, 0, 729, 23034
2026/06/05 00:56:05.479, 0, 0, 729, 23034
2026/06/05 00:56:10.480, 0, 0, 729, 23034
2026/06/05 00:56:15.482, 0, 0, 729, 23034
2026/06/05 00:56:20.484, 0, 0, 729, 23034
2026/06/05 00:56:25.486, 0, 0, 729, 23034
2026/06/05 00:56:30.487, 0, 0, 729, 23034
2026/06/05 00:56:35.489, 0, 0, 729, 23034
2026/06/05 00:56:40.491, 0, 0, 729, 23034
2026/06/05 00:56:45.492, 0, 0, 729, 23034
2026/06/05 00:56:50.493, 0, 0, 729, 23034
2026/06/05 00:56:55.495, 0, 0, 729, 23034
2026/06/05 00:57:00.497, 0, 0, 729, 23034
2026/06/05 00:57:05.499, 0, 0, 729, 23034
2026/06/05 00:57:10.499, 0, 0, 729, 23034
2026/06/05 00:57:15.500, 0, 0, 729, 23034
2026/06/05 00:57:20.501, 0, 0, 729, 23034
2026/06/05 00:57:25.502, 0, 0, 729, 23034
2026/06/05 00:57:30.504, 0, 0, 729, 23034
2026/06/05 00:57:35.506, 0, 0, 729, 23034
2026/06/05 00:57:40.507, 0, 0, 729, 23034
2026/06/05 00:57:45.509, 0, 0, 729, 23034
2026/06/05 00:57:50.511, 0, 0, 729, 23034
2026/06/05 00:57:55.513, 0, 0, 729, 23034
2026/06/05 00:58:00.515, 0, 0, 729, 23034
2026/06/05 00:58:05.516, 0, 0, 729, 23034
2026/06/05 00:58:10.518, 0, 0, 729, 23034
2026/06/05 00:58:15.520, 0, 0, 729, 23034
2026/06/05 00:58:20.522, 0, 0, 729, 23034
2026/06/05 00:58:25.522, 0, 0, 729, 23034
2026/06/05 00:58:30.524, 0, 0, 729, 23034
2026/06/05 00:58:35.526, 0, 0, 729, 23034
2026/06/05 00:58:40.527, 0, 0, 729, 23034
2026/06/05 00:58:45.529, 0, 0, 729, 23034
2026/06/05 00:58:50.530, 0, 0, 729, 23034
2026/06/05 00:58:55.531, 0, 0, 729, 23034
2026/06/05 00:59:00.531, 0, 0, 729, 23034
2026/06/05 00:59:05.532, 0, 0, 729, 23034
2026/06/05 00:59:10.533, 0, 0, 729, 23034
2026/06/05 00:59:15.533, 0, 0, 729, 23034
2026/06/05 00:59:20.535, 0, 0, 729, 23034
2026/06/05 00:59:25.537, 0, 0, 729, 23034
2026/06/05 00:59:30.538, 0, 0, 729, 23034
2026/06/05 00:59:35.540, 0, 0, 729, 23034
2026/06/05 00:59:40.542, 0, 0, 729, 23034
2026/06/05 00:59:45.543, 0, 0, 729, 23034
2026/06/05 00:59:50.545, 0, 0, 729, 23034
2026/06/05 00:59:55.547, 0, 0, 729, 23034
2026/06/05 01:00:00.548, 0, 0, 729, 23034
2026/06/05 01:00:05.548, 0, 0, 729, 23034
2026/06/05 01:00:10.550, 0, 0, 729, 23034
2026/06/05 01:00:15.552, 0, 0, 729, 23034
2026/06/05 01:00:20.553, 0, 0, 729, 23034
2026/06/05 01:00:25.554, 0, 0, 729, 23034
2026/06/05 01:00:30.556, 0, 0, 729, 23034
2026/06/05 01:00:35.558, 0, 0, 729, 23034
2026/06/05 01:00:40.560, 0, 0, 729, 23034
2026/06/05 01:00:45.561, 0, 0, 729, 23034
2026/06/05 01:00:50.563, 0, 0, 729, 23034
2026/06/05 01:00:55.564, 0, 0, 729, 23034
2026/06/05 01:01:00.564, 0, 0, 729, 23034
2026/06/05 01:01:05.566, 0, 0, 729, 23034
2026/06/05 01:01:10.568, 0, 0, 729, 23034
2026/06/05 01:01:15.569, 0, 0, 729, 23034
2026/06/05 01:01:20.570, 0, 0, 729, 23034
2026/06/05 01:01:25.572, 0, 0, 729, 23034
2026/06/05 01:01:30.573, 0, 0, 729, 23034
2026/06/05 01:01:35.573, 0, 0, 729, 23034
2026/06/05 01:01:40.574, 0, 0, 729, 23034
2026/06/05 01:01:45.575, 0, 0, 729, 23034
2026/06/05 01:01:50.577, 0, 0, 729, 23034
2026/06/05 01:01:55.577, 0, 0, 729, 23034
2026/06/05 01:02:00.579, 0, 0, 729, 23034
2026/06/05 01:02:05.581, 0, 0, 729, 23034
2026/06/05 01:02:10.582, 0, 0, 729, 23034
2026/06/05 01:02:15.584, 0, 0, 729, 23034
2026/06/05 01:02:20.585, 0, 0, 729, 23034
2026/06/05 01:02:25.587, 0, 0, 729, 23034
2026/06/05 01:02:30.589, 0, 0, 729, 23034
2026/06/05 01:02:35.590, 0, 0, 729, 23034
2026/06/05 01:02:40.592, 0, 0, 729, 23034
2026/06/05 01:02:45.594, 0, 0, 729, 23034
2026/06/05 01:02:50.596, 0, 0, 729, 23034
2026/06/05 01:02:55.597, 0, 0, 729, 23034
2026/06/05 01:03:00.599, 0, 0, 729, 23034
2026/06/05 01:03:05.600, 0, 0, 729, 23034
2026/06/05 01:03:10.601, 0, 0, 729, 23034
2026/06/05 01:03:15.603, 0, 0, 729, 23034
2026/06/05 01:03:20.604, 0, 0, 729, 23034
2026/06/05 01:03:25.605, 0, 0, 729, 23034
2026/06/05 01:03:30.607, 0, 0, 729, 23034
