timestamp,gpu_util_pct,mem_util_pct,mem_used_MB,mem_total_MB
2026/05/29 12:35:19.498, 0, 0, 637, 23034
2026/05/29 12:35:24.500, 0, 0, 637, 23034
2026/05/29 12:35:29.501, 0, 0, 637, 23034
2026/05/29 12:35:34.501, 0, 0, 637, 23034
2026/05/29 12:35:39.502, 0, 0, 637, 23034
2026/05/29 12:35:44.502, 0, 0, 637, 23034
2026/05/29 12:35:49.503, 0, 0, 637, 23034
2026/05/29 12:35:54.504, 0, 0, 637, 23034
2026/05/29 12:35:59.504, 0, 0, 637, 23034
2026/05/29 12:36:04.506, 0, 0, 637, 23034
2026/05/29 12:36:09.508, 0, 0, 637, 23034
2026/05/29 12:36:14.508, 0, 0, 637, 23034
2026/05/29 12:36:19.510, 0, 0, 637, 23034
2026/05/29 12:36:24.511, 0, 0, 637, 23034
2026/05/29 12:36:29.512, 0, 0, 637, 23034
2026/05/29 12:36:34.514, 0, 0, 637, 23034
2026/05/29 12:36:39.516, 0, 0, 637, 23034
2026/05/29 12:36:44.516, 0, 0, 637, 23034
2026/05/29 12:36:49.518, 0, 0, 637, 23034
2026/05/29 12:36:54.520, 0, 0, 637, 23034
2026/05/29 12:36:59.520, 0, 0, 637, 23034
2026/05/29 12:37:04.522, 0, 0, 637, 23034
2026/05/29 12:37:09.524, 0, 0, 637, 23034
2026/05/29 12:37:14.525, 0, 0, 637, 23034
2026/05/29 12:37:19.527, 0, 0, 637, 23034
2026/05/29 12:37:24.528, 0, 0, 637, 23034
2026/05/29 12:37:29.529, 0, 0, 637, 23034
2026/05/29 12:37:34.531, 0, 0, 637, 23034
2026/05/29 12:37:39.533, 0, 0, 637, 23034
2026/05/29 12:37:44.533, 0, 0, 637, 23034
2026/05/29 12:37:49.535, 0, 0, 637, 23034
2026/05/29 12:37:54.537, 0, 0, 637, 23034
2026/05/29 12:37:59.538, 0, 0, 637, 23034
2026/05/29 12:38:04.540, 0, 0, 637, 23034
2026/05/29 12:38:09.542, 0, 0, 637, 23034
2026/05/29 12:38:14.544, 0, 0, 637, 23034
2026/05/29 12:38:19.545, 0, 0, 637, 23034
2026/05/29 12:38:24.547, 0, 0, 637, 23034
2026/05/29 12:38:29.549, 0, 0, 637, 23034
2026/05/29 12:38:34.550, 0, 0, 637, 23034
2026/05/29 12:38:39.551, 0, 0, 637, 23034
2026/05/29 12:38:44.553, 0, 0, 637, 23034
2026/05/29 12:38:49.553, 0, 0, 649, 23034
2026/05/29 12:38:54.554, 0, 0, 649, 23034
2026/05/29 12:38:59.555, 0, 0, 649, 23034
2026/05/29 12:39:04.555, 0, 0, 649, 23034
2026/05/29 12:39:09.556, 0, 0, 649, 23034
2026/05/29 12:39:14.560, 0, 0, 649, 23034
2026/05/29 12:39:19.562, 0, 0, 649, 23034
2026/05/29 12:39:24.565, 0, 0, 649, 23034
2026/05/29 12:39:29.567, 0, 0, 649, 23034
2026/05/29 12:39:34.570, 0, 0, 649, 23034
2026/05/29 12:39:39.573, 0, 0, 649, 23034
2026/05/29 12:39:44.576, 0, 0, 649, 23034
2026/05/29 12:39:49.579, 0, 0, 649, 23034
2026/05/29 12:39:54.580, 0, 0, 649, 23034
2026/05/29 12:39:59.581, 0, 0, 649, 23034
2026/05/29 12:40:04.585, 0, 0, 649, 23034
2026/05/29 12:40:09.586, 0, 0, 649, 23034
2026/05/29 12:40:14.587, 0, 0, 649, 23034
2026/05/29 12:40:19.588, 0, 0, 649, 23034
2026/05/29 12:40:24.589, 0, 0, 649, 23034
2026/05/29 12:40:29.590, 0, 0, 649, 23034
2026/05/29 12:40:34.591, 0, 0, 649, 23034
2026/05/29 12:40:39.592, 0, 0, 649, 23034
2026/05/29 12:40:44.594, 0, 0, 649, 23034
2026/05/29 12:40:49.595, 0, 0, 649, 23034
2026/05/29 12:40:54.596, 0, 0, 649, 23034
2026/05/29 12:40:59.598, 0, 0, 649, 23034
2026/05/29 12:41:04.599, 0, 0, 649, 23034
2026/05/29 12:41:09.599, 0, 0, 637, 23034
2026/05/29 12:41:14.600, 0, 0, 637, 23034
2026/05/29 12:41:19.600, 0, 0, 637, 23034
2026/05/29 12:41:24.601, 0, 0, 637, 23034
2026/05/29 12:41:29.602, 0, 0, 637, 23034
2026/05/29 12:41:34.604, 0, 0, 637, 23034
2026/05/29 12:41:39.605, 0, 0, 637, 23034
2026/05/29 12:41:44.606, 0, 0, 637, 23034
2026/05/29 12:41:49.608, 0, 0, 637, 23034
2026/05/29 12:41:54.609, 0, 0, 637, 23034
2026/05/29 12:41:59.610, 0, 0, 637, 23034
2026/05/29 12:42:04.612, 0, 0, 637, 23034
2026/05/29 12:42:09.613, 0, 0, 637, 23034
2026/05/29 12:42:14.614, 0, 0, 637, 23034
2026/05/29 12:42:19.615, 0, 0, 637, 23034
2026/05/29 12:42:24.616, 0, 0, 637, 23034
2026/05/29 12:42:29.618, 0, 0, 637, 23034
2026/05/29 12:42:34.619, 0, 0, 637, 23034
2026/05/29 12:42:39.621, 0, 0, 637, 23034
2026/05/29 12:42:44.622, 0, 0, 637, 23034
2026/05/29 12:42:49.623, 0, 0, 637, 23034
2026/05/29 12:42:54.624, 0, 0, 637, 23034
2026/05/29 12:42:59.626, 0, 0, 637, 23034
2026/05/29 12:43:04.626, 0, 0, 637, 23034
2026/05/29 12:43:09.627, 0, 0, 637, 23034
2026/05/29 12:43:14.629, 0, 0, 637, 23034
2026/05/29 12:43:19.630, 0, 0, 637, 23034
2026/05/29 12:43:24.631, 0, 0, 637, 23034
2026/05/29 12:43:29.631, 0, 0, 637, 23034
2026/05/29 12:43:34.633, 0, 0, 637, 23034
2026/05/29 12:43:39.634, 0, 0, 637, 23034
2026/05/29 12:43:44.635, 0, 0, 637, 23034
2026/05/29 12:43:49.637, 0, 0, 637, 23034
2026/05/29 12:43:54.638, 0, 0, 637, 23034
2026/05/29 12:43:59.639, 0, 0, 637, 23034
2026/05/29 12:44:04.641, 0, 0, 637, 23034
2026/05/29 12:44:09.641, 0, 0, 637, 23034
2026/05/29 12:44:14.643, 0, 0, 637, 23034
2026/05/29 12:44:19.644, 0, 0, 637, 23034
2026/05/29 12:44:24.645, 0, 0, 637, 23034
2026/05/29 12:44:29.647, 0, 0, 637, 23034
2026/05/29 12:44:34.648, 0, 0, 637, 23034
2026/05/29 12:44:39.649, 0, 0, 637, 23034
2026/05/29 12:44:44.650, 0, 0, 637, 23034
2026/05/29 12:44:49.652, 0, 0, 637, 23034
2026/05/29 12:44:54.653, 0, 0, 637, 23034
2026/05/29 12:44:59.654, 0, 0, 637, 23034
2026/05/29 12:45:04.656, 0, 0, 637, 23034
2026/05/29 12:45:09.657, 0, 0, 637, 23034
2026/05/29 12:45:14.658, 0, 0, 637, 23034
2026/05/29 12:45:19.659, 0, 0, 637, 23034
2026/05/29 12:45:24.660, 0, 0, 637, 23034
2026/05/29 12:45:29.662, 0, 0, 637, 23034
2026/05/29 12:45:34.663, 0, 0, 637, 23034
2026/05/29 12:45:39.664, 0, 0, 637, 23034
2026/05/29 12:45:44.665, 0, 0, 637, 23034
2026/05/29 12:45:49.666, 0, 0, 637, 23034
2026/05/29 12:45:54.668, 0, 0, 637, 23034
2026/05/29 12:45:59.669, 0, 0, 637, 23034
2026/05/29 12:46:04.670, 0, 0, 637, 23034
2026/05/29 12:46:09.672, 0, 0, 637, 23034
2026/05/29 12:46:14.673, 0, 0, 637, 23034
2026/05/29 12:46:19.674, 0, 0, 637, 23034
2026/05/29 12:46:24.674, 0, 0, 637, 23034
2026/05/29 12:46:29.676, 0, 0, 637, 23034
2026/05/29 12:46:34.677, 0, 0, 637, 23034
2026/05/29 12:46:39.677, 0, 0, 637, 23034
2026/05/29 12:46:44.678, 0, 0, 637, 23034
2026/05/29 12:46:49.679, 0, 0, 637, 23034
2026/05/29 12:46:54.680, 0, 0, 637, 23034
2026/05/29 12:46:59.680, 0, 0, 637, 23034
2026/05/29 12:47:04.681, 0, 0, 637, 23034
2026/05/29 12:47:09.682, 0, 0, 637, 23034
2026/05/29 12:47:14.683, 0, 0, 637, 23034
2026/05/29 12:47:19.684, 0, 0, 637, 23034
2026/05/29 12:47:24.686, 0, 0, 637, 23034
2026/05/29 12:47:29.687, 0, 0, 637, 23034
2026/05/29 12:47:34.688, 0, 0, 637, 23034
2026/05/29 12:47:39.689, 0, 0, 637, 23034
2026/05/29 12:47:44.690, 0, 0, 637, 23034
2026/05/29 12:47:49.691, 0, 0, 637, 23034
2026/05/29 12:47:54.693, 0, 0, 637, 23034
2026/05/29 12:47:59.694, 0, 0, 637, 23034
2026/05/29 12:48:04.695, 0, 0, 637, 23034
2026/05/29 12:48:09.697, 0, 0, 637, 23034
2026/05/29 12:48:14.697, 0, 0, 637, 23034
2026/05/29 12:48:19.698, 0, 0, 637, 23034
2026/05/29 12:48:24.700, 0, 0, 637, 23034
2026/05/29 12:48:29.701, 0, 0, 637, 23034
2026/05/29 12:48:34.703, 0, 0, 637, 23034
2026/05/29 12:48:39.704, 0, 0, 637, 23034
2026/05/29 12:48:44.705, 0, 0, 637, 23034
2026/05/29 12:48:49.707, 0, 0, 637, 23034
2026/05/29 12:48:54.707, 0, 0, 637, 23034
2026/05/29 12:48:59.709, 0, 0, 637, 23034
2026/05/29 12:49:04.710, 0, 0, 637, 23034
2026/05/29 12:49:09.711, 0, 0, 637, 23034
2026/05/29 12:49:14.713, 0, 0, 637, 23034
2026/05/29 12:49:19.713, 0, 0, 637, 23034
2026/05/29 12:49:24.715, 0, 0, 637, 23034
2026/05/29 12:49:29.715, 0, 0, 637, 23034
2026/05/29 12:49:34.717, 0, 0, 637, 23034
2026/05/29 12:49:39.717, 0, 0, 637, 23034
2026/05/29 12:49:44.719, 0, 0, 637, 23034
2026/05/29 12:49:49.719, 0, 0, 637, 23034
2026/05/29 12:49:54.721, 0, 0, 637, 23034
2026/05/29 12:49:59.722, 0, 0, 637, 23034
2026/05/29 12:50:04.723, 0, 0, 637, 23034
2026/05/29 12:50:09.724, 0, 0, 637, 23034
2026/05/29 12:50:14.726, 0, 0, 637, 23034
2026/05/29 12:50:19.727, 0, 0, 637, 23034
2026/05/29 12:50:24.728, 0, 0, 637, 23034
2026/05/29 12:50:29.730, 0, 0, 637, 23034
2026/05/29 12:50:34.730, 0, 0, 637, 23034
2026/05/29 12:50:39.731, 0, 0, 637, 23034
2026/05/29 12:50:44.733, 0, 0, 637, 23034
2026/05/29 12:50:49.734, 0, 0, 637, 23034
2026/05/29 12:50:54.735, 0, 0, 637, 23034
2026/05/29 12:50:59.736, 0, 0, 637, 23034
2026/05/29 12:51:04.737, 0, 0, 637, 23034
2026/05/29 12:51:09.738, 0, 0, 637, 23034
2026/05/29 12:51:14.740, 0, 0, 637, 23034
2026/05/29 12:51:19.741, 0, 0, 637, 23034
2026/05/29 12:51:24.742, 0, 0, 637, 23034
2026/05/29 12:51:29.743, 0, 0, 637, 23034
2026/05/29 12:51:34.744, 0, 0, 637, 23034
2026/05/29 12:51:39.744, 0, 0, 637, 23034
2026/05/29 12:51:44.745, 0, 0, 637, 23034
2026/05/29 12:51:49.745, 0, 0, 637, 23034
2026/05/29 12:51:54.746, 0, 0, 637, 23034
2026/05/29 12:51:59.747, 0, 0, 637, 23034
2026/05/29 12:52:04.749, 0, 0, 637, 23034
2026/05/29 12:52:09.750, 0, 0, 637, 23034
2026/05/29 12:52:14.751, 0, 0, 637, 23034
2026/05/29 12:52:19.753, 0, 0, 637, 23034
2026/05/29 12:52:24.753, 0, 0, 637, 23034
2026/05/29 12:52:29.755, 0, 0, 637, 23034
2026/05/29 12:52:34.756, 0, 0, 637, 23034
2026/05/29 12:52:39.757, 0, 0, 637, 23034
2026/05/29 12:52:44.759, 0, 0, 637, 23034
2026/05/29 12:52:49.760, 0, 0, 637, 23034
2026/05/29 12:52:54.761, 0, 0, 637, 23034
2026/05/29 12:52:59.762, 0, 0, 637, 23034
2026/05/29 12:53:04.763, 0, 0, 637, 23034
2026/05/29 12:53:09.764, 0, 0, 637, 23034
2026/05/29 12:53:14.766, 0, 0, 637, 23034
2026/05/29 12:53:19.767, 0, 0, 637, 23034
2026/05/29 12:53:24.768, 0, 0, 637, 23034
2026/05/29 12:53:29.770, 0, 0, 637, 23034
2026/05/29 12:53:34.771, 0, 0, 637, 23034
2026/05/29 12:53:39.772, 0, 0, 637, 23034
2026/05/29 12:53:44.774, 0, 0, 637, 23034
2026/05/29 12:53:49.774, 0, 0, 637, 23034
2026/05/29 12:53:54.775, 0, 0, 637, 23034
2026/05/29 12:53:59.776, 0, 0, 637, 23034
2026/05/29 12:54:04.777, 0, 0, 637, 23034
2026/05/29 12:54:09.779, 0, 0, 637, 23034
2026/05/29 12:54:14.780, 0, 0, 637, 23034
2026/05/29 12:54:19.781, 0, 0, 637, 23034
2026/05/29 12:54:24.782, 0, 0, 637, 23034
2026/05/29 12:54:29.784, 0, 0, 637, 23034
2026/05/29 12:54:34.785, 0, 0, 637, 23034
2026/05/29 12:54:39.786, 0, 0, 637, 23034
2026/05/29 12:54:44.788, 0, 0, 637, 23034
2026/05/29 12:54:49.788, 0, 0, 637, 23034
2026/05/29 12:54:54.790, 0, 0, 637, 23034
2026/05/29 12:54:59.790, 0, 0, 637, 23034
2026/05/29 12:55:04.792, 0, 0, 637, 23034
2026/05/29 12:55:09.793, 0, 0, 637, 23034
2026/05/29 12:55:14.794, 0, 0, 637, 23034
2026/05/29 12:55:19.795, 0, 0, 637, 23034
2026/05/29 12:55:24.796, 0, 0, 637, 23034
2026/05/29 12:55:29.797, 0, 0, 637, 23034
2026/05/29 12:55:34.799, 0, 0, 637, 23034
2026/05/29 12:55:39.800, 0, 0, 637, 23034
2026/05/29 12:55:44.802, 0, 0, 637, 23034
2026/05/29 12:55:49.803, 0, 0, 637, 23034
2026/05/29 12:55:54.804, 0, 0, 637, 23034
2026/05/29 12:55:59.806, 0, 0, 637, 23034
2026/05/29 12:56:04.806, 0, 0, 637, 23034
2026/05/29 12:56:09.807, 0, 0, 637, 23034
2026/05/29 12:56:14.808, 0, 0, 637, 23034
2026/05/29 12:56:19.808, 0, 0, 637, 23034
2026/05/29 12:56:24.809, 0, 0, 637, 23034
2026/05/29 12:56:29.810, 0, 0, 637, 23034
2026/05/29 12:56:34.811, 0, 0, 637, 23034
2026/05/29 12:56:39.812, 0, 0, 637, 23034
2026/05/29 12:56:44.813, 0, 0, 637, 23034
2026/05/29 12:56:49.815, 0, 0, 637, 23034
2026/05/29 12:56:54.815, 0, 0, 637, 23034
2026/05/29 12:56:59.817, 0, 0, 637, 23034
2026/05/29 12:57:04.818, 0, 0, 637, 23034
2026/05/29 12:57:09.819, 0, 0, 637, 23034
2026/05/29 12:57:14.821, 0, 0, 637, 23034
2026/05/29 12:57:19.822, 0, 0, 637, 23034
2026/05/29 12:57:24.823, 0, 0, 637, 23034
2026/05/29 12:57:29.825, 0, 0, 637, 23034
2026/05/29 12:57:34.825, 0, 0, 637, 23034
2026/05/29 12:57:39.827, 0, 0, 637, 23034
2026/05/29 12:57:44.828, 0, 0, 637, 23034
2026/05/29 12:57:49.829, 0, 0, 637, 23034
2026/05/29 12:57:54.831, 0, 0, 637, 23034
2026/05/29 12:57:59.832, 0, 0, 637, 23034
2026/05/29 12:58:04.833, 0, 0, 637, 23034
2026/05/29 12:58:09.835, 0, 0, 637, 23034
2026/05/29 12:58:14.836, 0, 0, 637, 23034
2026/05/29 12:58:19.837, 0, 0, 637, 23034
2026/05/29 12:58:24.838, 0, 0, 637, 23034
2026/05/29 12:58:29.840, 0, 0, 637, 23034
2026/05/29 12:58:34.841, 0, 0, 637, 23034
2026/05/29 12:58:39.842, 0, 0, 637, 23034
2026/05/29 12:58:44.843, 0, 0, 637, 23034
2026/05/29 12:58:49.844, 0, 0, 637, 23034
2026/05/29 12:58:54.846, 0, 0, 637, 23034
2026/05/29 12:58:59.847, 0, 0, 637, 23034
2026/05/29 12:59:04.849, 0, 0, 637, 23034
2026/05/29 12:59:09.850, 0, 0, 637, 23034
2026/05/29 12:59:14.851, 0, 0, 637, 23034
2026/05/29 12:59:19.852, 0, 0, 637, 23034
2026/05/29 12:59:24.854, 0, 0, 637, 23034
2026/05/29 12:59:29.855, 0, 0, 637, 23034
2026/05/29 12:59:34.856, 0, 0, 637, 23034
2026/05/29 12:59:39.857, 0, 0, 637, 23034
2026/05/29 12:59:44.858, 0, 0, 637, 23034
2026/05/29 12:59:49.858, 0, 0, 637, 23034
2026/05/29 12:59:54.860, 0, 0, 637, 23034
2026/05/29 12:59:59.861, 0, 0, 637, 23034
2026/05/29 13:00:04.862, 0, 0, 637, 23034
2026/05/29 13:00:09.864, 0, 0, 637, 23034
2026/05/29 13:00:14.865, 0, 0, 637, 23034
2026/05/29 13:00:19.866, 0, 0, 637, 23034
2026/05/29 13:00:24.867, 0, 0, 637, 23034
2026/05/29 13:00:29.868, 0, 0, 637, 23034
2026/05/29 13:00:34.869, 0, 0, 637, 23034
2026/05/29 13:00:39.871, 0, 0, 637, 23034
2026/05/29 13:00:44.872, 0, 0, 637, 23034
2026/05/29 13:00:49.873, 0, 0, 637, 23034
2026/05/29 13:00:54.874, 0, 0, 637, 23034
2026/05/29 13:00:59.875, 0, 0, 637, 23034
2026/05/29 13:01:04.876, 0, 0, 637, 23034
2026/05/29 13:01:09.878, 0, 0, 637, 23034
2026/05/29 13:01:14.879, 0, 0, 637, 23034
2026/05/29 13:01:19.880, 0, 0, 637, 23034
2026/05/29 13:01:24.881, 0, 0, 637, 23034
2026/05/29 13:01:29.883, 0, 0, 637, 23034
2026/05/29 13:01:34.883, 0, 0, 637, 23034
2026/05/29 13:01:39.885, 0, 0, 637, 23034
2026/05/29 13:01:44.886, 0, 0, 637, 23034
2026/05/29 13:01:49.887, 0, 0, 637, 23034
2026/05/29 13:01:54.888, 0, 0, 637, 23034
2026/05/29 13:01:59.889, 0, 0, 637, 23034
2026/05/29 13:02:04.891, 0, 0, 637, 23034
2026/05/29 13:02:09.892, 0, 0, 637, 23034
2026/05/29 13:02:14.894, 0, 0, 637, 23034
2026/05/29 13:02:19.894, 0, 0, 637, 23034
2026/05/29 13:02:24.895, 0, 0, 637, 23034
2026/05/29 13:02:29.896, 0, 0, 637, 23034
2026/05/29 13:02:34.898, 0, 0, 637, 23034
2026/05/29 13:02:39.899, 0, 0, 637, 23034
2026/05/29 13:02:44.900, 0, 0, 637, 23034
2026/05/29 13:02:49.900, 0, 0, 637, 23034
2026/05/29 13:02:54.901, 0, 0, 637, 23034
2026/05/29 13:02:59.902, 0, 0, 637, 23034
2026/05/29 13:03:04.904, 0, 0, 637, 23034
2026/05/29 13:03:09.905, 0, 0, 637, 23034
2026/05/29 13:03:14.907, 0, 0, 637, 23034
2026/05/29 13:03:19.908, 0, 0, 637, 23034
2026/05/29 13:03:24.909, 0, 0, 637, 23034
2026/05/29 13:03:29.910, 0, 0, 637, 23034
2026/05/29 13:03:34.911, 0, 0, 637, 23034
2026/05/29 13:03:39.913, 0, 0, 637, 23034
2026/05/29 13:03:44.913, 0, 0, 637, 23034
2026/05/29 13:03:49.915, 0, 0, 637, 23034
2026/05/29 13:03:54.916, 0, 0, 637, 23034
2026/05/29 13:03:59.917, 0, 0, 637, 23034
2026/05/29 13:04:04.919, 0, 0, 637, 23034
2026/05/29 13:04:09.919, 0, 0, 637, 23034
2026/05/29 13:04:14.920, 0, 0, 637, 23034
2026/05/29 13:04:19.921, 0, 0, 637, 23034
2026/05/29 13:04:24.923, 0, 0, 637, 23034
2026/05/29 13:04:29.924, 0, 0, 637, 23034
2026/05/29 13:04:34.925, 0, 0, 637, 23034
2026/05/29 13:04:39.927, 0, 0, 637, 23034
2026/05/29 13:04:44.928, 0, 0, 637, 23034
2026/05/29 13:04:49.929, 0, 0, 637, 23034
2026/05/29 13:04:54.930, 0, 0, 637, 23034
2026/05/29 13:04:59.931, 0, 0, 637, 23034
2026/05/29 13:05:04.933, 0, 0, 637, 23034
2026/05/29 13:05:09.934, 0, 0, 637, 23034
2026/05/29 13:05:14.935, 0, 0, 637, 23034
2026/05/29 13:05:19.936, 0, 0, 637, 23034
2026/05/29 13:05:24.937, 0, 0, 637, 23034
2026/05/29 13:05:29.939, 0, 0, 637, 23034
2026/05/29 13:05:34.940, 0, 0, 637, 23034
2026/05/29 13:05:39.941, 0, 0, 637, 23034
2026/05/29 13:05:44.943, 0, 0, 637, 23034
2026/05/29 13:05:49.944, 0, 0, 637, 23034
2026/05/29 13:05:54.945, 0, 0, 637, 23034
2026/05/29 13:05:59.947, 0, 0, 637, 23034
2026/05/29 13:06:04.948, 0, 0, 637, 23034
2026/05/29 13:06:09.949, 0, 0, 637, 23034
2026/05/29 13:06:14.950, 0, 0, 637, 23034
2026/05/29 13:06:19.951, 0, 0, 637, 23034
2026/05/29 13:06:24.952, 0, 0, 637, 23034
2026/05/29 13:06:29.954, 0, 0, 637, 23034
2026/05/29 13:06:34.955, 0, 0, 637, 23034
2026/05/29 13:06:39.956, 0, 0, 637, 23034
2026/05/29 13:06:44.957, 0, 0, 637, 23034
2026/05/29 13:06:49.958, 0, 0, 637, 23034
2026/05/29 13:06:54.960, 0, 0, 637, 23034
2026/05/29 13:06:59.961, 0, 0, 637, 23034
2026/05/29 13:07:04.962, 0, 0, 637, 23034
2026/05/29 13:07:09.963, 0, 0, 637, 23034
2026/05/29 13:07:14.964, 0, 0, 637, 23034
2026/05/29 13:07:19.966, 0, 0, 637, 23034
2026/05/29 13:07:24.966, 0, 0, 637, 23034
2026/05/29 13:07:29.968, 0, 0, 637, 23034
2026/05/29 13:07:34.968, 0, 0, 637, 23034
2026/05/29 13:07:39.970, 0, 0, 637, 23034
2026/05/29 13:07:44.970, 0, 0, 637, 23034
2026/05/29 13:07:49.971, 0, 0, 637, 23034
2026/05/29 13:07:54.972, 0, 0, 637, 23034
2026/05/29 13:07:59.972, 0, 0, 637, 23034
2026/05/29 13:08:04.973, 0, 0, 637, 23034
2026/05/29 13:08:09.974, 0, 0, 637, 23034
2026/05/29 13:08:14.975, 0, 0, 637, 23034
2026/05/29 13:08:19.976, 0, 0, 637, 23034
2026/05/29 13:08:24.978, 0, 0, 637, 23034
2026/05/29 13:08:29.979, 0, 0, 637, 23034
2026/05/29 13:08:34.980, 0, 0, 637, 23034
2026/05/29 13:08:39.982, 0, 0, 637, 23034
2026/05/29 13:08:44.983, 0, 0, 637, 23034
2026/05/29 13:08:49.984, 0, 0, 637, 23034
2026/05/29 13:08:54.985, 0, 0, 637, 23034
2026/05/29 13:08:59.986, 0, 0, 637, 23034
2026/05/29 13:09:04.988, 0, 0, 637, 23034
2026/05/29 13:09:09.989, 0, 0, 637, 23034
2026/05/29 13:09:14.990, 0, 0, 637, 23034
2026/05/29 13:09:19.991, 0, 0, 637, 23034
2026/05/29 13:09:24.992, 0, 0, 637, 23034
2026/05/29 13:09:29.993, 0, 0, 637, 23034
2026/05/29 13:09:34.995, 0, 0, 637, 23034
2026/05/29 13:09:39.996, 0, 0, 637, 23034
2026/05/29 13:09:44.997, 0, 0, 637, 23034
2026/05/29 13:09:49.998, 0, 0, 637, 23034
2026/05/29 13:09:54.999, 0, 0, 637, 23034
2026/05/29 13:10:00.000, 0, 0, 637, 23034
2026/05/29 13:10:05.001, 0, 0, 637, 23034
2026/05/29 13:10:10.003, 0, 0, 637, 23034
2026/05/29 13:10:15.004, 0, 0, 637, 23034
2026/05/29 13:10:20.005, 0, 0, 637, 23034
2026/05/29 13:10:25.006, 0, 0, 637, 23034
2026/05/29 13:10:30.007, 0, 0, 637, 23034
2026/05/29 13:10:35.008, 0, 0, 637, 23034
2026/05/29 13:10:40.009, 0, 0, 637, 23034
2026/05/29 13:10:45.010, 0, 0, 637, 23034
2026/05/29 13:10:50.011, 0, 0, 637, 23034
2026/05/29 13:10:55.012, 0, 0, 637, 23034
2026/05/29 13:11:00.013, 0, 0, 637, 23034
2026/05/29 13:11:05.014, 0, 0, 637, 23034
2026/05/29 13:11:10.015, 0, 0, 637, 23034
2026/05/29 13:11:15.016, 0, 0, 637, 23034
2026/05/29 13:11:20.018, 0, 0, 637, 23034
2026/05/29 13:11:25.018, 0, 0, 637, 23034
2026/05/29 13:11:30.020, 0, 0, 637, 23034
2026/05/29 13:11:35.020, 0, 0, 637, 23034
2026/05/29 13:11:40.021, 0, 0, 637, 23034
2026/05/29 13:11:45.022, 0, 0, 637, 23034
2026/05/29 13:11:50.023, 0, 0, 637, 23034
2026/05/29 13:11:55.024, 0, 0, 637, 23034
2026/05/29 13:12:00.025, 0, 0, 637, 23034
2026/05/29 13:12:05.026, 0, 0, 637, 23034
2026/05/29 13:12:10.027, 0, 0, 637, 23034
2026/05/29 13:12:15.028, 0, 0, 637, 23034
2026/05/29 13:12:20.029, 0, 0, 637, 23034
2026/05/29 13:12:25.031, 0, 0, 637, 23034
2026/05/29 13:12:30.032, 0, 0, 637, 23034
2026/05/29 13:12:35.033, 0, 0, 637, 23034
2026/05/29 13:12:40.034, 0, 0, 637, 23034
2026/05/29 13:12:45.035, 0, 0, 637, 23034
2026/05/29 13:12:50.036, 0, 0, 637, 23034
2026/05/29 13:12:55.037, 0, 0, 637, 23034
2026/05/29 13:13:00.038, 0, 0, 637, 23034
2026/05/29 13:13:05.039, 0, 0, 637, 23034
2026/05/29 13:13:10.040, 0, 0, 637, 23034
2026/05/29 13:13:15.041, 0, 0, 637, 23034
2026/05/29 13:13:20.042, 0, 0, 637, 23034
2026/05/29 13:13:25.044, 0, 0, 637, 23034
2026/05/29 13:13:30.045, 0, 0, 637, 23034
2026/05/29 13:13:35.046, 0, 0, 637, 23034
2026/05/29 13:13:40.047, 0, 0, 637, 23034
2026/05/29 13:13:45.048, 0, 0, 637, 23034
2026/05/29 13:13:50.049, 0, 0, 637, 23034
2026/05/29 13:13:55.051, 0, 0, 637, 23034
2026/05/29 13:14:00.052, 0, 0, 637, 23034
2026/05/29 13:14:05.053, 0, 0, 637, 23034
2026/05/29 13:14:10.054, 0, 0, 637, 23034
2026/05/29 13:14:15.055, 0, 0, 637, 23034
2026/05/29 13:14:20.056, 0, 0, 637, 23034
2026/05/29 13:14:25.058, 0, 0, 637, 23034
2026/05/29 13:14:30.059, 0, 0, 637, 23034
2026/05/29 13:14:35.060, 0, 0, 637, 23034
2026/05/29 13:14:40.062, 0, 0, 637, 23034
2026/05/29 13:14:45.063, 0, 0, 637, 23034
2026/05/29 13:14:50.064, 0, 0, 637, 23034
2026/05/29 13:14:55.065, 0, 0, 637, 23034
2026/05/29 13:15:00.067, 0, 0, 637, 23034
2026/05/29 13:15:05.068, 0, 0, 637, 23034
2026/05/29 13:15:10.069, 0, 0, 637, 23034
2026/05/29 13:15:15.071, 0, 0, 637, 23034
2026/05/29 13:15:20.072, 0, 0, 637, 23034
2026/05/29 13:15:25.073, 0, 0, 637, 23034
2026/05/29 13:15:30.073, 0, 0, 637, 23034
2026/05/29 13:15:35.074, 0, 0, 637, 23034
2026/05/29 13:15:40.075, 0, 0, 637, 23034
2026/05/29 13:15:45.077, 0, 0, 637, 23034
2026/05/29 13:15:50.078, 0, 0, 637, 23034
2026/05/29 13:15:55.079, 0, 0, 637, 23034
2026/05/29 13:16:00.079, 0, 0, 637, 23034
2026/05/29 13:16:05.080, 0, 0, 637, 23034
2026/05/29 13:16:10.081, 0, 0, 637, 23034
2026/05/29 13:16:15.081, 0, 0, 637, 23034
2026/05/29 13:16:20.082, 0, 0, 637, 23034
2026/05/29 13:16:25.083, 0, 0, 637, 23034
2026/05/29 13:16:30.085, 0, 0, 637, 23034
2026/05/29 13:16:35.085, 0, 0, 637, 23034
2026/05/29 13:16:40.086, 0, 0, 637, 23034
2026/05/29 13:16:45.088, 0, 0, 637, 23034
2026/05/29 13:16:50.089, 0, 0, 637, 23034
2026/05/29 13:16:55.090, 0, 0, 637, 23034
2026/05/29 13:17:00.092, 0, 0, 637, 23034
2026/05/29 13:17:05.093, 0, 0, 637, 23034
2026/05/29 13:17:10.094, 0, 0, 637, 23034
2026/05/29 13:17:15.095, 0, 0, 637, 23034
2026/05/29 13:17:20.097, 0, 0, 637, 23034
2026/05/29 13:17:25.101, 0, 0, 637, 23034
2026/05/29 13:17:30.102, 0, 0, 637, 23034
2026/05/29 13:17:35.103, 0, 0, 637, 23034
2026/05/29 13:17:40.104, 0, 0, 637, 23034
2026/05/29 13:17:45.106, 0, 0, 637, 23034
2026/05/29 13:17:50.107, 0, 0, 637, 23034
2026/05/29 13:17:55.108, 0, 0, 637, 23034
2026/05/29 13:18:00.109, 0, 0, 637, 23034
2026/05/29 13:18:05.110, 0, 0, 637, 23034
2026/05/29 13:18:10.111, 0, 0, 637, 23034
2026/05/29 13:18:15.113, 0, 0, 637, 23034
2026/05/29 13:18:20.114, 0, 0, 637, 23034
2026/05/29 13:18:25.115, 0, 0, 637, 23034
2026/05/29 13:18:30.116, 0, 0, 637, 23034
2026/05/29 13:18:35.117, 0, 0, 637, 23034
2026/05/29 13:18:40.119, 0, 0, 637, 23034
2026/05/29 13:18:45.120, 0, 0, 637, 23034
2026/05/29 13:18:50.121, 0, 0, 637, 23034
2026/05/29 13:18:55.122, 0, 0, 637, 23034
2026/05/29 13:19:00.124, 0, 0, 637, 23034
2026/05/29 13:19:05.125, 0, 0, 637, 23034
2026/05/29 13:19:10.126, 0, 0, 637, 23034
2026/05/29 13:19:15.128, 0, 0, 637, 23034
2026/05/29 13:19:20.129, 0, 0, 637, 23034
2026/05/29 13:19:25.130, 0, 0, 637, 23034
2026/05/29 13:19:30.131, 0, 0, 637, 23034
2026/05/29 13:19:35.133, 0, 0, 637, 23034
2026/05/29 13:19:40.134, 0, 0, 637, 23034
2026/05/29 13:19:45.135, 0, 0, 637, 23034
2026/05/29 13:19:50.136, 0, 0, 637, 23034
2026/05/29 13:19:55.137, 0, 0, 637, 23034
2026/05/29 13:20:00.138, 0, 0, 637, 23034
2026/05/29 13:20:05.139, 0, 0, 637, 23034
2026/05/29 13:20:10.140, 0, 0, 637, 23034
2026/05/29 13:20:15.141, 0, 0, 637, 23034
2026/05/29 13:20:20.143, 0, 0, 637, 23034
2026/05/29 13:20:25.144, 0, 0, 637, 23034
2026/05/29 13:20:30.145, 0, 0, 637, 23034
2026/05/29 13:20:35.147, 0, 0, 637, 23034
2026/05/29 13:20:40.148, 0, 0, 637, 23034
2026/05/29 13:20:45.149, 0, 0, 637, 23034
2026/05/29 13:20:50.150, 0, 0, 637, 23034
2026/05/29 13:20:55.151, 0, 0, 637, 23034
2026/05/29 13:21:00.152, 0, 0, 637, 23034
2026/05/29 13:21:05.154, 0, 0, 637, 23034
2026/05/29 13:21:10.155, 0, 0, 637, 23034
2026/05/29 13:21:15.156, 0, 0, 637, 23034
2026/05/29 13:21:20.157, 0, 0, 637, 23034
2026/05/29 13:21:25.159, 0, 0, 637, 23034
2026/05/29 13:21:30.160, 0, 0, 637, 23034
2026/05/29 13:21:35.161, 0, 0, 637, 23034
2026/05/29 13:21:40.163, 0, 0, 637, 23034
2026/05/29 13:21:45.164, 0, 0, 637, 23034
2026/05/29 13:21:50.165, 0, 0, 637, 23034
2026/05/29 13:21:55.166, 0, 0, 637, 23034
2026/05/29 13:22:00.167, 0, 0, 637, 23034
2026/05/29 13:22:05.168, 0, 0, 637, 23034
2026/05/29 13:22:10.169, 0, 0, 637, 23034
2026/05/29 13:22:15.170, 0, 0, 637, 23034
2026/05/29 13:22:20.172, 0, 0, 637, 23034
2026/05/29 13:22:25.173, 0, 0, 637, 23034
2026/05/29 13:22:30.174, 0, 0, 637, 23034
2026/05/29 13:22:35.175, 0, 0, 637, 23034
2026/05/29 13:22:40.176, 0, 0, 637, 23034
2026/05/29 13:22:45.177, 0, 0, 637, 23034
2026/05/29 13:22:50.178, 0, 0, 637, 23034
2026/05/29 13:22:55.179, 0, 0, 637, 23034
2026/05/29 13:23:00.181, 0, 0, 637, 23034
2026/05/29 13:23:05.182, 0, 0, 637, 23034
2026/05/29 13:23:10.183, 0, 0, 637, 23034
2026/05/29 13:23:15.184, 0, 0, 637, 23034
2026/05/29 13:23:20.186, 0, 0, 637, 23034
2026/05/29 13:23:25.187, 0, 0, 637, 23034
2026/05/29 13:23:30.188, 0, 0, 637, 23034
2026/05/29 13:23:35.189, 0, 0, 637, 23034
2026/05/29 13:23:40.191, 0, 0, 637, 23034
2026/05/29 13:23:45.192, 0, 0, 637, 23034
2026/05/29 13:23:50.193, 0, 0, 637, 23034
2026/05/29 13:23:55.194, 0, 0, 637, 23034
2026/05/29 13:24:00.195, 0, 0, 637, 23034
2026/05/29 13:24:05.195, 0, 0, 637, 23034
2026/05/29 13:24:10.196, 0, 0, 637, 23034
2026/05/29 13:24:15.197, 0, 0, 637, 23034
2026/05/29 13:24:20.197, 0, 0, 637, 23034
2026/05/29 13:24:25.198, 0, 0, 637, 23034
2026/05/29 13:24:30.199, 0, 0, 637, 23034
2026/05/29 13:24:35.200, 0, 0, 637, 23034
2026/05/29 13:24:40.202, 0, 0, 637, 23034
2026/05/29 13:24:45.203, 0, 0, 637, 23034
2026/05/29 13:24:50.204, 0, 0, 637, 23034
2026/05/29 13:24:55.205, 0, 0, 637, 23034
2026/05/29 13:25:00.206, 0, 0, 637, 23034
2026/05/29 13:25:05.206, 0, 0, 637, 23034
2026/05/29 13:25:10.207, 0, 0, 637, 23034
2026/05/29 13:25:15.209, 0, 0, 637, 23034
2026/05/29 13:25:20.210, 0, 0, 637, 23034
2026/05/29 13:25:25.211, 0, 0, 637, 23034
2026/05/29 13:25:30.212, 0, 0, 637, 23034
2026/05/29 13:25:35.213, 0, 0, 637, 23034
2026/05/29 13:25:40.214, 0, 0, 637, 23034
2026/05/29 13:25:45.216, 0, 0, 637, 23034
2026/05/29 13:25:50.217, 0, 0, 637, 23034
2026/05/29 13:25:55.218, 0, 0, 637, 23034
2026/05/29 13:26:00.220, 0, 0, 637, 23034
2026/05/29 13:26:05.220, 0, 0, 637, 23034
2026/05/29 13:26:10.221, 0, 0, 637, 23034
2026/05/29 13:26:15.222, 0, 0, 637, 23034
2026/05/29 13:26:20.224, 0, 0, 637, 23034
2026/05/29 13:26:25.225, 0, 0, 637, 23034
2026/05/29 13:26:30.226, 0, 0, 637, 23034
2026/05/29 13:26:35.227, 0, 0, 637, 23034
2026/05/29 13:26:40.228, 0, 0, 637, 23034
2026/05/29 13:26:45.230, 0, 0, 637, 23034
2026/05/29 13:26:50.230, 0, 0, 637, 23034
2026/05/29 13:26:55.232, 0, 0, 637, 23034
2026/05/29 13:27:00.233, 0, 0, 637, 23034
2026/05/29 13:27:05.234, 0, 0, 637, 23034
2026/05/29 13:27:10.236, 0, 0, 637, 23034
2026/05/29 13:27:15.237, 0, 0, 637, 23034
2026/05/29 13:27:20.238, 0, 0, 637, 23034
2026/05/29 13:27:25.240, 0, 0, 637, 23034
2026/05/29 13:27:30.240, 0, 0, 637, 23034
2026/05/29 13:27:35.242, 0, 0, 637, 23034
2026/05/29 13:27:40.242, 0, 0, 637, 23034
2026/05/29 13:27:45.244, 0, 0, 637, 23034
2026/05/29 13:27:50.245, 0, 0, 637, 23034
2026/05/29 13:27:55.246, 0, 0, 637, 23034
2026/05/29 13:28:00.247, 0, 0, 637, 23034
2026/05/29 13:28:05.249, 0, 0, 637, 23034
2026/05/29 13:28:10.249, 0, 0, 637, 23034
2026/05/29 13:28:15.250, 0, 0, 637, 23034
2026/05/29 13:28:20.251, 0, 0, 637, 23034
2026/05/29 13:28:25.253, 0, 0, 637, 23034
2026/05/29 13:28:30.254, 0, 0, 637, 23034
2026/05/29 13:28:35.255, 0, 0, 637, 23034
2026/05/29 13:28:40.257, 0, 0, 637, 23034
2026/05/29 13:28:45.258, 0, 0, 637, 23034
2026/05/29 13:28:50.259, 0, 0, 637, 23034
2026/05/29 13:28:55.260, 0, 0, 637, 23034
2026/05/29 13:29:00.261, 0, 0, 637, 23034
2026/05/29 13:29:05.261, 0, 0, 637, 23034
2026/05/29 13:29:10.263, 0, 0, 637, 23034
2026/05/29 13:29:15.264, 0, 0, 637, 23034
2026/05/29 13:29:20.265, 0, 0, 637, 23034
2026/05/29 13:29:25.266, 0, 0, 637, 23034
2026/05/29 13:29:30.267, 0, 0, 637, 23034
2026/05/29 13:29:35.269, 0, 0, 637, 23034
2026/05/29 13:29:40.269, 0, 0, 637, 23034
2026/05/29 13:29:45.271, 0, 0, 637, 23034
2026/05/29 13:29:50.272, 0, 0, 637, 23034
2026/05/29 13:29:55.273, 0, 0, 637, 23034
2026/05/29 13:30:00.275, 0, 0, 637, 23034
2026/05/29 13:30:05.276, 0, 0, 637, 23034
2026/05/29 13:30:10.277, 0, 0, 637, 23034
2026/05/29 13:30:15.279, 0, 0, 637, 23034
2026/05/29 13:30:20.280, 0, 0, 637, 23034
2026/05/29 13:30:25.281, 0, 0, 637, 23034
2026/05/29 13:30:30.283, 0, 0, 637, 23034
2026/05/29 13:30:35.284, 0, 0, 637, 23034
2026/05/29 13:30:40.285, 0, 0, 637, 23034
2026/05/29 13:30:45.286, 0, 0, 637, 23034
2026/05/29 13:30:50.288, 0, 0, 637, 23034
2026/05/29 13:30:55.289, 0, 0, 637, 23034
2026/05/29 13:31:00.290, 0, 0, 637, 23034
2026/05/29 13:31:05.291, 0, 0, 637, 23034
2026/05/29 13:31:10.292, 0, 0, 637, 23034
2026/05/29 13:31:15.293, 0, 0, 637, 23034
2026/05/29 13:31:20.294, 0, 0, 637, 23034
2026/05/29 13:31:25.296, 0, 0, 637, 23034
2026/05/29 13:31:30.296, 0, 0, 637, 23034
2026/05/29 13:31:35.298, 0, 0, 637, 23034
2026/05/29 13:31:40.299, 0, 0, 637, 23034
2026/05/29 13:31:45.300, 0, 0, 637, 23034
2026/05/29 13:31:50.302, 0, 0, 637, 23034
2026/05/29 13:31:55.302, 0, 0, 637, 23034
2026/05/29 13:32:00.304, 0, 0, 637, 23034
2026/05/29 13:32:05.305, 0, 0, 637, 23034
2026/05/29 13:32:10.305, 0, 0, 637, 23034
2026/05/29 13:32:15.306, 0, 0, 637, 23034
2026/05/29 13:32:20.307, 0, 0, 637, 23034
2026/05/29 13:32:25.307, 0, 0, 637, 23034
2026/05/29 13:32:30.308, 0, 0, 637, 23034
2026/05/29 13:32:35.309, 0, 0, 637, 23034
2026/05/29 13:32:40.310, 0, 0, 637, 23034
2026/05/29 13:32:45.311, 0, 0, 637, 23034
2026/05/29 13:32:50.313, 0, 0, 637, 23034
2026/05/29 13:32:55.314, 0, 0, 637, 23034
2026/05/29 13:33:00.315, 0, 0, 637, 23034
2026/05/29 13:33:05.316, 0, 0, 637, 23034
2026/05/29 13:33:10.318, 0, 0, 637, 23034
2026/05/29 13:33:15.320, 0, 0, 637, 23034
2026/05/29 13:33:20.320, 0, 0, 637, 23034
2026/05/29 13:33:25.322, 0, 0, 637, 23034
2026/05/29 13:33:30.323, 0, 0, 637, 23034
2026/05/29 13:33:35.324, 0, 0, 637, 23034
2026/05/29 13:33:40.326, 0, 0, 637, 23034
2026/05/29 13:33:45.326, 0, 0, 637, 23034
2026/05/29 13:33:50.328, 0, 0, 637, 23034
2026/05/29 13:33:55.329, 0, 0, 637, 23034
2026/05/29 13:34:00.330, 0, 0, 637, 23034
2026/05/29 13:34:05.331, 0, 0, 637, 23034
2026/05/29 13:34:10.333, 0, 0, 637, 23034
2026/05/29 13:34:15.334, 0, 0, 637, 23034
2026/05/29 13:34:20.335, 0, 0, 637, 23034
2026/05/29 13:34:25.337, 0, 0, 637, 23034
2026/05/29 13:34:30.338, 0, 0, 637, 23034
2026/05/29 13:34:35.339, 0, 0, 637, 23034
2026/05/29 13:34:40.340, 0, 0, 637, 23034
2026/05/29 13:34:45.342, 0, 0, 637, 23034
2026/05/29 13:34:50.342, 0, 0, 637, 23034
2026/05/29 13:34:55.343, 0, 0, 637, 23034
2026/05/29 13:35:00.345, 0, 0, 637, 23034
2026/05/29 13:35:05.346, 0, 0, 637, 23034
2026/05/29 13:35:10.347, 0, 0, 637, 23034
2026/05/29 13:35:15.349, 0, 0, 637, 23034
2026/05/29 13:35:20.350, 0, 0, 637, 23034
2026/05/29 13:35:25.351, 0, 0, 637, 23034
2026/05/29 13:35:30.353, 0, 0, 637, 23034
2026/05/29 13:35:35.354, 0, 0, 637, 23034
2026/05/29 13:35:40.356, 0, 0, 637, 23034
2026/05/29 13:35:45.358, 0, 0, 637, 23034
2026/05/29 13:35:50.359, 0, 0, 637, 23034
2026/05/29 13:35:55.360, 0, 0, 637, 23034
2026/05/29 13:36:00.362, 0, 0, 637, 23034
2026/05/29 13:36:05.363, 0, 0, 637, 23034
2026/05/29 13:36:10.365, 0, 0, 637, 23034
2026/05/29 13:36:15.366, 0, 0, 637, 23034
2026/05/29 13:36:20.367, 0, 0, 637, 23034
2026/05/29 13:36:25.368, 0, 0, 637, 23034
2026/05/29 13:36:30.369, 0, 0, 637, 23034
2026/05/29 13:36:35.371, 0, 0, 637, 23034
2026/05/29 13:36:40.372, 0, 0, 637, 23034
2026/05/29 13:36:45.373, 0, 0, 637, 23034
2026/05/29 13:36:50.375, 0, 0, 637, 23034
2026/05/29 13:36:55.376, 0, 0, 637, 23034
2026/05/29 13:37:00.377, 0, 0, 637, 23034
2026/05/29 13:37:05.379, 0, 0, 637, 23034
2026/05/29 13:37:10.380, 0, 0, 637, 23034
2026/05/29 13:37:15.381, 0, 0, 637, 23034
2026/05/29 13:37:20.383, 0, 0, 637, 23034
2026/05/29 13:37:25.384, 0, 0, 637, 23034
2026/05/29 13:37:30.385, 0, 0, 637, 23034
2026/05/29 13:37:35.386, 0, 0, 637, 23034
2026/05/29 13:37:40.388, 0, 0, 637, 23034
2026/05/29 13:37:45.389, 0, 0, 637, 23034
2026/05/29 13:37:50.390, 0, 0, 637, 23034
2026/05/29 13:37:55.392, 0, 0, 637, 23034
2026/05/29 13:38:00.393, 0, 0, 637, 23034
2026/05/29 13:38:05.394, 0, 0, 637, 23034
2026/05/29 13:38:10.395, 0, 0, 637, 23034
2026/05/29 13:38:15.396, 0, 0, 637, 23034
2026/05/29 13:38:20.397, 0, 0, 637, 23034
2026/05/29 13:38:25.399, 0, 0, 637, 23034
2026/05/29 13:38:30.400, 0, 0, 637, 23034
2026/05/29 13:38:35.401, 0, 0, 637, 23034
2026/05/29 13:38:40.403, 0, 0, 637, 23034
2026/05/29 13:38:45.404, 0, 0, 637, 23034
2026/05/29 13:38:50.406, 0, 0, 637, 23034
2026/05/29 13:38:55.407, 0, 0, 637, 23034
2026/05/29 13:39:00.408, 0, 0, 637, 23034
2026/05/29 13:39:05.409, 0, 0, 637, 23034
2026/05/29 13:39:10.411, 0, 0, 637, 23034
2026/05/29 13:39:15.412, 0, 0, 637, 23034
2026/05/29 13:39:20.413, 0, 0, 637, 23034
2026/05/29 13:39:25.415, 0, 0, 637, 23034
2026/05/29 13:39:30.416, 0, 0, 637, 23034
2026/05/29 13:39:35.417, 0, 0, 637, 23034
2026/05/29 13:39:40.418, 0, 0, 637, 23034
2026/05/29 13:39:45.419, 0, 0, 637, 23034
2026/05/29 13:39:50.420, 0, 0, 637, 23034
2026/05/29 13:39:55.421, 0, 0, 637, 23034
2026/05/29 13:40:00.422, 0, 0, 637, 23034
2026/05/29 13:40:05.423, 0, 0, 637, 23034
2026/05/29 13:40:10.425, 0, 0, 637, 23034
2026/05/29 13:40:15.426, 0, 0, 637, 23034
2026/05/29 13:40:20.426, 0, 0, 637, 23034
2026/05/29 13:40:25.428, 0, 0, 637, 23034
2026/05/29 13:40:30.429, 0, 0, 637, 23034
2026/05/29 13:40:35.430, 0, 0, 637, 23034
2026/05/29 13:40:40.431, 0, 0, 637, 23034
2026/05/29 13:40:45.432, 0, 0, 637, 23034
2026/05/29 13:40:50.434, 0, 0, 637, 23034
2026/05/29 13:40:55.435, 0, 0, 637, 23034
2026/05/29 13:41:00.436, 0, 0, 637, 23034
2026/05/29 13:41:05.438, 0, 0, 637, 23034
2026/05/29 13:41:10.439, 0, 0, 637, 23034
2026/05/29 13:41:15.440, 0, 0, 637, 23034
2026/05/29 13:41:20.441, 0, 0, 637, 23034
2026/05/29 13:41:25.442, 0, 0, 637, 23034
2026/05/29 13:41:30.444, 0, 0, 637, 23034
2026/05/29 13:41:35.445, 0, 0, 637, 23034
2026/05/29 13:41:40.446, 16, 11, 1424, 23034
2026/05/29 13:41:45.446, 0, 0, 1424, 23034
2026/05/29 13:41:50.447, 0, 0, 1424, 23034
2026/05/29 13:41:55.447, 5, 3, 1424, 23034
2026/05/29 13:42:00.448, 16, 11, 1424, 23034
2026/05/29 13:42:05.448, 8, 7, 1424, 23034
2026/05/29 13:42:10.449, 12, 9, 1424, 23034
2026/05/29 13:42:15.449, 8, 6, 1424, 23034
2026/05/29 13:42:20.450, 0, 0, 1424, 23034
2026/05/29 13:42:25.450, 7, 4, 1424, 23034
2026/05/29 13:42:30.451, 0, 0, 1424, 23034
2026/05/29 13:42:35.451, 60, 3, 926, 23034
2026/05/29 13:42:40.452, 56, 1, 894, 23034
2026/05/29 13:42:45.452, 96, 0, 874, 23034
2026/05/29 13:42:50.453, 97, 0, 874, 23034
2026/05/29 13:42:55.453, 99, 0, 874, 23034
2026/05/29 13:43:00.454, 97, 0, 874, 23034
2026/05/29 13:43:05.454, 0, 0, 874, 23034
2026/05/29 13:43:10.456, 0, 0, 852, 23034
2026/05/29 13:43:15.457, 97, 0, 874, 23034
2026/05/29 13:43:20.458, 99, 0, 874, 23034
2026/05/29 13:43:25.460, 99, 0, 874, 23034
2026/05/29 13:43:30.462, 99, 0, 874, 23034
2026/05/29 13:43:35.463, 96, 0, 874, 23034
2026/05/29 13:43:40.464, 98, 0, 874, 23034
2026/05/29 13:43:45.466, 0, 0, 852, 23034
2026/05/29 13:43:50.467, 0, 0, 852, 23034
2026/05/29 13:43:55.468, 0, 0, 852, 23034
2026/05/29 13:44:00.469, 0, 0, 852, 23034
2026/05/29 13:44:05.471, 0, 0, 852, 23034
2026/05/29 13:44:10.471, 0, 0, 852, 23034
2026/05/29 13:44:15.472, 0, 0, 852, 23034
2026/05/29 13:44:20.472, 0, 0, 852, 23034
2026/05/29 13:44:25.473, 0, 0, 852, 23034
2026/05/29 13:44:30.473, 0, 0, 852, 23034
2026/05/29 13:44:35.474, 0, 0, 852, 23034
2026/05/29 13:44:40.475, 0, 0, 852, 23034
2026/05/29 13:44:45.476, 0, 0, 852, 23034
2026/05/29 13:44:50.477, 0, 0, 852, 23034
2026/05/29 13:44:55.478, 0, 0, 852, 23034
2026/05/29 13:45:00.478, 0, 0, 852, 23034
2026/05/29 13:45:05.479, 0, 0, 852, 23034
2026/05/29 13:45:10.482, 0, 0, 852, 23034
2026/05/29 13:45:15.482, 0, 0, 852, 23034
2026/05/29 13:45:20.483, 0, 0, 852, 23034
2026/05/29 13:45:25.483, 0, 0, 852, 23034
2026/05/29 13:45:30.484, 0, 0, 852, 23034
2026/05/29 13:45:35.485, 0, 0, 852, 23034
2026/05/29 13:45:40.485, 0, 0, 852, 23034
2026/05/29 13:45:45.486, 0, 0, 852, 23034
2026/05/29 13:45:50.486, 0, 0, 852, 23034
2026/05/29 13:45:55.487, 0, 0, 852, 23034
2026/05/29 13:46:00.487, 0, 0, 852, 23034
2026/05/29 13:46:05.488, 0, 0, 852, 23034
2026/05/29 13:46:10.490, 0, 0, 852, 23034
2026/05/29 13:46:15.491, 0, 0, 852, 23034
2026/05/29 13:46:20.492, 0, 0, 852, 23034
2026/05/29 13:46:25.493, 0, 0, 852, 23034
2026/05/29 13:46:30.493, 0, 0, 852, 23034
2026/05/29 13:46:35.494, 0, 0, 852, 23034
2026/05/29 13:46:40.494, 0, 0, 852, 23034
2026/05/29 13:46:45.495, 0, 0, 852, 23034
2026/05/29 13:46:50.496, 0, 0, 852, 23034
2026/05/29 13:46:55.496, 0, 0, 852, 23034
2026/05/29 13:47:00.497, 0, 0, 852, 23034
2026/05/29 13:47:05.499, 0, 0, 852, 23034
2026/05/29 13:47:10.500, 0, 0, 852, 23034
2026/05/29 13:47:15.501, 0, 0, 852, 23034
2026/05/29 13:47:20.502, 0, 0, 852, 23034
2026/05/29 13:47:25.504, 0, 0, 852, 23034
2026/05/29 13:47:30.505, 0, 0, 852, 23034
2026/05/29 13:47:35.506, 0, 0, 852, 23034
2026/05/29 13:47:40.506, 0, 0, 852, 23034
2026/05/29 13:47:45.507, 0, 0, 852, 23034
2026/05/29 13:47:50.507, 0, 0, 852, 23034
2026/05/29 13:47:55.508, 0, 0, 852, 23034
2026/05/29 13:48:00.508, 0, 0, 852, 23034
2026/05/29 13:48:05.509, 0, 0, 852, 23034
2026/05/29 13:48:10.510, 0, 0, 852, 23034
2026/05/29 13:48:15.511, 0, 0, 852, 23034
2026/05/29 13:48:20.511, 0, 0, 852, 23034
2026/05/29 13:48:25.512, 0, 0, 852, 23034
2026/05/29 13:48:30.512, 0, 0, 852, 23034
2026/05/29 13:48:35.513, 0, 0, 852, 23034
2026/05/29 13:48:40.513, 0, 0, 852, 23034
2026/05/29 13:48:45.514, 0, 0, 852, 23034
2026/05/29 13:48:50.514, 0, 0, 852, 23034
2026/05/29 13:48:55.515, 0, 0, 852, 23034
2026/05/29 13:49:00.515, 0, 0, 852, 23034
2026/05/29 13:49:05.516, 0, 0, 852, 23034
2026/05/29 13:49:10.517, 0, 0, 852, 23034
2026/05/29 13:49:15.519, 0, 0, 852, 23034
2026/05/29 13:49:20.520, 3, 2, 1424, 23034
2026/05/29 13:49:25.521, 0, 0, 1424, 23034
2026/05/29 13:49:30.521, 8, 6, 1424, 23034
2026/05/29 13:49:35.522, 8, 6, 1424, 23034
2026/05/29 13:49:40.522, 8, 6, 1424, 23034
2026/05/29 13:49:45.523, 3, 1, 1424, 23034
2026/05/29 13:49:50.523, 8, 6, 1422, 23034
2026/05/29 13:49:55.524, 8, 7, 1424, 23034
2026/05/29 13:50:00.524, 8, 6, 1424, 23034
2026/05/29 13:50:05.525, 3, 0, 1424, 23034
2026/05/29 13:50:10.525, 0, 0, 1392, 23034
2026/05/29 13:50:15.526, 8, 4, 1424, 23034
2026/05/29 13:50:20.527, 8, 6, 1424, 23034
2026/05/29 13:50:25.527, 8, 6, 1424, 23034
2026/05/29 13:50:30.528, 0, 0, 852, 23034
2026/05/29 13:50:35.528, 15, 11, 1424, 23034
2026/05/29 13:50:40.529, 12, 10, 1424, 23034
2026/05/29 13:50:45.529, 11, 8, 1424, 23034
2026/05/29 13:50:50.530, 3, 1, 1424, 23034
2026/05/29 13:50:55.530, 8, 6, 1422, 23034
2026/05/29 13:51:00.531, 15, 11, 1424, 23034
2026/05/29 13:51:05.531, 7, 0, 926, 23034
2026/05/29 13:51:10.533, 1, 0, 852, 23034
2026/05/29 13:51:15.533, 0, 0, 916, 23034
2026/05/29 13:51:20.534, 63, 3, 926, 23034
2026/05/29 13:51:25.536, 55, 3, 926, 23034
2026/05/29 13:51:30.537, 0, 0, 902, 23034
2026/05/29 13:51:35.538, 99, 0, 874, 23034
2026/05/29 13:51:40.539, 96, 0, 874, 23034
2026/05/29 13:51:45.541, 0, 0, 852, 23034
2026/05/29 13:51:50.542, 97, 0, 852, 23034
2026/05/29 13:51:55.543, 97, 0, 874, 23034
2026/05/29 13:52:00.544, 97, 0, 874, 23034
2026/05/29 13:52:05.545, 96, 0, 874, 23034
2026/05/29 13:52:10.546, 96, 0, 872, 23034
2026/05/29 13:52:15.547, 99, 0, 874, 23034
2026/05/29 13:52:20.549, 99, 0, 874, 23034
2026/05/29 13:52:25.550, 0, 0, 852, 23034
2026/05/29 13:52:30.551, 97, 0, 852, 23034
2026/05/29 13:52:35.552, 97, 0, 874, 23034
2026/05/29 13:52:40.554, 99, 0, 874, 23034
2026/05/29 13:52:45.555, 96, 0, 874, 23034
2026/05/29 13:52:50.556, 97, 0, 874, 23034
2026/05/29 13:52:55.557, 38, 0, 874, 23034
2026/05/29 13:53:00.558, 0, 0, 852, 23034
2026/05/29 13:53:05.559, 97, 0, 874, 23034
2026/05/29 13:53:10.560, 97, 0, 874, 23034
2026/05/29 13:53:15.561, 97, 0, 874, 23034
2026/05/29 13:53:20.562, 99, 0, 874, 23034
2026/05/29 13:53:25.564, 0, 0, 874, 23034
2026/05/29 13:53:30.565, 59, 0, 852, 23034
2026/05/29 13:53:35.566, 98, 0, 872, 23034
2026/05/29 13:53:40.567, 99, 0, 874, 23034
2026/05/29 13:53:45.568, 99, 0, 874, 23034
2026/05/29 13:53:50.570, 97, 0, 874, 23034
2026/05/29 13:53:55.571, 97, 0, 874, 23034
2026/05/29 13:54:00.572, 0, 0, 852, 23034
2026/05/29 13:54:05.574, 0, 0, 852, 23034
2026/05/29 13:54:10.574, 0, 0, 852, 23034
2026/05/29 13:54:15.575, 0, 0, 852, 23034
2026/05/29 13:54:20.575, 0, 0, 852, 23034
2026/05/29 13:54:25.576, 0, 0, 852, 23034
2026/05/29 13:54:30.576, 3, 0, 1184, 23034
2026/05/29 13:54:35.577, 3, 1, 1176, 23034
2026/05/29 13:54:40.578, 0, 0, 1277, 23034
2026/05/29 13:54:45.578, 0, 0, 1277, 23034
2026/05/29 13:54:50.579, 0, 0, 1263, 23034
2026/05/29 13:54:55.579, 0, 0, 1270, 23034
2026/05/29 13:55:00.580, 0, 0, 1270, 23034
2026/05/29 13:55:05.580, 0, 0, 1270, 23034
2026/05/29 13:55:10.581, 0, 0, 1270, 23034
2026/05/29 13:55:15.581, 0, 0, 1270, 23034
2026/05/29 13:55:20.582, 0, 0, 1270, 23034
2026/05/29 13:55:25.583, 0, 0, 1270, 23034
2026/05/29 13:55:30.583, 0, 0, 1270, 23034
2026/05/29 13:55:35.585, 0, 0, 1270, 23034
2026/05/29 13:55:40.586, 1, 0, 1065, 23034
2026/05/29 13:55:45.587, 0, 0, 1063, 23034
2026/05/29 13:55:50.588, 0, 0, 1282, 23034
2026/05/29 13:55:55.590, 0, 0, 1283, 23034
2026/05/29 13:56:00.591, 0, 0, 1270, 23034
2026/05/29 13:56:05.592, 2, 0, 1064, 23034
2026/05/29 13:56:10.595, 0, 0, 1064, 23034
2026/05/29 13:56:15.596, 0, 0, 1064, 23034
2026/05/29 13:56:20.598, 0, 0, 1064, 23034
2026/05/29 13:56:25.598, 0, 0, 1064, 23034
2026/05/29 13:56:30.599, 0, 0, 1064, 23034
2026/05/29 13:56:35.599, 0, 0, 1064, 23034
2026/05/29 13:56:40.600, 0, 0, 1064, 23034
2026/05/29 13:56:45.600, 0, 0, 1064, 23034
2026/05/29 13:56:50.601, 0, 0, 1064, 23034
2026/05/29 13:56:55.602, 0, 0, 1064, 23034
2026/05/29 13:57:00.603, 0, 0, 1064, 23034
2026/05/29 13:57:05.603, 0, 0, 1064, 23034
2026/05/29 13:57:10.604, 0, 0, 1064, 23034
2026/05/29 13:57:15.604, 0, 0, 1064, 23034
2026/05/29 13:57:20.606, 0, 0, 1064, 23034
2026/05/29 13:57:25.607, 0, 0, 1064, 23034
2026/05/29 13:57:30.608, 0, 0, 1064, 23034
2026/05/29 13:57:35.608, 0, 0, 1064, 23034
2026/05/29 13:57:40.609, 0, 0, 1064, 23034
2026/05/29 13:57:45.609, 0, 0, 1064, 23034
2026/05/29 13:57:50.610, 0, 0, 1064, 23034
2026/05/29 13:57:55.610, 0, 0, 1064, 23034
2026/05/29 13:58:00.611, 0, 0, 1064, 23034
2026/05/29 13:58:05.611, 0, 0, 1064, 23034
2026/05/29 13:58:10.612, 0, 0, 1064, 23034
2026/05/29 13:58:15.613, 0, 0, 1064, 23034
2026/05/29 13:58:20.613, 0, 0, 1064, 23034
2026/05/29 13:58:25.615, 0, 0, 1064, 23034
2026/05/29 13:58:30.615, 0, 0, 1064, 23034
2026/05/29 13:58:35.616, 0, 0, 1064, 23034
2026/05/29 13:58:40.616, 0, 0, 1064, 23034
2026/05/29 13:58:45.617, 0, 0, 1064, 23034
2026/05/29 13:58:50.619, 0, 0, 1064, 23034
2026/05/29 13:58:55.620, 0, 0, 1064, 23034
2026/05/29 13:59:00.620, 0, 0, 1064, 23034
2026/05/29 13:59:05.622, 0, 0, 1064, 23034
2026/05/29 13:59:10.623, 0, 0, 1064, 23034
2026/05/29 13:59:15.624, 0, 0, 1064, 23034
2026/05/29 13:59:20.625, 0, 0, 1064, 23034
2026/05/29 13:59:25.626, 0, 0, 1064, 23034
2026/05/29 13:59:30.627, 0, 0, 1064, 23034
2026/05/29 13:59:35.629, 0, 0, 1064, 23034
2026/05/29 13:59:40.630, 0, 0, 1064, 23034
2026/05/29 13:59:45.631, 0, 0, 1064, 23034
2026/05/29 13:59:50.632, 0, 0, 1064, 23034
2026/05/29 13:59:55.633, 0, 0, 1064, 23034
2026/05/29 14:00:00.634, 0, 0, 1064, 23034
2026/05/29 14:00:05.634, 0, 0, 1064, 23034
2026/05/29 14:00:10.635, 0, 0, 1064, 23034
2026/05/29 14:00:15.635, 0, 0, 1064, 23034
2026/05/29 14:00:20.636, 0, 0, 1064, 23034
2026/05/29 14:00:25.636, 0, 0, 1064, 23034
2026/05/29 14:00:30.637, 0, 0, 1064, 23034
2026/05/29 14:00:35.637, 0, 0, 1064, 23034
2026/05/29 14:00:40.638, 0, 0, 1064, 23034
2026/05/29 14:00:45.639, 0, 0, 1064, 23034
2026/05/29 14:00:50.639, 0, 0, 1064, 23034
2026/05/29 14:00:55.640, 0, 0, 1064, 23034
2026/05/29 14:01:00.640, 0, 0, 1064, 23034
2026/05/29 14:01:05.641, 0, 0, 1064, 23034
2026/05/29 14:01:10.643, 0, 0, 1064, 23034
2026/05/29 14:01:15.643, 0, 0, 1064, 23034
2026/05/29 14:01:20.644, 0, 0, 1064, 23034
2026/05/29 14:01:25.644, 0, 0, 1064, 23034
2026/05/29 14:01:30.645, 0, 0, 1064, 23034
2026/05/29 14:01:35.646, 0, 0, 1064, 23034
2026/05/29 14:01:40.647, 0, 0, 1064, 23034
2026/05/29 14:01:45.647, 0, 0, 1064, 23034
2026/05/29 14:01:50.648, 0, 0, 1064, 23034
2026/05/29 14:01:55.649, 0, 0, 1064, 23034
2026/05/29 14:02:00.649, 0, 0, 1064, 23034
2026/05/29 14:02:05.650, 0, 0, 1064, 23034
2026/05/29 14:02:10.651, 0, 0, 1064, 23034
2026/05/29 14:02:15.651, 0, 0, 1064, 23034
2026/05/29 14:02:20.652, 0, 0, 1064, 23034
2026/05/29 14:02:25.652, 0, 0, 1064, 23034
2026/05/29 14:02:30.653, 0, 0, 1064, 23034
2026/05/29 14:02:35.653, 0, 0, 1064, 23034
2026/05/29 14:02:40.654, 0, 0, 1064, 23034
2026/05/29 14:02:45.654, 0, 0, 1064, 23034
2026/05/29 14:02:50.655, 0, 0, 1064, 23034
2026/05/29 14:02:55.655, 0, 0, 1064, 23034
2026/05/29 14:03:00.656, 0, 0, 1064, 23034
2026/05/29 14:03:05.656, 0, 0, 1064, 23034
2026/05/29 14:03:10.657, 0, 0, 1064, 23034
2026/05/29 14:03:15.657, 0, 0, 1064, 23034
2026/05/29 14:03:20.658, 0, 0, 1064, 23034
2026/05/29 14:03:25.658, 0, 0, 1064, 23034
2026/05/29 14:03:30.659, 0, 0, 1064, 23034
2026/05/29 14:03:35.659, 0, 0, 1064, 23034
2026/05/29 14:03:40.660, 0, 0, 1064, 23034
2026/05/29 14:03:45.660, 0, 0, 1064, 23034
2026/05/29 14:03:50.661, 0, 0, 1064, 23034
2026/05/29 14:03:55.661, 0, 0, 1064, 23034
2026/05/29 14:04:00.662, 0, 0, 1064, 23034
2026/05/29 14:04:05.663, 0, 0, 1064, 23034
2026/05/29 14:04:10.663, 0, 0, 1064, 23034
2026/05/29 14:04:15.664, 0, 0, 1064, 23034
2026/05/29 14:04:20.666, 0, 0, 849, 23034
2026/05/29 14:04:25.666, 0, 0, 849, 23034
2026/05/29 14:04:30.667, 0, 0, 849, 23034
2026/05/29 14:04:35.667, 0, 0, 849, 23034
2026/05/29 14:04:40.668, 0, 0, 849, 23034
2026/05/29 14:04:45.669, 0, 0, 849, 23034
2026/05/29 14:04:50.669, 0, 0, 1074, 23034
2026/05/29 14:04:55.670, 0, 0, 1074, 23034
2026/05/29 14:05:00.671, 0, 0, 1061, 23034
2026/05/29 14:05:05.673, 0, 0, 1061, 23034
2026/05/29 14:05:10.673, 0, 0, 1055, 23034
2026/05/29 14:05:15.675, 0, 0, 1055, 23034
2026/05/29 14:05:20.676, 0, 0, 1055, 23034
2026/05/29 14:05:25.677, 0, 0, 1055, 23034
2026/05/29 14:05:30.678, 0, 0, 1055, 23034
2026/05/29 14:05:35.680, 0, 0, 1055, 23034
2026/05/29 14:05:40.681, 0, 0, 1055, 23034
2026/05/29 14:05:45.682, 0, 0, 1055, 23034
2026/05/29 14:05:50.683, 0, 0, 1055, 23034
2026/05/29 14:05:55.684, 0, 0, 1055, 23034
2026/05/29 14:06:00.686, 0, 0, 1055, 23034
2026/05/29 14:06:05.687, 0, 0, 1055, 23034
2026/05/29 14:06:10.688, 0, 0, 1055, 23034
2026/05/29 14:06:15.689, 0, 0, 1055, 23034
2026/05/29 14:06:20.691, 0, 0, 1055, 23034
2026/05/29 14:06:25.692, 0, 0, 1055, 23034
2026/05/29 14:06:30.693, 0, 0, 1055, 23034
2026/05/29 14:06:35.694, 0, 0, 1055, 23034
2026/05/29 14:06:40.695, 0, 0, 1055, 23034
2026/05/29 14:06:45.696, 0, 0, 1055, 23034
2026/05/29 14:06:50.697, 0, 0, 1055, 23034
2026/05/29 14:06:55.698, 0, 0, 1055, 23034
2026/05/29 14:07:00.699, 0, 0, 1055, 23034
2026/05/29 14:07:05.701, 0, 0, 1055, 23034
2026/05/29 14:07:10.702, 0, 0, 1055, 23034
2026/05/29 14:07:15.703, 0, 0, 1055, 23034
2026/05/29 14:07:20.705, 0, 0, 1055, 23034
2026/05/29 14:07:25.706, 0, 0, 1055, 23034
2026/05/29 14:07:30.707, 0, 0, 1055, 23034
2026/05/29 14:07:35.708, 0, 0, 1055, 23034
2026/05/29 14:07:40.709, 0, 0, 1055, 23034
2026/05/29 14:07:45.710, 0, 0, 1055, 23034
2026/05/29 14:07:50.712, 0, 0, 1055, 23034
2026/05/29 14:07:55.712, 0, 0, 1055, 23034
2026/05/29 14:08:00.714, 0, 0, 1055, 23034
2026/05/29 14:08:05.715, 0, 0, 1055, 23034
2026/05/29 14:08:10.716, 0, 0, 1055, 23034
2026/05/29 14:08:15.718, 0, 0, 1055, 23034
2026/05/29 14:08:20.719, 0, 0, 1055, 23034
2026/05/29 14:08:25.720, 0, 0, 1055, 23034
2026/05/29 14:08:30.721, 0, 0, 1055, 23034
2026/05/29 14:08:35.722, 0, 0, 1055, 23034
2026/05/29 14:08:40.724, 0, 0, 1055, 23034
2026/05/29 14:08:45.724, 0, 0, 1055, 23034
2026/05/29 14:08:50.726, 0, 0, 1055, 23034
2026/05/29 14:08:55.726, 0, 0, 1055, 23034
2026/05/29 14:09:00.728, 0, 0, 1055, 23034
2026/05/29 14:09:05.729, 0, 0, 1055, 23034
2026/05/29 14:09:10.730, 0, 0, 1055, 23034
2026/05/29 14:09:15.731, 0, 0, 1055, 23034
2026/05/29 14:09:20.732, 0, 0, 1055, 23034
2026/05/29 14:09:25.732, 0, 0, 1055, 23034
2026/05/29 14:09:30.734, 0, 0, 1055, 23034
2026/05/29 14:09:35.735, 0, 0, 1055, 23034
2026/05/29 14:09:40.736, 0, 0, 1055, 23034
2026/05/29 14:09:45.738, 0, 0, 1055, 23034
2026/05/29 14:09:50.738, 0, 0, 1055, 23034
2026/05/29 14:09:55.740, 0, 0, 1055, 23034
2026/05/29 14:10:00.741, 0, 0, 1055, 23034
2026/05/29 14:10:05.742, 0, 0, 1055, 23034
2026/05/29 14:10:10.744, 0, 0, 1055, 23034
2026/05/29 14:10:15.745, 0, 0, 1055, 23034
2026/05/29 14:10:20.746, 0, 0, 1055, 23034
2026/05/29 14:10:25.748, 0, 0, 1055, 23034
2026/05/29 14:10:30.749, 0, 0, 1055, 23034
2026/05/29 14:10:35.750, 0, 0, 1055, 23034
2026/05/29 14:10:40.752, 0, 0, 1055, 23034
2026/05/29 14:10:45.753, 0, 0, 1055, 23034
2026/05/29 14:10:50.754, 0, 0, 1055, 23034
2026/05/29 14:10:55.756, 0, 0, 1055, 23034
2026/05/29 14:11:00.756, 2, 1, 1055, 23034
2026/05/29 14:11:05.758, 2, 0, 1055, 23034
2026/05/29 14:11:10.759, 0, 0, 836, 23034
2026/05/29 14:11:15.761, 0, 0, 849, 23034
2026/05/29 14:11:20.762, 0, 0, 849, 23034
2026/05/29 14:11:25.764, 0, 0, 849, 23034
2026/05/29 14:11:30.765, 0, 0, 849, 23034
2026/05/29 14:11:35.766, 0, 0, 1074, 23034
2026/05/29 14:11:40.767, 0, 0, 1074, 23034
2026/05/29 14:11:45.769, 0, 0, 1055, 23034
2026/05/29 14:11:50.770, 0, 0, 1055, 23034
2026/05/29 14:11:55.772, 0, 0, 1055, 23034
2026/05/29 14:12:00.772, 0, 0, 1055, 23034
2026/05/29 14:12:05.774, 0, 0, 1055, 23034
2026/05/29 14:12:10.775, 0, 0, 1055, 23034
2026/05/29 14:12:15.776, 0, 0, 1055, 23034
2026/05/29 14:12:20.776, 0, 0, 1055, 23034
2026/05/29 14:12:25.777, 0, 0, 1055, 23034
2026/05/29 14:12:30.777, 0, 0, 1055, 23034
2026/05/29 14:12:35.779, 0, 0, 1055, 23034
2026/05/29 14:12:40.779, 0, 0, 1055, 23034
2026/05/29 14:12:45.781, 0, 0, 1055, 23034
2026/05/29 14:12:50.782, 0, 0, 1055, 23034
2026/05/29 14:12:55.783, 0, 0, 1055, 23034
2026/05/29 14:13:00.783, 0, 0, 1055, 23034
2026/05/29 14:13:05.784, 0, 0, 1055, 23034
2026/05/29 14:13:10.785, 0, 0, 1055, 23034
2026/05/29 14:13:15.787, 0, 0, 1055, 23034
2026/05/29 14:13:20.788, 0, 0, 1055, 23034
2026/05/29 14:13:25.789, 0, 0, 1055, 23034
2026/05/29 14:13:30.791, 0, 0, 1055, 23034
2026/05/29 14:13:35.792, 0, 0, 1055, 23034
2026/05/29 14:13:40.794, 42, 3, 1055, 23034
2026/05/29 14:13:45.795, 0, 0, 1055, 23034
2026/05/29 14:13:50.796, 0, 0, 1055, 23034
2026/05/29 14:13:55.797, 0, 0, 1055, 23034
2026/05/29 14:14:00.799, 0, 0, 1055, 23034
2026/05/29 14:14:05.800, 0, 0, 1055, 23034
2026/05/29 14:14:10.802, 0, 0, 1055, 23034
2026/05/29 14:14:15.803, 0, 0, 1055, 23034
2026/05/29 14:14:20.804, 0, 0, 1055, 23034
2026/05/29 14:14:25.805, 0, 0, 1055, 23034
2026/05/29 14:14:30.806, 0, 0, 1055, 23034
2026/05/29 14:14:35.807, 0, 0, 1055, 23034
2026/05/29 14:14:40.808, 0, 0, 849, 23034
2026/05/29 14:14:45.809, 0, 0, 849, 23034
2026/05/29 14:14:50.811, 0, 0, 849, 23034
2026/05/29 14:14:55.812, 0, 0, 1068, 23034
2026/05/29 14:15:00.813, 0, 0, 1068, 23034
2026/05/29 14:15:05.814, 0, 0, 1055, 23034
2026/05/29 14:15:10.816, 0, 0, 1055, 23034
2026/05/29 14:15:15.817, 0, 0, 1055, 23034
2026/05/29 14:15:20.818, 0, 0, 1055, 23034
2026/05/29 14:15:25.818, 0, 0, 1055, 23034
2026/05/29 14:15:30.820, 0, 0, 1055, 23034
2026/05/29 14:15:35.821, 0, 0, 1055, 23034
2026/05/29 14:15:40.823, 0, 0, 1055, 23034
2026/05/29 14:15:45.824, 0, 0, 1055, 23034
2026/05/29 14:15:50.825, 0, 0, 1055, 23034
2026/05/29 14:15:55.825, 0, 0, 1055, 23034
2026/05/29 14:16:00.826, 0, 0, 1055, 23034
2026/05/29 14:16:05.828, 0, 0, 849, 23034
2026/05/29 14:16:10.829, 0, 0, 849, 23034
2026/05/29 14:16:15.830, 0, 0, 849, 23034
2026/05/29 14:16:20.831, 0, 0, 849, 23034
2026/05/29 14:16:25.832, 0, 0, 849, 23034
2026/05/29 14:16:30.834, 0, 0, 849, 23034
2026/05/29 14:16:35.835, 0, 0, 849, 23034
2026/05/29 14:16:40.836, 0, 0, 849, 23034
2026/05/29 14:16:45.837, 0, 0, 849, 23034
2026/05/29 14:16:50.839, 0, 0, 849, 23034
2026/05/29 14:16:55.840, 0, 0, 849, 23034
2026/05/29 14:17:00.841, 0, 0, 849, 23034
2026/05/29 14:17:05.842, 0, 0, 849, 23034
2026/05/29 14:17:10.843, 0, 0, 849, 23034
2026/05/29 14:17:15.845, 0, 0, 849, 23034
2026/05/29 14:17:20.846, 0, 0, 849, 23034
2026/05/29 14:17:25.848, 0, 0, 849, 23034
2026/05/29 14:17:30.849, 0, 0, 849, 23034
2026/05/29 14:17:35.850, 0, 0, 849, 23034
2026/05/29 14:17:40.852, 0, 0, 849, 23034
2026/05/29 14:17:45.852, 0, 0, 849, 23034
2026/05/29 14:17:50.854, 0, 0, 849, 23034
2026/05/29 14:17:55.854, 0, 0, 849, 23034
2026/05/29 14:18:00.855, 0, 0, 849, 23034
2026/05/29 14:18:05.856, 0, 0, 849, 23034
2026/05/29 14:18:10.858, 0, 0, 849, 23034
2026/05/29 14:18:15.859, 0, 0, 849, 23034
2026/05/29 14:18:20.861, 0, 0, 849, 23034
2026/05/29 14:18:25.862, 0, 0, 849, 23034
2026/05/29 14:18:30.864, 0, 0, 849, 23034
2026/05/29 14:18:35.865, 0, 0, 849, 23034
2026/05/29 14:18:40.866, 0, 0, 849, 23034
2026/05/29 14:18:45.868, 0, 0, 849, 23034
2026/05/29 14:18:50.869, 0, 0, 849, 23034
2026/05/29 14:18:55.870, 0, 0, 849, 23034
2026/05/29 14:19:00.870, 0, 0, 849, 23034
2026/05/29 14:19:05.872, 0, 0, 849, 23034
2026/05/29 14:19:10.873, 0, 0, 849, 23034
2026/05/29 14:19:15.874, 0, 0, 849, 23034
2026/05/29 14:19:20.875, 0, 0, 849, 23034
2026/05/29 14:19:25.877, 0, 0, 849, 23034
2026/05/29 14:19:30.878, 0, 0, 849, 23034
2026/05/29 14:19:35.879, 0, 0, 849, 23034
2026/05/29 14:19:40.881, 0, 0, 849, 23034
2026/05/29 14:19:45.882, 0, 0, 849, 23034
2026/05/29 14:19:50.883, 0, 0, 849, 23034
2026/05/29 14:19:55.885, 0, 0, 849, 23034
2026/05/29 14:20:00.886, 0, 0, 849, 23034
2026/05/29 14:20:05.887, 0, 0, 849, 23034
2026/05/29 14:20:10.889, 0, 0, 849, 23034
2026/05/29 14:20:15.889, 0, 0, 849, 23034
2026/05/29 14:20:20.890, 0, 0, 849, 23034
2026/05/29 14:20:25.890, 0, 0, 849, 23034
2026/05/29 14:20:30.891, 0, 0, 849, 23034
2026/05/29 14:20:35.892, 0, 0, 849, 23034
2026/05/29 14:20:40.893, 0, 0, 849, 23034
2026/05/29 14:20:45.894, 0, 0, 849, 23034
2026/05/29 14:20:50.896, 0, 0, 849, 23034
2026/05/29 14:20:55.897, 0, 0, 849, 23034
2026/05/29 14:21:00.898, 0, 0, 849, 23034
2026/05/29 14:21:05.899, 0, 0, 849, 23034
2026/05/29 14:21:10.900, 0, 0, 849, 23034
2026/05/29 14:21:15.900, 0, 0, 849, 23034
2026/05/29 14:21:20.902, 0, 0, 849, 23034
2026/05/29 14:21:25.902, 0, 0, 849, 23034
2026/05/29 14:21:30.903, 0, 0, 849, 23034
2026/05/29 14:21:35.904, 0, 0, 849, 23034
2026/05/29 14:21:40.906, 0, 0, 849, 23034
2026/05/29 14:21:45.908, 0, 0, 849, 23034
2026/05/29 14:21:50.909, 0, 0, 849, 23034
2026/05/29 14:21:55.910, 0, 0, 849, 23034
2026/05/29 14:22:00.911, 0, 0, 849, 23034
2026/05/29 14:22:05.912, 0, 0, 849, 23034
2026/05/29 14:22:10.914, 0, 0, 849, 23034
2026/05/29 14:22:15.916, 0, 0, 849, 23034
2026/05/29 14:22:20.917, 0, 0, 849, 23034
2026/05/29 14:22:25.918, 0, 0, 849, 23034
2026/05/29 14:22:30.920, 0, 0, 849, 23034
2026/05/29 14:22:35.921, 0, 0, 849, 23034
2026/05/29 14:22:40.923, 0, 0, 861, 23034
2026/05/29 14:22:45.924, 0, 0, 861, 23034
2026/05/29 14:22:50.926, 0, 0, 861, 23034
2026/05/29 14:22:55.927, 0, 0, 861, 23034
2026/05/29 14:23:00.929, 0, 0, 861, 23034
2026/05/29 14:23:05.931, 0, 0, 861, 23034
2026/05/29 14:23:10.932, 0, 0, 861, 23034
2026/05/29 14:23:15.933, 0, 0, 861, 23034
2026/05/29 14:23:20.935, 0, 0, 861, 23034
2026/05/29 14:23:25.936, 0, 0, 861, 23034
2026/05/29 14:23:30.938, 0, 0, 861, 23034
2026/05/29 14:23:35.939, 0, 0, 861, 23034
2026/05/29 14:23:40.941, 0, 0, 861, 23034
2026/05/29 14:23:45.942, 0, 0, 849, 23034
2026/05/29 14:23:50.943, 7, 4, 1064, 23034
2026/05/29 14:23:55.944, 5, 3, 1636, 23034
2026/05/29 14:24:00.944, 4, 2, 1636, 23034
2026/05/29 14:24:05.945, 7, 4, 1636, 23034
2026/05/29 14:24:10.945, 16, 11, 1636, 23034
2026/05/29 14:24:15.946, 0, 0, 1636, 23034
2026/05/29 14:24:20.946, 8, 4, 1636, 23034
2026/05/29 14:24:25.947, 15, 11, 1634, 23034
2026/05/29 14:24:30.947, 0, 0, 1636, 23034
2026/05/29 14:24:35.948, 12, 9, 1636, 23034
2026/05/29 14:24:40.948, 3, 1, 1636, 23034
2026/05/29 14:24:45.949, 0, 0, 1636, 23034
2026/05/29 14:24:50.950, 8, 4, 1636, 23034
2026/05/29 14:24:55.950, 12, 9, 1636, 23034
2026/05/29 14:25:00.951, 0, 0, 1636, 23034
2026/05/29 14:25:05.952, 7, 4, 1064, 23034
2026/05/29 14:25:10.952, 0, 0, 1636, 23034
2026/05/29 14:25:15.953, 6, 4, 1636, 23034
2026/05/29 14:25:20.953, 0, 0, 1636, 23034
2026/05/29 14:25:25.954, 9, 6, 1636, 23034
2026/05/29 14:25:30.955, 0, 0, 1636, 23034
2026/05/29 14:25:35.956, 7, 4, 1634, 23034
2026/05/29 14:25:40.957, 0, 0, 1138, 23034
2026/05/29 14:25:45.958, 62, 1, 1064, 23034
2026/05/29 14:25:50.960, 62, 2, 1064, 23034
2026/05/29 14:25:55.960, 63, 1, 1064, 23034
2026/05/29 14:26:00.961, 5, 0, 1138, 23034
2026/05/29 14:26:05.962, 46, 2, 1130, 23034
2026/05/29 14:26:10.962, 67, 1, 1098, 23034
2026/05/29 14:26:15.970, 96, 0, 1086, 23034
2026/05/29 14:26:20.972, 99, 0, 1086, 23034
2026/05/29 14:26:25.973, 99, 0, 1086, 23034
2026/05/29 14:26:30.975, 99, 0, 1086, 23034
2026/05/29 14:26:35.979, 0, 0, 1064, 23034
2026/05/29 14:26:40.979, 0, 0, 1064, 23034
2026/05/29 14:26:45.981, 98, 0, 1086, 23034
2026/05/29 14:26:50.982, 97, 0, 1084, 23034
2026/05/29 14:26:55.984, 99, 0, 1086, 23034
2026/05/29 14:27:00.986, 97, 0, 1086, 23034
2026/05/29 14:27:05.987, 99, 0, 1084, 23034
2026/05/29 14:27:10.987, 99, 0, 1086, 23034
2026/05/29 14:27:15.988, 0, 0, 1064, 23034
2026/05/29 14:27:20.989, 97, 0, 1086, 23034
2026/05/29 14:27:25.991, 98, 0, 1086, 23034
2026/05/29 14:27:30.992, 99, 0, 1086, 23034
2026/05/29 14:27:35.993, 97, 0, 1086, 23034
2026/05/29 14:27:40.993, 97, 0, 1086, 23034
2026/05/29 14:27:45.994, 0, 0, 1064, 23034
2026/05/29 14:27:50.995, 98, 0, 1086, 23034
2026/05/29 14:27:55.996, 96, 0, 1086, 23034
2026/05/29 14:28:00.997, 99, 0, 1086, 23034
2026/05/29 14:28:05.999, 99, 0, 1086, 23034
2026/05/29 14:28:10.999, 0, 0, 1084, 23034
2026/05/29 14:28:16.000, 96, 0, 1064, 23034
2026/05/29 14:28:21.000, 97, 0, 1086, 23034
2026/05/29 14:28:26.001, 97, 0, 1086, 23034
2026/05/29 14:28:31.001, 97, 0, 1086, 23034
2026/05/29 14:28:36.002, 97, 0, 1086, 23034
2026/05/29 14:28:41.002, 0, 0, 1064, 23034
2026/05/29 14:28:46.003, 0, 0, 1064, 23034
2026/05/29 14:28:51.004, 0, 0, 1064, 23034
2026/05/29 14:28:56.005, 0, 0, 1064, 23034
2026/05/29 14:29:01.006, 0, 0, 1064, 23034
2026/05/29 14:29:06.007, 0, 0, 1064, 23034
2026/05/29 14:29:11.007, 0, 0, 1064, 23034
2026/05/29 14:29:16.008, 0, 0, 1064, 23034
2026/05/29 14:29:21.009, 0, 0, 1064, 23034
2026/05/29 14:29:26.010, 0, 0, 1064, 23034
2026/05/29 14:29:31.011, 0, 0, 1064, 23034
2026/05/29 14:29:36.012, 0, 0, 1064, 23034
2026/05/29 14:29:41.012, 0, 0, 1064, 23034
2026/05/29 14:29:46.013, 0, 0, 1064, 23034
2026/05/29 14:29:51.013, 0, 0, 1064, 23034
2026/05/29 14:29:56.014, 0, 0, 1064, 23034
2026/05/29 14:30:01.015, 0, 0, 1064, 23034
2026/05/29 14:30:06.016, 0, 0, 1064, 23034
2026/05/29 14:30:11.016, 0, 0, 1064, 23034
2026/05/29 14:30:16.017, 0, 0, 1064, 23034
2026/05/29 14:30:21.018, 0, 0, 1064, 23034
2026/05/29 14:30:26.019, 0, 0, 1064, 23034
2026/05/29 14:30:31.020, 0, 0, 1064, 23034
2026/05/29 14:30:36.021, 0, 0, 1064, 23034
2026/05/29 14:30:41.021, 0, 0, 1064, 23034
2026/05/29 14:30:46.022, 0, 0, 1064, 23034
2026/05/29 14:30:51.023, 0, 0, 1064, 23034
2026/05/29 14:30:56.025, 0, 0, 1064, 23034
2026/05/29 14:31:01.027, 0, 0, 1064, 23034
2026/05/29 14:31:06.029, 0, 0, 1064, 23034
2026/05/29 14:31:11.030, 0, 0, 1064, 23034
2026/05/29 14:31:16.031, 0, 0, 1283, 23034
2026/05/29 14:31:21.032, 0, 0, 1283, 23034
2026/05/29 14:31:26.032, 0, 0, 1270, 23034
2026/05/29 14:31:31.033, 0, 0, 1270, 23034
2026/05/29 14:31:36.034, 0, 0, 1270, 23034
2026/05/29 14:31:41.035, 0, 0, 1270, 23034
2026/05/29 14:31:46.036, 0, 0, 1270, 23034
2026/05/29 14:31:51.037, 0, 0, 1270, 23034
2026/05/29 14:31:56.038, 0, 0, 1270, 23034
2026/05/29 14:32:01.038, 0, 0, 1270, 23034
2026/05/29 14:32:06.039, 0, 0, 1270, 23034
2026/05/29 14:32:11.040, 0, 0, 1270, 23034
2026/05/29 14:32:16.041, 0, 0, 1270, 23034
2026/05/29 14:32:21.042, 0, 0, 1270, 23034
2026/05/29 14:32:26.043, 0, 0, 1270, 23034
2026/05/29 14:32:31.045, 0, 0, 1270, 23034
2026/05/29 14:32:36.046, 0, 0, 1270, 23034
2026/05/29 14:32:41.048, 0, 0, 1270, 23034
2026/05/29 14:32:46.049, 0, 0, 1270, 23034
2026/05/29 14:32:51.050, 0, 0, 1270, 23034
2026/05/29 14:32:56.050, 0, 0, 1270, 23034
2026/05/29 14:33:01.051, 0, 0, 1270, 23034
2026/05/29 14:33:06.053, 0, 0, 1270, 23034
2026/05/29 14:33:11.054, 0, 0, 1270, 23034
2026/05/29 14:33:16.054, 0, 0, 1270, 23034
2026/05/29 14:33:21.055, 0, 0, 1270, 23034
2026/05/29 14:33:26.056, 0, 0, 1270, 23034
2026/05/29 14:33:31.057, 0, 0, 1270, 23034
2026/05/29 14:33:36.057, 0, 0, 1064, 23034
2026/05/29 14:33:41.058, 0, 0, 1064, 23034
2026/05/29 14:33:46.059, 0, 0, 1064, 23034
2026/05/29 14:33:51.059, 0, 0, 1064, 23034
2026/05/29 14:33:56.060, 0, 0, 1064, 23034
2026/05/29 14:34:01.061, 0, 0, 1064, 23034
2026/05/29 14:34:06.063, 0, 0, 1064, 23034
2026/05/29 14:34:11.064, 0, 0, 1064, 23034
2026/05/29 14:34:16.066, 0, 0, 1064, 23034
2026/05/29 14:34:21.067, 0, 0, 1064, 23034
2026/05/29 14:34:26.068, 0, 0, 1064, 23034
2026/05/29 14:34:31.069, 0, 0, 1064, 23034
2026/05/29 14:34:36.070, 0, 0, 1064, 23034
2026/05/29 14:34:41.071, 0, 0, 1064, 23034
2026/05/29 14:34:46.072, 0, 0, 1064, 23034
2026/05/29 14:34:51.074, 0, 0, 1064, 23034
2026/05/29 14:34:56.074, 0, 0, 1064, 23034
2026/05/29 14:35:01.075, 0, 0, 1064, 23034
2026/05/29 14:35:06.076, 0, 0, 1064, 23034
2026/05/29 14:35:11.077, 0, 0, 1064, 23034
2026/05/29 14:35:16.077, 0, 0, 1064, 23034
2026/05/29 14:35:21.078, 0, 0, 1064, 23034
2026/05/29 14:35:26.079, 0, 0, 1064, 23034
2026/05/29 14:35:31.080, 0, 0, 1064, 23034
2026/05/29 14:35:36.082, 0, 0, 1064, 23034
2026/05/29 14:35:41.084, 0, 0, 1064, 23034
2026/05/29 14:35:46.084, 0, 0, 1040, 23034
2026/05/29 14:35:51.085, 0, 0, 1040, 23034
2026/05/29 14:35:56.086, 0, 0, 1040, 23034
2026/05/29 14:36:01.087, 0, 0, 1046, 23034
2026/05/29 14:36:06.088, 0, 0, 1046, 23034
2026/05/29 14:36:11.089, 0, 0, 1046, 23034
2026/05/29 14:36:16.090, 0, 0, 1046, 23034
2026/05/29 14:36:21.091, 0, 0, 1277, 23034
2026/05/29 14:36:26.092, 0, 0, 1277, 23034
2026/05/29 14:36:31.093, 0, 0, 1264, 23034
2026/05/29 14:36:36.093, 0, 0, 1264, 23034
2026/05/29 14:36:41.094, 0, 0, 1264, 23034
2026/05/29 14:36:46.095, 0, 0, 1264, 23034
2026/05/29 14:36:51.096, 0, 0, 1264, 23034
2026/05/29 14:36:56.097, 0, 0, 1264, 23034
2026/05/29 14:37:01.100, 0, 0, 1264, 23034
2026/05/29 14:37:06.101, 0, 0, 1264, 23034
2026/05/29 14:37:11.103, 0, 0, 1264, 23034
2026/05/29 14:37:16.105, 0, 0, 1264, 23034
2026/05/29 14:37:21.106, 0, 0, 1264, 23034
2026/05/29 14:37:26.107, 0, 0, 1264, 23034
2026/05/29 14:37:31.109, 0, 0, 1264, 23034
2026/05/29 14:37:36.110, 0, 0, 1264, 23034
2026/05/29 14:37:41.111, 0, 0, 1264, 23034
2026/05/29 14:37:46.113, 0, 0, 1264, 23034
2026/05/29 14:37:51.114, 0, 0, 1264, 23034
2026/05/29 14:37:56.116, 0, 0, 1264, 23034
2026/05/29 14:38:01.117, 0, 0, 1058, 23034
2026/05/29 14:38:06.119, 0, 0, 1058, 23034
2026/05/29 14:38:11.120, 0, 0, 1058, 23034
2026/05/29 14:38:16.121, 0, 0, 1058, 23034
2026/05/29 14:38:21.122, 1, 0, 1283, 23034
2026/05/29 14:38:26.123, 0, 0, 1283, 23034
2026/05/29 14:38:31.124, 0, 0, 1058, 23034
2026/05/29 14:38:36.126, 0, 0, 1058, 23034
2026/05/29 14:38:41.127, 0, 0, 1283, 23034
2026/05/29 14:38:46.128, 0, 0, 1283, 23034
2026/05/29 14:38:51.130, 0, 0, 1270, 23034
2026/05/29 14:38:56.132, 0, 0, 1066, 23034
2026/05/29 14:39:01.133, 0, 0, 1066, 23034
2026/05/29 14:39:06.135, 0, 0, 1066, 23034
2026/05/29 14:39:11.136, 0, 0, 1066, 23034
2026/05/29 14:39:16.137, 0, 0, 1066, 23034
2026/05/29 14:39:21.138, 0, 0, 1066, 23034
2026/05/29 14:39:26.139, 0, 0, 1066, 23034
2026/05/29 14:39:31.141, 0, 0, 1055, 23034
2026/05/29 14:39:36.142, 0, 0, 1055, 23034
2026/05/29 14:39:41.143, 0, 0, 1055, 23034
2026/05/29 14:39:46.144, 0, 0, 1055, 23034
2026/05/29 14:39:51.146, 0, 0, 1055, 23034
2026/05/29 14:39:56.147, 0, 0, 1055, 23034
2026/05/29 14:40:01.148, 0, 0, 1055, 23034
2026/05/29 14:40:06.150, 0, 0, 1055, 23034
2026/05/29 14:40:11.150, 0, 0, 1055, 23034
2026/05/29 14:40:16.152, 0, 0, 1055, 23034
2026/05/29 14:40:21.152, 0, 0, 1055, 23034
2026/05/29 14:40:26.154, 0, 0, 1055, 23034
2026/05/29 14:40:31.155, 0, 0, 1055, 23034
2026/05/29 14:40:36.156, 0, 0, 1055, 23034
2026/05/29 14:40:41.158, 0, 0, 1055, 23034
2026/05/29 14:40:46.159, 0, 0, 1055, 23034
2026/05/29 14:40:51.160, 0, 0, 1055, 23034
2026/05/29 14:40:56.162, 0, 0, 1055, 23034
2026/05/29 14:41:01.162, 0, 0, 1055, 23034
2026/05/29 14:41:06.163, 0, 0, 1055, 23034
2026/05/29 14:41:11.164, 0, 0, 1055, 23034
2026/05/29 14:41:16.166, 0, 0, 1055, 23034
2026/05/29 14:41:21.167, 0, 0, 1055, 23034
2026/05/29 14:41:26.168, 0, 0, 1055, 23034
2026/05/29 14:41:31.170, 0, 0, 1055, 23034
2026/05/29 14:41:36.171, 0, 0, 1055, 23034
2026/05/29 14:41:41.172, 0, 0, 1055, 23034
2026/05/29 14:41:46.173, 0, 0, 1055, 23034
2026/05/29 14:41:51.174, 0, 0, 1055, 23034
2026/05/29 14:41:56.176, 0, 0, 1055, 23034
2026/05/29 14:42:01.177, 0, 0, 1055, 23034
2026/05/29 14:42:06.177, 0, 0, 1055, 23034
2026/05/29 14:42:11.178, 0, 0, 1055, 23034
2026/05/29 14:42:16.179, 0, 0, 1055, 23034
2026/05/29 14:42:21.180, 0, 0, 1055, 23034
2026/05/29 14:42:26.181, 0, 0, 1055, 23034
2026/05/29 14:42:31.182, 0, 0, 1055, 23034
2026/05/29 14:42:36.183, 0, 0, 1055, 23034
2026/05/29 14:42:41.185, 0, 0, 1055, 23034
2026/05/29 14:42:46.185, 0, 0, 1055, 23034
2026/05/29 14:42:51.187, 0, 0, 1055, 23034
2026/05/29 14:42:56.188, 0, 0, 1055, 23034
2026/05/29 14:43:01.189, 0, 0, 1055, 23034
2026/05/29 14:43:06.191, 0, 0, 1055, 23034
2026/05/29 14:43:11.192, 0, 0, 1055, 23034
2026/05/29 14:43:16.193, 0, 0, 1055, 23034
2026/05/29 14:43:21.194, 0, 0, 1055, 23034
2026/05/29 14:43:26.195, 0, 0, 1055, 23034
2026/05/29 14:43:31.196, 0, 0, 1055, 23034
2026/05/29 14:43:36.198, 0, 0, 1055, 23034
2026/05/29 14:43:41.199, 0, 0, 1055, 23034
2026/05/29 14:43:46.200, 0, 0, 1055, 23034
2026/05/29 14:43:51.201, 2, 1, 1049, 23034
2026/05/29 14:43:56.202, 1, 0, 1049, 23034
2026/05/29 14:44:01.204, 0, 0, 1062, 23034
2026/05/29 14:44:06.204, 0, 0, 1062, 23034
2026/05/29 14:44:11.205, 0, 0, 1062, 23034
2026/05/29 14:44:16.206, 0, 0, 1062, 23034
2026/05/29 14:44:21.206, 0, 0, 1062, 23034
2026/05/29 14:44:26.207, 0, 0, 1062, 23034
2026/05/29 14:44:31.208, 0, 0, 1062, 23034
2026/05/29 14:44:36.208, 0, 0, 1062, 23034
2026/05/29 14:44:41.209, 0, 0, 1062, 23034
2026/05/29 14:44:46.209, 0, 0, 1062, 23034
2026/05/29 14:44:51.210, 0, 0, 1062, 23034
2026/05/29 14:44:56.212, 0, 0, 1062, 23034
2026/05/29 14:45:01.213, 0, 0, 1062, 23034
2026/05/29 14:45:06.214, 0, 0, 1062, 23034
2026/05/29 14:45:11.215, 0, 0, 1062, 23034
2026/05/29 14:45:16.216, 0, 0, 1062, 23034
2026/05/29 14:45:21.217, 0, 0, 1062, 23034
2026/05/29 14:45:26.219, 0, 0, 1062, 23034
2026/05/29 14:45:31.219, 0, 0, 1062, 23034
2026/05/29 14:45:36.220, 0, 0, 1062, 23034
2026/05/29 14:45:41.221, 0, 0, 1062, 23034
2026/05/29 14:45:46.222, 0, 0, 1062, 23034
2026/05/29 14:45:51.223, 0, 0, 1062, 23034
2026/05/29 14:45:56.224, 0, 0, 1062, 23034
2026/05/29 14:46:01.225, 0, 0, 1062, 23034
2026/05/29 14:46:06.227, 0, 0, 1062, 23034
2026/05/29 14:46:11.228, 0, 0, 1062, 23034
2026/05/29 14:46:16.229, 0, 0, 1062, 23034
2026/05/29 14:46:21.231, 0, 0, 1062, 23034
2026/05/29 14:46:26.232, 0, 0, 1062, 23034
2026/05/29 14:46:31.233, 0, 0, 1062, 23034
2026/05/29 14:46:36.234, 0, 0, 1062, 23034
2026/05/29 14:46:41.235, 0, 0, 1062, 23034
2026/05/29 14:46:46.236, 0, 0, 1062, 23034
2026/05/29 14:46:51.238, 0, 0, 1062, 23034
2026/05/29 14:46:56.239, 0, 0, 1062, 23034
2026/05/29 14:47:01.240, 0, 0, 1062, 23034
2026/05/29 14:47:06.241, 0, 0, 1062, 23034
2026/05/29 14:47:11.243, 0, 0, 1062, 23034
2026/05/29 14:47:16.243, 0, 0, 1062, 23034
2026/05/29 14:47:21.244, 0, 0, 1062, 23034
2026/05/29 14:47:26.245, 0, 0, 1062, 23034
2026/05/29 14:47:31.246, 0, 0, 1062, 23034
2026/05/29 14:47:36.247, 0, 0, 1062, 23034
2026/05/29 14:47:41.249, 0, 0, 1062, 23034
2026/05/29 14:47:46.250, 0, 0, 1062, 23034
2026/05/29 14:47:51.251, 0, 0, 1062, 23034
2026/05/29 14:47:56.253, 0, 0, 1062, 23034
2026/05/29 14:48:01.254, 0, 0, 1062, 23034
2026/05/29 14:48:06.255, 0, 0, 1062, 23034
2026/05/29 14:48:11.256, 0, 0, 1062, 23034
2026/05/29 14:48:16.257, 0, 0, 1062, 23034
2026/05/29 14:48:21.258, 0, 0, 1062, 23034
2026/05/29 14:48:26.260, 0, 0, 1062, 23034
2026/05/29 14:48:31.261, 0, 0, 1062, 23034
2026/05/29 14:48:36.262, 0, 0, 1062, 23034
2026/05/29 14:48:41.264, 0, 0, 1062, 23034
2026/05/29 14:48:46.264, 0, 0, 1062, 23034
2026/05/29 14:48:51.266, 0, 0, 1062, 23034
2026/05/29 14:48:56.267, 0, 0, 1062, 23034
2026/05/29 14:49:01.268, 0, 0, 1062, 23034
2026/05/29 14:49:06.270, 0, 0, 1062, 23034
2026/05/29 14:49:11.271, 0, 0, 1062, 23034
2026/05/29 14:49:16.272, 2, 0, 1062, 23034
2026/05/29 14:49:21.273, 1, 0, 1062, 23034
2026/05/29 14:49:26.275, 0, 0, 1062, 23034
2026/05/29 14:49:31.275, 0, 0, 1062, 23034
2026/05/29 14:49:36.277, 0, 0, 1062, 23034
2026/05/29 14:49:41.278, 0, 0, 1062, 23034
2026/05/29 14:49:46.279, 0, 0, 1062, 23034
2026/05/29 14:49:51.281, 0, 0, 1062, 23034
2026/05/29 14:49:56.282, 0, 0, 1062, 23034
2026/05/29 14:50:01.283, 0, 0, 1062, 23034
2026/05/29 14:50:06.284, 0, 0, 1062, 23034
2026/05/29 14:50:11.285, 0, 0, 1062, 23034
2026/05/29 14:50:16.286, 0, 0, 1062, 23034
2026/05/29 14:50:21.287, 0, 0, 1062, 23034
2026/05/29 14:50:26.288, 0, 0, 1062, 23034
2026/05/29 14:50:31.289, 0, 0, 1062, 23034
2026/05/29 14:50:36.290, 0, 0, 1062, 23034
2026/05/29 14:50:41.292, 0, 0, 1062, 23034
2026/05/29 14:50:46.293, 0, 0, 843, 23034
2026/05/29 14:50:51.294, 0, 0, 843, 23034
2026/05/29 14:50:56.295, 0, 0, 843, 23034
2026/05/29 14:51:01.296, 0, 0, 843, 23034
2026/05/29 14:51:06.297, 0, 0, 96, 23034
2026/05/29 14:51:11.299, 0, 0, 0, 23034
2026/05/29 14:51:16.300, 0, 0, 0, 23034
2026/05/29 14:51:21.301, 0, 0, 0, 23034
2026/05/29 14:51:26.302, 0, 0, 0, 23034
2026/05/29 14:51:31.304, 0, 0, 636, 23034
2026/05/29 14:51:36.305, 0, 0, 635, 23034
2026/05/29 14:51:41.307, 0, 0, 635, 23034
2026/05/29 14:51:46.308, 0, 0, 635, 23034
2026/05/29 14:51:51.309, 0, 0, 635, 23034
2026/05/29 14:51:56.309, 0, 0, 635, 23034
2026/05/29 14:52:01.311, 0, 0, 635, 23034
2026/05/29 14:52:06.311, 0, 0, 635, 23034
2026/05/29 14:52:11.312, 0, 0, 635, 23034
2026/05/29 14:52:16.313, 0, 0, 635, 23034
2026/05/29 14:52:21.313, 0, 0, 635, 23034
2026/05/29 14:52:26.314, 0, 0, 635, 23034
2026/05/29 14:52:31.314, 0, 0, 635, 23034
2026/05/29 14:52:36.315, 0, 0, 636, 23034
2026/05/29 14:52:41.316, 0, 0, 636, 23034
2026/05/29 14:52:46.316, 0, 0, 636, 23034
2026/05/29 14:52:51.317, 0, 0, 636, 23034
2026/05/29 14:52:56.318, 0, 0, 636, 23034
2026/05/29 14:53:01.320, 0, 0, 636, 23034
2026/05/29 14:53:06.321, 0, 0, 636, 23034
2026/05/29 14:53:11.322, 0, 0, 636, 23034
2026/05/29 14:53:16.323, 0, 0, 636, 23034
2026/05/29 14:53:21.324, 0, 0, 636, 23034
2026/05/29 14:53:26.325, 0, 0, 636, 23034
2026/05/29 14:53:31.326, 0, 0, 636, 23034
2026/05/29 14:53:36.328, 0, 0, 636, 23034
2026/05/29 14:53:41.329, 0, 0, 636, 23034
2026/05/29 14:53:46.330, 0, 0, 636, 23034
2026/05/29 14:53:51.332, 0, 0, 636, 23034
2026/05/29 14:53:56.332, 0, 0, 636, 23034
2026/05/29 14:54:01.333, 0, 0, 636, 23034
2026/05/29 14:54:06.334, 0, 0, 636, 23034
2026/05/29 14:54:11.336, 0, 0, 636, 23034
2026/05/29 14:54:16.337, 0, 0, 636, 23034
2026/05/29 14:54:21.338, 0, 0, 636, 23034
2026/05/29 14:54:26.340, 0, 0, 636, 23034
2026/05/29 14:54:31.341, 0, 0, 636, 23034
2026/05/29 14:54:36.343, 0, 0, 636, 23034
2026/05/29 14:54:41.344, 0, 0, 636, 23034
2026/05/29 14:54:46.345, 0, 0, 636, 23034
2026/05/29 14:54:51.346, 0, 0, 636, 23034
2026/05/29 14:54:56.347, 23, 2, 1028, 23034
2026/05/29 14:55:01.347, 0, 0, 1027, 23034
2026/05/29 14:55:06.349, 1, 0, 1020, 23034
2026/05/29 14:55:11.350, 0, 0, 1020, 23034
2026/05/29 14:55:16.351, 0, 0, 1020, 23034
2026/05/29 14:55:21.352, 0, 0, 1020, 23034
2026/05/29 14:55:26.354, 0, 0, 1020, 23034
2026/05/29 14:55:31.355, 0, 0, 1020, 23034
2026/05/29 14:55:36.356, 0, 0, 1020, 23034
2026/05/29 14:55:41.357, 0, 0, 1020, 23034
2026/05/29 14:55:46.358, 0, 0, 1020, 23034
2026/05/29 14:55:51.359, 0, 0, 1020, 23034
2026/05/29 14:55:56.360, 0, 0, 1020, 23034
2026/05/29 14:56:01.361, 0, 0, 1020, 23034
2026/05/29 14:56:06.362, 0, 0, 1020, 23034
2026/05/29 14:56:11.363, 0, 0, 1020, 23034
2026/05/29 14:56:16.365, 0, 0, 1020, 23034
2026/05/29 14:56:21.366, 0, 0, 1020, 23034
2026/05/29 14:56:26.367, 0, 0, 1020, 23034
2026/05/29 14:56:31.368, 0, 0, 1020, 23034
2026/05/29 14:56:36.370, 0, 0, 1020, 23034
2026/05/29 14:56:41.371, 0, 0, 1020, 23034
2026/05/29 14:56:46.372, 0, 0, 1020, 23034
2026/05/29 14:56:51.373, 0, 0, 1020, 23034
2026/05/29 14:56:56.374, 0, 0, 1020, 23034
2026/05/29 14:57:01.375, 0, 0, 1020, 23034
2026/05/29 14:57:06.377, 0, 0, 1020, 23034
2026/05/29 14:57:11.378, 0, 0, 1020, 23034
2026/05/29 14:57:16.379, 0, 0, 1020, 23034
2026/05/29 14:57:21.381, 0, 0, 1020, 23034
2026/05/29 14:57:26.382, 0, 0, 1020, 23034
2026/05/29 14:57:31.383, 0, 0, 1020, 23034
2026/05/29 14:57:36.384, 0, 0, 1020, 23034
2026/05/29 14:57:41.386, 0, 0, 1020, 23034
2026/05/29 14:57:46.386, 0, 0, 1020, 23034
2026/05/29 14:57:51.388, 0, 0, 1020, 23034
2026/05/29 14:57:56.389, 0, 0, 1020, 23034
2026/05/29 14:58:01.390, 0, 0, 1020, 23034
2026/05/29 14:58:06.391, 0, 0, 1020, 23034
2026/05/29 14:58:11.392, 0, 0, 1020, 23034
2026/05/29 14:58:16.394, 0, 0, 1020, 23034
2026/05/29 14:58:21.395, 0, 0, 1020, 23034
2026/05/29 14:58:26.396, 0, 0, 1020, 23034
2026/05/29 14:58:31.398, 0, 0, 1020, 23034
2026/05/29 14:58:36.399, 0, 0, 1020, 23034
2026/05/29 14:58:41.400, 0, 0, 1020, 23034
2026/05/29 14:58:46.402, 0, 0, 1020, 23034
2026/05/29 14:58:51.403, 0, 0, 1020, 23034
2026/05/29 14:58:56.405, 0, 0, 1020, 23034
2026/05/29 14:59:01.406, 0, 0, 1020, 23034
2026/05/29 14:59:06.407, 0, 0, 1020, 23034
2026/05/29 14:59:11.409, 0, 0, 1020, 23034
2026/05/29 14:59:16.410, 0, 0, 1020, 23034
2026/05/29 14:59:21.411, 0, 0, 1020, 23034
2026/05/29 14:59:26.412, 0, 0, 1020, 23034
2026/05/29 14:59:31.413, 0, 0, 1020, 23034
2026/05/29 14:59:36.415, 0, 0, 1020, 23034
2026/05/29 14:59:41.416, 0, 0, 1020, 23034
2026/05/29 14:59:46.417, 0, 0, 1020, 23034
2026/05/29 14:59:51.418, 0, 0, 1020, 23034
2026/05/29 14:59:56.420, 0, 0, 1020, 23034
2026/05/29 15:00:01.420, 0, 0, 1020, 23034
2026/05/29 15:00:06.421, 0, 0, 1020, 23034
2026/05/29 15:00:11.422, 3, 1, 1020, 23034
2026/05/29 15:00:16.423, 0, 0, 1020, 23034
2026/05/29 15:00:21.424, 0, 0, 1039, 23034
2026/05/29 15:00:26.426, 3, 1, 1025, 23034
2026/05/29 15:00:31.427, 0, 0, 1033, 23034
2026/05/29 15:00:36.428, 0, 0, 1033, 23034
2026/05/29 15:00:41.430, 4, 1, 1033, 23034
2026/05/29 15:00:46.431, 0, 0, 1038, 23034
2026/05/29 15:00:51.432, 0, 0, 1038, 23034
2026/05/29 15:00:56.434, 0, 0, 1041, 23034
2026/05/29 15:01:01.435, 0, 0, 1041, 23034
2026/05/29 15:01:06.437, 0, 0, 1039, 23034
2026/05/29 15:01:11.438, 0, 0, 1041, 23034
2026/05/29 15:01:16.439, 2, 0, 1039, 23034
2026/05/29 15:01:21.440, 0, 0, 1040, 23034
2026/05/29 15:01:26.441, 0, 0, 1039, 23034
2026/05/29 15:01:31.442, 0, 0, 1040, 23034
2026/05/29 15:01:36.443, 0, 0, 1064, 23034
2026/05/29 15:01:41.444, 4, 1, 1063, 23034
2026/05/29 15:01:46.445, 0, 0, 1065, 23034
2026/05/29 15:01:51.445, 0, 0, 1052, 23034
2026/05/29 15:01:56.446, 0, 0, 1052, 23034
2026/05/29 15:02:01.447, 0, 0, 1052, 23034
2026/05/29 15:02:06.448, 0, 0, 1052, 23034
2026/05/29 15:02:11.449, 0, 0, 1052, 23034
2026/05/29 15:02:16.451, 0, 0, 1052, 23034
2026/05/29 15:02:21.451, 0, 0, 1052, 23034
2026/05/29 15:02:26.453, 0, 0, 1052, 23034
2026/05/29 15:02:31.454, 0, 0, 1052, 23034
2026/05/29 15:02:36.455, 0, 0, 1052, 23034
2026/05/29 15:02:41.456, 0, 0, 1052, 23034
2026/05/29 15:02:46.457, 0, 0, 1052, 23034
2026/05/29 15:02:51.459, 0, 0, 1052, 23034
2026/05/29 15:02:56.459, 0, 0, 1052, 23034
2026/05/29 15:03:01.460, 0, 0, 1052, 23034
2026/05/29 15:03:06.462, 0, 0, 1052, 23034
2026/05/29 15:03:11.463, 0, 0, 1052, 23034
2026/05/29 15:03:16.464, 0, 0, 1052, 23034
2026/05/29 15:03:21.466, 0, 0, 1052, 23034
2026/05/29 15:03:26.467, 0, 0, 1052, 23034
2026/05/29 15:03:31.468, 0, 0, 1052, 23034
2026/05/29 15:03:36.469, 0, 0, 1052, 23034
2026/05/29 15:03:41.470, 0, 0, 1052, 23034
2026/05/29 15:03:46.471, 0, 0, 1052, 23034
2026/05/29 15:03:51.473, 0, 0, 1052, 23034
2026/05/29 15:03:56.474, 0, 0, 1052, 23034
2026/05/29 15:04:01.475, 0, 0, 1052, 23034
2026/05/29 15:04:06.476, 0, 0, 1052, 23034
2026/05/29 15:04:11.477, 0, 0, 1052, 23034
2026/05/29 15:04:16.477, 0, 0, 1052, 23034
2026/05/29 15:04:21.478, 0, 0, 1052, 23034
2026/05/29 15:04:26.479, 1, 0, 1052, 23034
2026/05/29 15:04:31.480, 1, 0, 1052, 23034
2026/05/29 15:04:36.480, 2, 0, 1052, 23034
2026/05/29 15:04:41.482, 1, 0, 1052, 23034
2026/05/29 15:04:46.483, 0, 0, 1052, 23034
2026/05/29 15:04:51.484, 1, 0, 1052, 23034
2026/05/29 15:04:56.485, 0, 0, 1052, 23034
2026/05/29 15:05:01.486, 0, 0, 1052, 23034
2026/05/29 15:05:06.487, 0, 0, 1052, 23034
2026/05/29 15:05:11.488, 2, 0, 1052, 23034
2026/05/29 15:05:16.489, 0, 0, 1052, 23034
2026/05/29 15:05:21.490, 0, 0, 1052, 23034
2026/05/29 15:05:26.490, 0, 0, 1052, 23034
2026/05/29 15:05:31.491, 0, 0, 1054, 23034
2026/05/29 15:05:36.492, 0, 0, 1092, 23034
2026/05/29 15:05:41.493, 5, 1, 1102, 23034
2026/05/29 15:05:46.495, 0, 0, 1102, 23034
2026/05/29 15:05:51.495, 3, 1, 1102, 23034
2026/05/29 15:05:56.497, 2, 1, 1102, 23034
2026/05/29 15:06:01.498, 0, 0, 1102, 23034
2026/05/29 15:06:06.500, 0, 0, 1102, 23034
2026/05/29 15:06:11.501, 0, 0, 1139, 23034
2026/05/29 15:06:16.502, 4, 1, 1134, 23034
2026/05/29 15:06:21.503, 0, 0, 1157, 23034
2026/05/29 15:06:26.504, 0, 0, 1175, 23034
2026/05/29 15:06:31.506, 0, 0, 1175, 23034
2026/05/29 15:06:36.507, 0, 0, 1175, 23034
2026/05/29 15:06:41.507, 0, 0, 1175, 23034
2026/05/29 15:06:46.508, 0, 0, 1175, 23034
2026/05/29 15:06:51.509, 4, 1, 1169, 23034
2026/05/29 15:06:56.510, 4, 1, 1169, 23034
2026/05/29 15:07:01.511, 0, 0, 1169, 23034
2026/05/29 15:07:06.512, 0, 0, 1169, 23034
2026/05/29 15:07:11.513, 0, 0, 1169, 23034
2026/05/29 15:07:16.514, 1, 0, 1169, 23034
2026/05/29 15:07:21.516, 0, 0, 1169, 23034
2026/05/29 15:07:26.517, 0, 0, 1169, 23034
2026/05/29 15:07:31.518, 4, 1, 1169, 23034
2026/05/29 15:07:36.519, 0, 0, 1169, 23034
2026/05/29 15:07:41.520, 5, 1, 1170, 23034
2026/05/29 15:07:46.522, 0, 0, 1170, 23034
2026/05/29 15:07:51.523, 0, 0, 1170, 23034
2026/05/29 15:07:56.524, 0, 0, 1170, 23034
2026/05/29 15:08:01.525, 0, 0, 1170, 23034
2026/05/29 15:08:06.526, 0, 0, 1170, 23034
2026/05/29 15:08:11.526, 0, 0, 1170, 23034
2026/05/29 15:08:16.527, 0, 0, 1170, 23034
2026/05/29 15:08:21.528, 0, 0, 1170, 23034
2026/05/29 15:08:26.528, 0, 0, 1170, 23034
2026/05/29 15:08:31.529, 0, 0, 1170, 23034
2026/05/29 15:08:36.531, 0, 0, 1170, 23034
2026/05/29 15:08:41.532, 0, 0, 1170, 23034
2026/05/29 15:08:46.533, 0, 0, 1170, 23034
2026/05/29 15:08:51.534, 0, 0, 1170, 23034
2026/05/29 15:08:56.536, 0, 0, 1170, 23034
2026/05/29 15:09:01.537, 0, 0, 1170, 23034
2026/05/29 15:09:06.537, 0, 0, 1170, 23034
2026/05/29 15:09:11.539, 0, 0, 1170, 23034
2026/05/29 15:09:16.539, 0, 0, 1170, 23034
2026/05/29 15:09:21.541, 0, 0, 1170, 23034
2026/05/29 15:09:26.541, 0, 0, 1170, 23034
2026/05/29 15:09:31.543, 0, 0, 1170, 23034
2026/05/29 15:09:36.544, 0, 0, 1170, 23034
2026/05/29 15:09:41.545, 0, 0, 1170, 23034
2026/05/29 15:09:46.546, 0, 0, 1170, 23034
2026/05/29 15:09:51.548, 0, 0, 1170, 23034
2026/05/29 15:09:56.548, 0, 0, 1170, 23034
2026/05/29 15:10:01.550, 0, 0, 1170, 23034
2026/05/29 15:10:06.551, 0, 0, 1170, 23034
2026/05/29 15:10:11.552, 0, 0, 1170, 23034
2026/05/29 15:10:16.553, 0, 0, 1170, 23034
2026/05/29 15:10:21.554, 0, 0, 1170, 23034
2026/05/29 15:10:26.556, 0, 0, 1170, 23034
2026/05/29 15:10:31.556, 0, 0, 1170, 23034
2026/05/29 15:10:36.558, 0, 0, 1170, 23034
2026/05/29 15:10:41.558, 0, 0, 1170, 23034
2026/05/29 15:10:46.559, 0, 0, 1170, 23034
2026/05/29 15:10:51.560, 0, 0, 1170, 23034
2026/05/29 15:10:56.561, 0, 0, 1170, 23034
2026/05/29 15:11:01.562, 0, 0, 1170, 23034
2026/05/29 15:11:06.563, 0, 0, 1170, 23034
2026/05/29 15:11:11.564, 0, 0, 1170, 23034
2026/05/29 15:11:16.565, 0, 0, 1170, 23034
2026/05/29 15:11:21.566, 0, 0, 1170, 23034
2026/05/29 15:11:26.568, 0, 0, 1170, 23034
2026/05/29 15:11:31.568, 0, 0, 1170, 23034
2026/05/29 15:11:36.569, 0, 0, 1170, 23034
2026/05/29 15:11:41.570, 0, 0, 1170, 23034
2026/05/29 15:11:46.571, 0, 0, 1170, 23034
2026/05/29 15:11:51.573, 0, 0, 1170, 23034
2026/05/29 15:11:56.574, 0, 0, 1170, 23034
2026/05/29 15:12:01.575, 0, 0, 1170, 23034
2026/05/29 15:12:06.577, 0, 0, 1170, 23034
2026/05/29 15:12:11.578, 0, 0, 1170, 23034
2026/05/29 15:12:16.579, 0, 0, 1170, 23034
2026/05/29 15:12:21.581, 0, 0, 1170, 23034
2026/05/29 15:12:26.582, 0, 0, 1170, 23034
2026/05/29 15:12:31.583, 0, 0, 1170, 23034
2026/05/29 15:12:36.584, 0, 0, 1170, 23034
2026/05/29 15:12:41.585, 0, 0, 1170, 23034
2026/05/29 15:12:46.587, 0, 0, 1170, 23034
2026/05/29 15:12:51.587, 0, 0, 1170, 23034
2026/05/29 15:12:56.589, 0, 0, 1170, 23034
2026/05/29 15:13:01.590, 0, 0, 1170, 23034
2026/05/29 15:13:06.591, 0, 0, 1170, 23034
2026/05/29 15:13:11.592, 0, 0, 1170, 23034
2026/05/29 15:13:16.593, 0, 0, 1170, 23034
2026/05/29 15:13:21.594, 0, 0, 1170, 23034
2026/05/29 15:13:26.595, 0, 0, 1170, 23034
2026/05/29 15:13:31.596, 0, 0, 1170, 23034
2026/05/29 15:13:36.597, 0, 0, 1170, 23034
2026/05/29 15:13:41.598, 0, 0, 1170, 23034
2026/05/29 15:13:46.599, 0, 0, 1170, 23034
2026/05/29 15:13:51.600, 0, 0, 1170, 23034
2026/05/29 15:13:56.601, 0, 0, 1170, 23034
2026/05/29 15:14:01.603, 0, 0, 1170, 23034
2026/05/29 15:14:06.604, 0, 0, 1170, 23034
2026/05/29 15:14:11.606, 0, 0, 1170, 23034
2026/05/29 15:14:16.607, 0, 0, 1170, 23034
2026/05/29 15:14:21.609, 0, 0, 1170, 23034
2026/05/29 15:14:26.610, 0, 0, 1170, 23034
2026/05/29 15:14:31.611, 0, 0, 1170, 23034
2026/05/29 15:14:36.612, 0, 0, 1170, 23034
2026/05/29 15:14:41.614, 0, 0, 1170, 23034
2026/05/29 15:14:46.614, 0, 0, 1170, 23034
2026/05/29 15:14:51.616, 0, 0, 1170, 23034
2026/05/29 15:14:56.617, 0, 0, 1170, 23034
2026/05/29 15:15:01.618, 0, 0, 1170, 23034
2026/05/29 15:15:06.620, 0, 0, 1170, 23034
2026/05/29 15:15:11.621, 0, 0, 1170, 23034
2026/05/29 15:15:16.622, 0, 0, 1170, 23034
2026/05/29 15:15:21.623, 0, 0, 1170, 23034
2026/05/29 15:15:26.624, 0, 0, 1170, 23034
2026/05/29 15:15:31.625, 0, 0, 1170, 23034
2026/05/29 15:15:36.626, 0, 0, 1170, 23034
2026/05/29 15:15:41.627, 0, 0, 1170, 23034
2026/05/29 15:15:46.628, 0, 0, 1170, 23034
2026/05/29 15:15:51.629, 0, 0, 1170, 23034
2026/05/29 15:15:56.630, 0, 0, 1170, 23034
2026/05/29 15:16:01.631, 0, 0, 1170, 23034
2026/05/29 15:16:06.632, 0, 0, 1170, 23034
2026/05/29 15:16:11.632, 0, 0, 1170, 23034
2026/05/29 15:16:16.633, 0, 0, 1170, 23034
2026/05/29 15:16:21.634, 0, 0, 1170, 23034
2026/05/29 15:16:26.635, 0, 0, 1170, 23034
2026/05/29 15:16:31.636, 0, 0, 1170, 23034
2026/05/29 15:16:36.637, 0, 0, 1170, 23034
2026/05/29 15:16:41.639, 0, 0, 1170, 23034
2026/05/29 15:16:46.639, 0, 0, 1170, 23034
2026/05/29 15:16:51.641, 0, 0, 1170, 23034
2026/05/29 15:16:56.642, 0, 0, 1170, 23034
2026/05/29 15:17:01.643, 0, 0, 1170, 23034
2026/05/29 15:17:06.644, 0, 0, 1170, 23034
2026/05/29 15:17:11.645, 0, 0, 1170, 23034
2026/05/29 15:17:16.647, 0, 0, 1170, 23034
2026/05/29 15:17:21.648, 0, 0, 1170, 23034
2026/05/29 15:17:26.649, 0, 0, 1170, 23034
2026/05/29 15:17:31.651, 0, 0, 1170, 23034
2026/05/29 15:17:36.652, 0, 0, 1170, 23034
2026/05/29 15:17:41.653, 0, 0, 1170, 23034
2026/05/29 15:17:46.654, 0, 0, 1170, 23034
2026/05/29 15:17:51.655, 0, 0, 1170, 23034
2026/05/29 15:17:56.655, 0, 0, 1170, 23034
2026/05/29 15:18:01.657, 0, 0, 1170, 23034
2026/05/29 15:18:06.657, 0, 0, 1170, 23034
2026/05/29 15:18:11.658, 0, 0, 1170, 23034
2026/05/29 15:18:16.659, 0, 0, 1170, 23034
2026/05/29 15:18:21.661, 0, 0, 1170, 23034
2026/05/29 15:18:26.662, 0, 0, 1169, 23034
2026/05/29 15:18:31.663, 0, 0, 1169, 23034
2026/05/29 15:18:36.665, 6, 1, 1169, 23034
2026/05/29 15:18:41.665, 0, 0, 1169, 23034
2026/05/29 15:18:46.667, 2, 0, 1169, 23034
2026/05/29 15:18:51.667, 0, 0, 1169, 23034
2026/05/29 15:18:56.669, 5, 1, 1169, 23034
2026/05/29 15:19:01.669, 0, 0, 1169, 23034
2026/05/29 15:19:06.670, 0, 0, 1169, 23034
2026/05/29 15:19:11.671, 0, 0, 1169, 23034
2026/05/29 15:19:16.672, 0, 0, 1169, 23034
2026/05/29 15:19:21.674, 0, 0, 1169, 23034
2026/05/29 15:19:26.674, 0, 0, 1169, 23034
2026/05/29 15:19:31.676, 0, 0, 1169, 23034
2026/05/29 15:19:36.676, 0, 0, 1169, 23034
2026/05/29 15:19:41.677, 0, 0, 1169, 23034
2026/05/29 15:19:46.678, 0, 0, 1169, 23034
2026/05/29 15:19:51.680, 1, 0, 1169, 23034
2026/05/29 15:19:56.681, 0, 0, 1169, 23034
2026/05/29 15:20:01.682, 0, 0, 1169, 23034
2026/05/29 15:20:06.683, 0, 0, 1169, 23034
2026/05/29 15:20:11.684, 0, 0, 1169, 23034
2026/05/29 15:20:16.685, 0, 0, 1169, 23034
2026/05/29 15:20:21.687, 1, 0, 1169, 23034
2026/05/29 15:20:26.688, 0, 0, 1169, 23034
2026/05/29 15:20:31.689, 0, 0, 1169, 23034
2026/05/29 15:20:36.691, 0, 0, 1169, 23034
2026/05/29 15:20:41.692, 0, 0, 1169, 23034
2026/05/29 15:20:46.693, 0, 0, 1169, 23034
2026/05/29 15:20:51.694, 0, 0, 1169, 23034
2026/05/29 15:20:56.696, 0, 0, 1169, 23034
2026/05/29 15:21:01.697, 0, 0, 1169, 23034
2026/05/29 15:21:06.698, 0, 0, 1169, 23034
2026/05/29 15:21:11.700, 0, 0, 1169, 23034
2026/05/29 15:21:16.701, 0, 0, 1169, 23034
2026/05/29 15:21:21.702, 0, 0, 1169, 23034
2026/05/29 15:21:26.704, 0, 0, 1169, 23034
2026/05/29 15:21:31.705, 0, 0, 1169, 23034
2026/05/29 15:21:36.706, 0, 0, 1169, 23034
2026/05/29 15:21:41.707, 0, 0, 1169, 23034
2026/05/29 15:21:46.708, 0, 0, 1169, 23034
2026/05/29 15:21:51.709, 0, 0, 1169, 23034
2026/05/29 15:21:56.710, 3, 0, 1169, 23034
2026/05/29 15:22:01.711, 0, 0, 1171, 23034
2026/05/29 15:22:06.711, 2, 1, 1175, 23034
2026/05/29 15:22:11.712, 2, 1, 1175, 23034
2026/05/29 15:22:16.714, 0, 0, 1175, 23034
2026/05/29 15:22:21.715, 0, 0, 1175, 23034
2026/05/29 15:22:26.716, 2, 1, 1175, 23034
2026/05/29 15:22:31.717, 3, 0, 1175, 23034
2026/05/29 15:22:36.717, 0, 0, 1175, 23034
2026/05/29 15:22:41.718, 0, 0, 1175, 23034
2026/05/29 15:22:46.720, 2, 0, 1175, 23034
2026/05/29 15:22:51.721, 0, 0, 1175, 23034
2026/05/29 15:22:56.722, 6, 1, 1175, 23034
2026/05/29 15:23:01.723, 0, 0, 1175, 23034
2026/05/29 15:23:06.725, 0, 0, 1175, 23034
2026/05/29 15:23:11.726, 0, 0, 1175, 23034
2026/05/29 15:23:16.727, 0, 0, 1175, 23034
2026/05/29 15:23:21.728, 0, 0, 1175, 23034
2026/05/29 15:23:26.729, 0, 0, 1175, 23034
2026/05/29 15:23:31.730, 0, 0, 1175, 23034
2026/05/29 15:23:36.731, 0, 0, 1175, 23034
2026/05/29 15:23:41.732, 0, 0, 1175, 23034
2026/05/29 15:23:46.733, 0, 0, 1175, 23034
2026/05/29 15:23:51.734, 0, 0, 1175, 23034
2026/05/29 15:23:56.735, 0, 0, 1175, 23034
2026/05/29 15:24:01.735, 0, 0, 1175, 23034
2026/05/29 15:24:06.736, 0, 0, 1175, 23034
2026/05/29 15:24:11.737, 0, 0, 1175, 23034
2026/05/29 15:24:16.737, 0, 0, 1175, 23034
2026/05/29 15:24:21.738, 0, 0, 1175, 23034
2026/05/29 15:24:26.738, 0, 0, 1175, 23034
2026/05/29 15:24:31.740, 0, 0, 1175, 23034
2026/05/29 15:24:36.740, 0, 0, 1175, 23034
2026/05/29 15:24:41.741, 0, 0, 1175, 23034
2026/05/29 15:24:46.742, 0, 0, 1175, 23034
2026/05/29 15:24:51.743, 0, 0, 1175, 23034
2026/05/29 15:24:56.744, 0, 0, 1175, 23034
2026/05/29 15:25:01.744, 0, 0, 1175, 23034
2026/05/29 15:25:06.746, 0, 0, 1175, 23034
2026/05/29 15:25:11.747, 0, 0, 1175, 23034
2026/05/29 15:25:16.748, 0, 0, 1175, 23034
2026/05/29 15:25:21.749, 0, 0, 1175, 23034
2026/05/29 15:25:26.751, 1, 0, 1175, 23034
2026/05/29 15:25:31.752, 0, 0, 1175, 23034
2026/05/29 15:25:36.753, 0, 0, 1175, 23034
2026/05/29 15:25:41.755, 0, 0, 1175, 23034
2026/05/29 15:25:46.756, 0, 0, 1175, 23034
2026/05/29 15:25:51.757, 0, 0, 1175, 23034
2026/05/29 15:25:56.758, 0, 0, 1175, 23034
2026/05/29 15:26:01.759, 0, 0, 1175, 23034
2026/05/29 15:26:06.760, 0, 0, 1175, 23034
2026/05/29 15:26:11.761, 0, 0, 1175, 23034
2026/05/29 15:26:16.762, 0, 0, 1175, 23034
2026/05/29 15:26:21.763, 0, 0, 1175, 23034
2026/05/29 15:26:26.764, 0, 0, 1175, 23034
2026/05/29 15:26:31.765, 0, 0, 1175, 23034
2026/05/29 15:26:36.766, 0, 0, 1175, 23034
2026/05/29 15:26:41.766, 0, 0, 1175, 23034
2026/05/29 15:26:46.768, 0, 0, 1175, 23034
2026/05/29 15:26:51.769, 0, 0, 1175, 23034
2026/05/29 15:26:56.770, 0, 0, 1175, 23034
2026/05/29 15:27:01.772, 0, 0, 1175, 23034
2026/05/29 15:27:06.773, 0, 0, 1175, 23034
2026/05/29 15:27:11.774, 0, 0, 1175, 23034
2026/05/29 15:27:16.776, 0, 0, 1175, 23034
2026/05/29 15:27:21.776, 0, 0, 1175, 23034
2026/05/29 15:27:26.777, 0, 0, 1175, 23034
2026/05/29 15:27:31.778, 0, 0, 1175, 23034
2026/05/29 15:27:36.779, 0, 0, 1175, 23034
2026/05/29 15:27:41.780, 0, 0, 1175, 23034
2026/05/29 15:27:46.781, 0, 0, 1175, 23034
2026/05/29 15:27:51.782, 0, 0, 1175, 23034
2026/05/29 15:27:56.784, 0, 0, 1175, 23034
2026/05/29 15:28:01.784, 0, 0, 1175, 23034
2026/05/29 15:28:06.786, 0, 0, 1175, 23034
2026/05/29 15:28:11.787, 0, 0, 1175, 23034
2026/05/29 15:28:16.788, 0, 0, 1175, 23034
2026/05/29 15:28:21.789, 3, 1, 1175, 23034
2026/05/29 15:28:26.790, 0, 0, 1175, 23034
2026/05/29 15:28:31.791, 0, 0, 1175, 23034
2026/05/29 15:28:36.792, 0, 0, 1175, 23034
2026/05/29 15:28:41.794, 0, 0, 1175, 23034
2026/05/29 15:28:46.795, 0, 0, 1175, 23034
2026/05/29 15:28:51.796, 0, 0, 1175, 23034
2026/05/29 15:28:56.798, 0, 0, 1175, 23034
2026/05/29 15:29:01.798, 0, 0, 1175, 23034
2026/05/29 15:29:06.799, 0, 0, 1175, 23034
2026/05/29 15:29:11.800, 0, 0, 1175, 23034
2026/05/29 15:29:16.801, 0, 0, 1175, 23034
2026/05/29 15:29:21.802, 0, 0, 1175, 23034
2026/05/29 15:29:26.803, 2, 0, 1175, 23034
2026/05/29 15:29:31.805, 0, 0, 1175, 23034
2026/05/29 15:29:36.806, 0, 0, 1175, 23034
2026/05/29 15:29:41.807, 1, 0, 1175, 23034
2026/05/29 15:29:46.808, 0, 0, 1175, 23034
2026/05/29 15:29:51.809, 0, 0, 1175, 23034
2026/05/29 15:29:56.810, 0, 0, 1175, 23034
2026/05/29 15:30:01.811, 0, 0, 1175, 23034
2026/05/29 15:30:06.812, 2, 0, 1175, 23034
2026/05/29 15:30:11.813, 7, 1, 1175, 23034
2026/05/29 15:30:16.814, 0, 0, 1175, 23034
2026/05/29 15:30:21.815, 0, 0, 1175, 23034
2026/05/29 15:30:26.816, 1, 0, 1175, 23034
2026/05/29 15:30:31.817, 22, 1, 1175, 23034
2026/05/29 15:30:36.819, 0, 0, 1175, 23034
2026/05/29 15:30:41.820, 2, 0, 1175, 23034
2026/05/29 15:30:46.821, 2, 0, 1175, 23034
2026/05/29 15:30:51.823, 1, 0, 1175, 23034
2026/05/29 15:30:56.824, 1, 0, 1175, 23034
2026/05/29 15:31:01.825, 0, 0, 1175, 23034
2026/05/29 15:31:06.826, 0, 0, 1175, 23034
2026/05/29 15:31:11.827, 0, 0, 1175, 23034
2026/05/29 15:31:16.829, 0, 0, 1175, 23034
2026/05/29 15:31:21.830, 0, 0, 1175, 23034
2026/05/29 15:31:26.831, 0, 0, 1175, 23034
2026/05/29 15:31:31.833, 0, 0, 1175, 23034
2026/05/29 15:31:36.833, 0, 0, 1175, 23034
2026/05/29 15:31:41.835, 0, 0, 1175, 23034
2026/05/29 15:31:46.836, 0, 0, 1175, 23034
2026/05/29 15:31:51.837, 0, 0, 1175, 23034
2026/05/29 15:31:56.837, 0, 0, 1175, 23034
2026/05/29 15:32:01.838, 0, 0, 1175, 23034
2026/05/29 15:32:06.839, 0, 0, 1175, 23034
2026/05/29 15:32:11.840, 0, 0, 1175, 23034
2026/05/29 15:32:16.842, 0, 0, 1175, 23034
2026/05/29 15:32:21.843, 0, 0, 1175, 23034
2026/05/29 15:32:26.844, 0, 0, 1175, 23034
2026/05/29 15:32:31.845, 0, 0, 1175, 23034
2026/05/29 15:32:36.846, 0, 0, 1175, 23034
2026/05/29 15:32:41.848, 0, 0, 1175, 23034
2026/05/29 15:32:46.849, 0, 0, 1175, 23034
2026/05/29 15:32:51.851, 0, 0, 1175, 23034
2026/05/29 15:32:56.851, 0, 0, 1175, 23034
2026/05/29 15:33:01.853, 2, 0, 1175, 23034
2026/05/29 15:33:06.854, 2, 0, 1175, 23034
2026/05/29 15:33:11.855, 0, 0, 1188, 23034
2026/05/29 15:33:16.856, 0, 0, 1181, 23034
2026/05/29 15:33:21.857, 6, 1, 1175, 23034
2026/05/29 15:33:26.858, 0, 0, 1175, 23034
2026/05/29 15:33:31.860, 0, 0, 1175, 23034
2026/05/29 15:33:36.861, 0, 0, 1175, 23034
2026/05/29 15:33:41.862, 2, 0, 1175, 23034
2026/05/29 15:33:46.862, 1, 0, 1175, 23034
2026/05/29 15:33:51.863, 0, 0, 1175, 23034
2026/05/29 15:33:56.864, 0, 0, 1175, 23034
2026/05/29 15:34:01.865, 8, 1, 1175, 23034
2026/05/29 15:34:06.866, 0, 0, 1175, 23034
2026/05/29 15:34:11.868, 0, 0, 1175, 23034
2026/05/29 15:34:16.868, 6, 1, 1175, 23034
2026/05/29 15:34:21.870, 0, 0, 1175, 23034
2026/05/29 15:34:26.871, 3, 0, 1175, 23034
2026/05/29 15:34:31.872, 0, 0, 1175, 23034
2026/05/29 15:34:36.873, 0, 0, 1175, 23034
2026/05/29 15:34:41.874, 1, 0, 1175, 23034
2026/05/29 15:34:46.875, 0, 0, 1175, 23034
2026/05/29 15:34:51.875, 2, 0, 1175, 23034
2026/05/29 15:34:56.877, 6, 1, 1175, 23034
2026/05/29 15:35:01.878, 0, 0, 1175, 23034
2026/05/29 15:35:06.879, 1, 0, 1175, 23034
2026/05/29 15:35:11.880, 1, 0, 1175, 23034
2026/05/29 15:35:16.882, 0, 0, 1175, 23034
2026/05/29 15:35:21.883, 2, 0, 1175, 23034
2026/05/29 15:35:26.884, 1, 0, 1175, 23034
2026/05/29 15:35:31.885, 1, 0, 1175, 23034
2026/05/29 15:35:36.887, 0, 0, 1175, 23034
2026/05/29 15:35:41.888, 0, 0, 1175, 23034
2026/05/29 15:35:46.889, 0, 0, 1189, 23034
2026/05/29 15:35:51.891, 0, 0, 1175, 23034
2026/05/29 15:35:56.892, 0, 0, 1175, 23034
2026/05/29 15:36:01.893, 1, 0, 1175, 23034
2026/05/29 15:36:06.894, 0, 0, 1175, 23034
2026/05/29 15:36:11.896, 0, 0, 1175, 23034
2026/05/29 15:36:16.896, 0, 0, 1175, 23034
2026/05/29 15:36:21.898, 0, 0, 1175, 23034
2026/05/29 15:36:26.898, 0, 0, 1175, 23034
2026/05/29 15:36:31.900, 0, 0, 1175, 23034
2026/05/29 15:36:36.901, 0, 0, 1175, 23034
2026/05/29 15:36:41.902, 0, 0, 1175, 23034
2026/05/29 15:36:46.904, 0, 0, 1175, 23034
2026/05/29 15:36:51.905, 0, 0, 1175, 23034
2026/05/29 15:36:56.906, 0, 0, 1175, 23034
2026/05/29 15:37:01.906, 3, 1, 1183, 23034
2026/05/29 15:37:06.907, 0, 0, 1177, 23034
2026/05/29 15:37:11.908, 1, 0, 1177, 23034
2026/05/29 15:37:16.909, 0, 0, 1177, 23034
2026/05/29 15:37:21.910, 0, 0, 1177, 23034
2026/05/29 15:37:26.911, 0, 0, 1177, 23034
2026/05/29 15:37:31.913, 0, 0, 1177, 23034
2026/05/29 15:37:36.913, 0, 0, 1177, 23034
2026/05/29 15:37:41.915, 0, 0, 1177, 23034
2026/05/29 15:37:46.916, 0, 0, 1178, 23034
2026/05/29 15:37:51.917, 1, 0, 1178, 23034
2026/05/29 15:37:56.919, 0, 0, 1178, 23034
2026/05/29 15:38:01.920, 0, 0, 1178, 23034
2026/05/29 15:38:06.921, 0, 0, 1177, 23034
2026/05/29 15:38:11.922, 0, 0, 1177, 23034
2026/05/29 15:38:16.924, 0, 0, 1177, 23034
2026/05/29 15:38:21.925, 0, 0, 1177, 23034
2026/05/29 15:38:26.926, 0, 0, 1177, 23034
2026/05/29 15:38:31.927, 0, 0, 1177, 23034
2026/05/29 15:38:36.928, 0, 0, 1177, 23034
2026/05/29 15:38:41.930, 2, 0, 1177, 23034
2026/05/29 15:38:46.931, 0, 0, 1177, 23034
2026/05/29 15:38:51.932, 0, 0, 1177, 23034
2026/05/29 15:38:56.933, 3, 0, 1177, 23034
2026/05/29 15:39:01.934, 4, 1, 1177, 23034
2026/05/29 15:39:06.935, 2, 0, 1177, 23034
2026/05/29 15:39:11.936, 0, 0, 1177, 23034
2026/05/29 15:39:16.937, 0, 0, 1177, 23034
2026/05/29 15:39:21.938, 0, 0, 1177, 23034
2026/05/29 15:39:26.939, 0, 0, 1177, 23034
2026/05/29 15:39:31.940, 0, 0, 1177, 23034
2026/05/29 15:39:36.941, 0, 0, 1177, 23034
2026/05/29 15:39:41.943, 0, 0, 1177, 23034
2026/05/29 15:39:46.943, 0, 0, 1177, 23034
2026/05/29 15:39:51.944, 0, 0, 1177, 23034
2026/05/29 15:39:56.945, 0, 0, 1177, 23034
2026/05/29 15:40:01.945, 0, 0, 1177, 23034
2026/05/29 15:40:06.946, 1, 0, 1177, 23034
2026/05/29 15:40:11.947, 0, 0, 1177, 23034
2026/05/29 15:40:16.947, 0, 0, 1177, 23034
2026/05/29 15:40:21.949, 0, 0, 1177, 23034
2026/05/29 15:40:26.949, 0, 0, 1177, 23034
2026/05/29 15:40:31.950, 0, 0, 1177, 23034
2026/05/29 15:40:36.952, 1, 0, 1177, 23034
2026/05/29 15:40:41.953, 4, 1, 1177, 23034
2026/05/29 15:40:46.954, 0, 0, 1177, 23034
2026/05/29 15:40:51.955, 0, 0, 1177, 23034
2026/05/29 15:40:56.956, 0, 0, 1177, 23034
2026/05/29 15:41:01.957, 1, 0, 1177, 23034
2026/05/29 15:41:06.959, 0, 0, 1177, 23034
2026/05/29 15:41:11.960, 0, 0, 1177, 23034
2026/05/29 15:41:16.961, 0, 0, 1177, 23034
2026/05/29 15:41:21.962, 2, 0, 1177, 23034
2026/05/29 15:41:26.963, 0, 0, 1177, 23034
2026/05/29 15:41:31.964, 4, 1, 1177, 23034
2026/05/29 15:41:36.964, 1, 0, 1177, 23034
2026/05/29 15:41:41.966, 1, 0, 1177, 23034
2026/05/29 15:41:46.967, 0, 0, 1177, 23034
2026/05/29 15:41:51.968, 1, 0, 1177, 23034
2026/05/29 15:41:56.969, 4, 1, 1177, 23034
2026/05/29 15:42:01.970, 0, 0, 1177, 23034
2026/05/29 15:42:06.972, 1, 0, 1177, 23034
2026/05/29 15:42:11.973, 2, 1, 1177, 23034
2026/05/29 15:42:16.974, 4, 1, 1177, 23034
2026/05/29 15:42:21.975, 37, 1, 1177, 23034
2026/05/29 15:42:26.976, 0, 0, 1177, 23034
2026/05/29 15:42:31.977, 0, 0, 1177, 23034
2026/05/29 15:42:36.978, 0, 0, 1177, 23034
2026/05/29 15:42:41.979, 0, 0, 1177, 23034
2026/05/29 15:42:46.980, 5, 0, 1177, 23034
2026/05/29 15:42:51.981, 2, 0, 1177, 23034
2026/05/29 15:42:56.983, 0, 0, 1177, 23034
2026/05/29 15:43:01.984, 0, 0, 1177, 23034
2026/05/29 15:43:06.984, 0, 0, 1177, 23034
2026/05/29 15:43:11.985, 0, 0, 1177, 23034
2026/05/29 15:43:16.986, 0, 0, 1177, 23034
2026/05/29 15:43:21.988, 0, 0, 1177, 23034
2026/05/29 15:43:26.989, 0, 0, 1177, 23034
2026/05/29 15:43:31.989, 0, 0, 1177, 23034
2026/05/29 15:43:36.990, 0, 0, 1177, 23034
2026/05/29 15:43:41.991, 0, 0, 1177, 23034
2026/05/29 15:43:46.992, 2, 0, 1177, 23034
2026/05/29 15:43:51.994, 0, 0, 1177, 23034
2026/05/29 15:43:56.995, 0, 0, 1177, 23034
2026/05/29 15:44:01.997, 0, 0, 1177, 23034
2026/05/29 15:44:06.998, 0, 0, 1177, 23034
2026/05/29 15:44:11.999, 0, 0, 1177, 23034
2026/05/29 15:44:17.000, 0, 0, 1177, 23034
2026/05/29 15:44:22.002, 0, 0, 1177, 23034
2026/05/29 15:44:27.003, 0, 0, 1177, 23034
2026/05/29 15:44:32.004, 0, 0, 1177, 23034
2026/05/29 15:44:37.005, 0, 0, 1177, 23034
2026/05/29 15:44:42.006, 0, 0, 1177, 23034
2026/05/29 15:44:47.007, 0, 0, 1177, 23034
2026/05/29 15:44:52.008, 0, 0, 1177, 23034
2026/05/29 15:44:57.010, 0, 0, 1177, 23034
2026/05/29 15:45:02.011, 0, 0, 1177, 23034
2026/05/29 15:45:07.012, 0, 0, 1177, 23034
2026/05/29 15:45:12.014, 0, 0, 1177, 23034
2026/05/29 15:45:17.014, 0, 0, 1177, 23034
2026/05/29 15:45:22.016, 0, 0, 1177, 23034
2026/05/29 15:45:27.017, 0, 0, 1177, 23034
2026/05/29 15:45:32.018, 0, 0, 1177, 23034
2026/05/29 15:45:37.020, 0, 0, 1177, 23034
2026/05/29 15:45:42.021, 0, 0, 1177, 23034
2026/05/29 15:45:47.022, 0, 0, 1177, 23034
2026/05/29 15:45:52.023, 0, 0, 1177, 23034
2026/05/29 15:45:57.024, 0, 0, 1177, 23034
2026/05/29 15:46:02.026, 0, 0, 1177, 23034
2026/05/29 15:46:07.027, 0, 0, 1177, 23034
2026/05/29 15:46:12.028, 0, 0, 1177, 23034
2026/05/29 15:46:17.030, 0, 0, 1177, 23034
2026/05/29 15:46:22.031, 0, 0, 1177, 23034
2026/05/29 15:46:27.032, 0, 0, 1177, 23034
2026/05/29 15:46:32.034, 0, 0, 1177, 23034
2026/05/29 15:46:37.035, 0, 0, 1177, 23034
2026/05/29 15:46:42.037, 0, 0, 1177, 23034
2026/05/29 15:46:47.038, 0, 0, 1177, 23034
2026/05/29 15:46:52.039, 0, 0, 1177, 23034
2026/05/29 15:46:57.040, 0, 0, 1177, 23034
2026/05/29 15:47:02.041, 0, 0, 1177, 23034
2026/05/29 15:47:07.042, 0, 0, 1177, 23034
2026/05/29 15:47:12.043, 0, 0, 1177, 23034
2026/05/29 15:47:17.044, 0, 0, 1177, 23034
2026/05/29 15:47:22.045, 0, 0, 1177, 23034
2026/05/29 15:47:27.045, 0, 0, 1177, 23034
2026/05/29 15:47:32.047, 0, 0, 1177, 23034
2026/05/29 15:47:37.048, 0, 0, 1177, 23034
2026/05/29 15:47:42.049, 0, 0, 1177, 23034
2026/05/29 15:47:47.049, 0, 0, 1177, 23034
2026/05/29 15:47:52.050, 0, 0, 1177, 23034
2026/05/29 15:47:57.051, 0, 0, 1177, 23034
2026/05/29 15:48:02.053, 0, 0, 1177, 23034
2026/05/29 15:48:07.054, 0, 0, 1177, 23034
2026/05/29 15:48:12.055, 0, 0, 1177, 23034
2026/05/29 15:48:17.056, 0, 0, 1177, 23034
2026/05/29 15:48:22.056, 0, 0, 1177, 23034
2026/05/29 15:48:27.058, 0, 0, 1177, 23034
2026/05/29 15:48:32.059, 0, 0, 1177, 23034
2026/05/29 15:48:37.060, 0, 0, 1177, 23034
2026/05/29 15:48:42.060, 0, 0, 1177, 23034
2026/05/29 15:48:47.062, 0, 0, 1177, 23034
2026/05/29 15:48:52.063, 0, 0, 1177, 23034
2026/05/29 15:48:57.064, 4, 1, 1177, 23034
2026/05/29 15:49:02.065, 2, 1, 1177, 23034
2026/05/29 15:49:07.067, 0, 0, 1187, 23034
2026/05/29 15:49:12.068, 0, 0, 1187, 23034
2026/05/29 15:49:17.068, 0, 0, 1187, 23034
2026/05/29 15:49:22.069, 0, 0, 1187, 23034
2026/05/29 15:49:27.071, 0, 0, 1187, 23034
2026/05/29 15:49:32.072, 0, 0, 1187, 23034
2026/05/29 15:49:37.073, 0, 0, 1187, 23034
2026/05/29 15:49:42.074, 0, 0, 1187, 23034
2026/05/29 15:49:47.075, 0, 0, 1187, 23034
2026/05/29 15:49:52.077, 0, 0, 1187, 23034
2026/05/29 15:49:57.078, 0, 0, 1187, 23034
2026/05/29 15:50:02.079, 0, 0, 1187, 23034
2026/05/29 15:50:07.079, 0, 0, 1187, 23034
2026/05/29 15:50:12.081, 0, 0, 1187, 23034
2026/05/29 15:50:17.082, 0, 0, 1187, 23034
2026/05/29 15:50:22.083, 0, 0, 1187, 23034
2026/05/29 15:50:27.084, 0, 0, 1187, 23034
2026/05/29 15:50:32.085, 0, 0, 1187, 23034
2026/05/29 15:50:37.086, 0, 0, 1187, 23034
2026/05/29 15:50:42.087, 0, 0, 1187, 23034
2026/05/29 15:50:47.087, 0, 0, 1187, 23034
2026/05/29 15:50:52.089, 0, 0, 1187, 23034
2026/05/29 15:50:57.090, 0, 0, 1187, 23034
2026/05/29 15:51:02.091, 0, 0, 1187, 23034
2026/05/29 15:51:07.091, 0, 0, 1187, 23034
2026/05/29 15:51:12.093, 0, 0, 1187, 23034
2026/05/29 15:51:17.094, 0, 0, 1187, 23034
2026/05/29 15:51:22.094, 0, 0, 1187, 23034
2026/05/29 15:51:27.096, 0, 0, 1187, 23034
2026/05/29 15:51:32.097, 0, 0, 1187, 23034
2026/05/29 15:51:37.098, 0, 0, 1187, 23034
2026/05/29 15:51:42.099, 0, 0, 1187, 23034
2026/05/29 15:51:47.100, 0, 0, 1187, 23034
2026/05/29 15:51:52.102, 0, 0, 1187, 23034
2026/05/29 15:51:57.102, 0, 0, 1187, 23034
2026/05/29 15:52:02.103, 0, 0, 1187, 23034
2026/05/29 15:52:07.104, 0, 0, 1187, 23034
2026/05/29 15:52:12.106, 0, 0, 1187, 23034
2026/05/29 15:52:17.106, 0, 0, 1187, 23034
2026/05/29 15:52:22.108, 0, 0, 1187, 23034
2026/05/29 15:52:27.109, 0, 0, 1187, 23034
2026/05/29 15:52:32.110, 0, 0, 1187, 23034
2026/05/29 15:52:37.111, 0, 0, 1187, 23034
2026/05/29 15:52:42.112, 0, 0, 1187, 23034
2026/05/29 15:52:47.114, 0, 0, 1187, 23034
2026/05/29 15:52:52.114, 0, 0, 1187, 23034
2026/05/29 15:52:57.116, 0, 0, 1187, 23034
2026/05/29 15:53:02.117, 0, 0, 1187, 23034
2026/05/29 15:53:07.118, 0, 0, 1187, 23034
2026/05/29 15:53:12.120, 0, 0, 1187, 23034
2026/05/29 15:53:17.121, 0, 0, 1187, 23034
2026/05/29 15:53:22.122, 0, 0, 1187, 23034
2026/05/29 15:53:27.123, 0, 0, 1187, 23034
2026/05/29 15:53:32.124, 0, 0, 1187, 23034
2026/05/29 15:53:37.125, 0, 0, 1187, 23034
2026/05/29 15:53:42.126, 0, 0, 1187, 23034
2026/05/29 15:53:47.128, 0, 0, 1187, 23034
2026/05/29 15:53:52.129, 0, 0, 1187, 23034
2026/05/29 15:53:57.130, 0, 0, 1187, 23034
2026/05/29 15:54:02.131, 0, 0, 1187, 23034
2026/05/29 15:54:07.133, 0, 0, 1187, 23034
2026/05/29 15:54:12.134, 0, 0, 1187, 23034
2026/05/29 15:54:17.135, 0, 0, 1187, 23034
2026/05/29 15:54:22.137, 0, 0, 1187, 23034
2026/05/29 15:54:27.138, 0, 0, 1187, 23034
2026/05/29 15:54:32.139, 0, 0, 1187, 23034
2026/05/29 15:54:37.140, 0, 0, 1187, 23034
2026/05/29 15:54:42.142, 0, 0, 1187, 23034
2026/05/29 15:54:47.143, 0, 0, 1187, 23034
2026/05/29 15:54:52.144, 0, 0, 1187, 23034
2026/05/29 15:54:57.145, 0, 0, 1187, 23034
2026/05/29 15:55:02.147, 0, 0, 1187, 23034
2026/05/29 15:55:07.148, 0, 0, 1187, 23034
2026/05/29 15:55:12.149, 0, 0, 1187, 23034
2026/05/29 15:55:17.151, 0, 0, 1187, 23034
2026/05/29 15:55:22.152, 0, 0, 1187, 23034
2026/05/29 15:55:27.153, 0, 0, 1187, 23034
2026/05/29 15:55:32.154, 0, 0, 1187, 23034
2026/05/29 15:55:37.156, 0, 0, 1187, 23034
2026/05/29 15:55:42.156, 0, 0, 1187, 23034
2026/05/29 15:55:47.157, 0, 0, 1187, 23034
2026/05/29 15:55:52.158, 0, 0, 1187, 23034
2026/05/29 15:55:57.158, 0, 0, 1187, 23034
2026/05/29 15:56:02.159, 0, 0, 1187, 23034
2026/05/29 15:56:07.160, 0, 0, 1187, 23034
2026/05/29 15:56:12.161, 0, 0, 1187, 23034
2026/05/29 15:56:17.162, 0, 0, 1187, 23034
2026/05/29 15:56:22.164, 0, 0, 1187, 23034
2026/05/29 15:56:27.165, 0, 0, 1187, 23034
2026/05/29 15:56:32.167, 0, 0, 1187, 23034
2026/05/29 15:56:37.167, 0, 0, 1187, 23034
2026/05/29 15:56:42.168, 0, 0, 1187, 23034
2026/05/29 15:56:47.169, 0, 0, 1187, 23034
2026/05/29 15:56:52.170, 0, 0, 1187, 23034
2026/05/29 15:56:57.172, 0, 0, 1187, 23034
2026/05/29 15:57:02.172, 0, 0, 1187, 23034
2026/05/29 15:57:07.174, 0, 0, 1187, 23034
2026/05/29 15:57:12.175, 0, 0, 1187, 23034
2026/05/29 15:57:17.177, 0, 0, 1187, 23034
2026/05/29 15:57:22.178, 0, 0, 1187, 23034
2026/05/29 15:57:27.179, 0, 0, 1187, 23034
2026/05/29 15:57:32.180, 0, 0, 1187, 23034
2026/05/29 15:57:37.181, 0, 0, 1187, 23034
2026/05/29 15:57:42.182, 0, 0, 1187, 23034
2026/05/29 15:57:47.184, 0, 0, 1187, 23034
2026/05/29 15:57:52.185, 0, 0, 1187, 23034
2026/05/29 15:57:57.186, 0, 0, 1187, 23034
2026/05/29 15:58:02.187, 0, 0, 1187, 23034
2026/05/29 15:58:07.188, 0, 0, 1187, 23034
2026/05/29 15:58:12.190, 0, 0, 1187, 23034
2026/05/29 15:58:17.191, 0, 0, 1187, 23034
2026/05/29 15:58:22.192, 0, 0, 1187, 23034
2026/05/29 15:58:27.193, 0, 0, 1187, 23034
2026/05/29 15:58:32.194, 0, 0, 1187, 23034
2026/05/29 15:58:37.196, 0, 0, 1187, 23034
2026/05/29 15:58:42.197, 0, 0, 1187, 23034
2026/05/29 15:58:47.198, 0, 0, 1187, 23034
2026/05/29 15:58:52.200, 0, 0, 1187, 23034
2026/05/29 15:58:57.201, 0, 0, 1187, 23034
2026/05/29 15:59:02.202, 0, 0, 1187, 23034
2026/05/29 15:59:07.203, 0, 0, 1187, 23034
2026/05/29 15:59:12.204, 0, 0, 1187, 23034
2026/05/29 15:59:17.205, 0, 0, 1187, 23034
2026/05/29 15:59:22.206, 0, 0, 1187, 23034
2026/05/29 15:59:27.207, 0, 0, 1187, 23034
2026/05/29 15:59:32.209, 0, 0, 1187, 23034
2026/05/29 15:59:37.210, 0, 0, 1187, 23034
2026/05/29 15:59:42.211, 0, 0, 1187, 23034
2026/05/29 15:59:47.213, 0, 0, 1187, 23034
2026/05/29 15:59:52.214, 0, 0, 1187, 23034
2026/05/29 15:59:57.214, 0, 0, 1187, 23034
2026/05/29 16:00:02.215, 0, 0, 1187, 23034
2026/05/29 16:00:07.217, 0, 0, 1187, 23034
2026/05/29 16:00:12.217, 0, 0, 1187, 23034
2026/05/29 16:00:17.218, 0, 0, 1187, 23034
2026/05/29 16:00:22.219, 0, 0, 1187, 23034
2026/05/29 16:00:27.220, 0, 0, 1187, 23034
2026/05/29 16:00:32.221, 0, 0, 1187, 23034
2026/05/29 16:00:37.223, 0, 0, 1187, 23034
2026/05/29 16:00:42.224, 0, 0, 1187, 23034
2026/05/29 16:00:47.225, 0, 0, 1187, 23034
2026/05/29 16:00:52.227, 0, 0, 1187, 23034
2026/05/29 16:00:57.227, 0, 0, 1187, 23034
2026/05/29 16:01:02.228, 0, 0, 1187, 23034
2026/05/29 16:01:07.229, 0, 0, 1187, 23034
2026/05/29 16:01:12.230, 0, 0, 1187, 23034
2026/05/29 16:01:17.231, 0, 0, 1187, 23034
2026/05/29 16:01:22.232, 0, 0, 1187, 23034
2026/05/29 16:01:27.234, 0, 0, 1187, 23034
2026/05/29 16:01:32.235, 0, 0, 1187, 23034
2026/05/29 16:01:37.236, 0, 0, 1187, 23034
2026/05/29 16:01:42.238, 0, 0, 1187, 23034
2026/05/29 16:01:47.239, 0, 0, 1187, 23034
2026/05/29 16:01:52.240, 0, 0, 1187, 23034
2026/05/29 16:01:57.241, 0, 0, 1187, 23034
2026/05/29 16:02:02.242, 0, 0, 1187, 23034
2026/05/29 16:02:07.243, 0, 0, 1187, 23034
2026/05/29 16:02:12.245, 0, 0, 1187, 23034
2026/05/29 16:02:17.246, 0, 0, 1187, 23034
2026/05/29 16:02:22.247, 0, 0, 1187, 23034
2026/05/29 16:02:27.248, 0, 0, 1187, 23034
2026/05/29 16:02:32.250, 0, 0, 1187, 23034
2026/05/29 16:02:37.251, 0, 0, 1187, 23034
2026/05/29 16:02:42.252, 0, 0, 1187, 23034
2026/05/29 16:02:47.254, 0, 0, 1187, 23034
2026/05/29 16:02:52.255, 0, 0, 1187, 23034
2026/05/29 16:02:57.256, 0, 0, 1187, 23034
2026/05/29 16:03:02.257, 0, 0, 1187, 23034
2026/05/29 16:03:07.258, 0, 0, 1187, 23034
2026/05/29 16:03:12.259, 0, 0, 1187, 23034
2026/05/29 16:03:17.261, 0, 0, 1187, 23034
2026/05/29 16:03:22.262, 0, 0, 1187, 23034
2026/05/29 16:03:27.263, 0, 0, 1187, 23034
2026/05/29 16:03:32.265, 0, 0, 1187, 23034
2026/05/29 16:03:37.265, 0, 0, 1187, 23034
2026/05/29 16:03:42.266, 0, 0, 1187, 23034
2026/05/29 16:03:47.267, 0, 0, 1187, 23034
2026/05/29 16:03:52.267, 0, 0, 1187, 23034
2026/05/29 16:03:57.268, 0, 0, 1187, 23034
2026/05/29 16:04:02.269, 0, 0, 1187, 23034
2026/05/29 16:04:07.270, 0, 0, 1187, 23034
2026/05/29 16:04:12.271, 0, 0, 1187, 23034
2026/05/29 16:04:17.273, 0, 0, 1187, 23034
2026/05/29 16:04:22.273, 0, 0, 1187, 23034
2026/05/29 16:04:27.275, 0, 0, 1187, 23034
2026/05/29 16:04:32.276, 0, 0, 1187, 23034
2026/05/29 16:04:37.277, 0, 0, 1187, 23034
2026/05/29 16:04:42.278, 0, 0, 1187, 23034
2026/05/29 16:04:47.279, 0, 0, 1187, 23034
2026/05/29 16:04:52.281, 0, 0, 1187, 23034
2026/05/29 16:04:57.282, 0, 0, 1187, 23034
2026/05/29 16:05:02.283, 0, 0, 1187, 23034
2026/05/29 16:05:07.284, 0, 0, 1187, 23034
2026/05/29 16:05:12.284, 0, 0, 1187, 23034
2026/05/29 16:05:17.286, 0, 0, 1187, 23034
2026/05/29 16:05:22.286, 0, 0, 1187, 23034
2026/05/29 16:05:27.288, 0, 0, 1187, 23034
2026/05/29 16:05:32.289, 0, 0, 1187, 23034
2026/05/29 16:05:37.290, 0, 0, 1187, 23034
2026/05/29 16:05:42.290, 0, 0, 1187, 23034
2026/05/29 16:05:47.292, 0, 0, 1187, 23034
2026/05/29 16:05:52.293, 0, 0, 1187, 23034
2026/05/29 16:05:57.294, 0, 0, 1187, 23034
2026/05/29 16:06:02.296, 0, 0, 1187, 23034
2026/05/29 16:06:07.296, 0, 0, 1187, 23034
2026/05/29 16:06:12.298, 0, 0, 1187, 23034
2026/05/29 16:06:17.298, 0, 0, 1187, 23034
2026/05/29 16:06:22.300, 0, 0, 1187, 23034
2026/05/29 16:06:27.301, 0, 0, 1187, 23034
2026/05/29 16:06:32.302, 0, 0, 1187, 23034
2026/05/29 16:06:37.304, 0, 0, 1187, 23034
2026/05/29 16:06:42.305, 0, 0, 1187, 23034
2026/05/29 16:06:47.306, 0, 0, 1187, 23034
2026/05/29 16:06:52.307, 0, 0, 1187, 23034
2026/05/29 16:06:57.308, 0, 0, 1187, 23034
2026/05/29 16:07:02.310, 0, 0, 1187, 23034
2026/05/29 16:07:07.310, 0, 0, 1187, 23034
2026/05/29 16:07:12.312, 0, 0, 1187, 23034
2026/05/29 16:07:17.313, 0, 0, 1187, 23034
2026/05/29 16:07:22.314, 0, 0, 1187, 23034
2026/05/29 16:07:27.315, 0, 0, 1187, 23034
2026/05/29 16:07:32.317, 0, 0, 1187, 23034
2026/05/29 16:07:37.318, 0, 0, 1187, 23034
2026/05/29 16:07:42.320, 0, 0, 1187, 23034
2026/05/29 16:07:47.321, 0, 0, 1187, 23034
2026/05/29 16:07:52.322, 0, 0, 1187, 23034
2026/05/29 16:07:57.323, 0, 0, 1187, 23034
2026/05/29 16:08:02.324, 0, 0, 1187, 23034
2026/05/29 16:08:07.325, 0, 0, 1187, 23034
2026/05/29 16:08:12.325, 0, 0, 1187, 23034
2026/05/29 16:08:17.327, 0, 0, 1187, 23034
2026/05/29 16:08:22.328, 0, 0, 1187, 23034
2026/05/29 16:08:27.330, 0, 0, 1187, 23034
2026/05/29 16:08:32.331, 0, 0, 1187, 23034
2026/05/29 16:08:37.333, 0, 0, 1187, 23034
2026/05/29 16:08:42.335, 0, 0, 1187, 23034
2026/05/29 16:08:47.336, 0, 0, 1187, 23034
2026/05/29 16:08:52.338, 0, 0, 1187, 23034
2026/05/29 16:08:57.340, 0, 0, 1187, 23034
2026/05/29 16:09:02.341, 0, 0, 1187, 23034
2026/05/29 16:09:07.342, 0, 0, 1187, 23034
2026/05/29 16:09:12.344, 0, 0, 1187, 23034
2026/05/29 16:09:17.344, 0, 0, 1187, 23034
2026/05/29 16:09:22.345, 0, 0, 1187, 23034
2026/05/29 16:09:27.347, 0, 0, 1187, 23034
2026/05/29 16:09:32.348, 0, 0, 1187, 23034
2026/05/29 16:09:37.350, 0, 0, 1187, 23034
2026/05/29 16:09:42.352, 0, 0, 1187, 23034
2026/05/29 16:09:47.354, 0, 0, 1187, 23034
2026/05/29 16:09:52.356, 0, 0, 1187, 23034
2026/05/29 16:09:57.357, 0, 0, 1187, 23034
2026/05/29 16:10:02.359, 0, 0, 1187, 23034
2026/05/29 16:10:07.360, 0, 0, 1187, 23034
2026/05/29 16:10:12.362, 0, 0, 1187, 23034
2026/05/29 16:10:17.364, 0, 0, 1187, 23034
2026/05/29 16:10:22.364, 0, 0, 1187, 23034
2026/05/29 16:10:27.366, 0, 0, 1187, 23034
2026/05/29 16:10:32.368, 0, 0, 1187, 23034
2026/05/29 16:10:37.368, 0, 0, 1187, 23034
2026/05/29 16:10:42.370, 0, 0, 1187, 23034
2026/05/29 16:10:47.372, 0, 0, 1187, 23034
2026/05/29 16:10:52.373, 0, 0, 1187, 23034
2026/05/29 16:10:57.375, 0, 0, 1187, 23034
2026/05/29 16:11:02.376, 0, 0, 1187, 23034
2026/05/29 16:11:07.378, 0, 0, 1187, 23034
2026/05/29 16:11:12.380, 0, 0, 1187, 23034
2026/05/29 16:11:17.380, 0, 0, 1187, 23034
2026/05/29 16:11:22.382, 0, 0, 1187, 23034
2026/05/29 16:11:27.383, 0, 0, 1187, 23034
2026/05/29 16:11:32.383, 0, 0, 1187, 23034
2026/05/29 16:11:37.384, 0, 0, 1187, 23034
2026/05/29 16:11:42.385, 0, 0, 1187, 23034
2026/05/29 16:11:47.385, 0, 0, 1187, 23034
2026/05/29 16:11:52.386, 0, 0, 1187, 23034
2026/05/29 16:11:57.387, 0, 0, 1187, 23034
2026/05/29 16:12:02.387, 0, 0, 1187, 23034
2026/05/29 16:12:07.388, 0, 0, 1187, 23034
2026/05/29 16:12:12.389, 0, 0, 1187, 23034
2026/05/29 16:12:17.390, 0, 0, 1187, 23034
2026/05/29 16:12:22.391, 0, 0, 1187, 23034
2026/05/29 16:12:27.392, 0, 0, 1187, 23034
2026/05/29 16:12:32.393, 0, 0, 1187, 23034
2026/05/29 16:12:37.393, 0, 0, 1187, 23034
2026/05/29 16:12:42.395, 0, 0, 1187, 23034
2026/05/29 16:12:47.397, 0, 0, 1187, 23034
2026/05/29 16:12:52.397, 0, 0, 1187, 23034
2026/05/29 16:12:57.399, 0, 0, 1187, 23034
2026/05/29 16:13:02.400, 0, 0, 1187, 23034
2026/05/29 16:13:07.402, 0, 0, 1187, 23034
2026/05/29 16:13:12.404, 0, 0, 1187, 23034
2026/05/29 16:13:17.406, 0, 0, 1187, 23034
2026/05/29 16:13:22.407, 0, 0, 1187, 23034
2026/05/29 16:13:27.409, 0, 0, 1187, 23034
2026/05/29 16:13:32.410, 0, 0, 1187, 23034
2026/05/29 16:13:37.412, 0, 0, 1187, 23034
2026/05/29 16:13:42.414, 0, 0, 1187, 23034
2026/05/29 16:13:47.415, 0, 0, 1187, 23034
2026/05/29 16:13:52.416, 3, 0, 1200, 23034
2026/05/29 16:13:57.417, 0, 0, 1191, 23034
2026/05/29 16:14:02.419, 0, 0, 1191, 23034
2026/05/29 16:14:07.420, 0, 0, 1191, 23034
2026/05/29 16:14:12.422, 2, 0, 1191, 23034
2026/05/29 16:14:17.424, 0, 0, 1188, 23034
2026/05/29 16:14:22.425, 0, 0, 1188, 23034
2026/05/29 16:14:27.427, 18, 1, 1188, 23034
2026/05/29 16:14:32.429, 0, 0, 1188, 23034
2026/05/29 16:14:37.430, 0, 0, 1188, 23034
2026/05/29 16:14:42.431, 0, 0, 1195, 23034
2026/05/29 16:14:47.433, 3, 1, 1201, 23034
2026/05/29 16:14:52.433, 3, 1, 1195, 23034
2026/05/29 16:14:57.434, 3, 1, 1195, 23034
2026/05/29 16:15:02.436, 0, 0, 1188, 23034
2026/05/29 16:15:07.437, 0, 0, 1188, 23034
2026/05/29 16:15:12.439, 0, 0, 1188, 23034
2026/05/29 16:15:17.439, 1, 0, 1188, 23034
2026/05/29 16:15:22.441, 0, 0, 1188, 23034
2026/05/29 16:15:27.443, 0, 0, 1188, 23034
2026/05/29 16:15:32.444, 0, 0, 1188, 23034
2026/05/29 16:15:37.444, 0, 0, 1188, 23034
2026/05/29 16:15:42.446, 0, 0, 1188, 23034
2026/05/29 16:15:47.448, 0, 0, 1188, 23034
2026/05/29 16:15:52.449, 0, 0, 1188, 23034
2026/05/29 16:15:57.450, 2, 0, 1188, 23034
2026/05/29 16:16:02.452, 0, 0, 1188, 23034
2026/05/29 16:16:07.452, 0, 0, 1188, 23034
2026/05/29 16:16:12.454, 29, 1, 1188, 23034
2026/05/29 16:16:17.456, 0, 0, 1188, 23034
2026/05/29 16:16:22.457, 0, 0, 1188, 23034
2026/05/29 16:16:27.457, 0, 0, 1188, 23034
2026/05/29 16:16:32.458, 1, 0, 1188, 23034
2026/05/29 16:16:37.460, 1, 0, 1188, 23034
2026/05/29 16:16:42.461, 2, 0, 1188, 23034
2026/05/29 16:16:47.462, 0, 0, 1188, 23034
2026/05/29 16:16:52.464, 4, 1, 1188, 23034
2026/05/29 16:16:57.465, 0, 0, 1188, 23034
2026/05/29 16:17:02.467, 0, 0, 1188, 23034
2026/05/29 16:17:07.469, 0, 0, 1188, 23034
2026/05/29 16:17:12.470, 1, 0, 1188, 23034
2026/05/29 16:17:17.472, 2, 0, 1188, 23034
2026/05/29 16:17:22.474, 0, 0, 1188, 23034
2026/05/29 16:17:27.474, 0, 0, 1188, 23034
2026/05/29 16:17:32.476, 0, 0, 1188, 23034
2026/05/29 16:17:37.478, 0, 0, 1188, 23034
2026/05/29 16:17:42.479, 0, 0, 1189, 23034
2026/05/29 16:17:47.481, 2, 0, 1188, 23034
2026/05/29 16:17:52.482, 2, 0, 1189, 23034
2026/05/29 16:17:57.483, 1, 0, 1194, 23034
2026/05/29 16:18:02.485, 0, 0, 1188, 23034
2026/05/29 16:18:07.486, 0, 0, 1188, 23034
2026/05/29 16:18:12.487, 0, 0, 1188, 23034
2026/05/29 16:18:17.488, 0, 0, 1188, 23034
2026/05/29 16:18:22.490, 0, 0, 1188, 23034
2026/05/29 16:18:27.492, 0, 0, 1188, 23034
2026/05/29 16:18:32.492, 0, 0, 1188, 23034
2026/05/29 16:18:37.494, 0, 0, 1188, 23034
2026/05/29 16:18:42.496, 0, 0, 1188, 23034
2026/05/29 16:18:47.496, 0, 0, 1188, 23034
2026/05/29 16:18:52.498, 0, 0, 1188, 23034
2026/05/29 16:18:57.500, 0, 0, 1188, 23034
2026/05/29 16:19:02.501, 0, 0, 1188, 23034
2026/05/29 16:19:07.502, 0, 0, 1188, 23034
2026/05/29 16:19:12.504, 0, 0, 1188, 23034
2026/05/29 16:19:17.505, 0, 0, 1188, 23034
2026/05/29 16:19:22.506, 0, 0, 1188, 23034
2026/05/29 16:19:27.508, 0, 0, 1188, 23034
2026/05/29 16:19:32.508, 0, 0, 1188, 23034
2026/05/29 16:19:37.509, 0, 0, 1188, 23034
2026/05/29 16:19:42.509, 0, 0, 1188, 23034
2026/05/29 16:19:47.510, 0, 0, 1188, 23034
2026/05/29 16:19:52.511, 0, 0, 1188, 23034
2026/05/29 16:19:57.512, 0, 0, 1188, 23034
2026/05/29 16:20:02.514, 0, 0, 1188, 23034
2026/05/29 16:20:07.516, 0, 0, 1188, 23034
2026/05/29 16:20:12.517, 0, 0, 1188, 23034
2026/05/29 16:20:17.519, 0, 0, 1188, 23034
2026/05/29 16:20:22.521, 0, 0, 1188, 23034
2026/05/29 16:20:27.522, 0, 0, 1188, 23034
2026/05/29 16:20:32.524, 0, 0, 1188, 23034
2026/05/29 16:20:37.526, 0, 0, 1188, 23034
2026/05/29 16:20:42.526, 0, 0, 1188, 23034
2026/05/29 16:20:47.528, 0, 0, 1188, 23034
2026/05/29 16:20:52.530, 0, 0, 1188, 23034
2026/05/29 16:20:57.530, 0, 0, 1188, 23034
2026/05/29 16:21:02.531, 0, 0, 1188, 23034
2026/05/29 16:21:07.532, 0, 0, 1188, 23034
2026/05/29 16:21:12.532, 0, 0, 1188, 23034
2026/05/29 16:21:17.534, 0, 0, 1188, 23034
2026/05/29 16:21:22.536, 0, 0, 1188, 23034
2026/05/29 16:21:27.536, 0, 0, 1188, 23034
2026/05/29 16:21:32.537, 0, 0, 1188, 23034
2026/05/29 16:21:37.539, 0, 0, 1188, 23034
2026/05/29 16:21:42.540, 0, 0, 1188, 23034
2026/05/29 16:21:47.542, 0, 0, 1188, 23034
2026/05/29 16:21:52.543, 0, 0, 1188, 23034
2026/05/29 16:21:57.543, 0, 0, 1188, 23034
2026/05/29 16:22:02.544, 0, 0, 1188, 23034
2026/05/29 16:22:07.546, 0, 0, 1188, 23034
2026/05/29 16:22:12.546, 0, 0, 1188, 23034
2026/05/29 16:22:17.547, 0, 0, 1188, 23034
2026/05/29 16:22:22.548, 0, 0, 1188, 23034
2026/05/29 16:22:27.548, 0, 0, 1188, 23034
2026/05/29 16:22:32.550, 0, 0, 1188, 23034
2026/05/29 16:22:37.552, 0, 0, 1188, 23034
2026/05/29 16:22:42.553, 0, 0, 1188, 23034
2026/05/29 16:22:47.555, 0, 0, 1188, 23034
2026/05/29 16:22:52.556, 0, 0, 1188, 23034
2026/05/29 16:22:57.557, 0, 0, 1188, 23034
2026/05/29 16:23:02.558, 0, 0, 1188, 23034
2026/05/29 16:23:07.560, 3, 1, 1188, 23034
2026/05/29 16:23:12.560, 0, 0, 1188, 23034
2026/05/29 16:23:17.562, 0, 0, 1200, 23034
2026/05/29 16:23:22.564, 0, 0, 1200, 23034
2026/05/29 16:23:27.566, 0, 0, 1200, 23034
2026/05/29 16:23:32.567, 0, 0, 1200, 23034
2026/05/29 16:23:37.568, 0, 0, 1200, 23034
2026/05/29 16:23:42.570, 0, 0, 1200, 23034
2026/05/29 16:23:47.572, 0, 0, 1200, 23034
2026/05/29 16:23:52.574, 0, 0, 1200, 23034
2026/05/29 16:23:57.575, 0, 0, 1200, 23034
2026/05/29 16:24:02.576, 0, 0, 1200, 23034
2026/05/29 16:24:07.578, 0, 0, 1200, 23034
2026/05/29 16:24:12.579, 0, 0, 1200, 23034
2026/05/29 16:24:17.580, 0, 0, 1200, 23034
2026/05/29 16:24:22.581, 0, 0, 1200, 23034
2026/05/29 16:24:27.583, 11, 2, 1191, 23034
2026/05/29 16:24:32.584, 0, 0, 1191, 23034
2026/05/29 16:24:37.586, 0, 0, 1191, 23034
2026/05/29 16:24:42.586, 0, 0, 1191, 23034
2026/05/29 16:24:47.588, 0, 0, 1191, 23034
2026/05/29 16:24:52.589, 0, 0, 1191, 23034
2026/05/29 16:24:57.590, 0, 0, 1191, 23034
2026/05/29 16:25:02.591, 0, 0, 1191, 23034
2026/05/29 16:25:07.592, 0, 0, 1191, 23034
2026/05/29 16:25:12.592, 0, 0, 1191, 23034
2026/05/29 16:25:17.594, 0, 0, 1191, 23034
2026/05/29 16:25:22.595, 0, 0, 1191, 23034
2026/05/29 16:25:27.596, 0, 0, 1191, 23034
2026/05/29 16:25:32.598, 0, 0, 1191, 23034
2026/05/29 16:25:37.599, 0, 0, 1191, 23034
2026/05/29 16:25:42.601, 0, 0, 1191, 23034
2026/05/29 16:25:47.603, 0, 0, 1191, 23034
2026/05/29 16:25:52.603, 0, 0, 1191, 23034
2026/05/29 16:25:57.604, 0, 0, 1191, 23034
2026/05/29 16:26:02.606, 0, 0, 1191, 23034
2026/05/29 16:26:07.607, 0, 0, 1191, 23034
2026/05/29 16:26:12.609, 0, 0, 1191, 23034
2026/05/29 16:26:17.610, 0, 0, 1191, 23034
2026/05/29 16:26:22.612, 0, 0, 1191, 23034
2026/05/29 16:26:27.613, 0, 0, 1191, 23034
2026/05/29 16:26:32.614, 0, 0, 1191, 23034
2026/05/29 16:26:37.616, 0, 0, 1191, 23034
2026/05/29 16:26:42.616, 0, 0, 1191, 23034
2026/05/29 16:26:47.617, 0, 0, 1191, 23034
2026/05/29 16:26:52.619, 0, 0, 1191, 23034
2026/05/29 16:26:57.620, 0, 0, 1191, 23034
2026/05/29 16:27:02.622, 0, 0, 1191, 23034
2026/05/29 16:27:07.623, 0, 0, 1191, 23034
2026/05/29 16:27:12.624, 0, 0, 1191, 23034
2026/05/29 16:27:17.626, 0, 0, 1191, 23034
2026/05/29 16:27:22.628, 0, 0, 1191, 23034
2026/05/29 16:27:27.628, 0, 0, 1191, 23034
2026/05/29 16:27:32.629, 0, 0, 1191, 23034
2026/05/29 16:27:37.630, 0, 0, 1191, 23034
2026/05/29 16:27:42.630, 0, 0, 1191, 23034
2026/05/29 16:27:47.631, 0, 0, 1191, 23034
2026/05/29 16:27:52.631, 0, 0, 1191, 23034
2026/05/29 16:27:57.633, 0, 0, 1191, 23034
2026/05/29 16:28:02.635, 0, 0, 1191, 23034
2026/05/29 16:28:07.637, 0, 0, 1191, 23034
2026/05/29 16:28:12.638, 0, 0, 1191, 23034
2026/05/29 16:28:17.640, 0, 0, 1191, 23034
2026/05/29 16:28:22.642, 0, 0, 1191, 23034
2026/05/29 16:28:27.643, 0, 0, 1191, 23034
2026/05/29 16:28:32.645, 0, 0, 1191, 23034
2026/05/29 16:28:37.647, 0, 0, 1191, 23034
2026/05/29 16:28:42.647, 0, 0, 1191, 23034
2026/05/29 16:28:47.648, 0, 0, 1191, 23034
2026/05/29 16:28:52.650, 0, 0, 1191, 23034
2026/05/29 16:28:57.650, 0, 0, 1191, 23034
2026/05/29 16:29:02.651, 0, 0, 1191, 23034
2026/05/29 16:29:07.653, 0, 0, 1191, 23034
2026/05/29 16:29:12.654, 0, 0, 1191, 23034
2026/05/29 16:29:17.656, 0, 0, 1191, 23034
2026/05/29 16:29:22.658, 0, 0, 1191, 23034
2026/05/29 16:29:27.658, 3, 1, 1191, 23034
2026/05/29 16:29:32.660, 2, 1, 1191, 23034
2026/05/29 16:29:37.662, 0, 0, 1200, 23034
2026/05/29 16:29:42.663, 0, 0, 1200, 23034
2026/05/29 16:29:47.664, 0, 0, 1200, 23034
2026/05/29 16:29:52.666, 0, 0, 1200, 23034
2026/05/29 16:29:57.667, 0, 0, 1200, 23034
2026/05/29 16:30:02.669, 0, 0, 1200, 23034
2026/05/29 16:30:07.670, 0, 0, 1200, 23034
2026/05/29 16:30:12.671, 0, 0, 1200, 23034
2026/05/29 16:30:17.673, 0, 0, 1200, 23034
2026/05/29 16:30:22.674, 0, 0, 1200, 23034
2026/05/29 16:30:27.674, 0, 0, 1200, 23034
2026/05/29 16:30:32.675, 0, 0, 1200, 23034
2026/05/29 16:30:37.677, 0, 0, 1200, 23034
2026/05/29 16:30:42.677, 0, 0, 1200, 23034
2026/05/29 16:30:47.679, 0, 0, 1200, 23034
2026/05/29 16:30:52.681, 0, 0, 1200, 23034
2026/05/29 16:30:57.682, 0, 0, 1200, 23034
2026/05/29 16:31:02.684, 0, 0, 1200, 23034
2026/05/29 16:31:07.686, 0, 0, 1200, 23034
2026/05/29 16:31:12.687, 0, 0, 1200, 23034
2026/05/29 16:31:17.689, 0, 0, 1200, 23034
2026/05/29 16:31:22.691, 0, 0, 1200, 23034
2026/05/29 16:31:27.693, 0, 0, 1200, 23034
2026/05/29 16:31:32.694, 0, 0, 1200, 23034
2026/05/29 16:31:37.695, 0, 0, 1200, 23034
2026/05/29 16:31:42.697, 0, 0, 1200, 23034
2026/05/29 16:31:47.699, 0, 0, 1200, 23034
2026/05/29 16:31:52.700, 0, 0, 1200, 23034
2026/05/29 16:31:57.701, 0, 0, 1200, 23034
2026/05/29 16:32:02.701, 0, 0, 1200, 23034
2026/05/29 16:32:07.702, 0, 0, 1200, 23034
2026/05/29 16:32:12.704, 0, 0, 1200, 23034
2026/05/29 16:32:17.705, 0, 0, 1200, 23034
2026/05/29 16:32:22.707, 0, 0, 1200, 23034
2026/05/29 16:32:27.709, 0, 0, 1200, 23034
2026/05/29 16:32:32.709, 0, 0, 1200, 23034
2026/05/29 16:32:37.710, 0, 0, 1200, 23034
2026/05/29 16:32:42.712, 0, 0, 1200, 23034
2026/05/29 16:32:47.714, 0, 0, 1200, 23034
2026/05/29 16:32:52.714, 0, 0, 1200, 23034
2026/05/29 16:32:57.716, 0, 0, 1200, 23034
2026/05/29 16:33:02.718, 0, 0, 1200, 23034
2026/05/29 16:33:07.720, 0, 0, 1200, 23034
2026/05/29 16:33:12.720, 0, 0, 1200, 23034
2026/05/29 16:33:17.721, 0, 0, 1200, 23034
2026/05/29 16:33:22.722, 0, 0, 1200, 23034
2026/05/29 16:33:27.723, 0, 0, 1200, 23034
2026/05/29 16:33:32.724, 0, 0, 1200, 23034
2026/05/29 16:33:37.726, 0, 0, 1200, 23034
2026/05/29 16:33:42.728, 0, 0, 1200, 23034
2026/05/29 16:33:47.728, 0, 0, 1200, 23034
2026/05/29 16:33:52.730, 0, 0, 1200, 23034
2026/05/29 16:33:57.731, 0, 0, 1200, 23034
2026/05/29 16:34:02.731, 0, 0, 1200, 23034
2026/05/29 16:34:07.733, 0, 0, 1200, 23034
2026/05/29 16:34:12.735, 0, 0, 1200, 23034
2026/05/29 16:34:17.737, 0, 0, 1200, 23034
2026/05/29 16:34:22.738, 0, 0, 1200, 23034
2026/05/29 16:34:27.739, 0, 0, 1200, 23034
2026/05/29 16:34:32.741, 0, 0, 1200, 23034
2026/05/29 16:34:37.742, 0, 0, 1200, 23034
2026/05/29 16:34:42.743, 0, 0, 1200, 23034
2026/05/29 16:34:47.745, 0, 0, 1200, 23034
2026/05/29 16:34:52.746, 0, 0, 1200, 23034
2026/05/29 16:34:57.747, 0, 0, 1200, 23034
2026/05/29 16:35:02.748, 0, 0, 1196, 23034
2026/05/29 16:35:07.749, 0, 0, 1196, 23034
2026/05/29 16:35:12.751, 0, 0, 1196, 23034
2026/05/29 16:35:17.752, 0, 0, 1196, 23034
2026/05/29 16:35:22.752, 0, 0, 1196, 23034
2026/05/29 16:35:27.753, 0, 0, 1196, 23034
2026/05/29 16:35:32.755, 0, 0, 1196, 23034
2026/05/29 16:35:37.756, 0, 0, 1196, 23034
2026/05/29 16:35:42.756, 0, 0, 1196, 23034
2026/05/29 16:35:47.758, 0, 0, 1196, 23034
2026/05/29 16:35:52.760, 0, 0, 1196, 23034
2026/05/29 16:35:57.760, 0, 0, 1196, 23034
2026/05/29 16:36:02.762, 0, 0, 1196, 23034
2026/05/29 16:36:07.764, 0, 0, 1196, 23034
2026/05/29 16:36:12.765, 0, 0, 1196, 23034
2026/05/29 16:36:17.767, 0, 0, 1196, 23034
2026/05/29 16:36:22.769, 0, 0, 1196, 23034
2026/05/29 16:36:27.770, 0, 0, 1196, 23034
2026/05/29 16:36:32.772, 0, 0, 1196, 23034
2026/05/29 16:36:37.774, 0, 0, 1196, 23034
2026/05/29 16:36:42.776, 0, 0, 1196, 23034
2026/05/29 16:36:47.777, 0, 0, 1196, 23034
2026/05/29 16:36:52.779, 0, 0, 1196, 23034
2026/05/29 16:36:57.780, 0, 0, 1196, 23034
2026/05/29 16:37:02.781, 0, 0, 1196, 23034
2026/05/29 16:37:07.783, 0, 0, 1196, 23034
2026/05/29 16:37:12.785, 0, 0, 1196, 23034
2026/05/29 16:37:17.785, 0, 0, 1196, 23034
2026/05/29 16:37:22.786, 0, 0, 1196, 23034
2026/05/29 16:37:27.787, 0, 0, 1196, 23034
2026/05/29 16:37:32.788, 0, 0, 1196, 23034
2026/05/29 16:37:37.789, 0, 0, 1196, 23034
2026/05/29 16:37:42.789, 0, 0, 1196, 23034
2026/05/29 16:37:47.791, 0, 0, 1196, 23034
2026/05/29 16:37:52.793, 0, 0, 1196, 23034
2026/05/29 16:37:57.794, 0, 0, 1196, 23034
2026/05/29 16:38:02.794, 0, 0, 1196, 23034
2026/05/29 16:38:07.795, 0, 0, 1192, 23034
2026/05/29 16:38:12.797, 0, 0, 1192, 23034
2026/05/29 16:38:17.797, 0, 0, 1192, 23034
2026/05/29 16:38:22.798, 0, 0, 1192, 23034
2026/05/29 16:38:27.800, 0, 0, 1192, 23034
2026/05/29 16:38:32.800, 0, 0, 1192, 23034
2026/05/29 16:38:37.802, 0, 0, 1192, 23034
2026/05/29 16:38:42.804, 0, 0, 1192, 23034
2026/05/29 16:38:47.804, 0, 0, 1192, 23034
2026/05/29 16:38:52.805, 0, 0, 1192, 23034
2026/05/29 16:38:57.807, 0, 0, 1192, 23034
2026/05/29 16:39:02.808, 0, 0, 1192, 23034
2026/05/29 16:39:07.809, 0, 0, 1192, 23034
2026/05/29 16:39:12.810, 0, 0, 1192, 23034
2026/05/29 16:39:17.811, 0, 0, 1192, 23034
2026/05/29 16:39:22.813, 0, 0, 1192, 23034
2026/05/29 16:39:27.813, 0, 0, 1192, 23034
2026/05/29 16:39:32.815, 0, 0, 1192, 23034
2026/05/29 16:39:37.817, 0, 0, 1192, 23034
2026/05/29 16:39:42.819, 0, 0, 1192, 23034
2026/05/29 16:39:47.820, 0, 0, 1192, 23034
2026/05/29 16:39:52.821, 0, 0, 1192, 23034
2026/05/29 16:39:57.822, 0, 0, 1192, 23034
2026/05/29 16:40:02.822, 1, 0, 1192, 23034
2026/05/29 16:40:07.824, 0, 0, 1183, 23034
2026/05/29 16:40:12.826, 1, 0, 1183, 23034
2026/05/29 16:40:17.826, 0, 0, 1181, 23034
2026/05/29 16:40:22.828, 0, 0, 1181, 23034
2026/05/29 16:40:27.829, 0, 0, 1181, 23034
2026/05/29 16:40:32.830, 5, 1, 1180, 23034
2026/05/29 16:40:37.832, 0, 0, 1188, 23034
2026/05/29 16:40:42.833, 0, 0, 1182, 23034
2026/05/29 16:40:47.835, 3, 1, 1181, 23034
2026/05/29 16:40:52.837, 0, 0, 1181, 23034
2026/05/29 16:40:57.837, 0, 0, 1181, 23034
2026/05/29 16:41:02.839, 2, 1, 1186, 23034
2026/05/29 16:41:07.840, 0, 0, 1180, 23034
2026/05/29 16:41:12.842, 0, 0, 1181, 23034
2026/05/29 16:41:17.843, 2, 0, 1181, 23034
2026/05/29 16:41:22.844, 0, 0, 1181, 23034
2026/05/29 16:41:27.846, 3, 1, 1182, 23034
2026/05/29 16:41:32.848, 0, 0, 1182, 23034
2026/05/29 16:41:37.849, 0, 0, 1182, 23034
2026/05/29 16:41:42.850, 0, 0, 1189, 23034
2026/05/29 16:41:47.852, 0, 0, 1189, 23034
2026/05/29 16:41:52.854, 0, 0, 1189, 23034
2026/05/29 16:41:57.854, 0, 0, 1189, 23034
2026/05/29 16:42:02.855, 3, 1, 1188, 23034
2026/05/29 16:42:07.856, 1, 0, 1188, 23034
2026/05/29 16:42:12.858, 1, 0, 1188, 23034
2026/05/29 16:42:17.860, 2, 0, 1188, 23034
2026/05/29 16:42:22.861, 1, 0, 1188, 23034
2026/05/29 16:42:27.863, 2, 0, 1188, 23034
2026/05/29 16:42:32.864, 0, 0, 1188, 23034
2026/05/29 16:42:37.866, 0, 0, 1182, 23034
2026/05/29 16:42:42.868, 0, 0, 1182, 23034
2026/05/29 16:42:47.869, 0, 0, 1182, 23034
2026/05/29 16:42:52.871, 0, 0, 1182, 23034
2026/05/29 16:42:57.873, 0, 0, 1182, 23034
2026/05/29 16:43:02.874, 0, 0, 1182, 23034
2026/05/29 16:43:07.875, 0, 0, 1182, 23034
2026/05/29 16:43:12.877, 0, 0, 1182, 23034
2026/05/29 16:43:17.877, 0, 0, 1182, 23034
2026/05/29 16:43:22.878, 0, 0, 1182, 23034
2026/05/29 16:43:27.879, 0, 0, 1182, 23034
2026/05/29 16:43:32.879, 0, 0, 1182, 23034
2026/05/29 16:43:37.880, 0, 0, 1182, 23034
2026/05/29 16:43:42.880, 0, 0, 1182, 23034
2026/05/29 16:43:47.881, 0, 0, 1182, 23034
2026/05/29 16:43:52.882, 0, 0, 1182, 23034
2026/05/29 16:43:57.882, 0, 0, 1182, 23034
2026/05/29 16:44:02.884, 0, 0, 1182, 23034
2026/05/29 16:44:07.886, 0, 0, 1182, 23034
2026/05/29 16:44:12.888, 0, 0, 1182, 23034
2026/05/29 16:44:17.889, 0, 0, 1182, 23034
2026/05/29 16:44:22.891, 0, 0, 1182, 23034
2026/05/29 16:44:27.893, 0, 0, 1182, 23034
2026/05/29 16:44:32.893, 0, 0, 1182, 23034
2026/05/29 16:44:37.895, 0, 0, 1182, 23034
2026/05/29 16:44:42.897, 0, 0, 1182, 23034
2026/05/29 16:44:47.897, 0, 0, 1182, 23034
2026/05/29 16:44:52.899, 0, 0, 1182, 23034
2026/05/29 16:44:57.900, 0, 0, 1182, 23034
2026/05/29 16:45:02.901, 0, 0, 1182, 23034
2026/05/29 16:45:07.903, 0, 0, 1182, 23034
2026/05/29 16:45:12.904, 0, 0, 1182, 23034
2026/05/29 16:45:17.906, 0, 0, 1182, 23034
2026/05/29 16:45:22.908, 0, 0, 1182, 23034
2026/05/29 16:45:27.908, 0, 0, 1182, 23034
2026/05/29 16:45:32.910, 0, 0, 1182, 23034
2026/05/29 16:45:37.911, 0, 0, 1182, 23034
2026/05/29 16:45:42.911, 0, 0, 1182, 23034
2026/05/29 16:45:47.913, 0, 0, 1182, 23034
2026/05/29 16:45:52.915, 0, 0, 1182, 23034
2026/05/29 16:45:57.916, 0, 0, 1182, 23034
2026/05/29 16:46:02.918, 0, 0, 1182, 23034
2026/05/29 16:46:07.919, 0, 0, 1182, 23034
2026/05/29 16:46:12.921, 0, 0, 1182, 23034
2026/05/29 16:46:17.923, 0, 0, 1182, 23034
2026/05/29 16:46:22.924, 0, 0, 1182, 23034
2026/05/29 16:46:27.926, 0, 0, 1182, 23034
2026/05/29 16:46:32.928, 0, 0, 1182, 23034
2026/05/29 16:46:37.928, 0, 0, 1182, 23034
2026/05/29 16:46:42.930, 0, 0, 1180, 23034
2026/05/29 16:46:47.931, 6, 1, 1180, 23034
2026/05/29 16:46:52.932, 0, 0, 1180, 23034
2026/05/29 16:46:57.934, 1, 0, 1180, 23034
2026/05/29 16:47:02.935, 0, 0, 1180, 23034
2026/05/29 16:47:07.936, 2, 0, 1180, 23034
2026/05/29 16:47:12.937, 1, 0, 1180, 23034
2026/05/29 16:47:17.938, 0, 0, 1180, 23034
2026/05/29 16:47:22.939, 0, 0, 1180, 23034
2026/05/29 16:47:27.940, 0, 0, 1180, 23034
2026/05/29 16:47:32.942, 0, 0, 1180, 23034
2026/05/29 16:47:37.943, 1, 0, 1180, 23034
2026/05/29 16:47:42.945, 0, 0, 1180, 23034
2026/05/29 16:47:47.947, 0, 0, 1182, 23034
2026/05/29 16:47:52.948, 0, 0, 1188, 23034
2026/05/29 16:47:57.949, 0, 0, 1187, 23034
2026/05/29 16:48:02.950, 0, 0, 1187, 23034
2026/05/29 16:48:07.951, 0, 0, 1182, 23034
2026/05/29 16:48:12.953, 3, 1, 1182, 23034
2026/05/29 16:48:17.955, 2, 0, 1182, 23034
2026/05/29 16:48:22.956, 0, 0, 1182, 23034
2026/05/29 16:48:27.958, 0, 0, 1182, 23034
2026/05/29 16:48:32.959, 2, 0, 1182, 23034
2026/05/29 16:48:37.960, 0, 0, 1182, 23034
2026/05/29 16:48:42.962, 0, 0, 1182, 23034
2026/05/29 16:48:47.964, 1, 0, 1182, 23034
2026/05/29 16:48:52.965, 0, 0, 1182, 23034
2026/05/29 16:48:57.966, 0, 0, 1183, 23034
2026/05/29 16:49:02.968, 2, 1, 1182, 23034
2026/05/29 16:49:07.970, 2, 0, 1188, 23034
2026/05/29 16:49:12.971, 2, 0, 1188, 23034
2026/05/29 16:49:17.973, 0, 0, 1188, 23034
2026/05/29 16:49:22.974, 2, 0, 1188, 23034
2026/05/29 16:49:27.976, 1, 0, 1188, 23034
2026/05/29 16:49:32.977, 0, 0, 1188, 23034
2026/05/29 16:49:37.979, 2, 0, 1188, 23034
2026/05/29 16:49:42.981, 0, 0, 1182, 23034
2026/05/29 16:49:47.982, 0, 0, 1182, 23034
2026/05/29 16:49:52.984, 3, 1, 1182, 23034
2026/05/29 16:49:57.986, 2, 0, 1182, 23034
2026/05/29 16:50:02.987, 1, 0, 1187, 23034
2026/05/29 16:50:07.989, 0, 0, 1182, 23034
2026/05/29 16:50:12.991, 0, 0, 1182, 23034
2026/05/29 16:50:17.991, 5, 1, 1180, 23034
2026/05/29 16:50:22.993, 0, 0, 1180, 23034
2026/05/29 16:50:27.995, 1, 0, 1180, 23034
2026/05/29 16:50:32.995, 0, 0, 1180, 23034
2026/05/29 16:50:37.997, 0, 0, 1180, 23034
2026/05/29 16:50:42.999, 0, 0, 1180, 23034
2026/05/29 16:50:48.000, 2, 0, 1180, 23034
2026/05/29 16:50:53.002, 0, 0, 1180, 23034
2026/05/29 16:50:58.004, 0, 0, 1180, 23034
2026/05/29 16:51:03.005, 0, 0, 1180, 23034
2026/05/29 16:51:08.007, 0, 0, 1180, 23034
2026/05/29 16:51:13.008, 1, 0, 1180, 23034
2026/05/29 16:51:18.008, 0, 0, 1180, 23034
2026/05/29 16:51:23.009, 0, 0, 1180, 23034
2026/05/29 16:51:28.010, 3, 1, 1182, 23034
2026/05/29 16:51:33.010, 4, 1, 1183, 23034
2026/05/29 16:51:38.011, 1, 0, 1182, 23034
2026/05/29 16:51:43.013, 0, 0, 1182, 23034
2026/05/29 16:51:48.014, 0, 0, 1182, 23034
2026/05/29 16:51:53.016, 3, 1, 1189, 23034
2026/05/29 16:51:58.018, 0, 0, 1189, 23034
2026/05/29 16:52:03.018, 0, 0, 1189, 23034
2026/05/29 16:52:08.020, 0, 0, 1189, 23034
2026/05/29 16:52:13.022, 0, 0, 1189, 23034
2026/05/29 16:52:18.023, 3, 1, 1181, 23034
2026/05/29 16:52:23.025, 1, 0, 1181, 23034
2026/05/29 16:52:28.026, 0, 0, 1181, 23034
2026/05/29 16:52:33.028, 0, 0, 1182, 23034
2026/05/29 16:52:38.030, 2, 0, 1181, 23034
2026/05/29 16:52:43.031, 0, 0, 1182, 23034
2026/05/29 16:52:48.033, 0, 0, 1192, 23034
2026/05/29 16:52:53.035, 0, 0, 1182, 23034
2026/05/29 16:52:58.036, 0, 0, 1182, 23034
2026/05/29 16:53:03.038, 0, 0, 1182, 23034
2026/05/29 16:53:08.040, 0, 0, 1182, 23034
2026/05/29 16:53:13.041, 0, 0, 1182, 23034
2026/05/29 16:53:18.043, 0, 0, 1182, 23034
2026/05/29 16:53:23.045, 0, 0, 1182, 23034
2026/05/29 16:53:28.046, 0, 0, 1182, 23034
2026/05/29 16:53:33.048, 0, 0, 1182, 23034
2026/05/29 16:53:38.050, 0, 0, 1182, 23034
2026/05/29 16:53:43.051, 0, 0, 1182, 23034
2026/05/29 16:53:48.053, 0, 0, 1181, 23034
2026/05/29 16:53:53.055, 2, 0, 1181, 23034
2026/05/29 16:53:58.055, 1, 0, 1181, 23034
2026/05/29 16:54:03.057, 5, 1, 1181, 23034
2026/05/29 16:54:08.059, 9, 3, 1181, 23034
2026/05/29 16:54:13.060, 7, 2, 1181, 23034
2026/05/29 16:54:18.062, 5, 1, 1181, 23034
2026/05/29 16:54:23.064, 6, 2, 1181, 23034
2026/05/29 16:54:28.065, 9, 3, 1181, 23034
2026/05/29 16:54:33.067, 7, 2, 1181, 23034
2026/05/29 16:54:38.068, 6, 2, 1181, 23034
2026/05/29 16:54:43.069, 0, 0, 1181, 23034
2026/05/29 16:54:48.071, 0, 0, 1181, 23034
2026/05/29 16:54:53.073, 10, 3, 1181, 23034
2026/05/29 16:54:58.074, 0, 0, 1181, 23034
2026/05/29 16:55:03.076, 1, 0, 1181, 23034
2026/05/29 16:55:08.078, 0, 0, 1181, 23034
2026/05/29 16:55:13.079, 0, 0, 1181, 23034
2026/05/29 16:55:18.081, 0, 0, 1181, 23034
2026/05/29 16:55:23.083, 0, 0, 1181, 23034
2026/05/29 16:55:28.084, 0, 0, 1181, 23034
2026/05/29 16:55:33.086, 0, 0, 1181, 23034
2026/05/29 16:55:38.088, 0, 0, 1181, 23034
2026/05/29 16:55:43.089, 7, 1, 1181, 23034
2026/05/29 16:55:48.091, 6, 1, 1181, 23034
2026/05/29 16:55:53.093, 0, 0, 1180, 23034
2026/05/29 16:55:58.093, 0, 0, 1181, 23034
2026/05/29 16:56:03.095, 3, 1, 1181, 23034
2026/05/29 16:56:08.096, 0, 0, 1181, 23034
2026/05/29 16:56:13.097, 5, 1, 1181, 23034
2026/05/29 16:56:18.099, 0, 0, 1181, 23034
2026/05/29 16:56:23.100, 3, 1, 1180, 23034
2026/05/29 16:56:28.100, 2, 0, 1180, 23034
2026/05/29 16:56:33.102, 1, 0, 1180, 23034
2026/05/29 16:56:38.103, 1, 0, 1180, 23034
2026/05/29 16:56:43.105, 0, 0, 1180, 23034
2026/05/29 16:56:48.106, 0, 0, 1180, 23034
2026/05/29 16:56:53.107, 0, 0, 1180, 23034
2026/05/29 16:56:58.109, 0, 0, 1180, 23034
2026/05/29 16:57:03.111, 4, 1, 1180, 23034
2026/05/29 16:57:08.111, 0, 0, 1180, 23034
2026/05/29 16:57:13.113, 1, 0, 1180, 23034
2026/05/29 16:57:18.115, 0, 0, 1180, 23034
2026/05/29 16:57:23.117, 0, 0, 1182, 23034
2026/05/29 16:57:28.117, 0, 0, 1183, 23034
2026/05/29 16:57:33.119, 0, 0, 1183, 23034
2026/05/29 16:57:38.121, 0, 0, 1182, 23034
2026/05/29 16:57:43.122, 0, 0, 1182, 23034
2026/05/29 16:57:48.122, 0, 0, 1182, 23034
2026/05/29 16:57:53.123, 0, 0, 1182, 23034
2026/05/29 16:57:58.125, 0, 0, 1182, 23034
2026/05/29 16:58:03.126, 0, 0, 1182, 23034
2026/05/29 16:58:08.128, 0, 0, 1182, 23034
2026/05/29 16:58:13.130, 0, 0, 1182, 23034
2026/05/29 16:58:18.131, 0, 0, 1182, 23034
2026/05/29 16:58:23.133, 0, 0, 1182, 23034
2026/05/29 16:58:28.134, 0, 0, 1182, 23034
2026/05/29 16:58:33.135, 7, 1, 1182, 23034
2026/05/29 16:58:38.137, 0, 0, 1181, 23034
2026/05/29 16:58:43.138, 0, 0, 1181, 23034
2026/05/29 16:58:48.139, 5, 1, 1181, 23034
2026/05/29 16:58:53.141, 3, 1, 1180, 23034
2026/05/29 16:58:58.141, 0, 0, 1180, 23034
2026/05/29 16:59:03.143, 0, 0, 1180, 23034
2026/05/29 16:59:08.145, 2, 0, 1181, 23034
2026/05/29 16:59:13.145, 0, 0, 1181, 23034
2026/05/29 16:59:18.146, 0, 0, 1181, 23034
2026/05/29 16:59:23.147, 0, 0, 1181, 23034
2026/05/29 16:59:28.147, 1, 0, 1181, 23034
2026/05/29 16:59:33.148, 0, 0, 1181, 23034
2026/05/29 16:59:38.148, 0, 0, 1181, 23034
2026/05/29 16:59:43.149, 0, 0, 1181, 23034
2026/05/29 16:59:48.150, 0, 0, 1181, 23034
2026/05/29 16:59:53.150, 0, 0, 1181, 23034
2026/05/29 16:59:58.151, 7, 1, 1181, 23034
2026/05/29 17:00:03.152, 0, 0, 1181, 23034
2026/05/29 17:00:08.154, 0, 0, 1181, 23034
2026/05/29 17:00:13.156, 0, 0, 1181, 23034
2026/05/29 17:00:18.157, 3, 1, 1182, 23034
2026/05/29 17:00:23.158, 0, 0, 1182, 23034
2026/05/29 17:00:28.160, 0, 0, 1182, 23034
2026/05/29 17:00:33.162, 0, 0, 1182, 23034
2026/05/29 17:00:38.163, 0, 0, 1182, 23034
2026/05/29 17:00:43.164, 0, 0, 1182, 23034
2026/05/29 17:00:48.165, 0, 0, 1182, 23034
2026/05/29 17:00:53.167, 0, 0, 1182, 23034
2026/05/29 17:00:58.169, 0, 0, 1182, 23034
2026/05/29 17:01:03.170, 0, 0, 1182, 23034
2026/05/29 17:01:08.172, 0, 0, 1182, 23034
2026/05/29 17:01:13.174, 0, 0, 1182, 23034
2026/05/29 17:01:18.175, 0, 0, 1182, 23034
2026/05/29 17:01:23.177, 0, 0, 1182, 23034
2026/05/29 17:01:28.179, 0, 0, 1182, 23034
2026/05/29 17:01:33.180, 0, 0, 1182, 23034
2026/05/29 17:01:38.182, 0, 0, 1182, 23034
2026/05/29 17:01:43.184, 0, 0, 1182, 23034
2026/05/29 17:01:48.185, 0, 0, 1182, 23034
2026/05/29 17:01:53.186, 0, 0, 1182, 23034
2026/05/29 17:01:58.187, 0, 0, 1182, 23034
2026/05/29 17:02:03.188, 0, 0, 1182, 23034
2026/05/29 17:02:08.190, 0, 0, 1182, 23034
2026/05/29 17:02:13.192, 0, 0, 1182, 23034
2026/05/29 17:02:18.194, 0, 0, 1182, 23034
2026/05/29 17:02:23.195, 0, 0, 1182, 23034
2026/05/29 17:02:28.196, 0, 0, 1182, 23034
2026/05/29 17:02:33.198, 0, 0, 1182, 23034
2026/05/29 17:02:38.199, 0, 0, 1182, 23034
2026/05/29 17:02:43.200, 0, 0, 1182, 23034
2026/05/29 17:02:48.202, 0, 0, 1182, 23034
2026/05/29 17:02:53.203, 0, 0, 1182, 23034
2026/05/29 17:02:58.204, 0, 0, 1182, 23034
2026/05/29 17:03:03.206, 0, 0, 1182, 23034
2026/05/29 17:03:08.208, 0, 0, 1182, 23034
2026/05/29 17:03:13.208, 0, 0, 1182, 23034
2026/05/29 17:03:18.210, 0, 0, 1182, 23034
2026/05/29 17:03:23.212, 0, 0, 1182, 23034
2026/05/29 17:03:28.213, 0, 0, 1182, 23034
2026/05/29 17:03:33.214, 0, 0, 1182, 23034
2026/05/29 17:03:38.216, 0, 0, 1182, 23034
2026/05/29 17:03:43.217, 0, 0, 1182, 23034
2026/05/29 17:03:48.219, 0, 0, 1182, 23034
2026/05/29 17:03:53.220, 0, 0, 1182, 23034
2026/05/29 17:03:58.221, 0, 0, 1182, 23034
2026/05/29 17:04:03.223, 0, 0, 1182, 23034
2026/05/29 17:04:08.225, 0, 0, 1182, 23034
2026/05/29 17:04:13.226, 0, 0, 1182, 23034
2026/05/29 17:04:18.228, 0, 0, 1182, 23034
2026/05/29 17:04:23.230, 0, 0, 1182, 23034
2026/05/29 17:04:28.231, 0, 0, 1182, 23034
2026/05/29 17:04:33.232, 0, 0, 1182, 23034
2026/05/29 17:04:38.233, 0, 0, 1182, 23034
2026/05/29 17:04:43.235, 0, 0, 1182, 23034
2026/05/29 17:04:48.235, 0, 0, 1182, 23034
2026/05/29 17:04:53.237, 0, 0, 1182, 23034
2026/05/29 17:04:58.239, 0, 0, 1182, 23034
2026/05/29 17:05:03.240, 0, 0, 1182, 23034
2026/05/29 17:05:08.242, 0, 0, 1182, 23034
2026/05/29 17:05:13.243, 0, 0, 1182, 23034
2026/05/29 17:05:18.244, 2, 0, 1182, 23034
2026/05/29 17:05:23.246, 0, 0, 1182, 23034
2026/05/29 17:05:28.248, 0, 0, 1182, 23034
2026/05/29 17:05:33.248, 0, 0, 1180, 23034
2026/05/29 17:05:38.250, 0, 0, 1180, 23034
2026/05/29 17:05:43.251, 0, 0, 1180, 23034
2026/05/29 17:05:48.253, 6, 1, 1180, 23034
2026/05/29 17:05:53.255, 0, 0, 1180, 23034
2026/05/29 17:05:58.256, 0, 0, 1180, 23034
2026/05/29 17:06:03.257, 0, 0, 1180, 23034
2026/05/29 17:06:08.258, 0, 0, 1180, 23034
2026/05/29 17:06:13.259, 0, 0, 1180, 23034
2026/05/29 17:06:18.261, 0, 0, 1180, 23034
2026/05/29 17:06:23.262, 0, 0, 1180, 23034
2026/05/29 17:06:28.262, 0, 0, 1180, 23034
2026/05/29 17:06:33.264, 0, 0, 1180, 23034
2026/05/29 17:06:38.266, 0, 0, 1180, 23034
2026/05/29 17:06:43.267, 0, 0, 1180, 23034
2026/05/29 17:06:48.269, 0, 0, 1180, 23034
2026/05/29 17:06:53.271, 0, 0, 1180, 23034
2026/05/29 17:06:58.272, 0, 0, 1180, 23034
2026/05/29 17:07:03.274, 0, 0, 1180, 23034
2026/05/29 17:07:08.275, 0, 0, 1180, 23034
2026/05/29 17:07:13.275, 0, 0, 1180, 23034
2026/05/29 17:07:18.276, 0, 0, 1180, 23034
2026/05/29 17:07:23.278, 0, 0, 1180, 23034
2026/05/29 17:07:28.278, 0, 0, 1180, 23034
2026/05/29 17:07:33.280, 3, 1, 1181, 23034
2026/05/29 17:07:38.282, 0, 0, 1181, 23034
2026/05/29 17:07:43.283, 3, 0, 1181, 23034
2026/05/29 17:07:48.285, 0, 0, 1181, 23034
2026/05/29 17:07:53.287, 1, 0, 1181, 23034
2026/05/29 17:07:58.287, 2, 0, 1181, 23034
2026/05/29 17:08:03.289, 0, 0, 1181, 23034
2026/05/29 17:08:08.290, 1, 0, 1181, 23034
2026/05/29 17:08:13.291, 0, 0, 1181, 23034
2026/05/29 17:08:18.293, 0, 0, 1181, 23034
2026/05/29 17:08:23.295, 6, 1, 1181, 23034
2026/05/29 17:08:28.295, 0, 0, 1181, 23034
2026/05/29 17:08:33.297, 0, 0, 1181, 23034
2026/05/29 17:08:38.298, 0, 0, 1181, 23034
2026/05/29 17:08:43.300, 0, 0, 1181, 23034
2026/05/29 17:08:48.302, 0, 0, 1181, 23034
2026/05/29 17:08:53.303, 0, 0, 1181, 23034
2026/05/29 17:08:58.305, 4, 1, 1182, 23034
2026/05/29 17:09:03.306, 0, 0, 1188, 23034
2026/05/29 17:09:08.306, 0, 0, 1188, 23034
2026/05/29 17:09:13.308, 0, 0, 1188, 23034
2026/05/29 17:09:18.309, 0, 0, 1188, 23034
2026/05/29 17:09:23.310, 0, 0, 1188, 23034
2026/05/29 17:09:28.312, 0, 0, 1188, 23034
2026/05/29 17:09:33.314, 0, 0, 1188, 23034
2026/05/29 17:09:38.315, 0, 0, 1188, 23034
2026/05/29 17:09:43.317, 0, 0, 1188, 23034
2026/05/29 17:09:48.319, 0, 0, 1188, 23034
2026/05/29 17:09:53.320, 0, 0, 1188, 23034
2026/05/29 17:09:58.322, 0, 0, 1188, 23034
2026/05/29 17:10:03.324, 0, 0, 1188, 23034
2026/05/29 17:10:08.324, 0, 0, 1188, 23034
2026/05/29 17:10:13.326, 0, 0, 1188, 23034
2026/05/29 17:10:18.328, 0, 0, 1188, 23034
2026/05/29 17:10:23.329, 0, 0, 1188, 23034
2026/05/29 17:10:28.331, 0, 0, 1188, 23034
2026/05/29 17:10:33.333, 0, 0, 1188, 23034
2026/05/29 17:10:38.335, 1, 0, 1182, 23034
2026/05/29 17:10:43.336, 0, 0, 1182, 23034
2026/05/29 17:10:48.338, 0, 0, 1182, 23034
2026/05/29 17:10:53.340, 0, 0, 1182, 23034
2026/05/29 17:10:58.341, 0, 0, 1182, 23034
2026/05/29 17:11:03.343, 6, 1, 1182, 23034
2026/05/29 17:11:08.345, 0, 0, 1182, 23034
2026/05/29 17:11:13.345, 0, 0, 1182, 23034
2026/05/29 17:11:18.347, 0, 0, 1182, 23034
2026/05/29 17:11:23.349, 0, 0, 1182, 23034
2026/05/29 17:11:28.350, 0, 0, 1180, 23034
2026/05/29 17:11:33.351, 0, 0, 1180, 23034
2026/05/29 17:11:38.352, 0, 0, 1180, 23034
2026/05/29 17:11:43.353, 0, 0, 1180, 23034
2026/05/29 17:11:48.355, 0, 0, 1180, 23034
2026/05/29 17:11:53.357, 0, 0, 1180, 23034
2026/05/29 17:11:58.358, 0, 0, 1180, 23034
2026/05/29 17:12:03.360, 0, 0, 1180, 23034
2026/05/29 17:12:08.362, 0, 0, 1180, 23034
2026/05/29 17:12:13.363, 0, 0, 1182, 23034
2026/05/29 17:12:18.365, 1, 0, 1182, 23034
2026/05/29 17:12:23.367, 3, 1, 1182, 23034
2026/05/29 17:12:28.367, 0, 0, 1189, 23034
2026/05/29 17:12:33.369, 0, 0, 1189, 23034
2026/05/29 17:12:38.370, 0, 0, 1189, 23034
2026/05/29 17:12:43.371, 0, 0, 1182, 23034
2026/05/29 17:12:48.372, 0, 0, 1182, 23034
2026/05/29 17:12:53.374, 2, 0, 1182, 23034
2026/05/29 17:12:58.375, 0, 0, 1182, 23034
2026/05/29 17:13:03.377, 4, 1, 1182, 23034
2026/05/29 17:13:08.379, 0, 0, 1182, 23034
2026/05/29 17:13:13.380, 1, 0, 1182, 23034
2026/05/29 17:13:18.381, 2, 0, 1182, 23034
2026/05/29 17:13:23.382, 0, 0, 1182, 23034
2026/05/29 17:13:28.383, 0, 0, 1182, 23034
2026/05/29 17:13:33.384, 0, 0, 1182, 23034
2026/05/29 17:13:38.386, 0, 0, 1182, 23034
2026/05/29 17:13:43.388, 0, 0, 1182, 23034
2026/05/29 17:13:48.390, 0, 0, 1182, 23034
2026/05/29 17:13:53.391, 0, 0, 1182, 23034
2026/05/29 17:13:58.393, 0, 0, 1182, 23034
2026/05/29 17:14:03.395, 0, 0, 1182, 23034
2026/05/29 17:14:08.396, 2, 0, 1182, 23034
2026/05/29 17:14:13.398, 0, 0, 1182, 23034
2026/05/29 17:14:18.400, 2, 0, 1182, 23034
2026/05/29 17:14:23.400, 4, 1, 1182, 23034
2026/05/29 17:14:28.401, 0, 0, 1182, 23034
2026/05/29 17:14:33.403, 0, 0, 1182, 23034
2026/05/29 17:14:38.404, 0, 0, 1182, 23034
2026/05/29 17:14:43.406, 0, 0, 1182, 23034
2026/05/29 17:14:48.408, 2, 0, 1182, 23034
2026/05/29 17:14:53.409, 0, 0, 1182, 23034
2026/05/29 17:14:58.411, 0, 0, 1182, 23034
2026/05/29 17:15:03.412, 2, 0, 1182, 23034
2026/05/29 17:15:08.412, 1, 0, 1182, 23034
2026/05/29 17:15:13.413, 0, 0, 1182, 23034
2026/05/29 17:15:18.413, 0, 0, 1182, 23034
2026/05/29 17:15:23.414, 0, 0, 1182, 23034
2026/05/29 17:15:28.414, 38, 1, 1182, 23034
2026/05/29 17:15:33.416, 2, 1, 1182, 23034
2026/05/29 17:15:38.418, 0, 0, 1182, 23034
2026/05/29 17:15:43.419, 0, 0, 1182, 23034
2026/05/29 17:15:48.421, 0, 0, 1182, 23034
2026/05/29 17:15:53.422, 0, 0, 1182, 23034
2026/05/29 17:15:58.423, 0, 0, 1182, 23034
2026/05/29 17:16:03.425, 0, 0, 1182, 23034
2026/05/29 17:16:08.427, 0, 0, 1182, 23034
2026/05/29 17:16:13.428, 2, 0, 1182, 23034
2026/05/29 17:16:18.429, 1, 0, 1182, 23034
2026/05/29 17:16:23.431, 0, 0, 1182, 23034
2026/05/29 17:16:28.432, 0, 0, 1182, 23034
2026/05/29 17:16:33.433, 0, 0, 1182, 23034
2026/05/29 17:16:38.434, 5, 1, 1182, 23034
2026/05/29 17:16:43.436, 2, 0, 1182, 23034
2026/05/29 17:16:48.437, 0, 0, 1182, 23034
2026/05/29 17:16:53.438, 0, 0, 1182, 23034
2026/05/29 17:16:58.439, 2, 1, 1182, 23034
2026/05/29 17:17:03.440, 0, 0, 1182, 23034
2026/05/29 17:17:08.442, 7, 1, 1182, 23034
2026/05/29 17:17:13.444, 0, 0, 1182, 23034
2026/05/29 17:17:18.445, 1, 0, 1182, 23034
2026/05/29 17:17:23.446, 0, 0, 1182, 23034
2026/05/29 17:17:28.448, 6, 1, 1182, 23034
2026/05/29 17:17:33.449, 2, 0, 1182, 23034
2026/05/29 17:17:38.450, 4, 1, 1182, 23034
2026/05/29 17:17:43.452, 6, 1, 1182, 23034
2026/05/29 17:17:48.453, 2, 0, 1182, 23034
2026/05/29 17:17:53.455, 0, 0, 1182, 23034
2026/05/29 17:17:58.457, 0, 0, 1182, 23034
2026/05/29 17:18:03.459, 0, 0, 1182, 23034
2026/05/29 17:18:08.460, 0, 0, 1182, 23034
2026/05/29 17:18:13.462, 7, 1, 1182, 23034
2026/05/29 17:18:18.463, 0, 0, 1182, 23034
2026/05/29 17:18:23.465, 0, 0, 1182, 23034
2026/05/29 17:18:28.468, 3, 0, 1182, 23034
2026/05/29 17:18:33.469, 0, 0, 1182, 23034
2026/05/29 17:18:38.471, 0, 0, 1182, 23034
2026/05/29 17:18:43.473, 0, 0, 1182, 23034
2026/05/29 17:18:48.474, 0, 0, 1182, 23034
2026/05/29 17:18:53.476, 0, 0, 1182, 23034
2026/05/29 17:18:58.478, 1, 0, 1182, 23034
2026/05/29 17:19:03.479, 1, 0, 1182, 23034
2026/05/29 17:19:08.481, 2, 0, 1182, 23034
2026/05/29 17:19:13.483, 0, 0, 1182, 23034
2026/05/29 17:19:18.484, 40, 1, 1182, 23034
2026/05/29 17:19:23.486, 1, 0, 1182, 23034
2026/05/29 17:19:28.488, 2, 0, 1182, 23034
2026/05/29 17:19:33.489, 2, 0, 1182, 23034
2026/05/29 17:19:38.491, 0, 0, 1182, 23034
2026/05/29 17:19:43.493, 2, 0, 1182, 23034
2026/05/29 17:19:48.494, 0, 0, 1182, 23034
2026/05/29 17:19:53.496, 1, 0, 1182, 23034
2026/05/29 17:19:58.498, 0, 0, 1182, 23034
2026/05/29 17:20:03.498, 0, 0, 1182, 23034
2026/05/29 17:20:08.500, 0, 0, 1182, 23034
2026/05/29 17:20:13.501, 0, 0, 1182, 23034
2026/05/29 17:20:18.501, 0, 0, 1182, 23034
2026/05/29 17:20:23.503, 0, 0, 1187, 23034
2026/05/29 17:20:28.505, 0, 0, 1181, 23034
2026/05/29 17:20:33.506, 0, 0, 1181, 23034
2026/05/29 17:20:38.508, 2, 0, 1181, 23034
2026/05/29 17:20:43.510, 0, 0, 1181, 23034
2026/05/29 17:20:48.512, 0, 0, 1181, 23034
2026/05/29 17:20:53.513, 0, 0, 1181, 23034
2026/05/29 17:20:58.513, 2, 0, 1181, 23034
2026/05/29 17:21:03.514, 0, 0, 1181, 23034
2026/05/29 17:21:08.515, 2, 0, 1181, 23034
2026/05/29 17:21:13.517, 0, 0, 1181, 23034
2026/05/29 17:21:18.517, 0, 0, 1182, 23034
2026/05/29 17:21:23.519, 1, 0, 1188, 23034
2026/05/29 17:21:28.521, 0, 0, 1188, 23034
2026/05/29 17:21:33.522, 0, 0, 1188, 23034
2026/05/29 17:21:38.522, 1, 0, 1188, 23034
2026/05/29 17:21:43.523, 1, 0, 1188, 23034
2026/05/29 17:21:48.525, 1, 0, 1188, 23034
2026/05/29 17:21:53.526, 2, 0, 1188, 23034
2026/05/29 17:21:58.528, 1, 0, 1188, 23034
2026/05/29 17:22:03.529, 2, 0, 1188, 23034
2026/05/29 17:22:08.531, 0, 0, 1188, 23034
2026/05/29 17:22:13.532, 5, 1, 1182, 23034
2026/05/29 17:22:18.533, 2, 0, 1182, 23034
2026/05/29 17:22:23.535, 0, 0, 1182, 23034
2026/05/29 17:22:28.535, 0, 0, 1182, 23034
2026/05/29 17:22:33.537, 1, 0, 1182, 23034
2026/05/29 17:22:38.539, 2, 0, 1182, 23034
2026/05/29 17:22:43.540, 39, 1, 1182, 23034
2026/05/29 17:22:48.541, 0, 0, 1182, 23034
2026/05/29 17:22:53.543, 0, 0, 1181, 23034
2026/05/29 17:22:58.543, 0, 0, 1181, 23034
2026/05/29 17:23:03.544, 0, 0, 1181, 23034
2026/05/29 17:23:08.546, 0, 0, 1181, 23034
2026/05/29 17:23:13.547, 1, 0, 1181, 23034
2026/05/29 17:23:18.549, 0, 0, 1181, 23034
2026/05/29 17:23:23.550, 0, 0, 1187, 23034
2026/05/29 17:23:28.550, 0, 0, 1181, 23034
2026/05/29 17:23:33.552, 1, 0, 1181, 23034
2026/05/29 17:23:38.554, 0, 0, 1181, 23034
2026/05/29 17:23:43.555, 0, 0, 1181, 23034
2026/05/29 17:23:48.556, 0, 0, 1181, 23034
2026/05/29 17:23:53.557, 3, 0, 1181, 23034
2026/05/29 17:23:58.559, 4, 1, 1181, 23034
2026/05/29 17:24:03.561, 0, 0, 1182, 23034
2026/05/29 17:24:08.562, 1, 0, 1182, 23034
2026/05/29 17:24:13.564, 0, 0, 1182, 23034
2026/05/29 17:24:18.566, 0, 0, 1181, 23034
2026/05/29 17:24:23.566, 0, 0, 1181, 23034
2026/05/29 17:24:28.568, 0, 0, 1181, 23034
2026/05/29 17:24:33.570, 3, 0, 1181, 23034
2026/05/29 17:24:38.571, 0, 0, 1181, 23034
2026/05/29 17:24:43.573, 0, 0, 1181, 23034
2026/05/29 17:24:48.575, 2, 0, 1181, 23034
2026/05/29 17:24:53.575, 1, 0, 1181, 23034
2026/05/29 17:24:58.576, 0, 0, 1181, 23034
2026/05/29 17:25:03.577, 0, 0, 1181, 23034
2026/05/29 17:25:08.578, 0, 0, 1181, 23034
2026/05/29 17:25:13.579, 0, 0, 1181, 23034
2026/05/29 17:25:18.581, 0, 0, 1181, 23034
2026/05/29 17:25:23.583, 0, 0, 1181, 23034
2026/05/29 17:25:28.584, 0, 0, 1181, 23034
2026/05/29 17:25:33.586, 0, 0, 1181, 23034
2026/05/29 17:25:38.587, 0, 0, 1181, 23034
2026/05/29 17:25:43.588, 0, 0, 1181, 23034
2026/05/29 17:25:48.588, 0, 0, 1181, 23034
2026/05/29 17:25:53.589, 0, 0, 1181, 23034
2026/05/29 17:25:58.590, 0, 0, 1181, 23034
2026/05/29 17:26:03.590, 0, 0, 1181, 23034
2026/05/29 17:26:08.591, 0, 0, 1181, 23034
2026/05/29 17:26:13.592, 0, 0, 1181, 23034
2026/05/29 17:26:18.593, 0, 0, 1181, 23034
2026/05/29 17:26:23.594, 0, 0, 1181, 23034
2026/05/29 17:26:28.596, 0, 0, 1181, 23034
2026/05/29 17:26:33.597, 0, 0, 1181, 23034
2026/05/29 17:26:38.598, 3, 1, 1182, 23034
2026/05/29 17:26:43.600, 0, 0, 1189, 23034
2026/05/29 17:26:48.601, 0, 0, 1188, 23034
2026/05/29 17:26:53.603, 0, 0, 1188, 23034
2026/05/29 17:26:58.605, 0, 0, 1188, 23034
2026/05/29 17:27:03.606, 0, 0, 1188, 23034
2026/05/29 17:27:08.608, 0, 0, 1188, 23034
2026/05/29 17:27:13.609, 0, 0, 1188, 23034
2026/05/29 17:27:18.610, 0, 0, 1188, 23034
2026/05/29 17:27:23.612, 0, 0, 1188, 23034
2026/05/29 17:27:28.613, 0, 0, 1189, 23034
2026/05/29 17:27:33.614, 2, 0, 1188, 23034
2026/05/29 17:27:38.615, 2, 0, 1188, 23034
2026/05/29 17:27:43.617, 1, 0, 1188, 23034
2026/05/29 17:27:48.618, 2, 0, 1188, 23034
2026/05/29 17:27:53.620, 2, 0, 1188, 23034
2026/05/29 17:27:58.621, 0, 0, 1188, 23034
2026/05/29 17:28:03.623, 2, 0, 1188, 23034
2026/05/29 17:28:08.624, 0, 0, 1188, 23034
2026/05/29 17:28:13.625, 0, 0, 1182, 23034
2026/05/29 17:28:18.627, 0, 0, 1181, 23034
2026/05/29 17:28:23.629, 0, 0, 1181, 23034
2026/05/29 17:28:28.630, 6, 1, 1181, 23034
2026/05/29 17:28:33.632, 2, 0, 1181, 23034
2026/05/29 17:28:38.633, 4, 1, 1182, 23034
2026/05/29 17:28:43.633, 0, 0, 1182, 23034
2026/05/29 17:28:48.635, 1, 0, 1182, 23034
2026/05/29 17:28:53.636, 1, 0, 1188, 23034
2026/05/29 17:28:58.637, 0, 0, 1188, 23034
2026/05/29 17:29:03.639, 5, 1, 1187, 23034
2026/05/29 17:29:08.641, 3, 1, 1187, 23034
2026/05/29 17:29:13.641, 5, 1, 1187, 23034
2026/05/29 17:29:18.642, 1, 0, 1187, 23034
2026/05/29 17:29:23.643, 0, 0, 1187, 23034
2026/05/29 17:29:28.645, 4, 1, 1187, 23034
2026/05/29 17:29:33.647, 11, 3, 1187, 23034
2026/05/29 17:29:38.648, 0, 0, 1187, 23034
2026/05/29 17:29:43.650, 0, 0, 1187, 23034
2026/05/29 17:29:48.651, 0, 0, 1187, 23034
2026/05/29 17:29:53.653, 1, 0, 1187, 23034
2026/05/29 17:29:58.655, 1, 0, 1187, 23034
2026/05/29 17:30:03.656, 0, 0, 1187, 23034
2026/05/29 17:30:08.658, 0, 0, 1187, 23034
2026/05/29 17:30:13.660, 0, 0, 1187, 23034
2026/05/29 17:30:18.661, 0, 0, 1187, 23034
2026/05/29 17:30:23.663, 3, 1, 1187, 23034
2026/05/29 17:30:28.665, 0, 0, 1187, 23034
2026/05/29 17:30:33.666, 0, 0, 1187, 23034
2026/05/29 17:30:38.668, 0, 0, 1187, 23034
2026/05/29 17:30:43.670, 1, 0, 1187, 23034
2026/05/29 17:30:48.670, 0, 0, 1187, 23034
2026/05/29 17:30:53.671, 0, 0, 1187, 23034
2026/05/29 17:30:58.672, 2, 0, 1187, 23034
2026/05/29 17:31:03.672, 3, 1, 1187, 23034
2026/05/29 17:31:08.673, 0, 0, 1188, 23034
2026/05/29 17:31:13.674, 0, 0, 1187, 23034
2026/05/29 17:31:18.674, 0, 0, 1187, 23034
2026/05/29 17:31:23.675, 1, 0, 1187, 23034
2026/05/29 17:31:28.676, 2, 0, 1187, 23034
2026/05/29 17:31:33.678, 0, 0, 1187, 23034
2026/05/29 17:31:38.680, 0, 0, 1188, 23034
2026/05/29 17:31:43.682, 0, 0, 1188, 23034
2026/05/29 17:31:48.683, 2, 0, 1188, 23034
2026/05/29 17:31:53.684, 2, 1, 1193, 23034
2026/05/29 17:31:58.686, 1, 0, 1187, 23034
2026/05/29 17:32:03.687, 0, 0, 1187, 23034
2026/05/29 17:32:08.689, 0, 0, 1187, 23034
2026/05/29 17:32:13.691, 0, 0, 1187, 23034
2026/05/29 17:32:18.692, 0, 0, 1187, 23034
2026/05/29 17:32:23.694, 0, 0, 1187, 23034
2026/05/29 17:32:28.695, 0, 0, 1187, 23034
2026/05/29 17:32:33.696, 0, 0, 1187, 23034
2026/05/29 17:32:38.698, 0, 0, 1187, 23034
2026/05/29 17:32:43.700, 0, 0, 1187, 23034
2026/05/29 17:32:48.701, 0, 0, 1187, 23034
2026/05/29 17:32:53.703, 0, 0, 1187, 23034
2026/05/29 17:32:58.705, 0, 0, 1187, 23034
2026/05/29 17:33:03.706, 0, 0, 1187, 23034
2026/05/29 17:33:08.708, 0, 0, 1187, 23034
2026/05/29 17:33:13.710, 0, 0, 1187, 23034
2026/05/29 17:33:18.710, 0, 0, 1187, 23034
2026/05/29 17:33:23.712, 0, 0, 1187, 23034
2026/05/29 17:33:28.714, 0, 0, 1187, 23034
2026/05/29 17:33:33.714, 0, 0, 1187, 23034
2026/05/29 17:33:38.716, 0, 0, 1187, 23034
2026/05/29 17:33:43.717, 0, 0, 1187, 23034
2026/05/29 17:33:48.718, 0, 0, 1187, 23034
2026/05/29 17:33:53.719, 0, 0, 1187, 23034
2026/05/29 17:33:58.720, 0, 0, 1187, 23034
2026/05/29 17:34:03.720, 0, 0, 1187, 23034
2026/05/29 17:34:08.721, 0, 0, 1187, 23034
2026/05/29 17:34:13.721, 0, 0, 1187, 23034
2026/05/29 17:34:18.723, 0, 0, 1187, 23034
2026/05/29 17:34:23.725, 0, 0, 1187, 23034
2026/05/29 17:34:28.727, 0, 0, 1187, 23034
2026/05/29 17:34:33.728, 0, 0, 1187, 23034
2026/05/29 17:34:38.730, 0, 0, 1187, 23034
2026/05/29 17:34:43.732, 0, 0, 1187, 23034
2026/05/29 17:34:48.733, 0, 0, 1187, 23034
2026/05/29 17:34:53.735, 0, 0, 1187, 23034
2026/05/29 17:34:58.736, 0, 0, 1187, 23034
2026/05/29 17:35:03.737, 0, 0, 1187, 23034
2026/05/29 17:35:08.739, 0, 0, 1187, 23034
2026/05/29 17:35:13.740, 0, 0, 1187, 23034
2026/05/29 17:35:18.742, 0, 0, 1187, 23034
2026/05/29 17:35:23.744, 0, 0, 1187, 23034
2026/05/29 17:35:28.745, 0, 0, 1187, 23034
2026/05/29 17:35:33.747, 0, 0, 1187, 23034
2026/05/29 17:35:38.748, 0, 0, 1187, 23034
2026/05/29 17:35:43.749, 0, 0, 1187, 23034
2026/05/29 17:35:48.751, 0, 0, 1187, 23034
2026/05/29 17:35:53.752, 0, 0, 1187, 23034
2026/05/29 17:35:58.753, 0, 0, 1187, 23034
2026/05/29 17:36:03.755, 0, 0, 1187, 23034
2026/05/29 17:36:08.757, 0, 0, 1187, 23034
2026/05/29 17:36:13.758, 0, 0, 1187, 23034
2026/05/29 17:36:18.760, 0, 0, 1187, 23034
2026/05/29 17:36:23.762, 0, 0, 1187, 23034
2026/05/29 17:36:28.763, 0, 0, 1187, 23034
2026/05/29 17:36:33.765, 0, 0, 1187, 23034
2026/05/29 17:36:38.767, 0, 0, 1187, 23034
2026/05/29 17:36:43.769, 0, 0, 1187, 23034
2026/05/29 17:36:48.769, 0, 0, 1187, 23034
2026/05/29 17:36:53.770, 0, 0, 1187, 23034
2026/05/29 17:36:58.772, 0, 0, 1187, 23034
2026/05/29 17:37:03.773, 0, 0, 1187, 23034
2026/05/29 17:37:08.774, 0, 0, 1187, 23034
2026/05/29 17:37:13.776, 0, 0, 1189, 23034
2026/05/29 17:37:18.778, 0, 0, 1189, 23034
2026/05/29 17:37:23.778, 0, 0, 1189, 23034
2026/05/29 17:37:28.780, 0, 0, 1189, 23034
2026/05/29 17:37:33.782, 0, 0, 1189, 23034
2026/05/29 17:37:38.783, 0, 0, 1189, 23034
2026/05/29 17:37:43.785, 0, 0, 1189, 23034
2026/05/29 17:37:48.787, 0, 0, 1189, 23034
2026/05/29 17:37:53.788, 0, 0, 1189, 23034
2026/05/29 17:37:58.789, 0, 0, 1189, 23034
2026/05/29 17:38:03.790, 0, 0, 1189, 23034
2026/05/29 17:38:08.791, 0, 0, 1189, 23034
2026/05/29 17:38:13.792, 0, 0, 1189, 23034
2026/05/29 17:38:18.794, 0, 0, 1189, 23034
2026/05/29 17:38:23.795, 0, 0, 1189, 23034
2026/05/29 17:38:28.797, 0, 0, 1189, 23034
2026/05/29 17:38:33.799, 0, 0, 1189, 23034
2026/05/29 17:38:38.800, 0, 0, 1189, 23034
2026/05/29 17:38:43.801, 0, 0, 1189, 23034
2026/05/29 17:38:48.803, 0, 0, 1189, 23034
2026/05/29 17:38:53.803, 0, 0, 1189, 23034
2026/05/29 17:38:58.804, 0, 0, 1189, 23034
2026/05/29 17:39:03.805, 0, 0, 1189, 23034
2026/05/29 17:39:08.806, 0, 0, 1189, 23034
2026/05/29 17:39:13.807, 0, 0, 1189, 23034
2026/05/29 17:39:18.808, 0, 0, 1189, 23034
2026/05/29 17:39:23.809, 0, 0, 1189, 23034
2026/05/29 17:39:28.811, 0, 0, 1188, 23034
2026/05/29 17:39:33.813, 0, 0, 1188, 23034
2026/05/29 17:39:38.814, 0, 0, 1188, 23034
2026/05/29 17:39:43.816, 0, 0, 1188, 23034
2026/05/29 17:39:48.818, 0, 0, 1188, 23034
2026/05/29 17:39:53.819, 0, 0, 1188, 23034
2026/05/29 17:39:58.820, 0, 0, 1188, 23034
2026/05/29 17:40:03.821, 0, 0, 1188, 23034
2026/05/29 17:40:08.822, 0, 0, 1188, 23034
2026/05/29 17:40:13.824, 0, 0, 1188, 23034
2026/05/29 17:40:18.826, 0, 0, 1188, 23034
2026/05/29 17:40:23.826, 0, 0, 1188, 23034
2026/05/29 17:40:28.828, 0, 0, 1188, 23034
2026/05/29 17:40:33.829, 0, 0, 1188, 23034
2026/05/29 17:40:38.831, 0, 0, 1188, 23034
2026/05/29 17:40:43.831, 0, 0, 1188, 23034
2026/05/29 17:40:48.833, 0, 0, 1188, 23034
2026/05/29 17:40:53.835, 0, 0, 1188, 23034
2026/05/29 17:40:58.835, 0, 0, 1188, 23034
2026/05/29 17:41:03.837, 0, 0, 1188, 23034
2026/05/29 17:41:08.839, 0, 0, 1188, 23034
2026/05/29 17:41:13.840, 0, 0, 1188, 23034
2026/05/29 17:41:18.842, 0, 0, 1188, 23034
2026/05/29 17:41:23.844, 0, 0, 1188, 23034
2026/05/29 17:41:28.845, 0, 0, 1188, 23034
2026/05/29 17:41:33.846, 0, 0, 1188, 23034
2026/05/29 17:41:38.848, 0, 0, 1188, 23034
2026/05/29 17:41:43.848, 0, 0, 1188, 23034
2026/05/29 17:41:48.850, 0, 0, 1188, 23034
2026/05/29 17:41:53.852, 4, 1, 1187, 23034
2026/05/29 17:41:58.853, 1, 0, 1187, 23034
2026/05/29 17:42:03.854, 3, 1, 1187, 23034
2026/05/29 17:42:08.855, 0, 0, 1187, 23034
2026/05/29 17:42:13.856, 0, 0, 1187, 23034
2026/05/29 17:42:18.858, 0, 0, 1187, 23034
2026/05/29 17:42:23.859, 0, 0, 1187, 23034
2026/05/29 17:42:28.861, 0, 0, 1187, 23034
2026/05/29 17:42:33.863, 0, 0, 1187, 23034
2026/05/29 17:42:38.864, 0, 0, 1187, 23034
2026/05/29 17:42:43.865, 0, 0, 1187, 23034
2026/05/29 17:42:48.867, 0, 0, 1187, 23034
2026/05/29 17:42:53.868, 0, 0, 1187, 23034
2026/05/29 17:42:58.870, 0, 0, 1187, 23034
2026/05/29 17:43:03.871, 0, 0, 1187, 23034
2026/05/29 17:43:08.872, 0, 0, 1187, 23034
2026/05/29 17:43:13.874, 0, 0, 1187, 23034
2026/05/29 17:43:18.876, 0, 0, 1187, 23034
2026/05/29 17:43:23.877, 0, 0, 1187, 23034
2026/05/29 17:43:28.878, 0, 0, 1187, 23034
2026/05/29 17:43:33.880, 0, 0, 1187, 23034
2026/05/29 17:43:38.880, 0, 0, 1187, 23034
2026/05/29 17:43:43.882, 0, 0, 1187, 23034
2026/05/29 17:43:48.883, 0, 0, 1187, 23034
2026/05/29 17:43:53.885, 0, 0, 1187, 23034
2026/05/29 17:43:58.886, 0, 0, 1187, 23034
2026/05/29 17:44:03.887, 0, 0, 1187, 23034
2026/05/29 17:44:08.889, 0, 0, 1187, 23034
2026/05/29 17:44:13.890, 0, 0, 1187, 23034
2026/05/29 17:44:18.892, 0, 0, 1187, 23034
2026/05/29 17:44:23.894, 0, 0, 1187, 23034
2026/05/29 17:44:28.895, 0, 0, 1187, 23034
2026/05/29 17:44:33.896, 0, 0, 1187, 23034
2026/05/29 17:44:38.897, 0, 0, 1187, 23034
2026/05/29 17:44:43.897, 0, 0, 1187, 23034
2026/05/29 17:44:48.899, 0, 0, 1187, 23034
2026/05/29 17:44:53.900, 0, 0, 1187, 23034
2026/05/29 17:44:58.901, 0, 0, 1187, 23034
2026/05/29 17:45:03.903, 0, 0, 1187, 23034
2026/05/29 17:45:08.905, 0, 0, 1187, 23034
2026/05/29 17:45:13.906, 0, 0, 1187, 23034
2026/05/29 17:45:18.908, 0, 0, 1187, 23034
2026/05/29 17:45:23.908, 0, 0, 1187, 23034
2026/05/29 17:45:28.910, 0, 0, 1187, 23034
2026/05/29 17:45:33.912, 0, 0, 1187, 23034
2026/05/29 17:45:38.912, 0, 0, 1187, 23034
2026/05/29 17:45:43.914, 0, 0, 1187, 23034
2026/05/29 17:45:48.916, 0, 0, 1187, 23034
2026/05/29 17:45:53.916, 0, 0, 1187, 23034
2026/05/29 17:45:58.918, 0, 0, 1187, 23034
2026/05/29 17:46:03.919, 0, 0, 1187, 23034
2026/05/29 17:46:08.921, 0, 0, 1187, 23034
2026/05/29 17:46:13.922, 0, 0, 1187, 23034
2026/05/29 17:46:18.923, 0, 0, 1187, 23034
2026/05/29 17:46:23.925, 0, 0, 1187, 23034
2026/05/29 17:46:28.927, 0, 0, 1187, 23034
2026/05/29 17:46:33.928, 0, 0, 1187, 23034
2026/05/29 17:46:38.929, 0, 0, 1187, 23034
2026/05/29 17:46:43.931, 0, 0, 1187, 23034
2026/05/29 17:46:48.931, 0, 0, 1187, 23034
2026/05/29 17:46:53.932, 0, 0, 1187, 23034
2026/05/29 17:46:58.933, 0, 0, 1187, 23034
2026/05/29 17:47:03.933, 0, 0, 1187, 23034
2026/05/29 17:47:08.934, 2, 1, 1183, 23034
2026/05/29 17:47:13.934, 0, 0, 1183, 23034
2026/05/29 17:47:18.935, 0, 0, 1206, 23034
2026/05/29 17:47:23.936, 0, 0, 1206, 23034
2026/05/29 17:47:28.936, 0, 0, 1206, 23034
2026/05/29 17:47:33.938, 0, 0, 1206, 23034
2026/05/29 17:47:38.939, 0, 0, 1206, 23034
2026/05/29 17:47:43.940, 0, 0, 1206, 23034
2026/05/29 17:47:48.941, 0, 0, 1206, 23034
2026/05/29 17:47:53.942, 0, 0, 1206, 23034
2026/05/29 17:47:58.943, 0, 0, 1206, 23034
2026/05/29 17:48:03.945, 0, 0, 1206, 23034
2026/05/29 17:48:08.946, 0, 0, 1206, 23034
2026/05/29 17:48:13.946, 0, 0, 1206, 23034
2026/05/29 17:48:18.948, 0, 0, 1206, 23034
2026/05/29 17:48:23.950, 0, 0, 1206, 23034
2026/05/29 17:48:28.952, 0, 0, 1206, 23034
2026/05/29 17:48:33.952, 0, 0, 1206, 23034
2026/05/29 17:48:38.953, 0, 0, 1206, 23034
2026/05/29 17:48:43.955, 0, 0, 1206, 23034
2026/05/29 17:48:48.956, 0, 0, 1206, 23034
2026/05/29 17:48:53.958, 0, 0, 1206, 23034
2026/05/29 17:48:58.960, 0, 0, 1206, 23034
2026/05/29 17:49:03.961, 0, 0, 1206, 23034
2026/05/29 17:49:08.963, 0, 0, 1206, 23034
2026/05/29 17:49:13.965, 0, 0, 1206, 23034
2026/05/29 17:49:18.966, 0, 0, 1206, 23034
2026/05/29 17:49:23.967, 0, 0, 1206, 23034
2026/05/29 17:49:28.968, 0, 0, 1206, 23034
2026/05/29 17:49:33.969, 0, 0, 1206, 23034
2026/05/29 17:49:38.971, 0, 0, 1206, 23034
2026/05/29 17:49:43.972, 0, 0, 1206, 23034
2026/05/29 17:49:48.973, 0, 0, 1206, 23034
2026/05/29 17:49:53.975, 0, 0, 1206, 23034
2026/05/29 17:49:58.977, 0, 0, 1206, 23034
2026/05/29 17:50:03.978, 0, 0, 1206, 23034
2026/05/29 17:50:08.980, 0, 0, 1206, 23034
2026/05/29 17:50:13.982, 0, 0, 1206, 23034
2026/05/29 17:50:18.983, 0, 0, 1206, 23034
2026/05/29 17:50:23.985, 0, 0, 1206, 23034
2026/05/29 17:50:28.987, 0, 0, 1206, 23034
2026/05/29 17:50:33.988, 0, 0, 1206, 23034
2026/05/29 17:50:38.990, 0, 0, 1206, 23034
2026/05/29 17:50:43.992, 0, 0, 1206, 23034
2026/05/29 17:50:48.992, 0, 0, 1206, 23034
2026/05/29 17:50:53.994, 0, 0, 1206, 23034
2026/05/29 17:50:58.995, 0, 0, 1206, 23034
2026/05/29 17:51:03.996, 0, 0, 1206, 23034
2026/05/29 17:51:08.997, 0, 0, 1206, 23034
2026/05/29 17:51:13.999, 0, 0, 1206, 23034
2026/05/29 17:51:18.999, 0, 0, 1206, 23034
2026/05/29 17:51:24.000, 0, 0, 1206, 23034
2026/05/29 17:51:29.001, 0, 0, 1206, 23034
2026/05/29 17:51:34.002, 0, 0, 1206, 23034
2026/05/29 17:51:39.004, 0, 0, 1206, 23034
2026/05/29 17:51:44.005, 0, 0, 1206, 23034
2026/05/29 17:51:49.006, 0, 0, 1206, 23034
2026/05/29 17:51:54.007, 0, 0, 1206, 23034
2026/05/29 17:51:59.008, 0, 0, 1206, 23034
2026/05/29 17:52:04.010, 0, 0, 1206, 23034
2026/05/29 17:52:09.012, 0, 0, 1206, 23034
2026/05/29 17:52:14.013, 0, 0, 1206, 23034
2026/05/29 17:52:19.014, 0, 0, 1206, 23034
2026/05/29 17:52:24.016, 0, 0, 1206, 23034
2026/05/29 17:52:29.018, 0, 0, 1206, 23034
2026/05/29 17:52:34.018, 0, 0, 1206, 23034
2026/05/29 17:52:39.020, 0, 0, 1206, 23034
2026/05/29 17:52:44.022, 0, 0, 1206, 23034
2026/05/29 17:52:49.023, 0, 0, 1206, 23034
2026/05/29 17:52:54.025, 0, 0, 1206, 23034
2026/05/29 17:52:59.027, 0, 0, 1206, 23034
2026/05/29 17:53:04.028, 0, 0, 1206, 23034
2026/05/29 17:53:09.029, 0, 0, 1206, 23034
2026/05/29 17:53:14.031, 0, 0, 1206, 23034
2026/05/29 17:53:19.033, 0, 0, 1206, 23034
2026/05/29 17:53:24.035, 0, 0, 1206, 23034
2026/05/29 17:53:29.036, 0, 0, 1206, 23034
2026/05/29 17:53:34.038, 0, 0, 1206, 23034
2026/05/29 17:53:39.040, 0, 0, 1206, 23034
2026/05/29 17:53:44.041, 0, 0, 1206, 23034
2026/05/29 17:53:49.042, 0, 0, 1206, 23034
2026/05/29 17:53:54.043, 0, 0, 1206, 23034
2026/05/29 17:53:59.045, 0, 0, 1206, 23034
2026/05/29 17:54:04.047, 0, 0, 1206, 23034
2026/05/29 17:54:09.048, 0, 0, 1206, 23034
2026/05/29 17:54:14.049, 0, 0, 1206, 23034
2026/05/29 17:54:19.051, 0, 0, 1206, 23034
2026/05/29 17:54:24.051, 0, 0, 1206, 23034
2026/05/29 17:54:29.053, 0, 0, 1206, 23034
2026/05/29 17:54:34.054, 0, 0, 1206, 23034
2026/05/29 17:54:39.055, 0, 0, 1206, 23034
2026/05/29 17:54:44.057, 0, 0, 1206, 23034
2026/05/29 17:54:49.058, 0, 0, 1206, 23034
2026/05/29 17:54:54.058, 0, 0, 1206, 23034
2026/05/29 17:54:59.059, 0, 0, 1206, 23034
2026/05/29 17:55:04.060, 0, 0, 1206, 23034
2026/05/29 17:55:09.061, 0, 0, 1206, 23034
2026/05/29 17:55:14.063, 0, 0, 1206, 23034
2026/05/29 17:55:19.065, 0, 0, 1206, 23034
2026/05/29 17:55:24.066, 0, 0, 1206, 23034
2026/05/29 17:55:29.067, 0, 0, 1206, 23034
2026/05/29 17:55:34.069, 0, 0, 1206, 23034
2026/05/29 17:55:39.071, 0, 0, 1206, 23034
2026/05/29 17:55:44.071, 0, 0, 1206, 23034
2026/05/29 17:55:49.072, 0, 0, 1206, 23034
2026/05/29 17:55:54.073, 0, 0, 1206, 23034
2026/05/29 17:55:59.074, 0, 0, 1206, 23034
2026/05/29 17:56:04.076, 0, 0, 1206, 23034
2026/05/29 17:56:09.078, 0, 0, 1206, 23034
2026/05/29 17:56:14.079, 0, 0, 1206, 23034
2026/05/29 17:56:19.081, 0, 0, 1206, 23034
2026/05/29 17:56:24.082, 0, 0, 1206, 23034
2026/05/29 17:56:29.083, 0, 0, 1206, 23034
2026/05/29 17:56:34.085, 0, 0, 1206, 23034
2026/05/29 17:56:39.086, 0, 0, 1206, 23034
2026/05/29 17:56:44.088, 0, 0, 1206, 23034
2026/05/29 17:56:49.090, 0, 0, 1206, 23034
2026/05/29 17:56:54.092, 0, 0, 1206, 23034
2026/05/29 17:56:59.093, 0, 0, 1206, 23034
2026/05/29 17:57:04.095, 0, 0, 1206, 23034
2026/05/29 17:57:09.097, 0, 0, 1206, 23034
2026/05/29 17:57:14.098, 0, 0, 1206, 23034
2026/05/29 17:57:19.099, 0, 0, 1206, 23034
2026/05/29 17:57:24.101, 0, 0, 1206, 23034
2026/05/29 17:57:29.102, 0, 0, 1206, 23034
2026/05/29 17:57:34.104, 0, 0, 1206, 23034
2026/05/29 17:57:39.106, 0, 0, 1206, 23034
2026/05/29 17:57:44.107, 0, 0, 1206, 23034
2026/05/29 17:57:49.108, 0, 0, 1206, 23034
2026/05/29 17:57:54.110, 0, 0, 1206, 23034
2026/05/29 17:57:59.112, 0, 0, 1206, 23034
2026/05/29 17:58:04.113, 0, 0, 1206, 23034
2026/05/29 17:58:09.114, 0, 0, 1206, 23034
2026/05/29 17:58:14.116, 0, 0, 1206, 23034
2026/05/29 17:58:19.116, 0, 0, 1206, 23034
2026/05/29 17:58:24.118, 0, 0, 1206, 23034
2026/05/29 17:58:29.119, 0, 0, 1206, 23034
2026/05/29 17:58:34.119, 0, 0, 1206, 23034
2026/05/29 17:58:39.120, 0, 0, 1206, 23034
2026/05/29 17:58:44.122, 0, 0, 1206, 23034
2026/05/29 17:58:49.123, 0, 0, 1206, 23034
2026/05/29 17:58:54.125, 0, 0, 1206, 23034
2026/05/29 17:58:59.126, 0, 0, 1206, 23034
2026/05/29 17:59:04.127, 0, 0, 1206, 23034
2026/05/29 17:59:09.128, 0, 0, 1206, 23034
2026/05/29 17:59:14.129, 0, 0, 1206, 23034
2026/05/29 17:59:19.130, 0, 0, 1206, 23034
2026/05/29 17:59:24.132, 0, 0, 1206, 23034
2026/05/29 17:59:29.134, 0, 0, 1206, 23034
2026/05/29 17:59:34.135, 0, 0, 1206, 23034
2026/05/29 17:59:39.137, 0, 0, 1206, 23034
2026/05/29 17:59:44.139, 0, 0, 1206, 23034
2026/05/29 17:59:49.139, 0, 0, 1206, 23034
2026/05/29 17:59:54.141, 0, 0, 1206, 23034
2026/05/29 17:59:59.143, 0, 0, 1206, 23034
2026/05/29 18:00:04.144, 0, 0, 1206, 23034
2026/05/29 18:00:09.145, 0, 0, 1206, 23034
2026/05/29 18:00:14.147, 0, 0, 1206, 23034
2026/05/29 18:00:19.148, 0, 0, 1206, 23034
2026/05/29 18:00:24.150, 0, 0, 1206, 23034
2026/05/29 18:00:29.152, 0, 0, 1206, 23034
2026/05/29 18:00:34.153, 0, 0, 1206, 23034
2026/05/29 18:00:39.154, 0, 0, 1206, 23034
2026/05/29 18:00:44.156, 0, 0, 1206, 23034
2026/05/29 18:00:49.157, 0, 0, 1206, 23034
2026/05/29 18:00:54.159, 0, 0, 1206, 23034
2026/05/29 18:00:59.161, 0, 0, 1206, 23034
2026/05/29 18:01:04.161, 0, 0, 1206, 23034
2026/05/29 18:01:09.162, 0, 0, 1206, 23034
2026/05/29 18:01:14.162, 0, 0, 1206, 23034
2026/05/29 18:01:19.163, 0, 0, 1206, 23034
2026/05/29 18:01:24.165, 0, 0, 1206, 23034
2026/05/29 18:01:29.166, 0, 0, 1206, 23034
2026/05/29 18:01:34.168, 0, 0, 1206, 23034
2026/05/29 18:01:39.170, 0, 0, 1206, 23034
2026/05/29 18:01:44.171, 0, 0, 1206, 23034
2026/05/29 18:01:49.173, 0, 0, 1206, 23034
2026/05/29 18:01:54.174, 0, 0, 1206, 23034
2026/05/29 18:01:59.176, 0, 0, 1206, 23034
2026/05/29 18:02:04.178, 0, 0, 1206, 23034
2026/05/29 18:02:09.178, 0, 0, 1206, 23034
2026/05/29 18:02:14.180, 0, 0, 1206, 23034
2026/05/29 18:02:19.182, 0, 0, 1206, 23034
2026/05/29 18:02:24.183, 0, 0, 1206, 23034
2026/05/29 18:02:29.184, 0, 0, 1206, 23034
2026/05/29 18:02:34.185, 0, 0, 1206, 23034
2026/05/29 18:02:39.186, 0, 0, 1206, 23034
2026/05/29 18:02:44.187, 0, 0, 1206, 23034
2026/05/29 18:02:49.188, 0, 0, 1206, 23034
2026/05/29 18:02:54.188, 0, 0, 1206, 23034
2026/05/29 18:02:59.189, 0, 0, 1206, 23034
2026/05/29 18:03:04.189, 0, 0, 1206, 23034
2026/05/29 18:03:09.190, 0, 0, 1206, 23034
2026/05/29 18:03:14.192, 0, 0, 1206, 23034
2026/05/29 18:03:19.193, 0, 0, 1206, 23034
2026/05/29 18:03:24.195, 0, 0, 1206, 23034
2026/05/29 18:03:29.197, 0, 0, 1206, 23034
2026/05/29 18:03:34.198, 0, 0, 1206, 23034
2026/05/29 18:03:39.200, 0, 0, 1206, 23034
2026/05/29 18:03:44.202, 0, 0, 1206, 23034
2026/05/29 18:03:49.203, 0, 0, 1206, 23034
2026/05/29 18:03:54.204, 0, 0, 1206, 23034
2026/05/29 18:03:59.206, 0, 0, 1206, 23034
2026/05/29 18:04:04.206, 0, 0, 1206, 23034
2026/05/29 18:04:09.208, 0, 0, 1206, 23034
2026/05/29 18:04:14.210, 0, 0, 1206, 23034
2026/05/29 18:04:19.211, 0, 0, 1206, 23034
2026/05/29 18:04:24.212, 0, 0, 1206, 23034
2026/05/29 18:04:29.214, 0, 0, 1206, 23034
2026/05/29 18:04:34.215, 0, 0, 1206, 23034
2026/05/29 18:04:39.216, 0, 0, 1206, 23034
2026/05/29 18:04:44.218, 0, 0, 1206, 23034
2026/05/29 18:04:49.219, 0, 0, 1206, 23034
2026/05/29 18:04:54.221, 0, 0, 1206, 23034
2026/05/29 18:04:59.223, 0, 0, 1206, 23034
2026/05/29 18:05:04.223, 0, 0, 1206, 23034
2026/05/29 18:05:09.225, 0, 0, 1206, 23034
2026/05/29 18:05:14.227, 0, 0, 1206, 23034
2026/05/29 18:05:19.228, 0, 0, 1206, 23034
2026/05/29 18:05:24.230, 0, 0, 1206, 23034
2026/05/29 18:05:29.232, 0, 0, 1206, 23034
2026/05/29 18:05:34.233, 0, 0, 1206, 23034
2026/05/29 18:05:39.235, 0, 0, 1206, 23034
2026/05/29 18:05:44.237, 0, 0, 1206, 23034
2026/05/29 18:05:49.239, 0, 0, 1206, 23034
2026/05/29 18:05:54.240, 0, 0, 1206, 23034
2026/05/29 18:05:59.242, 0, 0, 1206, 23034
2026/05/29 18:06:04.243, 0, 0, 1206, 23034
2026/05/29 18:06:09.245, 0, 0, 1206, 23034
2026/05/29 18:06:14.247, 0, 0, 1206, 23034
2026/05/29 18:06:19.247, 0, 0, 1206, 23034
2026/05/29 18:06:24.249, 0, 0, 1206, 23034
2026/05/29 18:06:29.251, 0, 0, 1206, 23034
2026/05/29 18:06:34.251, 0, 0, 1206, 23034
2026/05/29 18:06:39.252, 0, 0, 1206, 23034
2026/05/29 18:06:44.253, 0, 0, 1206, 23034
2026/05/29 18:06:49.253, 0, 0, 1206, 23034
2026/05/29 18:06:54.255, 0, 0, 1206, 23034
2026/05/29 18:06:59.257, 0, 0, 1206, 23034
2026/05/29 18:07:04.257, 0, 0, 1206, 23034
2026/05/29 18:07:09.258, 0, 0, 1206, 23034
2026/05/29 18:07:14.260, 0, 0, 1206, 23034
2026/05/29 18:07:19.261, 0, 0, 1206, 23034
2026/05/29 18:07:24.263, 0, 0, 1206, 23034
2026/05/29 18:07:29.265, 0, 0, 1206, 23034
2026/05/29 18:07:34.266, 0, 0, 1206, 23034
2026/05/29 18:07:39.268, 0, 0, 1206, 23034
2026/05/29 18:07:44.270, 0, 0, 1206, 23034
2026/05/29 18:07:49.270, 0, 0, 1206, 23034
2026/05/29 18:07:54.272, 0, 0, 1206, 23034
2026/05/29 18:07:59.274, 0, 0, 1206, 23034
2026/05/29 18:08:04.275, 0, 0, 1206, 23034
2026/05/29 18:08:09.277, 0, 0, 1206, 23034
2026/05/29 18:08:14.279, 0, 0, 1206, 23034
2026/05/29 18:08:19.280, 0, 0, 1206, 23034
2026/05/29 18:08:24.282, 0, 0, 1206, 23034
2026/05/29 18:08:29.282, 0, 0, 1206, 23034
2026/05/29 18:08:34.284, 0, 0, 1206, 23034
2026/05/29 18:08:39.286, 0, 0, 1206, 23034
2026/05/29 18:08:44.287, 0, 0, 1206, 23034
2026/05/29 18:08:49.289, 0, 0, 1206, 23034
2026/05/29 18:08:54.291, 0, 0, 1206, 23034
2026/05/29 18:08:59.292, 0, 0, 1206, 23034
2026/05/29 18:09:04.294, 0, 0, 1206, 23034
2026/05/29 18:09:09.296, 0, 0, 1206, 23034
2026/05/29 18:09:14.296, 0, 0, 1206, 23034
2026/05/29 18:09:19.297, 0, 0, 1206, 23034
2026/05/29 18:09:24.298, 0, 0, 1206, 23034
2026/05/29 18:09:29.298, 0, 0, 1206, 23034
2026/05/29 18:09:34.300, 0, 0, 1206, 23034
2026/05/29 18:09:39.302, 0, 0, 1206, 23034
2026/05/29 18:09:44.303, 0, 0, 1206, 23034
2026/05/29 18:09:49.305, 0, 0, 1206, 23034
2026/05/29 18:09:54.307, 0, 0, 1206, 23034
2026/05/29 18:09:59.308, 0, 0, 1206, 23034
2026/05/29 18:10:04.310, 0, 0, 1206, 23034
2026/05/29 18:10:09.312, 0, 0, 1206, 23034
2026/05/29 18:10:14.313, 0, 0, 1206, 23034
2026/05/29 18:10:19.315, 0, 0, 1206, 23034
2026/05/29 18:10:24.317, 0, 0, 1206, 23034
2026/05/29 18:10:29.318, 0, 0, 1206, 23034
2026/05/29 18:10:34.319, 0, 0, 1206, 23034
2026/05/29 18:10:39.320, 0, 0, 1206, 23034
2026/05/29 18:10:44.320, 0, 0, 1206, 23034
2026/05/29 18:10:49.321, 0, 0, 1206, 23034
2026/05/29 18:10:54.322, 0, 0, 1206, 23034
2026/05/29 18:10:59.322, 0, 0, 1206, 23034
2026/05/29 18:11:04.324, 0, 0, 1206, 23034
2026/05/29 18:11:09.325, 0, 0, 1206, 23034
2026/05/29 18:11:14.327, 0, 0, 1206, 23034
2026/05/29 18:11:19.329, 0, 0, 1206, 23034
2026/05/29 18:11:24.331, 0, 0, 1206, 23034
2026/05/29 18:11:29.332, 0, 0, 1206, 23034
2026/05/29 18:11:34.334, 0, 0, 1206, 23034
2026/05/29 18:11:39.335, 0, 0, 1206, 23034
2026/05/29 18:11:44.336, 0, 0, 1206, 23034
2026/05/29 18:11:49.338, 0, 0, 1206, 23034
2026/05/29 18:11:54.340, 0, 0, 1206, 23034
2026/05/29 18:11:59.340, 0, 0, 1206, 23034
2026/05/29 18:12:04.342, 0, 0, 1206, 23034
2026/05/29 18:12:09.344, 0, 0, 1206, 23034
2026/05/29 18:12:14.345, 0, 0, 1206, 23034
2026/05/29 18:12:19.346, 0, 0, 1213, 23034
2026/05/29 18:12:24.348, 0, 0, 1213, 23034
2026/05/29 18:12:29.349, 7, 1, 1197, 23034
2026/05/29 18:12:34.351, 0, 0, 1071, 23034
2026/05/29 18:12:39.353, 0, 0, 1057, 23034
2026/05/29 18:12:44.354, 0, 0, 854, 23034
2026/05/29 18:12:49.355, 0, 0, 854, 23034
2026/05/29 18:12:54.356, 0, 0, 854, 23034
2026/05/29 18:12:59.358, 0, 0, 854, 23034
2026/05/29 18:13:04.359, 0, 0, 854, 23034
2026/05/29 18:13:09.361, 0, 0, 854, 23034
2026/05/29 18:13:14.363, 0, 0, 854, 23034
2026/05/29 18:13:19.364, 0, 0, 854, 23034
2026/05/29 18:13:24.364, 0, 0, 854, 23034
2026/05/29 18:13:29.365, 0, 0, 854, 23034
2026/05/29 18:13:34.367, 0, 0, 854, 23034
2026/05/29 18:13:39.368, 0, 0, 854, 23034
2026/05/29 18:13:44.370, 0, 0, 854, 23034
2026/05/29 18:13:49.372, 0, 0, 854, 23034
2026/05/29 18:13:54.373, 0, 0, 854, 23034
2026/05/29 18:13:59.375, 0, 0, 854, 23034
2026/05/29 18:14:04.377, 0, 0, 854, 23034
2026/05/29 18:14:09.378, 0, 0, 854, 23034
2026/05/29 18:14:14.378, 0, 0, 854, 23034
2026/05/29 18:14:19.380, 0, 0, 854, 23034
2026/05/29 18:14:24.382, 0, 0, 854, 23034
2026/05/29 18:14:29.384, 0, 0, 854, 23034
2026/05/29 18:14:34.384, 0, 0, 854, 23034
2026/05/29 18:14:39.386, 0, 0, 854, 23034
2026/05/29 18:14:44.388, 0, 0, 854, 23034
2026/05/29 18:14:49.389, 0, 0, 854, 23034
2026/05/29 18:14:54.391, 0, 0, 854, 23034
2026/05/29 18:14:59.393, 0, 0, 854, 23034
2026/05/29 18:15:04.394, 0, 0, 854, 23034
2026/05/29 18:15:09.394, 0, 0, 854, 23034
2026/05/29 18:15:14.396, 0, 0, 854, 23034
2026/05/29 18:15:19.398, 0, 0, 854, 23034
2026/05/29 18:15:24.400, 0, 0, 854, 23034
2026/05/29 18:15:29.401, 0, 0, 854, 23034
2026/05/29 18:15:34.402, 0, 0, 854, 23034
2026/05/29 18:15:39.404, 0, 0, 854, 23034
2026/05/29 18:15:44.406, 0, 0, 854, 23034
2026/05/29 18:15:49.408, 0, 0, 854, 23034
2026/05/29 18:15:54.408, 0, 0, 854, 23034
2026/05/29 18:15:59.409, 0, 0, 854, 23034
2026/05/29 18:16:04.411, 0, 0, 854, 23034
2026/05/29 18:16:09.412, 0, 0, 854, 23034
2026/05/29 18:16:14.412, 0, 0, 854, 23034
2026/05/29 18:16:19.414, 0, 0, 854, 23034
2026/05/29 18:16:24.415, 0, 0, 854, 23034
2026/05/29 18:16:29.415, 0, 0, 854, 23034
2026/05/29 18:16:34.417, 0, 0, 854, 23034
2026/05/29 18:16:39.419, 0, 0, 854, 23034
2026/05/29 18:16:44.419, 0, 0, 854, 23034
2026/05/29 18:16:49.421, 0, 0, 854, 23034
2026/05/29 18:16:54.423, 0, 0, 854, 23034
2026/05/29 18:16:59.424, 0, 0, 854, 23034
2026/05/29 18:17:04.426, 0, 0, 854, 23034
2026/05/29 18:17:09.427, 0, 0, 854, 23034
2026/05/29 18:17:14.429, 0, 0, 854, 23034
2026/05/29 18:17:19.430, 0, 0, 854, 23034
2026/05/29 18:17:24.431, 0, 0, 854, 23034
2026/05/29 18:17:29.433, 0, 0, 854, 23034
2026/05/29 18:17:34.435, 0, 0, 854, 23034
2026/05/29 18:17:39.435, 0, 0, 854, 23034
2026/05/29 18:17:44.436, 0, 0, 854, 23034
2026/05/29 18:17:49.438, 0, 0, 854, 23034
2026/05/29 18:17:54.439, 0, 0, 854, 23034
2026/05/29 18:17:59.441, 0, 0, 854, 23034
2026/05/29 18:18:04.443, 0, 0, 854, 23034
2026/05/29 18:18:09.445, 0, 0, 854, 23034
2026/05/29 18:18:14.446, 0, 0, 854, 23034
2026/05/29 18:18:19.448, 0, 0, 854, 23034
2026/05/29 18:18:24.450, 0, 0, 854, 23034
2026/05/29 18:18:29.452, 0, 0, 854, 23034
2026/05/29 18:18:34.453, 0, 0, 854, 23034
2026/05/29 18:18:39.455, 0, 0, 854, 23034
2026/05/29 18:18:44.456, 0, 0, 854, 23034
2026/05/29 18:18:49.456, 0, 0, 854, 23034
2026/05/29 18:18:54.457, 0, 0, 854, 23034
2026/05/29 18:18:59.459, 0, 0, 854, 23034
2026/05/29 18:19:04.460, 0, 0, 854, 23034
2026/05/29 18:19:09.460, 0, 0, 854, 23034
2026/05/29 18:19:14.462, 0, 0, 854, 23034
2026/05/29 18:19:19.464, 0, 0, 854, 23034
2026/05/29 18:19:24.465, 0, 0, 854, 23034
2026/05/29 18:19:29.467, 0, 0, 854, 23034
2026/05/29 18:19:34.468, 0, 0, 854, 23034
2026/05/29 18:19:39.469, 0, 0, 854, 23034
2026/05/29 18:19:44.470, 0, 0, 854, 23034
2026/05/29 18:19:49.471, 0, 0, 854, 23034
2026/05/29 18:19:54.471, 0, 0, 854, 23034
2026/05/29 18:19:59.473, 0, 0, 854, 23034
2026/05/29 18:20:04.475, 0, 0, 854, 23034
2026/05/29 18:20:09.477, 0, 0, 854, 23034
2026/05/29 18:20:14.478, 0, 0, 854, 23034
2026/05/29 18:20:19.480, 0, 0, 854, 23034
2026/05/29 18:20:24.482, 0, 0, 854, 23034
2026/05/29 18:20:29.483, 0, 0, 854, 23034
2026/05/29 18:20:34.484, 0, 0, 854, 23034
2026/05/29 18:20:39.486, 0, 0, 854, 23034
2026/05/29 18:20:44.487, 0, 0, 854, 23034
2026/05/29 18:20:49.488, 0, 0, 854, 23034
2026/05/29 18:20:54.490, 0, 0, 854, 23034
2026/05/29 18:20:59.492, 0, 0, 854, 23034
2026/05/29 18:21:04.493, 0, 0, 854, 23034
2026/05/29 18:21:09.495, 0, 0, 854, 23034
2026/05/29 18:21:14.497, 0, 0, 854, 23034
2026/05/29 18:21:19.498, 0, 0, 854, 23034
2026/05/29 18:21:24.499, 0, 0, 854, 23034
2026/05/29 18:21:29.500, 0, 0, 854, 23034
2026/05/29 18:21:34.502, 0, 0, 854, 23034
2026/05/29 18:21:39.502, 0, 0, 854, 23034
2026/05/29 18:21:44.503, 0, 0, 854, 23034
2026/05/29 18:21:49.505, 0, 0, 854, 23034
2026/05/29 18:21:54.506, 0, 0, 854, 23034
2026/05/29 18:21:59.508, 0, 0, 854, 23034
2026/05/29 18:22:04.510, 0, 0, 854, 23034
2026/05/29 18:22:09.511, 0, 0, 854, 23034
2026/05/29 18:22:14.513, 0, 0, 854, 23034
2026/05/29 18:22:19.515, 0, 0, 854, 23034
2026/05/29 18:22:24.517, 0, 0, 854, 23034
2026/05/29 18:22:29.518, 0, 0, 854, 23034
2026/05/29 18:22:34.520, 0, 0, 854, 23034
2026/05/29 18:22:39.521, 14, 5, 1284, 23034
2026/05/29 18:22:44.522, 2, 1, 1266, 23034
2026/05/29 18:22:49.524, 9, 4, 1235, 23034
2026/05/29 18:22:54.524, 6, 5, 1241, 23034
2026/05/29 18:22:59.526, 0, 0, 1241, 23034
2026/05/29 18:23:04.528, 5, 4, 1410, 23034
2026/05/29 18:23:09.529, 16, 5, 1326, 23034
2026/05/29 18:23:14.531, 0, 0, 1311, 23034
2026/05/29 18:23:19.533, 1, 0, 1293, 23034
2026/05/29 18:23:24.534, 0, 0, 1293, 23034
2026/05/29 18:23:29.536, 0, 0, 1293, 23034
2026/05/29 18:23:34.537, 0, 0, 1126, 23034
2026/05/29 18:23:39.538, 0, 0, 1126, 23034
2026/05/29 18:23:44.540, 0, 0, 1014, 23034
2026/05/29 18:23:49.541, 0, 0, 1021, 23034
2026/05/29 18:23:54.543, 0, 0, 1048, 23034
2026/05/29 18:23:59.545, 0, 0, 1057, 23034
2026/05/29 18:24:04.546, 0, 0, 1051, 23034
2026/05/29 18:24:09.547, 0, 0, 1037, 23034
2026/05/29 18:24:14.549, 0, 0, 1036, 23034
2026/05/29 18:24:19.550, 0, 0, 1023, 23034
2026/05/29 18:24:24.552, 0, 0, 1023, 23034
2026/05/29 18:24:29.554, 0, 0, 1028, 23034
2026/05/29 18:24:34.555, 0, 0, 1028, 23034
2026/05/29 18:24:39.557, 0, 0, 1028, 23034
2026/05/29 18:24:44.558, 4, 1, 1030, 23034
2026/05/29 18:24:49.559, 1, 0, 1030, 23034
2026/05/29 18:24:54.560, 0, 0, 1039, 23034
2026/05/29 18:24:59.562, 0, 0, 1039, 23034
2026/05/29 18:25:04.562, 1, 0, 1039, 23034
2026/05/29 18:25:09.564, 4, 1, 1035, 23034
2026/05/29 18:25:14.566, 0, 0, 1074, 23034
2026/05/29 18:25:19.566, 0, 0, 1074, 23034
2026/05/29 18:25:24.568, 1, 0, 1074, 23034
2026/05/29 18:25:29.569, 0, 0, 1074, 23034
2026/05/29 18:25:34.571, 0, 0, 1072, 23034
2026/05/29 18:25:39.571, 1, 0, 1072, 23034
2026/05/29 18:25:44.572, 2, 0, 1073, 23034
2026/05/29 18:25:49.572, 0, 0, 1073, 23034
2026/05/29 18:25:54.574, 0, 0, 1072, 23034
2026/05/29 18:25:59.575, 3, 0, 1072, 23034
2026/05/29 18:26:04.577, 1, 0, 1072, 23034
2026/05/29 18:26:09.577, 0, 0, 1072, 23034
2026/05/29 18:26:14.579, 0, 0, 1072, 23034
2026/05/29 18:26:19.580, 0, 0, 1072, 23034
2026/05/29 18:26:24.582, 0, 0, 1072, 23034
2026/05/29 18:26:29.583, 1, 0, 1072, 23034
2026/05/29 18:26:34.585, 2, 0, 1072, 23034
2026/05/29 18:26:39.585, 0, 0, 1072, 23034
2026/05/29 18:26:44.586, 3, 0, 1072, 23034
2026/05/29 18:26:49.587, 0, 0, 1072, 23034
2026/05/29 18:26:54.587, 1, 0, 1072, 23034
2026/05/29 18:26:59.588, 1, 0, 1072, 23034
2026/05/29 18:27:04.588, 0, 0, 1072, 23034
2026/05/29 18:27:09.589, 5, 1, 1073, 23034
2026/05/29 18:27:14.591, 0, 0, 1072, 23034
2026/05/29 18:27:19.593, 1, 0, 1072, 23034
2026/05/29 18:27:24.593, 0, 0, 1072, 23034
2026/05/29 18:27:29.595, 2, 0, 1072, 23034
2026/05/29 18:27:34.597, 0, 0, 1072, 23034
2026/05/29 18:27:39.598, 1, 0, 1072, 23034
2026/05/29 18:27:44.600, 6, 1, 1072, 23034
2026/05/29 18:27:49.601, 5, 1, 1072, 23034
2026/05/29 18:27:54.603, 0, 0, 1072, 23034
2026/05/29 18:27:59.604, 1, 0, 1072, 23034
2026/05/29 18:28:04.605, 0, 0, 1072, 23034
2026/05/29 18:28:09.606, 4, 1, 1072, 23034
2026/05/29 18:28:14.608, 6, 1, 1072, 23034
2026/05/29 18:28:19.609, 12, 1, 1072, 23034
2026/05/29 18:28:24.611, 0, 0, 1072, 23034
2026/05/29 18:28:29.613, 9, 1, 1072, 23034
2026/05/29 18:28:34.614, 1, 0, 1072, 23034
2026/05/29 18:28:39.615, 0, 0, 1072, 23034
2026/05/29 18:28:44.617, 0, 0, 1072, 23034
2026/05/29 18:28:49.617, 1, 0, 1072, 23034
2026/05/29 18:28:54.619, 0, 0, 1072, 23034
2026/05/29 18:28:59.621, 1, 0, 1077, 23034
2026/05/29 18:29:04.621, 0, 0, 1076, 23034
2026/05/29 18:29:09.622, 0, 0, 1072, 23034
2026/05/29 18:29:14.624, 1, 0, 1072, 23034
2026/05/29 18:29:19.624, 0, 0, 1072, 23034
2026/05/29 18:29:24.626, 0, 0, 1072, 23034
2026/05/29 18:29:29.628, 2, 0, 1072, 23034
2026/05/29 18:29:34.629, 1, 0, 1072, 23034
2026/05/29 18:29:39.631, 0, 0, 1072, 23034
2026/05/29 18:29:44.633, 1, 0, 1072, 23034
2026/05/29 18:29:49.634, 0, 0, 1073, 23034
2026/05/29 18:29:54.636, 0, 0, 1073, 23034
2026/05/29 18:29:59.637, 0, 0, 1077, 23034
2026/05/29 18:30:04.638, 0, 0, 1072, 23034
2026/05/29 18:30:09.640, 0, 0, 1072, 23034
2026/05/29 18:30:14.641, 0, 0, 1072, 23034
2026/05/29 18:30:19.642, 0, 0, 1072, 23034
2026/05/29 18:30:24.644, 2, 0, 1072, 23034
2026/05/29 18:30:29.646, 2, 0, 1072, 23034
2026/05/29 18:30:34.646, 1, 0, 1072, 23034
2026/05/29 18:30:39.648, 0, 0, 1072, 23034
2026/05/29 18:30:44.649, 0, 0, 1078, 23034
2026/05/29 18:30:49.650, 1, 0, 1078, 23034
2026/05/29 18:30:54.652, 0, 0, 1073, 23034
2026/05/29 18:30:59.654, 0, 0, 1072, 23034
2026/05/29 18:31:04.655, 0, 0, 1072, 23034
2026/05/29 18:31:09.656, 2, 0, 1073, 23034
2026/05/29 18:31:14.657, 7, 1, 1073, 23034
2026/05/29 18:31:19.658, 6, 1, 1073, 23034
2026/05/29 18:31:24.660, 0, 0, 1073, 23034
2026/05/29 18:31:29.661, 0, 0, 1072, 23034
2026/05/29 18:31:34.663, 0, 0, 1072, 23034
2026/05/29 18:31:39.665, 1, 0, 1079, 23034
2026/05/29 18:31:44.665, 0, 0, 1078, 23034
2026/05/29 18:31:49.667, 0, 0, 1078, 23034
2026/05/29 18:31:54.667, 1, 0, 1078, 23034
2026/05/29 18:31:59.669, 0, 0, 1078, 23034
2026/05/29 18:32:04.671, 0, 0, 1078, 23034
2026/05/29 18:32:09.672, 6, 1, 1078, 23034
2026/05/29 18:32:14.673, 6, 1, 1078, 23034
2026/05/29 18:32:19.675, 6, 1, 1078, 23034
2026/05/29 18:32:24.676, 0, 0, 1076, 23034
2026/05/29 18:32:29.677, 11, 1, 1076, 23034
2026/05/29 18:32:34.678, 5, 1, 1076, 23034
2026/05/29 18:32:39.680, 0, 0, 1077, 23034
2026/05/29 18:32:44.682, 9, 1, 1077, 23034
2026/05/29 18:32:49.683, 0, 0, 1076, 23034
2026/05/29 18:32:54.685, 1, 0, 1077, 23034
2026/05/29 18:32:59.687, 1, 0, 1077, 23034
2026/05/29 18:33:04.689, 12, 1, 1077, 23034
2026/05/29 18:33:09.689, 12, 1, 1077, 23034
2026/05/29 18:33:14.691, 8, 1, 1077, 23034
2026/05/29 18:33:19.692, 11, 1, 1077, 23034
2026/05/29 18:33:24.694, 1, 0, 1077, 23034
2026/05/29 18:33:29.696, 7, 1, 1077, 23034
2026/05/29 18:33:34.697, 0, 0, 1076, 23034
2026/05/29 18:33:39.699, 0, 0, 1077, 23034
2026/05/29 18:33:44.701, 0, 0, 1077, 23034
2026/05/29 18:33:49.702, 4, 1, 1077, 23034
2026/05/29 18:33:54.704, 4, 1, 1076, 23034
2026/05/29 18:33:59.705, 0, 0, 1077, 23034
2026/05/29 18:34:04.707, 0, 0, 1076, 23034
2026/05/29 18:34:09.709, 3, 1, 1076, 23034
2026/05/29 18:34:14.710, 3, 1, 1076, 23034
2026/05/29 18:34:19.711, 3, 0, 1076, 23034
2026/05/29 18:34:24.713, 3, 0, 1076, 23034
2026/05/29 18:34:29.714, 0, 0, 1076, 23034
2026/05/29 18:34:34.716, 0, 0, 1076, 23034
2026/05/29 18:34:39.717, 0, 0, 1076, 23034
2026/05/29 18:34:44.717, 1, 0, 1077, 23034
2026/05/29 18:34:49.718, 0, 0, 1077, 23034
2026/05/29 18:34:54.718, 9, 1, 1077, 23034
2026/05/29 18:34:59.719, 0, 0, 1077, 23034
2026/05/29 18:35:04.721, 0, 0, 1077, 23034
2026/05/29 18:35:09.721, 0, 0, 1077, 23034
2026/05/29 18:35:14.723, 0, 0, 1077, 23034
2026/05/29 18:35:19.724, 0, 0, 1077, 23034
2026/05/29 18:35:24.724, 7, 1, 1077, 23034
2026/05/29 18:35:29.726, 3, 0, 1076, 23034
2026/05/29 18:35:34.727, 0, 0, 1076, 23034
2026/05/29 18:35:39.729, 1, 0, 1076, 23034
2026/05/29 18:35:44.731, 1, 0, 1076, 23034
2026/05/29 18:35:49.732, 0, 0, 1076, 23034
2026/05/29 18:35:54.733, 0, 0, 1076, 23034
2026/05/29 18:35:59.735, 0, 0, 1076, 23034
2026/05/29 18:36:04.736, 0, 0, 1076, 23034
2026/05/29 18:36:09.737, 1, 0, 1076, 23034
2026/05/29 18:36:14.739, 9, 1, 1076, 23034
2026/05/29 18:36:19.741, 0, 0, 1076, 23034
2026/05/29 18:36:24.742, 0, 0, 1076, 23034
2026/05/29 18:36:29.743, 2, 0, 1076, 23034
2026/05/29 18:36:34.743, 2, 0, 1076, 23034
2026/05/29 18:36:39.745, 1, 0, 1076, 23034
2026/05/29 18:36:44.747, 0, 0, 1077, 23034
2026/05/29 18:36:49.749, 0, 0, 1077, 23034
2026/05/29 18:36:54.750, 0, 0, 1076, 23034
2026/05/29 18:36:59.752, 5, 1, 1077, 23034
2026/05/29 18:37:04.754, 1, 0, 1077, 23034
2026/05/29 18:37:09.756, 0, 0, 1077, 23034
2026/05/29 18:37:14.756, 0, 0, 1077, 23034
2026/05/29 18:37:19.758, 0, 0, 1077, 23034
2026/05/29 18:37:24.760, 3, 1, 1077, 23034
2026/05/29 18:37:29.761, 12, 1, 1077, 23034
2026/05/29 18:37:34.763, 0, 0, 1076, 23034
2026/05/29 18:37:39.765, 0, 0, 1076, 23034
2026/05/29 18:37:44.765, 0, 0, 1076, 23034
2026/05/29 18:37:49.767, 0, 0, 1076, 23034
2026/05/29 18:37:54.768, 1, 0, 1076, 23034
2026/05/29 18:37:59.769, 3, 1, 1076, 23034
2026/05/29 18:38:04.771, 0, 0, 1076, 23034
2026/05/29 18:38:09.773, 0, 0, 1076, 23034
2026/05/29 18:38:14.774, 3, 1, 1080, 23034
2026/05/29 18:38:19.775, 0, 0, 1076, 23034
2026/05/29 18:38:24.777, 0, 0, 1076, 23034
2026/05/29 18:38:29.779, 0, 0, 1076, 23034
2026/05/29 18:38:34.780, 2, 0, 1076, 23034
2026/05/29 18:38:39.782, 0, 0, 1076, 23034
2026/05/29 18:38:44.784, 4, 1, 1076, 23034
2026/05/29 18:38:49.786, 4, 1, 1076, 23034
2026/05/29 18:38:54.787, 0, 0, 1076, 23034
2026/05/29 18:38:59.789, 0, 0, 1076, 23034
2026/05/29 18:39:04.789, 2, 0, 1076, 23034
2026/05/29 18:39:09.791, 0, 0, 1076, 23034
2026/05/29 18:39:14.793, 10, 1, 1076, 23034
2026/05/29 18:39:19.793, 7, 1, 1076, 23034
2026/05/29 18:39:24.795, 9, 1, 1076, 23034
2026/05/29 18:39:29.797, 0, 0, 1077, 23034
2026/05/29 18:39:34.797, 1, 0, 1077, 23034
2026/05/29 18:39:39.799, 7, 1, 1077, 23034
2026/05/29 18:39:44.802, 8, 1, 1077, 23034
2026/05/29 18:39:49.804, 10, 1, 1077, 23034
2026/05/29 18:39:54.805, 1, 0, 1077, 23034
2026/05/29 18:39:59.806, 0, 0, 1077, 23034
2026/05/29 18:40:04.808, 1, 0, 1077, 23034
2026/05/29 18:40:09.808, 1, 0, 1077, 23034
2026/05/29 18:40:14.810, 0, 0, 1077, 23034
2026/05/29 18:40:19.812, 0, 0, 1077, 23034
2026/05/29 18:40:24.813, 13, 1, 1077, 23034
2026/05/29 18:40:29.813, 3, 1, 1077, 23034
2026/05/29 18:40:34.814, 9, 1, 1076, 23034
2026/05/29 18:40:39.815, 1, 0, 1077, 23034
2026/05/29 18:40:44.817, 2, 0, 1077, 23034
2026/05/29 18:40:49.819, 8, 1, 1075, 23034
2026/05/29 18:40:54.820, 0, 0, 1075, 23034
2026/05/29 18:40:59.821, 7, 1, 1075, 23034
2026/05/29 18:41:04.822, 1, 0, 1075, 23034
2026/05/29 18:41:09.824, 4, 0, 1075, 23034
2026/05/29 18:41:14.826, 0, 0, 1075, 23034
2026/05/29 18:41:19.827, 0, 0, 1075, 23034
2026/05/29 18:41:24.829, 0, 0, 1075, 23034
2026/05/29 18:41:29.830, 0, 0, 1075, 23034
2026/05/29 18:41:34.831, 0, 0, 1075, 23034
2026/05/29 18:41:39.833, 0, 0, 1075, 23034
2026/05/29 18:41:44.833, 0, 0, 1075, 23034
2026/05/29 18:41:49.835, 6, 1, 1074, 23034
2026/05/29 18:41:54.837, 0, 0, 1074, 23034
2026/05/29 18:41:59.837, 1, 0, 1074, 23034
2026/05/29 18:42:04.839, 1, 0, 1075, 23034
2026/05/29 18:42:09.840, 1, 0, 1088, 23034
2026/05/29 18:42:14.842, 0, 0, 1088, 23034
2026/05/29 18:42:19.844, 0, 0, 1085, 23034
2026/05/29 18:42:24.845, 0, 0, 1081, 23034
2026/05/29 18:42:29.847, 0, 0, 1081, 23034
2026/05/29 18:42:34.849, 0, 0, 1081, 23034
2026/05/29 18:42:39.849, 0, 0, 1081, 23034
2026/05/29 18:42:44.850, 0, 0, 1081, 23034
2026/05/29 18:42:49.851, 0, 0, 1081, 23034
2026/05/29 18:42:54.851, 0, 0, 1081, 23034
2026/05/29 18:42:59.852, 0, 0, 1081, 23034
2026/05/29 18:43:04.853, 0, 0, 1081, 23034
2026/05/29 18:43:09.853, 0, 0, 1081, 23034
2026/05/29 18:43:14.855, 0, 0, 1081, 23034
2026/05/29 18:43:19.856, 0, 0, 1081, 23034
2026/05/29 18:43:24.858, 0, 0, 1081, 23034
2026/05/29 18:43:29.860, 0, 0, 1081, 23034
2026/05/29 18:43:34.861, 0, 0, 1081, 23034
2026/05/29 18:43:39.862, 0, 0, 1081, 23034
2026/05/29 18:43:44.864, 0, 0, 1081, 23034
2026/05/29 18:43:49.865, 0, 0, 1081, 23034
2026/05/29 18:43:54.867, 0, 0, 1081, 23034
2026/05/29 18:43:59.869, 0, 0, 1081, 23034
2026/05/29 18:44:04.870, 0, 0, 1081, 23034
2026/05/29 18:44:09.872, 0, 0, 1081, 23034
2026/05/29 18:44:14.874, 0, 0, 1081, 23034
2026/05/29 18:44:19.876, 0, 0, 1081, 23034
2026/05/29 18:44:24.877, 0, 0, 1081, 23034
2026/05/29 18:44:29.879, 0, 0, 1081, 23034
2026/05/29 18:44:34.881, 0, 0, 1081, 23034
2026/05/29 18:44:39.882, 0, 0, 1081, 23034
2026/05/29 18:44:44.884, 0, 0, 1081, 23034
2026/05/29 18:44:49.885, 0, 0, 1081, 23034
2026/05/29 18:44:54.886, 0, 0, 1081, 23034
2026/05/29 18:44:59.888, 0, 0, 1081, 23034
2026/05/29 18:45:04.889, 0, 0, 1081, 23034
2026/05/29 18:45:09.891, 0, 0, 1081, 23034
2026/05/29 18:45:14.891, 0, 0, 1081, 23034
2026/05/29 18:45:19.892, 0, 0, 1081, 23034
2026/05/29 18:45:24.894, 0, 0, 1081, 23034
2026/05/29 18:45:29.894, 0, 0, 1081, 23034
2026/05/29 18:45:34.896, 0, 0, 1081, 23034
2026/05/29 18:45:39.898, 0, 0, 1081, 23034
2026/05/29 18:45:44.899, 0, 0, 1081, 23034
2026/05/29 18:45:49.900, 0, 0, 1081, 23034
2026/05/29 18:45:54.901, 0, 0, 1081, 23034
2026/05/29 18:45:59.902, 0, 0, 1081, 23034
2026/05/29 18:46:04.904, 0, 0, 1081, 23034
2026/05/29 18:46:09.905, 0, 0, 1081, 23034
2026/05/29 18:46:14.906, 0, 0, 1081, 23034
2026/05/29 18:46:19.908, 0, 0, 1081, 23034
2026/05/29 18:46:24.910, 0, 0, 1081, 23034
2026/05/29 18:46:29.910, 1, 0, 1080, 23034
2026/05/29 18:46:34.911, 1, 0, 1080, 23034
2026/05/29 18:46:39.913, 1, 0, 1081, 23034
2026/05/29 18:46:44.913, 0, 0, 1081, 23034
2026/05/29 18:46:49.915, 1, 0, 1081, 23034
2026/05/29 18:46:54.916, 2, 1, 1085, 23034
2026/05/29 18:46:59.916, 0, 0, 1081, 23034
2026/05/29 18:47:04.918, 0, 0, 1081, 23034
2026/05/29 18:47:09.918, 0, 0, 1081, 23034
2026/05/29 18:47:14.919, 0, 0, 1081, 23034
2026/05/29 18:47:19.921, 0, 0, 1081, 23034
2026/05/29 18:47:24.922, 0, 0, 1081, 23034
2026/05/29 18:47:29.922, 0, 0, 1081, 23034
2026/05/29 18:47:34.924, 0, 0, 1081, 23034
2026/05/29 18:47:39.926, 0, 0, 1081, 23034
2026/05/29 18:47:44.927, 0, 0, 969, 23034
2026/05/29 18:47:49.929, 0, 0, 963, 23034
2026/05/29 18:47:54.931, 2, 0, 748, 23034
2026/05/29 18:47:59.933, 0, 0, 756, 23034
2026/05/29 18:48:04.935, 0, 0, 756, 23034
2026/05/29 18:48:09.936, 0, 0, 756, 23034
2026/05/29 18:48:14.937, 0, 0, 756, 23034
2026/05/29 18:48:19.939, 0, 0, 756, 23034
2026/05/29 18:48:24.940, 8, 2, 959, 23034
2026/05/29 18:48:29.941, 0, 0, 959, 23034
2026/05/29 18:48:34.942, 13, 2, 1015, 23034
2026/05/29 18:48:39.942, 5, 1, 1065, 23034
2026/05/29 18:48:44.944, 11, 1, 1064, 23034
2026/05/29 18:48:49.946, 0, 0, 1064, 23034
2026/05/29 18:48:54.947, 0, 0, 1064, 23034
2026/05/29 18:48:59.949, 7, 1, 1064, 23034
2026/05/29 18:49:04.951, 0, 0, 1064, 23034
2026/05/29 18:49:09.953, 0, 0, 1064, 23034
2026/05/29 18:49:14.954, 0, 0, 1064, 23034
2026/05/29 18:49:19.955, 6, 1, 1064, 23034
2026/05/29 18:49:24.957, 0, 0, 1064, 23034
2026/05/29 18:49:29.957, 0, 0, 1064, 23034
2026/05/29 18:49:34.959, 0, 0, 1064, 23034
2026/05/29 18:49:39.960, 0, 0, 1064, 23034
2026/05/29 18:49:44.961, 0, 0, 1064, 23034
2026/05/29 18:49:49.963, 7, 1, 1064, 23034
2026/05/29 18:49:54.964, 0, 0, 1064, 23034
2026/05/29 18:49:59.966, 1, 0, 1064, 23034
2026/05/29 18:50:04.967, 0, 0, 1064, 23034
2026/05/29 18:50:09.968, 0, 0, 1064, 23034
2026/05/29 18:50:14.970, 0, 0, 1064, 23034
2026/05/29 18:50:19.972, 0, 0, 1064, 23034
2026/05/29 18:50:24.973, 0, 0, 1064, 23034
2026/05/29 18:50:29.975, 5, 1, 1064, 23034
2026/05/29 18:50:34.976, 0, 0, 1064, 23034
2026/05/29 18:50:39.976, 0, 0, 1064, 23034
2026/05/29 18:50:44.977, 0, 0, 1069, 23034
2026/05/29 18:50:49.977, 1, 0, 965, 23034
2026/05/29 18:50:54.978, 0, 0, 750, 23034
2026/05/29 18:50:59.979, 0, 0, 750, 23034
2026/05/29 18:51:04.979, 0, 0, 750, 23034
2026/05/29 18:51:09.980, 0, 0, 750, 23034
2026/05/29 18:51:14.982, 0, 0, 750, 23034
2026/05/29 18:51:19.983, 0, 0, 750, 23034
2026/05/29 18:51:24.984, 0, 0, 750, 23034
2026/05/29 18:51:29.985, 0, 0, 750, 23034
2026/05/29 18:51:34.987, 0, 0, 750, 23034
2026/05/29 18:51:39.989, 0, 0, 750, 23034
2026/05/29 18:51:44.990, 0, 0, 750, 23034
2026/05/29 18:51:49.990, 0, 0, 750, 23034
2026/05/29 18:51:54.992, 0, 0, 750, 23034
2026/05/29 18:51:59.993, 0, 0, 750, 23034
2026/05/29 18:52:04.994, 0, 0, 750, 23034
2026/05/29 18:52:09.996, 0, 0, 750, 23034
2026/05/29 18:52:14.998, 0, 0, 750, 23034
2026/05/29 18:52:19.999, 0, 0, 750, 23034
2026/05/29 18:52:25.000, 0, 0, 750, 23034
2026/05/29 18:52:30.002, 0, 0, 750, 23034
2026/05/29 18:52:35.003, 0, 0, 750, 23034
2026/05/29 18:52:40.004, 0, 0, 750, 23034
2026/05/29 18:52:45.005, 0, 0, 750, 23034
2026/05/29 18:52:50.006, 0, 0, 750, 23034
2026/05/29 18:52:55.008, 0, 0, 750, 23034
2026/05/29 18:53:00.010, 0, 0, 750, 23034
2026/05/29 18:53:05.011, 0, 0, 750, 23034
2026/05/29 18:53:10.013, 0, 0, 750, 23034
2026/05/29 18:53:15.015, 0, 0, 750, 23034
2026/05/29 18:53:20.016, 0, 0, 750, 23034
2026/05/29 18:53:25.018, 0, 0, 750, 23034
2026/05/29 18:53:30.019, 0, 0, 750, 23034
2026/05/29 18:53:35.021, 0, 0, 750, 23034
2026/05/29 18:53:40.021, 0, 0, 750, 23034
2026/05/29 18:53:45.023, 0, 0, 750, 23034
2026/05/29 18:53:50.025, 0, 0, 750, 23034
2026/05/29 18:53:55.026, 0, 0, 750, 23034
2026/05/29 18:54:00.028, 0, 0, 750, 23034
2026/05/29 18:54:05.030, 0, 0, 750, 23034
2026/05/29 18:54:10.031, 0, 0, 750, 23034
2026/05/29 18:54:15.033, 0, 0, 750, 23034
2026/05/29 18:54:20.035, 0, 0, 750, 23034
2026/05/29 18:54:25.036, 0, 0, 750, 23034
2026/05/29 18:54:30.037, 0, 0, 750, 23034
2026/05/29 18:54:35.038, 0, 0, 750, 23034
2026/05/29 18:54:40.040, 0, 0, 750, 23034
2026/05/29 18:54:45.040, 0, 0, 750, 23034
2026/05/29 18:54:50.042, 0, 0, 750, 23034
2026/05/29 18:54:55.044, 0, 0, 750, 23034
2026/05/29 18:55:00.045, 0, 0, 750, 23034
2026/05/29 18:55:05.047, 0, 0, 750, 23034
2026/05/29 18:55:10.049, 0, 0, 750, 23034
2026/05/29 18:55:15.050, 0, 0, 750, 23034
2026/05/29 18:55:20.051, 0, 0, 750, 23034
2026/05/29 18:55:25.053, 0, 0, 750, 23034
2026/05/29 18:55:30.054, 0, 0, 750, 23034
2026/05/29 18:55:35.055, 0, 0, 750, 23034
2026/05/29 18:55:40.057, 0, 0, 750, 23034
2026/05/29 18:55:45.059, 0, 0, 750, 23034
2026/05/29 18:55:50.061, 0, 0, 750, 23034
2026/05/29 18:55:55.061, 0, 0, 750, 23034
2026/05/29 18:56:00.063, 0, 0, 750, 23034
2026/05/29 18:56:05.065, 0, 0, 750, 23034
2026/05/29 18:56:10.066, 0, 0, 750, 23034
2026/05/29 18:56:15.068, 0, 0, 750, 23034
2026/05/29 18:56:20.070, 0, 0, 750, 23034
2026/05/29 18:56:25.070, 0, 0, 750, 23034
2026/05/29 18:56:30.072, 0, 0, 750, 23034
2026/05/29 18:56:35.074, 0, 0, 750, 23034
2026/05/29 18:56:40.074, 0, 0, 750, 23034
2026/05/29 18:56:45.076, 0, 0, 750, 23034
2026/05/29 18:56:50.078, 0, 0, 750, 23034
2026/05/29 18:56:55.080, 0, 0, 750, 23034
2026/05/29 18:57:00.081, 0, 0, 750, 23034
2026/05/29 18:57:05.082, 0, 0, 750, 23034
2026/05/29 18:57:10.084, 0, 0, 750, 23034
2026/05/29 18:57:15.086, 0, 0, 750, 23034
2026/05/29 18:57:20.086, 0, 0, 750, 23034
2026/05/29 18:57:25.088, 0, 0, 750, 23034
2026/05/29 18:57:30.090, 0, 0, 750, 23034
2026/05/29 18:57:35.090, 0, 0, 750, 23034
2026/05/29 18:57:40.092, 0, 0, 750, 23034
2026/05/29 18:57:45.094, 0, 0, 750, 23034
2026/05/29 18:57:50.095, 0, 0, 750, 23034
2026/05/29 18:57:55.096, 0, 0, 750, 23034
2026/05/29 18:58:00.098, 0, 0, 750, 23034
2026/05/29 18:58:05.098, 0, 0, 750, 23034
2026/05/29 18:58:10.100, 0, 0, 750, 23034
2026/05/29 18:58:15.102, 0, 0, 750, 23034
2026/05/29 18:58:20.103, 0, 0, 750, 23034
2026/05/29 18:58:25.103, 0, 0, 750, 23034
2026/05/29 18:58:30.105, 0, 0, 750, 23034
2026/05/29 18:58:35.106, 0, 0, 750, 23034
2026/05/29 18:58:40.107, 0, 0, 750, 23034
2026/05/29 18:58:45.108, 0, 0, 750, 23034
2026/05/29 18:58:50.109, 0, 0, 750, 23034
2026/05/29 18:58:55.109, 0, 0, 750, 23034
2026/05/29 18:59:00.111, 0, 0, 750, 23034
2026/05/29 18:59:05.113, 0, 0, 750, 23034
2026/05/29 18:59:10.115, 0, 0, 750, 23034
2026/05/29 18:59:15.115, 0, 0, 750, 23034
2026/05/29 18:59:20.117, 0, 0, 750, 23034
2026/05/29 18:59:25.118, 0, 0, 750, 23034
2026/05/29 18:59:30.118, 0, 0, 750, 23034
2026/05/29 18:59:35.119, 0, 0, 750, 23034
2026/05/29 18:59:40.121, 0, 0, 750, 23034
2026/05/29 18:59:45.121, 0, 0, 750, 23034
2026/05/29 18:59:50.123, 0, 0, 750, 23034
2026/05/29 18:59:55.125, 0, 0, 750, 23034
2026/05/29 19:00:00.126, 0, 0, 750, 23034
2026/05/29 19:00:05.128, 0, 0, 750, 23034
2026/05/29 19:00:10.130, 0, 0, 750, 23034
2026/05/29 19:00:15.131, 0, 0, 750, 23034
2026/05/29 19:00:20.133, 0, 0, 750, 23034
2026/05/29 19:00:25.135, 0, 0, 750, 23034
2026/05/29 19:00:30.135, 0, 0, 750, 23034
2026/05/29 19:00:35.137, 0, 0, 750, 23034
2026/05/29 19:00:40.139, 0, 0, 750, 23034
2026/05/29 19:00:45.141, 0, 0, 750, 23034
2026/05/29 19:00:50.141, 0, 0, 750, 23034
2026/05/29 19:00:55.142, 0, 0, 750, 23034
2026/05/29 19:01:00.144, 0, 0, 750, 23034
2026/05/29 19:01:05.144, 0, 0, 750, 23034
2026/05/29 19:01:10.145, 0, 0, 750, 23034
2026/05/29 19:01:15.147, 0, 0, 750, 23034
2026/05/29 19:01:20.149, 0, 0, 750, 23034
2026/05/29 19:01:25.150, 0, 0, 750, 23034
2026/05/29 19:01:30.152, 0, 0, 750, 23034
2026/05/29 19:01:35.153, 0, 0, 750, 23034
2026/05/29 19:01:40.155, 0, 0, 750, 23034
2026/05/29 19:01:45.156, 0, 0, 750, 23034
2026/05/29 19:01:50.157, 0, 0, 750, 23034
2026/05/29 19:01:55.159, 0, 0, 750, 23034
2026/05/29 19:02:00.162, 0, 0, 750, 23034
2026/05/29 19:02:05.163, 0, 0, 750, 23034
2026/05/29 19:02:10.165, 0, 0, 750, 23034
2026/05/29 19:02:15.167, 0, 0, 750, 23034
2026/05/29 19:02:20.168, 0, 0, 750, 23034
2026/05/29 19:02:25.170, 0, 0, 750, 23034
2026/05/29 19:02:30.171, 0, 0, 750, 23034
2026/05/29 19:02:35.172, 0, 0, 750, 23034
2026/05/29 19:02:40.174, 0, 0, 750, 23034
2026/05/29 19:02:45.176, 0, 0, 750, 23034
2026/05/29 19:02:50.177, 0, 0, 750, 23034
2026/05/29 19:02:55.179, 0, 0, 750, 23034
2026/05/29 19:03:00.180, 0, 0, 750, 23034
2026/05/29 19:03:05.181, 0, 0, 750, 23034
2026/05/29 19:03:10.183, 0, 0, 750, 23034
2026/05/29 19:03:15.184, 0, 0, 750, 23034
2026/05/29 19:03:20.186, 0, 0, 750, 23034
2026/05/29 19:03:25.188, 0, 0, 750, 23034
2026/05/29 19:03:30.189, 0, 0, 750, 23034
2026/05/29 19:03:35.191, 0, 0, 750, 23034
2026/05/29 19:03:40.193, 0, 0, 750, 23034
2026/05/29 19:03:45.194, 0, 0, 750, 23034
2026/05/29 19:03:50.196, 0, 0, 750, 23034
2026/05/29 19:03:55.198, 0, 0, 750, 23034
2026/05/29 19:04:00.199, 0, 0, 750, 23034
2026/05/29 19:04:05.201, 0, 0, 750, 23034
2026/05/29 19:04:10.202, 0, 0, 750, 23034
2026/05/29 19:04:15.203, 0, 0, 750, 23034
2026/05/29 19:04:20.205, 0, 0, 750, 23034
2026/05/29 19:04:25.207, 0, 0, 750, 23034
2026/05/29 19:04:30.208, 0, 0, 750, 23034
2026/05/29 19:04:35.209, 0, 0, 750, 23034
2026/05/29 19:04:40.211, 0, 0, 750, 23034
2026/05/29 19:04:45.213, 0, 0, 750, 23034
2026/05/29 19:04:50.215, 0, 0, 750, 23034
2026/05/29 19:04:55.216, 0, 0, 750, 23034
2026/05/29 19:05:00.218, 0, 0, 750, 23034
2026/05/29 19:05:05.220, 0, 0, 750, 23034
2026/05/29 19:05:10.222, 0, 0, 750, 23034
2026/05/29 19:05:15.222, 0, 0, 750, 23034
2026/05/29 19:05:20.223, 0, 0, 750, 23034
2026/05/29 19:05:25.225, 0, 0, 750, 23034
2026/05/29 19:05:30.227, 0, 0, 750, 23034
2026/05/29 19:05:35.228, 0, 0, 750, 23034
2026/05/29 19:05:40.230, 0, 0, 750, 23034
2026/05/29 19:05:45.232, 0, 0, 750, 23034
2026/05/29 19:05:50.233, 0, 0, 750, 23034
2026/05/29 19:05:55.234, 0, 0, 750, 23034
2026/05/29 19:06:00.236, 0, 0, 750, 23034
2026/05/29 19:06:05.237, 0, 0, 750, 23034
2026/05/29 19:06:10.239, 0, 0, 750, 23034
2026/05/29 19:06:15.241, 0, 0, 750, 23034
2026/05/29 19:06:20.242, 0, 0, 750, 23034
2026/05/29 19:06:25.244, 0, 0, 750, 23034
2026/05/29 19:06:30.245, 0, 0, 750, 23034
2026/05/29 19:06:35.245, 0, 0, 750, 23034
2026/05/29 19:06:40.247, 0, 0, 750, 23034
2026/05/29 19:06:45.249, 0, 0, 750, 23034
2026/05/29 19:06:50.250, 0, 0, 750, 23034
2026/05/29 19:06:55.250, 0, 0, 750, 23034
2026/05/29 19:07:00.251, 0, 0, 750, 23034
2026/05/29 19:07:05.251, 0, 0, 750, 23034
2026/05/29 19:07:10.252, 0, 0, 750, 23034
2026/05/29 19:07:15.253, 0, 0, 750, 23034
2026/05/29 19:07:20.253, 0, 0, 750, 23034
2026/05/29 19:07:25.254, 0, 0, 750, 23034
2026/05/29 19:07:30.256, 0, 0, 750, 23034
2026/05/29 19:07:35.258, 0, 0, 750, 23034
2026/05/29 19:07:40.258, 0, 0, 750, 23034
2026/05/29 19:07:45.260, 0, 0, 750, 23034
2026/05/29 19:07:50.262, 0, 0, 750, 23034
2026/05/29 19:07:55.263, 0, 0, 750, 23034
2026/05/29 19:08:00.265, 0, 0, 750, 23034
2026/05/29 19:08:05.266, 0, 0, 750, 23034
2026/05/29 19:08:10.267, 0, 0, 750, 23034
2026/05/29 19:08:15.268, 0, 0, 750, 23034
2026/05/29 19:08:20.270, 0, 0, 750, 23034
2026/05/29 19:08:25.271, 0, 0, 750, 23034
2026/05/29 19:08:30.273, 0, 0, 750, 23034
2026/05/29 19:08:35.275, 0, 0, 750, 23034
2026/05/29 19:08:40.277, 0, 0, 750, 23034
2026/05/29 19:08:45.277, 0, 0, 750, 23034
2026/05/29 19:08:50.279, 0, 0, 750, 23034
2026/05/29 19:08:55.281, 0, 0, 750, 23034
2026/05/29 19:09:00.282, 0, 0, 750, 23034
2026/05/29 19:09:05.283, 0, 0, 750, 23034
2026/05/29 19:09:10.284, 0, 0, 750, 23034
2026/05/29 19:09:15.285, 0, 0, 750, 23034
2026/05/29 19:09:20.287, 0, 0, 750, 23034
2026/05/29 19:09:25.289, 0, 0, 750, 23034
2026/05/29 19:09:30.290, 0, 0, 750, 23034
2026/05/29 19:09:35.292, 0, 0, 750, 23034
2026/05/29 19:09:40.294, 0, 0, 750, 23034
2026/05/29 19:09:45.295, 0, 0, 750, 23034
2026/05/29 19:09:50.296, 0, 0, 750, 23034
2026/05/29 19:09:55.298, 0, 0, 750, 23034
2026/05/29 19:10:00.298, 0, 0, 750, 23034
2026/05/29 19:10:05.300, 0, 0, 750, 23034
2026/05/29 19:10:10.302, 0, 0, 750, 23034
2026/05/29 19:10:15.303, 0, 0, 750, 23034
2026/05/29 19:10:20.304, 0, 0, 750, 23034
2026/05/29 19:10:25.306, 0, 0, 750, 23034
2026/05/29 19:10:30.307, 0, 0, 750, 23034
2026/05/29 19:10:35.308, 0, 0, 750, 23034
2026/05/29 19:10:40.309, 0, 0, 750, 23034
2026/05/29 19:10:45.309, 0, 0, 750, 23034
2026/05/29 19:10:50.310, 0, 0, 750, 23034
2026/05/29 19:10:55.312, 0, 0, 750, 23034
2026/05/29 19:11:00.313, 0, 0, 750, 23034
2026/05/29 19:11:05.314, 0, 0, 750, 23034
2026/05/29 19:11:10.315, 0, 0, 750, 23034
2026/05/29 19:11:15.316, 0, 0, 750, 23034
2026/05/29 19:11:20.318, 0, 0, 750, 23034
2026/05/29 19:11:25.319, 0, 0, 750, 23034
2026/05/29 19:11:30.320, 0, 0, 750, 23034
2026/05/29 19:11:35.322, 0, 0, 750, 23034
2026/05/29 19:11:40.324, 0, 0, 750, 23034
2026/05/29 19:11:45.324, 0, 0, 750, 23034
2026/05/29 19:11:50.325, 0, 0, 750, 23034
2026/05/29 19:11:55.327, 0, 0, 750, 23034
2026/05/29 19:12:00.327, 0, 0, 750, 23034
2026/05/29 19:12:05.329, 0, 0, 750, 23034
2026/05/29 19:12:10.331, 0, 0, 750, 23034
2026/05/29 19:12:15.331, 0, 0, 750, 23034
2026/05/29 19:12:20.333, 0, 0, 750, 23034
2026/05/29 19:12:25.335, 0, 0, 750, 23034
2026/05/29 19:12:30.336, 0, 0, 750, 23034
2026/05/29 19:12:35.338, 0, 0, 750, 23034
2026/05/29 19:12:40.340, 0, 0, 750, 23034
2026/05/29 19:12:45.341, 0, 0, 750, 23034
2026/05/29 19:12:50.343, 0, 0, 750, 23034
2026/05/29 19:12:55.344, 0, 0, 750, 23034
2026/05/29 19:13:00.346, 0, 0, 750, 23034
2026/05/29 19:13:05.347, 0, 0, 750, 23034
2026/05/29 19:13:10.349, 0, 0, 750, 23034
2026/05/29 19:13:15.351, 0, 0, 750, 23034
2026/05/29 19:13:20.352, 0, 0, 750, 23034
2026/05/29 19:13:25.354, 0, 0, 750, 23034
2026/05/29 19:13:30.355, 0, 0, 750, 23034
2026/05/29 19:13:35.356, 0, 0, 750, 23034
2026/05/29 19:13:40.358, 0, 0, 750, 23034
2026/05/29 19:13:45.360, 0, 0, 750, 23034
2026/05/29 19:13:50.360, 0, 0, 750, 23034
2026/05/29 19:13:55.362, 0, 0, 750, 23034
2026/05/29 19:14:00.364, 0, 0, 750, 23034
2026/05/29 19:14:05.364, 0, 0, 750, 23034
2026/05/29 19:14:10.366, 0, 0, 750, 23034
2026/05/29 19:14:15.368, 0, 0, 750, 23034
2026/05/29 19:14:20.368, 0, 0, 750, 23034
2026/05/29 19:14:25.370, 0, 0, 750, 23034
2026/05/29 19:14:30.371, 0, 0, 750, 23034
2026/05/29 19:14:35.373, 0, 0, 750, 23034
2026/05/29 19:14:40.374, 0, 0, 750, 23034
2026/05/29 19:14:45.375, 0, 0, 750, 23034
2026/05/29 19:14:50.377, 0, 0, 750, 23034
2026/05/29 19:14:55.378, 0, 0, 750, 23034
2026/05/29 19:15:00.378, 0, 0, 750, 23034
2026/05/29 19:15:05.379, 0, 0, 750, 23034
2026/05/29 19:15:10.379, 0, 0, 750, 23034
2026/05/29 19:15:15.380, 0, 0, 750, 23034
2026/05/29 19:15:20.381, 0, 0, 750, 23034
2026/05/29 19:15:25.381, 0, 0, 750, 23034
2026/05/29 19:15:30.382, 0, 0, 750, 23034
2026/05/29 19:15:35.384, 0, 0, 750, 23034
2026/05/29 19:15:40.385, 0, 0, 750, 23034
2026/05/29 19:15:45.387, 0, 0, 750, 23034
2026/05/29 19:15:50.389, 0, 0, 750, 23034
2026/05/29 19:15:55.390, 0, 0, 750, 23034
2026/05/29 19:16:00.391, 0, 0, 750, 23034
2026/05/29 19:16:05.393, 0, 0, 750, 23034
2026/05/29 19:16:10.394, 0, 0, 750, 23034
2026/05/29 19:16:15.395, 0, 0, 750, 23034
2026/05/29 19:16:20.397, 0, 0, 750, 23034
2026/05/29 19:16:25.397, 0, 0, 750, 23034
2026/05/29 19:16:30.399, 0, 0, 750, 23034
2026/05/29 19:16:35.400, 0, 0, 750, 23034
2026/05/29 19:16:40.401, 0, 0, 750, 23034
2026/05/29 19:16:45.402, 0, 0, 750, 23034
2026/05/29 19:16:50.403, 0, 0, 750, 23034
2026/05/29 19:16:55.404, 0, 0, 750, 23034
2026/05/29 19:17:00.405, 0, 0, 750, 23034
2026/05/29 19:17:05.407, 0, 0, 750, 23034
2026/05/29 19:17:10.409, 0, 0, 750, 23034
2026/05/29 19:17:15.410, 0, 0, 750, 23034
2026/05/29 19:17:20.412, 0, 0, 750, 23034
2026/05/29 19:17:25.414, 0, 0, 750, 23034
2026/05/29 19:17:30.415, 0, 0, 750, 23034
2026/05/29 19:17:35.416, 0, 0, 750, 23034
2026/05/29 19:17:40.418, 0, 0, 750, 23034
2026/05/29 19:17:45.419, 0, 0, 750, 23034
2026/05/29 19:17:50.421, 0, 0, 750, 23034
2026/05/29 19:17:55.423, 0, 0, 750, 23034
2026/05/29 19:18:00.425, 0, 0, 750, 23034
2026/05/29 19:18:05.426, 0, 0, 750, 23034
2026/05/29 19:18:10.427, 0, 0, 750, 23034
2026/05/29 19:18:15.428, 0, 0, 750, 23034
2026/05/29 19:18:20.429, 0, 0, 750, 23034
2026/05/29 19:18:25.431, 0, 0, 750, 23034
2026/05/29 19:18:30.433, 0, 0, 750, 23034
2026/05/29 19:18:35.434, 0, 0, 750, 23034
2026/05/29 19:18:40.436, 0, 0, 750, 23034
2026/05/29 19:18:45.438, 0, 0, 750, 23034
2026/05/29 19:18:50.440, 0, 0, 750, 23034
2026/05/29 19:18:55.440, 0, 0, 750, 23034
2026/05/29 19:19:00.442, 0, 0, 750, 23034
2026/05/29 19:19:05.444, 0, 0, 750, 23034
2026/05/29 19:19:10.445, 0, 0, 750, 23034
2026/05/29 19:19:15.447, 0, 0, 750, 23034
2026/05/29 19:19:20.448, 0, 0, 750, 23034
2026/05/29 19:19:25.449, 0, 0, 750, 23034
2026/05/29 19:19:30.451, 0, 0, 750, 23034
2026/05/29 19:19:35.453, 0, 0, 750, 23034
2026/05/29 19:19:40.454, 0, 0, 750, 23034
2026/05/29 19:19:45.455, 0, 0, 750, 23034
2026/05/29 19:19:50.457, 0, 0, 750, 23034
2026/05/29 19:19:55.459, 0, 0, 750, 23034
2026/05/29 19:20:00.459, 0, 0, 750, 23034
2026/05/29 19:20:05.460, 0, 0, 750, 23034
2026/05/29 19:20:10.460, 0, 0, 750, 23034
2026/05/29 19:20:15.461, 0, 0, 750, 23034
2026/05/29 19:20:20.463, 0, 0, 750, 23034
2026/05/29 19:20:25.464, 0, 0, 750, 23034
2026/05/29 19:20:30.466, 0, 0, 750, 23034
2026/05/29 19:20:35.467, 0, 0, 750, 23034
2026/05/29 19:20:40.468, 0, 0, 750, 23034
2026/05/29 19:20:45.470, 0, 0, 750, 23034
2026/05/29 19:20:50.471, 0, 0, 750, 23034
2026/05/29 19:20:55.472, 0, 0, 750, 23034
2026/05/29 19:21:00.474, 0, 0, 750, 23034
2026/05/29 19:21:05.476, 0, 0, 750, 23034
2026/05/29 19:21:10.478, 0, 0, 750, 23034
2026/05/29 19:21:15.478, 0, 0, 750, 23034
2026/05/29 19:21:20.480, 0, 0, 750, 23034
2026/05/29 19:21:25.481, 0, 0, 750, 23034
2026/05/29 19:21:30.483, 0, 0, 750, 23034
2026/05/29 19:21:35.485, 0, 0, 750, 23034
2026/05/29 19:21:40.486, 0, 0, 750, 23034
2026/05/29 19:21:45.488, 0, 0, 750, 23034
2026/05/29 19:21:50.489, 0, 0, 750, 23034
2026/05/29 19:21:55.490, 0, 0, 750, 23034
2026/05/29 19:22:00.492, 0, 0, 750, 23034
2026/05/29 19:22:05.494, 0, 0, 750, 23034
2026/05/29 19:22:10.494, 0, 0, 750, 23034
2026/05/29 19:22:15.496, 0, 0, 750, 23034
2026/05/29 19:22:20.497, 0, 0, 750, 23034
2026/05/29 19:22:25.499, 0, 0, 750, 23034
2026/05/29 19:22:30.499, 0, 0, 750, 23034
2026/05/29 19:22:35.500, 0, 0, 750, 23034
2026/05/29 19:22:40.501, 0, 0, 750, 23034
2026/05/29 19:22:45.502, 0, 0, 750, 23034
2026/05/29 19:22:50.504, 0, 0, 750, 23034
2026/05/29 19:22:55.506, 0, 0, 750, 23034
2026/05/29 19:23:00.507, 0, 0, 750, 23034
2026/05/29 19:23:05.508, 0, 0, 750, 23034
2026/05/29 19:23:10.509, 0, 0, 750, 23034
2026/05/29 19:23:15.509, 0, 0, 750, 23034
2026/05/29 19:23:20.510, 0, 0, 750, 23034
2026/05/29 19:23:25.511, 0, 0, 750, 23034
2026/05/29 19:23:30.511, 0, 0, 750, 23034
2026/05/29 19:23:35.512, 0, 0, 750, 23034
2026/05/29 19:23:40.513, 0, 0, 750, 23034
2026/05/29 19:23:45.513, 0, 0, 750, 23034
2026/05/29 19:23:50.515, 0, 0, 750, 23034
2026/05/29 19:23:55.517, 0, 0, 750, 23034
2026/05/29 19:24:00.518, 0, 0, 750, 23034
2026/05/29 19:24:05.519, 0, 0, 750, 23034
2026/05/29 19:24:10.520, 0, 0, 750, 23034
2026/05/29 19:24:15.522, 0, 0, 750, 23034
2026/05/29 19:24:20.523, 0, 0, 750, 23034
2026/05/29 19:24:25.525, 0, 0, 750, 23034
2026/05/29 19:24:30.527, 0, 0, 750, 23034
2026/05/29 19:24:35.529, 0, 0, 750, 23034
2026/05/29 19:24:40.529, 0, 0, 750, 23034
2026/05/29 19:24:45.531, 0, 0, 750, 23034
2026/05/29 19:24:50.532, 0, 0, 750, 23034
2026/05/29 19:24:55.533, 0, 0, 750, 23034
2026/05/29 19:25:00.535, 0, 0, 750, 23034
2026/05/29 19:25:05.537, 0, 0, 750, 23034
2026/05/29 19:25:10.538, 0, 0, 750, 23034
2026/05/29 19:25:15.540, 0, 0, 750, 23034
2026/05/29 19:25:20.541, 0, 0, 750, 23034
2026/05/29 19:25:25.543, 0, 0, 750, 23034
2026/05/29 19:25:30.544, 0, 0, 750, 23034
2026/05/29 19:25:35.545, 0, 0, 750, 23034
2026/05/29 19:25:40.546, 0, 0, 750, 23034
2026/05/29 19:25:45.547, 0, 0, 750, 23034
2026/05/29 19:25:50.549, 0, 0, 750, 23034
2026/05/29 19:25:55.550, 0, 0, 750, 23034
2026/05/29 19:26:00.551, 0, 0, 750, 23034
2026/05/29 19:26:05.553, 0, 0, 750, 23034
2026/05/29 19:26:10.554, 0, 0, 750, 23034
2026/05/29 19:26:15.556, 0, 0, 750, 23034
2026/05/29 19:26:20.557, 0, 0, 750, 23034
2026/05/29 19:26:25.558, 0, 0, 750, 23034
2026/05/29 19:26:30.560, 0, 0, 750, 23034
2026/05/29 19:26:35.561, 0, 0, 750, 23034
2026/05/29 19:26:40.561, 0, 0, 750, 23034
2026/05/29 19:26:45.563, 0, 0, 750, 23034
2026/05/29 19:26:50.565, 0, 0, 750, 23034
2026/05/29 19:26:55.566, 0, 0, 750, 23034
2026/05/29 19:27:00.568, 0, 0, 750, 23034
2026/05/29 19:27:05.570, 0, 0, 750, 23034
2026/05/29 19:27:10.572, 0, 0, 750, 23034
2026/05/29 19:27:15.573, 0, 0, 750, 23034
2026/05/29 19:27:20.575, 0, 0, 750, 23034
2026/05/29 19:27:25.577, 0, 0, 750, 23034
2026/05/29 19:27:30.578, 0, 0, 750, 23034
2026/05/29 19:27:35.580, 0, 0, 750, 23034
2026/05/29 19:27:40.582, 0, 0, 750, 23034
2026/05/29 19:27:45.582, 0, 0, 750, 23034
2026/05/29 19:27:50.584, 0, 0, 750, 23034
2026/05/29 19:27:55.585, 0, 0, 750, 23034
2026/05/29 19:28:00.586, 0, 0, 750, 23034
2026/05/29 19:28:05.587, 0, 0, 750, 23034
2026/05/29 19:28:10.589, 0, 0, 750, 23034
2026/05/29 19:28:15.590, 0, 0, 750, 23034
2026/05/29 19:28:20.592, 0, 0, 750, 23034
2026/05/29 19:28:25.594, 0, 0, 750, 23034
2026/05/29 19:28:30.594, 0, 0, 750, 23034
2026/05/29 19:28:35.596, 0, 0, 750, 23034
2026/05/29 19:28:40.597, 0, 0, 750, 23034
2026/05/29 19:28:45.599, 0, 0, 750, 23034
2026/05/29 19:28:50.600, 0, 0, 750, 23034
2026/05/29 19:28:55.600, 0, 0, 750, 23034
2026/05/29 19:29:00.602, 0, 0, 750, 23034
2026/05/29 19:29:05.604, 0, 0, 750, 23034
2026/05/29 19:29:10.604, 0, 0, 750, 23034
2026/05/29 19:29:15.606, 0, 0, 750, 23034
2026/05/29 19:29:20.607, 0, 0, 750, 23034
2026/05/29 19:29:25.607, 0, 0, 750, 23034
2026/05/29 19:29:30.608, 0, 0, 750, 23034
2026/05/29 19:29:35.610, 0, 0, 750, 23034
2026/05/29 19:29:40.610, 0, 0, 750, 23034
2026/05/29 19:29:45.612, 0, 0, 750, 23034
2026/05/29 19:29:50.613, 0, 0, 750, 23034
2026/05/29 19:29:55.614, 0, 0, 750, 23034
2026/05/29 19:30:00.616, 0, 0, 750, 23034
2026/05/29 19:30:05.618, 0, 0, 750, 23034
2026/05/29 19:30:10.619, 0, 0, 750, 23034
2026/05/29 19:30:15.621, 0, 0, 750, 23034
2026/05/29 19:30:20.623, 0, 0, 750, 23034
2026/05/29 19:30:25.624, 0, 0, 750, 23034
2026/05/29 19:30:30.625, 0, 0, 750, 23034
2026/05/29 19:30:35.626, 0, 0, 750, 23034
2026/05/29 19:30:40.628, 0, 0, 750, 23034
2026/05/29 19:30:45.629, 0, 0, 750, 23034
2026/05/29 19:30:50.631, 0, 0, 750, 23034
2026/05/29 19:30:55.633, 0, 0, 750, 23034
2026/05/29 19:31:00.634, 0, 0, 750, 23034
2026/05/29 19:31:05.635, 0, 0, 750, 23034
2026/05/29 19:31:10.637, 0, 0, 750, 23034
2026/05/29 19:31:15.637, 0, 0, 750, 23034
2026/05/29 19:31:20.639, 0, 0, 750, 23034
2026/05/29 19:31:25.641, 0, 0, 750, 23034
2026/05/29 19:31:30.641, 0, 0, 750, 23034
2026/05/29 19:31:35.642, 0, 0, 750, 23034
2026/05/29 19:31:40.644, 0, 0, 750, 23034
2026/05/29 19:31:45.644, 0, 0, 750, 23034
2026/05/29 19:31:50.646, 0, 0, 750, 23034
2026/05/29 19:31:55.648, 0, 0, 750, 23034
2026/05/29 19:32:00.649, 0, 0, 750, 23034
2026/05/29 19:32:05.651, 0, 0, 750, 23034
2026/05/29 19:32:10.653, 0, 0, 750, 23034
2026/05/29 19:32:15.654, 0, 0, 750, 23034
2026/05/29 19:32:20.656, 0, 0, 750, 23034
2026/05/29 19:32:25.657, 0, 0, 750, 23034
2026/05/29 19:32:30.658, 0, 0, 750, 23034
2026/05/29 19:32:35.660, 0, 0, 750, 23034
2026/05/29 19:32:40.662, 0, 0, 750, 23034
2026/05/29 19:32:45.664, 0, 0, 750, 23034
2026/05/29 19:32:50.664, 0, 0, 750, 23034
2026/05/29 19:32:55.665, 0, 0, 750, 23034
2026/05/29 19:33:00.666, 0, 0, 750, 23034
2026/05/29 19:33:05.667, 0, 0, 750, 23034
2026/05/29 19:33:10.668, 0, 0, 750, 23034
2026/05/29 19:33:15.670, 0, 0, 750, 23034
2026/05/29 19:33:20.671, 0, 0, 750, 23034
2026/05/29 19:33:25.672, 0, 0, 750, 23034
2026/05/29 19:33:30.673, 0, 0, 750, 23034
2026/05/29 19:33:35.675, 0, 0, 750, 23034
2026/05/29 19:33:40.677, 0, 0, 750, 23034
2026/05/29 19:33:45.678, 0, 0, 750, 23034
2026/05/29 19:33:50.680, 0, 0, 750, 23034
2026/05/29 19:33:55.681, 0, 0, 750, 23034
2026/05/29 19:34:00.682, 0, 0, 750, 23034
2026/05/29 19:34:05.682, 0, 0, 750, 23034
2026/05/29 19:34:10.684, 0, 0, 750, 23034
2026/05/29 19:34:15.686, 0, 0, 750, 23034
2026/05/29 19:34:20.688, 0, 0, 750, 23034
2026/05/29 19:34:25.689, 0, 0, 750, 23034
2026/05/29 19:34:30.691, 0, 0, 750, 23034
2026/05/29 19:34:35.693, 0, 0, 750, 23034
2026/05/29 19:34:40.693, 0, 0, 750, 23034
2026/05/29 19:34:45.694, 0, 0, 750, 23034
2026/05/29 19:34:50.696, 0, 0, 750, 23034
2026/05/29 19:34:55.696, 0, 0, 750, 23034
2026/05/29 19:35:00.697, 0, 0, 750, 23034
2026/05/29 19:35:05.699, 0, 0, 750, 23034
2026/05/29 19:35:10.700, 0, 0, 750, 23034
2026/05/29 19:35:15.702, 0, 0, 750, 23034
2026/05/29 19:35:20.704, 0, 0, 750, 23034
2026/05/29 19:35:25.705, 0, 0, 750, 23034
2026/05/29 19:35:30.706, 0, 0, 750, 23034
2026/05/29 19:35:35.707, 0, 0, 750, 23034
2026/05/29 19:35:40.707, 0, 0, 750, 23034
2026/05/29 19:35:45.709, 0, 0, 750, 23034
2026/05/29 19:35:50.711, 0, 0, 750, 23034
2026/05/29 19:35:55.711, 0, 0, 750, 23034
2026/05/29 19:36:00.713, 0, 0, 750, 23034
2026/05/29 19:36:05.715, 0, 0, 750, 23034
2026/05/29 19:36:10.715, 0, 0, 750, 23034
2026/05/29 19:36:15.717, 0, 0, 750, 23034
2026/05/29 19:36:20.719, 0, 0, 750, 23034
2026/05/29 19:36:25.720, 0, 0, 750, 23034
2026/05/29 19:36:30.722, 0, 0, 750, 23034
2026/05/29 19:36:35.724, 0, 0, 750, 23034
2026/05/29 19:36:40.724, 0, 0, 750, 23034
2026/05/29 19:36:45.726, 0, 0, 750, 23034
2026/05/29 19:36:50.728, 0, 0, 750, 23034
2026/05/29 19:36:55.729, 0, 0, 750, 23034
2026/05/29 19:37:00.731, 0, 0, 750, 23034
2026/05/29 19:37:05.732, 0, 0, 750, 23034
2026/05/29 19:37:10.733, 0, 0, 750, 23034
2026/05/29 19:37:15.735, 0, 0, 750, 23034
2026/05/29 19:37:20.736, 0, 0, 750, 23034
2026/05/29 19:37:25.737, 0, 0, 750, 23034
2026/05/29 19:37:30.739, 0, 0, 750, 23034
2026/05/29 19:37:35.741, 0, 0, 750, 23034
2026/05/29 19:37:40.742, 0, 0, 750, 23034
2026/05/29 19:37:45.744, 0, 0, 750, 23034
2026/05/29 19:37:50.746, 0, 0, 750, 23034
2026/05/29 19:37:55.746, 0, 0, 750, 23034
2026/05/29 19:38:00.748, 0, 0, 750, 23034
2026/05/29 19:38:05.750, 0, 0, 750, 23034
2026/05/29 19:38:10.751, 0, 0, 750, 23034
2026/05/29 19:38:15.752, 0, 0, 750, 23034
2026/05/29 19:38:20.753, 0, 0, 750, 23034
2026/05/29 19:38:25.753, 0, 0, 750, 23034
2026/05/29 19:38:30.755, 0, 0, 750, 23034
2026/05/29 19:38:35.756, 0, 0, 750, 23034
2026/05/29 19:38:40.756, 0, 0, 750, 23034
2026/05/29 19:38:45.757, 0, 0, 750, 23034
2026/05/29 19:38:50.758, 0, 0, 750, 23034
2026/05/29 19:38:55.759, 0, 0, 750, 23034
2026/05/29 19:39:00.761, 0, 0, 750, 23034
2026/05/29 19:39:05.763, 0, 0, 750, 23034
2026/05/29 19:39:10.764, 0, 0, 750, 23034
2026/05/29 19:39:15.766, 0, 0, 750, 23034
2026/05/29 19:39:20.767, 0, 0, 750, 23034
2026/05/29 19:39:25.767, 0, 0, 750, 23034
2026/05/29 19:39:30.768, 0, 0, 750, 23034
2026/05/29 19:39:35.769, 0, 0, 750, 23034
2026/05/29 19:39:40.770, 0, 0, 750, 23034
2026/05/29 19:39:45.772, 0, 0, 750, 23034
2026/05/29 19:39:50.774, 0, 0, 750, 23034
2026/05/29 19:39:55.776, 0, 0, 750, 23034
2026/05/29 19:40:00.776, 0, 0, 750, 23034
2026/05/29 19:40:05.778, 0, 0, 750, 23034
2026/05/29 19:40:10.780, 0, 0, 750, 23034
2026/05/29 19:40:15.781, 0, 0, 750, 23034
2026/05/29 19:40:20.783, 0, 0, 750, 23034
2026/05/29 19:40:25.785, 0, 0, 750, 23034
2026/05/29 19:40:30.787, 0, 0, 750, 23034
2026/05/29 19:40:35.788, 0, 0, 750, 23034
2026/05/29 19:40:40.790, 0, 0, 750, 23034
2026/05/29 19:40:45.792, 0, 0, 750, 23034
2026/05/29 19:40:50.794, 0, 0, 750, 23034
2026/05/29 19:40:55.794, 0, 0, 750, 23034
2026/05/29 19:41:00.796, 0, 0, 750, 23034
2026/05/29 19:41:05.798, 0, 0, 750, 23034
2026/05/29 19:41:10.798, 0, 0, 750, 23034
2026/05/29 19:41:15.800, 0, 0, 750, 23034
2026/05/29 19:41:20.802, 0, 0, 750, 23034
2026/05/29 19:41:25.802, 0, 0, 750, 23034
2026/05/29 19:41:30.803, 0, 0, 750, 23034
2026/05/29 19:41:35.804, 0, 0, 750, 23034
2026/05/29 19:41:40.806, 0, 0, 750, 23034
2026/05/29 19:41:45.806, 0, 0, 750, 23034
2026/05/29 19:41:50.808, 0, 0, 750, 23034
2026/05/29 19:41:55.809, 0, 0, 750, 23034
2026/05/29 19:42:00.809, 0, 0, 750, 23034
2026/05/29 19:42:05.811, 0, 0, 750, 23034
2026/05/29 19:42:10.813, 0, 0, 750, 23034
2026/05/29 19:42:15.814, 0, 0, 750, 23034
2026/05/29 19:42:20.816, 0, 0, 750, 23034
2026/05/29 19:42:25.818, 0, 0, 750, 23034
2026/05/29 19:42:30.819, 0, 0, 750, 23034
2026/05/29 19:42:35.821, 0, 0, 750, 23034
2026/05/29 19:42:40.823, 0, 0, 750, 23034
2026/05/29 19:42:45.825, 0, 0, 750, 23034
2026/05/29 19:42:50.826, 0, 0, 750, 23034
2026/05/29 19:42:55.828, 0, 0, 750, 23034
2026/05/29 19:43:00.830, 0, 0, 750, 23034
2026/05/29 19:43:05.831, 0, 0, 750, 23034
2026/05/29 19:43:10.833, 0, 0, 750, 23034
2026/05/29 19:43:15.835, 0, 0, 750, 23034
2026/05/29 19:43:20.837, 0, 0, 750, 23034
2026/05/29 19:43:25.837, 0, 0, 750, 23034
2026/05/29 19:43:30.839, 0, 0, 750, 23034
2026/05/29 19:43:35.840, 0, 0, 750, 23034
2026/05/29 19:43:40.841, 0, 0, 750, 23034
2026/05/29 19:43:45.843, 0, 0, 750, 23034
2026/05/29 19:43:50.844, 0, 0, 750, 23034
2026/05/29 19:43:55.846, 0, 0, 750, 23034
2026/05/29 19:44:00.848, 0, 0, 750, 23034
2026/05/29 19:44:05.849, 0, 0, 750, 23034
2026/05/29 19:44:10.851, 0, 0, 750, 23034
2026/05/29 19:44:15.853, 0, 0, 750, 23034
2026/05/29 19:44:20.855, 0, 0, 750, 23034
2026/05/29 19:44:25.855, 0, 0, 750, 23034
2026/05/29 19:44:30.857, 0, 0, 750, 23034
2026/05/29 19:44:35.859, 0, 0, 750, 23034
2026/05/29 19:44:40.860, 0, 0, 750, 23034
2026/05/29 19:44:45.862, 0, 0, 750, 23034
2026/05/29 19:44:50.864, 0, 0, 750, 23034
2026/05/29 19:44:55.864, 0, 0, 750, 23034
2026/05/29 19:45:00.866, 0, 0, 750, 23034
2026/05/29 19:45:05.867, 0, 0, 750, 23034
2026/05/29 19:45:10.868, 0, 0, 750, 23034
2026/05/29 19:45:15.870, 0, 0, 750, 23034
2026/05/29 19:45:20.871, 0, 0, 750, 23034
2026/05/29 19:45:25.872, 0, 0, 750, 23034
2026/05/29 19:45:30.874, 0, 0, 750, 23034
2026/05/29 19:45:35.875, 0, 0, 750, 23034
2026/05/29 19:45:40.875, 0, 0, 750, 23034
2026/05/29 19:45:45.877, 0, 0, 750, 23034
2026/05/29 19:45:50.878, 0, 0, 750, 23034
2026/05/29 19:45:55.879, 0, 0, 750, 23034
2026/05/29 19:46:00.881, 0, 0, 750, 23034
2026/05/29 19:46:05.882, 0, 0, 750, 23034
2026/05/29 19:46:10.883, 0, 0, 750, 23034
2026/05/29 19:46:15.885, 0, 0, 750, 23034
2026/05/29 19:46:20.887, 0, 0, 750, 23034
2026/05/29 19:46:25.887, 0, 0, 750, 23034
2026/05/29 19:46:30.889, 0, 0, 750, 23034
2026/05/29 19:46:35.891, 0, 0, 750, 23034
2026/05/29 19:46:40.892, 0, 0, 750, 23034
2026/05/29 19:46:45.894, 0, 0, 750, 23034
2026/05/29 19:46:50.895, 0, 0, 750, 23034
2026/05/29 19:46:55.897, 0, 0, 750, 23034
2026/05/29 19:47:00.898, 0, 0, 750, 23034
2026/05/29 19:47:05.900, 0, 0, 750, 23034
2026/05/29 19:47:10.902, 0, 0, 750, 23034
2026/05/29 19:47:15.903, 0, 0, 750, 23034
2026/05/29 19:47:20.905, 0, 0, 750, 23034
2026/05/29 19:47:25.907, 0, 0, 750, 23034
2026/05/29 19:47:30.907, 0, 0, 750, 23034
2026/05/29 19:47:35.908, 0, 0, 750, 23034
2026/05/29 19:47:40.909, 0, 0, 750, 23034
2026/05/29 19:47:45.909, 0, 0, 750, 23034
2026/05/29 19:47:50.911, 0, 0, 750, 23034
2026/05/29 19:47:55.912, 0, 0, 750, 23034
2026/05/29 19:48:00.913, 0, 0, 750, 23034
2026/05/29 19:48:05.915, 0, 0, 750, 23034
2026/05/29 19:48:10.916, 0, 0, 750, 23034
2026/05/29 19:48:15.917, 0, 0, 750, 23034
2026/05/29 19:48:20.919, 0, 0, 750, 23034
2026/05/29 19:48:25.921, 0, 0, 750, 23034
2026/05/29 19:48:30.921, 0, 0, 750, 23034
2026/05/29 19:48:35.922, 0, 0, 750, 23034
2026/05/29 19:48:40.924, 0, 0, 750, 23034
2026/05/29 19:48:45.925, 0, 0, 750, 23034
2026/05/29 19:48:50.927, 0, 0, 750, 23034
2026/05/29 19:48:55.929, 0, 0, 750, 23034
2026/05/29 19:49:00.930, 0, 0, 750, 23034
2026/05/29 19:49:05.930, 0, 0, 750, 23034
2026/05/29 19:49:10.932, 0, 0, 750, 23034
2026/05/29 19:49:15.934, 0, 0, 750, 23034
2026/05/29 19:49:20.935, 0, 0, 750, 23034
2026/05/29 19:49:25.937, 0, 0, 750, 23034
2026/05/29 19:49:30.939, 0, 0, 750, 23034
2026/05/29 19:49:35.939, 0, 0, 750, 23034
2026/05/29 19:49:40.941, 0, 0, 750, 23034
2026/05/29 19:49:45.943, 0, 0, 750, 23034
2026/05/29 19:49:50.945, 0, 0, 750, 23034
2026/05/29 19:49:55.945, 0, 0, 750, 23034
2026/05/29 19:50:00.947, 0, 0, 750, 23034
2026/05/29 19:50:05.949, 0, 0, 750, 23034
2026/05/29 19:50:10.950, 0, 0, 750, 23034
2026/05/29 19:50:15.952, 0, 0, 750, 23034
2026/05/29 19:50:20.954, 0, 0, 750, 23034
2026/05/29 19:50:25.956, 0, 0, 750, 23034
2026/05/29 19:50:30.956, 0, 0, 750, 23034
2026/05/29 19:50:35.958, 0, 0, 750, 23034
2026/05/29 19:50:40.960, 0, 0, 750, 23034
2026/05/29 19:50:45.961, 0, 0, 750, 23034
2026/05/29 19:50:50.963, 0, 0, 750, 23034
2026/05/29 19:50:55.964, 0, 0, 750, 23034
2026/05/29 19:51:00.964, 0, 0, 750, 23034
2026/05/29 19:51:05.966, 0, 0, 750, 23034
2026/05/29 19:51:10.967, 0, 0, 750, 23034
2026/05/29 19:51:15.969, 0, 0, 750, 23034
2026/05/29 19:51:20.970, 0, 0, 750, 23034
2026/05/29 19:51:25.972, 0, 0, 750, 23034
2026/05/29 19:51:30.973, 0, 0, 750, 23034
2026/05/29 19:51:35.974, 0, 0, 750, 23034
2026/05/29 19:51:40.976, 0, 0, 750, 23034
2026/05/29 19:51:45.977, 0, 0, 750, 23034
2026/05/29 19:51:50.979, 0, 0, 750, 23034
2026/05/29 19:51:55.980, 0, 0, 750, 23034
2026/05/29 19:52:00.982, 0, 0, 750, 23034
2026/05/29 19:52:05.983, 0, 0, 750, 23034
2026/05/29 19:52:10.984, 0, 0, 750, 23034
2026/05/29 19:52:15.985, 0, 0, 750, 23034
2026/05/29 19:52:20.987, 0, 0, 750, 23034
2026/05/29 19:52:25.988, 0, 0, 750, 23034
2026/05/29 19:52:30.990, 0, 0, 750, 23034
2026/05/29 19:52:35.992, 0, 0, 750, 23034
2026/05/29 19:52:40.994, 0, 0, 750, 23034
2026/05/29 19:52:45.995, 0, 0, 750, 23034
2026/05/29 19:52:50.996, 0, 0, 750, 23034
2026/05/29 19:52:55.997, 0, 0, 750, 23034
2026/05/29 19:53:00.998, 0, 0, 750, 23034
2026/05/29 19:53:06.000, 0, 0, 750, 23034
2026/05/29 19:53:11.002, 0, 0, 750, 23034
2026/05/29 19:53:16.004, 0, 0, 750, 23034
2026/05/29 19:53:21.004, 0, 0, 750, 23034
2026/05/29 19:53:26.005, 0, 0, 750, 23034
2026/05/29 19:53:31.007, 0, 0, 750, 23034
2026/05/29 19:53:36.008, 0, 0, 750, 23034
2026/05/29 19:53:41.010, 0, 0, 750, 23034
2026/05/29 19:53:46.012, 0, 0, 750, 23034
2026/05/29 19:53:51.014, 0, 0, 750, 23034
2026/05/29 19:53:56.015, 0, 0, 750, 23034
2026/05/29 19:54:01.017, 0, 0, 750, 23034
2026/05/29 19:54:06.019, 0, 0, 750, 23034
2026/05/29 19:54:11.019, 0, 0, 750, 23034
2026/05/29 19:54:16.020, 0, 0, 750, 23034
2026/05/29 19:54:21.022, 0, 0, 750, 23034
2026/05/29 19:54:26.022, 0, 0, 750, 23034
2026/05/29 19:54:31.024, 0, 0, 750, 23034
2026/05/29 19:54:36.026, 0, 0, 750, 23034
2026/05/29 19:54:41.027, 0, 0, 750, 23034
2026/05/29 19:54:46.028, 0, 0, 750, 23034
2026/05/29 19:54:51.030, 0, 0, 750, 23034
2026/05/29 19:54:56.031, 0, 0, 750, 23034
2026/05/29 19:55:01.032, 0, 0, 750, 23034
2026/05/29 19:55:06.034, 0, 0, 750, 23034
2026/05/29 19:55:11.034, 0, 0, 750, 23034
2026/05/29 19:55:16.036, 0, 0, 750, 23034
2026/05/29 19:55:21.037, 0, 0, 750, 23034
2026/05/29 19:55:26.039, 0, 0, 750, 23034
2026/05/29 19:55:31.039, 0, 0, 750, 23034
2026/05/29 19:55:36.040, 0, 0, 750, 23034
2026/05/29 19:55:41.041, 0, 0, 750, 23034
2026/05/29 19:55:46.041, 0, 0, 750, 23034
2026/05/29 19:55:51.043, 0, 0, 750, 23034
2026/05/29 19:55:56.045, 0, 0, 750, 23034
2026/05/29 19:56:01.047, 0, 0, 750, 23034
2026/05/29 19:56:06.047, 0, 0, 750, 23034
2026/05/29 19:56:11.049, 0, 0, 750, 23034
2026/05/29 19:56:16.050, 0, 0, 750, 23034
2026/05/29 19:56:21.051, 0, 0, 750, 23034
2026/05/29 19:56:26.052, 0, 0, 750, 23034
2026/05/29 19:56:31.054, 0, 0, 750, 23034
2026/05/29 19:56:36.055, 0, 0, 750, 23034
2026/05/29 19:56:41.057, 0, 0, 750, 23034
2026/05/29 19:56:46.058, 0, 0, 750, 23034
2026/05/29 19:56:51.058, 0, 0, 750, 23034
2026/05/29 19:56:56.060, 0, 0, 750, 23034
2026/05/29 19:57:01.062, 0, 0, 750, 23034
2026/05/29 19:57:06.064, 0, 0, 750, 23034
2026/05/29 19:57:11.064, 0, 0, 750, 23034
2026/05/29 19:57:16.066, 0, 0, 750, 23034
2026/05/29 19:57:21.068, 0, 0, 750, 23034
2026/05/29 19:57:26.069, 0, 0, 750, 23034
2026/05/29 19:57:31.070, 0, 0, 750, 23034
2026/05/29 19:57:36.072, 0, 0, 750, 23034
2026/05/29 19:57:41.073, 0, 0, 750, 23034
2026/05/29 19:57:46.075, 0, 0, 750, 23034
2026/05/29 19:57:51.077, 0, 0, 750, 23034
2026/05/29 19:57:56.078, 0, 0, 750, 23034
2026/05/29 19:58:01.080, 0, 0, 750, 23034
2026/05/29 19:58:06.082, 0, 0, 750, 23034
2026/05/29 19:58:11.083, 0, 0, 750, 23034
2026/05/29 19:58:16.085, 0, 0, 750, 23034
2026/05/29 19:58:21.087, 0, 0, 750, 23034
2026/05/29 19:58:26.087, 0, 0, 750, 23034
2026/05/29 19:58:31.088, 0, 0, 750, 23034
2026/05/29 19:58:36.090, 0, 0, 750, 23034
2026/05/29 19:58:41.091, 0, 0, 750, 23034
2026/05/29 19:58:46.093, 0, 0, 750, 23034
2026/05/29 19:58:51.094, 0, 0, 750, 23034
2026/05/29 19:58:56.095, 0, 0, 750, 23034
2026/05/29 19:59:01.097, 0, 0, 750, 23034
2026/05/29 19:59:06.099, 0, 0, 750, 23034
2026/05/29 19:59:11.100, 0, 0, 750, 23034
2026/05/29 19:59:16.102, 0, 0, 750, 23034
2026/05/29 19:59:21.104, 0, 0, 750, 23034
2026/05/29 19:59:26.105, 0, 0, 750, 23034
2026/05/29 19:59:31.107, 0, 0, 750, 23034
2026/05/29 19:59:36.109, 0, 0, 750, 23034
2026/05/29 19:59:41.110, 0, 0, 750, 23034
2026/05/29 19:59:46.111, 0, 0, 750, 23034
2026/05/29 19:59:51.113, 0, 0, 750, 23034
2026/05/29 19:59:56.113, 0, 0, 750, 23034
2026/05/29 20:00:01.114, 0, 0, 750, 23034
2026/05/29 20:00:06.116, 0, 0, 750, 23034
2026/05/29 20:00:11.117, 0, 0, 750, 23034
2026/05/29 20:00:16.119, 0, 0, 750, 23034
2026/05/29 20:00:21.121, 0, 0, 750, 23034
2026/05/29 20:00:26.122, 0, 0, 750, 23034
2026/05/29 20:00:31.124, 0, 0, 750, 23034
2026/05/29 20:00:36.125, 0, 0, 750, 23034
2026/05/29 20:00:41.126, 0, 0, 750, 23034
2026/05/29 20:00:46.127, 0, 0, 750, 23034
2026/05/29 20:00:51.128, 0, 0, 750, 23034
2026/05/29 20:00:56.130, 0, 0, 750, 23034
2026/05/29 20:01:01.131, 0, 0, 750, 23034
2026/05/29 20:01:06.133, 0, 0, 750, 23034
2026/05/29 20:01:11.135, 0, 0, 750, 23034
2026/05/29 20:01:16.137, 0, 0, 750, 23034
2026/05/29 20:01:21.138, 0, 0, 750, 23034
2026/05/29 20:01:26.140, 0, 0, 750, 23034
2026/05/29 20:01:31.140, 0, 0, 750, 23034
2026/05/29 20:01:36.141, 0, 0, 750, 23034
2026/05/29 20:01:41.143, 0, 0, 750, 23034
2026/05/29 20:01:46.144, 0, 0, 750, 23034
2026/05/29 20:01:51.146, 0, 0, 750, 23034
2026/05/29 20:01:56.148, 0, 0, 750, 23034
2026/05/29 20:02:01.148, 0, 0, 750, 23034
2026/05/29 20:02:06.149, 0, 0, 750, 23034
2026/05/29 20:02:11.151, 0, 0, 750, 23034
2026/05/29 20:02:16.151, 0, 0, 750, 23034
2026/05/29 20:02:21.153, 0, 0, 750, 23034
2026/05/29 20:02:26.155, 0, 0, 750, 23034
2026/05/29 20:02:31.155, 0, 0, 750, 23034
2026/05/29 20:02:36.157, 0, 0, 750, 23034
2026/05/29 20:02:41.159, 0, 0, 750, 23034
2026/05/29 20:02:46.161, 0, 0, 750, 23034
2026/05/29 20:02:51.162, 0, 0, 750, 23034
2026/05/29 20:02:56.164, 0, 0, 750, 23034
2026/05/29 20:03:01.166, 0, 0, 750, 23034
2026/05/29 20:03:06.167, 0, 0, 750, 23034
2026/05/29 20:03:11.168, 0, 0, 750, 23034
2026/05/29 20:03:16.169, 0, 0, 750, 23034
2026/05/29 20:03:21.171, 0, 0, 750, 23034
2026/05/29 20:03:26.171, 0, 0, 750, 23034
2026/05/29 20:03:31.172, 0, 0, 750, 23034
2026/05/29 20:03:36.174, 0, 0, 750, 23034
2026/05/29 20:03:41.176, 0, 0, 750, 23034
2026/05/29 20:03:46.176, 0, 0, 750, 23034
2026/05/29 20:03:51.177, 0, 0, 750, 23034
2026/05/29 20:03:56.177, 0, 0, 750, 23034
2026/05/29 20:04:01.178, 0, 0, 750, 23034
2026/05/29 20:04:06.179, 0, 0, 750, 23034
2026/05/29 20:04:11.180, 0, 0, 750, 23034
2026/05/29 20:04:16.182, 0, 0, 750, 23034
2026/05/29 20:04:21.184, 0, 0, 750, 23034
2026/05/29 20:04:26.185, 0, 0, 750, 23034
2026/05/29 20:04:31.187, 0, 0, 750, 23034
2026/05/29 20:04:36.189, 0, 0, 750, 23034
2026/05/29 20:04:41.191, 0, 0, 750, 23034
2026/05/29 20:04:46.192, 0, 0, 750, 23034
2026/05/29 20:04:51.194, 0, 0, 750, 23034
2026/05/29 20:04:56.195, 0, 0, 750, 23034
2026/05/29 20:05:01.195, 0, 0, 750, 23034
2026/05/29 20:05:06.197, 0, 0, 750, 23034
2026/05/29 20:05:11.198, 0, 0, 750, 23034
2026/05/29 20:05:16.200, 0, 0, 750, 23034
2026/05/29 20:05:21.201, 0, 0, 750, 23034
2026/05/29 20:05:26.202, 0, 0, 750, 23034
2026/05/29 20:05:31.203, 0, 0, 750, 23034
2026/05/29 20:05:36.205, 0, 0, 750, 23034
2026/05/29 20:05:41.207, 0, 0, 750, 23034
2026/05/29 20:05:46.209, 0, 0, 750, 23034
2026/05/29 20:05:51.210, 0, 0, 750, 23034
2026/05/29 20:05:56.211, 0, 0, 750, 23034
2026/05/29 20:06:01.212, 0, 0, 750, 23034
2026/05/29 20:06:06.212, 0, 0, 750, 23034
2026/05/29 20:06:11.214, 0, 0, 750, 23034
2026/05/29 20:06:16.216, 0, 0, 750, 23034
2026/05/29 20:06:21.216, 0, 0, 750, 23034
2026/05/29 20:06:26.218, 0, 0, 750, 23034
2026/05/29 20:06:31.220, 0, 0, 750, 23034
2026/05/29 20:06:36.221, 0, 0, 750, 23034
2026/05/29 20:06:41.223, 0, 0, 750, 23034
2026/05/29 20:06:46.224, 0, 0, 750, 23034
2026/05/29 20:06:51.226, 0, 0, 750, 23034
2026/05/29 20:06:56.227, 0, 0, 750, 23034
2026/05/29 20:07:01.229, 0, 0, 750, 23034
2026/05/29 20:07:06.231, 0, 0, 750, 23034
2026/05/29 20:07:11.232, 0, 0, 750, 23034
2026/05/29 20:07:16.233, 0, 0, 750, 23034
2026/05/29 20:07:21.234, 0, 0, 750, 23034
2026/05/29 20:07:26.236, 0, 0, 750, 23034
2026/05/29 20:07:31.237, 0, 0, 750, 23034
2026/05/29 20:07:36.238, 0, 0, 750, 23034
2026/05/29 20:07:41.240, 0, 0, 750, 23034
2026/05/29 20:07:46.241, 0, 0, 750, 23034
2026/05/29 20:07:51.243, 0, 0, 750, 23034
2026/05/29 20:07:56.245, 0, 0, 750, 23034
2026/05/29 20:08:01.246, 0, 0, 750, 23034
2026/05/29 20:08:06.248, 0, 0, 750, 23034
2026/05/29 20:08:11.250, 0, 0, 750, 23034
2026/05/29 20:08:16.251, 0, 0, 750, 23034
2026/05/29 20:08:21.253, 0, 0, 750, 23034
2026/05/29 20:08:26.254, 0, 0, 750, 23034
2026/05/29 20:08:31.256, 0, 0, 750, 23034
2026/05/29 20:08:36.258, 0, 0, 750, 23034
2026/05/29 20:08:41.260, 0, 0, 750, 23034
2026/05/29 20:08:46.261, 0, 0, 750, 23034
2026/05/29 20:08:51.263, 0, 0, 750, 23034
2026/05/29 20:08:56.265, 0, 0, 750, 23034
2026/05/29 20:09:01.266, 0, 0, 750, 23034
2026/05/29 20:09:06.267, 0, 0, 750, 23034
2026/05/29 20:09:11.269, 0, 0, 750, 23034
2026/05/29 20:09:16.271, 0, 0, 750, 23034
2026/05/29 20:09:21.273, 0, 0, 750, 23034
2026/05/29 20:09:26.275, 0, 0, 750, 23034
2026/05/29 20:09:31.275, 0, 0, 750, 23034
2026/05/29 20:09:36.277, 0, 0, 750, 23034
2026/05/29 20:09:41.279, 0, 0, 750, 23034
2026/05/29 20:09:46.280, 0, 0, 750, 23034
2026/05/29 20:09:51.282, 0, 0, 750, 23034
2026/05/29 20:09:56.284, 0, 0, 750, 23034
2026/05/29 20:10:01.285, 0, 0, 750, 23034
2026/05/29 20:10:06.287, 0, 0, 750, 23034
2026/05/29 20:10:11.289, 0, 0, 750, 23034
2026/05/29 20:10:16.290, 0, 0, 750, 23034
2026/05/29 20:10:21.292, 0, 0, 750, 23034
2026/05/29 20:10:26.293, 0, 0, 750, 23034
2026/05/29 20:10:31.295, 0, 0, 750, 23034
2026/05/29 20:10:36.295, 0, 0, 750, 23034
2026/05/29 20:10:41.297, 0, 0, 750, 23034
2026/05/29 20:10:46.298, 0, 0, 750, 23034
2026/05/29 20:10:51.299, 0, 0, 750, 23034
2026/05/29 20:10:56.301, 0, 0, 750, 23034
2026/05/29 20:11:01.302, 0, 0, 750, 23034
2026/05/29 20:11:06.304, 0, 0, 750, 23034
2026/05/29 20:11:11.306, 0, 0, 750, 23034
2026/05/29 20:11:16.308, 0, 0, 750, 23034
2026/05/29 20:11:21.308, 0, 0, 750, 23034
2026/05/29 20:11:26.310, 0, 0, 750, 23034
2026/05/29 20:11:31.312, 0, 0, 750, 23034
2026/05/29 20:11:36.313, 0, 0, 750, 23034
2026/05/29 20:11:41.315, 0, 0, 750, 23034
2026/05/29 20:11:46.317, 0, 0, 750, 23034
2026/05/29 20:11:51.318, 0, 0, 750, 23034
2026/05/29 20:11:56.318, 0, 0, 750, 23034
2026/05/29 20:12:01.319, 0, 0, 750, 23034
2026/05/29 20:12:06.320, 0, 0, 750, 23034
2026/05/29 20:12:11.320, 0, 0, 750, 23034
2026/05/29 20:12:16.321, 0, 0, 750, 23034
2026/05/29 20:12:21.321, 0, 0, 750, 23034
2026/05/29 20:12:26.322, 0, 0, 750, 23034
2026/05/29 20:12:31.324, 0, 0, 750, 23034
2026/05/29 20:12:36.326, 0, 0, 750, 23034
2026/05/29 20:12:41.326, 0, 0, 750, 23034
2026/05/29 20:12:46.328, 0, 0, 750, 23034
2026/05/29 20:12:51.330, 0, 0, 750, 23034
2026/05/29 20:12:56.331, 0, 0, 750, 23034
2026/05/29 20:13:01.333, 0, 0, 750, 23034
2026/05/29 20:13:06.335, 0, 0, 750, 23034
2026/05/29 20:13:11.336, 0, 0, 750, 23034
2026/05/29 20:13:16.338, 0, 0, 750, 23034
2026/05/29 20:13:21.340, 0, 0, 750, 23034
2026/05/29 20:13:26.341, 0, 0, 750, 23034
2026/05/29 20:13:31.342, 0, 0, 750, 23034
2026/05/29 20:13:36.343, 0, 0, 750, 23034
2026/05/29 20:13:41.345, 0, 0, 750, 23034
2026/05/29 20:13:46.346, 0, 0, 750, 23034
2026/05/29 20:13:51.348, 0, 0, 750, 23034
2026/05/29 20:13:56.350, 0, 0, 750, 23034
2026/05/29 20:14:01.352, 0, 0, 750, 23034
2026/05/29 20:14:06.353, 0, 0, 750, 23034
2026/05/29 20:14:11.355, 0, 0, 750, 23034
2026/05/29 20:14:16.357, 0, 0, 750, 23034
2026/05/29 20:14:21.358, 0, 0, 750, 23034
2026/05/29 20:14:26.360, 0, 0, 750, 23034
2026/05/29 20:14:31.362, 0, 0, 750, 23034
2026/05/29 20:14:36.363, 0, 0, 750, 23034
2026/05/29 20:14:41.364, 0, 0, 750, 23034
2026/05/29 20:14:46.366, 0, 0, 750, 23034
2026/05/29 20:14:51.366, 0, 0, 750, 23034
2026/05/29 20:14:56.368, 0, 0, 750, 23034
2026/05/29 20:15:01.370, 0, 0, 750, 23034
2026/05/29 20:15:06.372, 0, 0, 750, 23034
2026/05/29 20:15:11.372, 0, 0, 750, 23034
2026/05/29 20:15:16.374, 0, 0, 750, 23034
2026/05/29 20:15:21.376, 0, 0, 750, 23034
2026/05/29 20:15:26.377, 0, 0, 750, 23034
2026/05/29 20:15:31.379, 0, 0, 750, 23034
2026/05/29 20:15:36.381, 0, 0, 750, 23034
2026/05/29 20:15:41.382, 0, 0, 750, 23034
2026/05/29 20:15:46.383, 0, 0, 750, 23034
2026/05/29 20:15:51.385, 0, 0, 750, 23034
2026/05/29 20:15:56.386, 0, 0, 750, 23034
2026/05/29 20:16:01.388, 0, 0, 750, 23034
2026/05/29 20:16:06.390, 0, 0, 750, 23034
2026/05/29 20:16:11.391, 0, 0, 750, 23034
2026/05/29 20:16:16.393, 0, 0, 750, 23034
2026/05/29 20:16:21.395, 0, 0, 750, 23034
2026/05/29 20:16:26.396, 0, 0, 750, 23034
2026/05/29 20:16:31.398, 0, 0, 750, 23034
2026/05/29 20:16:36.400, 0, 0, 750, 23034
2026/05/29 20:16:41.402, 0, 0, 750, 23034
2026/05/29 20:16:46.403, 0, 0, 750, 23034
2026/05/29 20:16:51.405, 0, 0, 750, 23034
2026/05/29 20:16:56.407, 0, 0, 750, 23034
2026/05/29 20:17:01.408, 0, 0, 750, 23034
2026/05/29 20:17:06.409, 0, 0, 750, 23034
2026/05/29 20:17:11.411, 0, 0, 750, 23034
2026/05/29 20:17:16.413, 0, 0, 750, 23034
2026/05/29 20:17:21.414, 0, 0, 750, 23034
2026/05/29 20:17:26.416, 0, 0, 750, 23034
2026/05/29 20:17:31.418, 0, 0, 750, 23034
2026/05/29 20:17:36.418, 0, 0, 750, 23034
2026/05/29 20:17:41.420, 0, 0, 750, 23034
2026/05/29 20:17:46.422, 0, 0, 750, 23034
2026/05/29 20:17:51.423, 0, 0, 750, 23034
2026/05/29 20:17:56.425, 0, 0, 750, 23034
2026/05/29 20:18:01.425, 0, 0, 750, 23034
2026/05/29 20:18:06.427, 0, 0, 750, 23034
2026/05/29 20:18:11.428, 0, 0, 750, 23034
2026/05/29 20:18:16.429, 0, 0, 750, 23034
2026/05/29 20:18:21.431, 0, 0, 750, 23034
2026/05/29 20:18:26.433, 0, 0, 750, 23034
2026/05/29 20:18:31.433, 0, 0, 750, 23034
2026/05/29 20:18:36.435, 0, 0, 750, 23034
2026/05/29 20:18:41.437, 0, 0, 750, 23034
2026/05/29 20:18:46.438, 0, 0, 750, 23034
2026/05/29 20:18:51.440, 0, 0, 750, 23034
2026/05/29 20:18:56.442, 0, 0, 750, 23034
2026/05/29 20:19:01.443, 0, 0, 750, 23034
2026/05/29 20:19:06.444, 0, 0, 750, 23034
2026/05/29 20:19:11.446, 0, 0, 750, 23034
2026/05/29 20:19:16.447, 0, 0, 750, 23034
2026/05/29 20:19:21.448, 0, 0, 750, 23034
2026/05/29 20:19:26.450, 0, 0, 750, 23034
2026/05/29 20:19:31.451, 0, 0, 750, 23034
2026/05/29 20:19:36.453, 0, 0, 750, 23034
2026/05/29 20:19:41.454, 0, 0, 750, 23034
2026/05/29 20:19:46.454, 0, 0, 750, 23034
2026/05/29 20:19:51.455, 0, 0, 750, 23034
2026/05/29 20:19:56.457, 0, 0, 750, 23034
2026/05/29 20:20:01.457, 0, 0, 750, 23034
2026/05/29 20:20:06.458, 0, 0, 750, 23034
2026/05/29 20:20:11.459, 0, 0, 750, 23034
2026/05/29 20:20:16.459, 0, 0, 750, 23034
2026/05/29 20:20:21.461, 0, 0, 750, 23034
2026/05/29 20:20:26.463, 0, 0, 750, 23034
2026/05/29 20:20:31.463, 0, 0, 750, 23034
2026/05/29 20:20:36.465, 0, 0, 750, 23034
2026/05/29 20:20:41.466, 0, 0, 750, 23034
2026/05/29 20:20:46.467, 0, 0, 750, 23034
2026/05/29 20:20:51.468, 0, 0, 750, 23034
2026/05/29 20:20:56.469, 0, 0, 750, 23034
2026/05/29 20:21:01.470, 0, 0, 750, 23034
2026/05/29 20:21:06.471, 0, 0, 750, 23034
2026/05/29 20:21:11.471, 0, 0, 750, 23034
2026/05/29 20:21:16.473, 0, 0, 750, 23034
2026/05/29 20:21:21.474, 0, 0, 750, 23034
2026/05/29 20:21:26.475, 0, 0, 750, 23034
2026/05/29 20:21:31.478, 0, 0, 750, 23034
2026/05/29 20:21:36.479, 0, 0, 750, 23034
2026/05/29 20:21:41.480, 0, 0, 750, 23034
2026/05/29 20:21:46.482, 0, 0, 750, 23034
2026/05/29 20:21:51.483, 0, 0, 750, 23034
2026/05/29 20:21:56.484, 0, 0, 750, 23034
2026/05/29 20:22:01.485, 0, 0, 750, 23034
2026/05/29 20:22:06.487, 0, 0, 750, 23034
2026/05/29 20:22:11.489, 0, 0, 750, 23034
2026/05/29 20:22:16.490, 0, 0, 750, 23034
2026/05/29 20:22:21.492, 0, 0, 750, 23034
2026/05/29 20:22:26.493, 0, 0, 750, 23034
2026/05/29 20:22:31.493, 0, 0, 750, 23034
2026/05/29 20:22:36.495, 0, 0, 750, 23034
2026/05/29 20:22:41.497, 0, 0, 750, 23034
2026/05/29 20:22:46.498, 0, 0, 750, 23034
2026/05/29 20:22:51.499, 0, 0, 750, 23034
2026/05/29 20:22:56.499, 0, 0, 750, 23034
2026/05/29 20:23:01.500, 0, 0, 750, 23034
2026/05/29 20:23:06.502, 0, 0, 750, 23034
2026/05/29 20:23:11.503, 0, 0, 750, 23034
2026/05/29 20:23:16.504, 0, 0, 750, 23034
2026/05/29 20:23:21.506, 0, 0, 750, 23034
2026/05/29 20:23:26.507, 0, 0, 750, 23034
2026/05/29 20:23:31.509, 0, 0, 750, 23034
2026/05/29 20:23:36.511, 0, 0, 750, 23034
2026/05/29 20:23:41.512, 0, 0, 750, 23034
2026/05/29 20:23:46.514, 0, 0, 750, 23034
2026/05/29 20:23:51.516, 0, 0, 750, 23034
2026/05/29 20:23:56.516, 0, 0, 750, 23034
2026/05/29 20:24:01.517, 0, 0, 750, 23034
2026/05/29 20:24:06.519, 0, 0, 750, 23034
2026/05/29 20:24:11.519, 0, 0, 750, 23034
2026/05/29 20:24:16.521, 0, 0, 750, 23034
2026/05/29 20:24:21.523, 0, 0, 750, 23034
2026/05/29 20:24:26.524, 0, 0, 750, 23034
2026/05/29 20:24:31.525, 0, 0, 750, 23034
2026/05/29 20:24:36.527, 0, 0, 750, 23034
2026/05/29 20:24:41.528, 0, 0, 750, 23034
2026/05/29 20:24:46.529, 0, 0, 750, 23034
2026/05/29 20:24:51.531, 0, 0, 750, 23034
2026/05/29 20:24:56.533, 0, 0, 750, 23034
2026/05/29 20:25:01.533, 0, 0, 750, 23034
2026/05/29 20:25:06.535, 0, 0, 750, 23034
2026/05/29 20:25:11.537, 0, 0, 750, 23034
2026/05/29 20:25:16.538, 0, 0, 750, 23034
2026/05/29 20:25:21.540, 0, 0, 750, 23034
2026/05/29 20:25:26.541, 0, 0, 750, 23034
2026/05/29 20:25:31.542, 0, 0, 750, 23034
2026/05/29 20:25:36.543, 0, 0, 750, 23034
2026/05/29 20:25:41.545, 0, 0, 750, 23034
2026/05/29 20:25:46.546, 0, 0, 750, 23034
2026/05/29 20:25:51.548, 0, 0, 750, 23034
2026/05/29 20:25:56.550, 0, 0, 750, 23034
2026/05/29 20:26:01.551, 0, 0, 750, 23034
2026/05/29 20:26:06.552, 0, 0, 750, 23034
2026/05/29 20:26:11.554, 0, 0, 750, 23034
2026/05/29 20:26:16.554, 0, 0, 750, 23034
2026/05/29 20:26:21.556, 0, 0, 750, 23034
2026/05/29 20:26:26.558, 0, 0, 750, 23034
2026/05/29 20:26:31.558, 0, 0, 750, 23034
2026/05/29 20:26:36.560, 0, 0, 750, 23034
2026/05/29 20:26:41.561, 0, 0, 750, 23034
2026/05/29 20:26:46.561, 0, 0, 750, 23034
2026/05/29 20:26:51.563, 0, 0, 750, 23034
2026/05/29 20:26:56.565, 0, 0, 750, 23034
2026/05/29 20:27:01.566, 0, 0, 750, 23034
2026/05/29 20:27:06.568, 0, 0, 750, 23034
2026/05/29 20:27:11.570, 0, 0, 750, 23034
2026/05/29 20:27:16.572, 0, 0, 750, 23034
2026/05/29 20:27:21.573, 0, 0, 750, 23034
2026/05/29 20:27:26.574, 0, 0, 750, 23034
2026/05/29 20:27:31.576, 0, 0, 750, 23034
2026/05/29 20:27:36.577, 0, 0, 750, 23034
2026/05/29 20:27:41.578, 0, 0, 750, 23034
2026/05/29 20:27:46.579, 0, 0, 750, 23034
2026/05/29 20:27:51.579, 0, 0, 750, 23034
2026/05/29 20:27:56.581, 0, 0, 750, 23034
2026/05/29 20:28:01.583, 0, 0, 750, 23034
2026/05/29 20:28:06.583, 0, 0, 750, 23034
2026/05/29 20:28:11.584, 0, 0, 750, 23034
2026/05/29 20:28:16.585, 0, 0, 750, 23034
2026/05/29 20:28:21.585, 0, 0, 750, 23034
2026/05/29 20:28:26.587, 0, 0, 750, 23034
2026/05/29 20:28:31.589, 0, 0, 750, 23034
2026/05/29 20:28:36.591, 0, 0, 750, 23034
2026/05/29 20:28:41.592, 0, 0, 750, 23034
2026/05/29 20:28:46.594, 0, 0, 750, 23034
2026/05/29 20:28:51.596, 0, 0, 750, 23034
2026/05/29 20:28:56.597, 0, 0, 750, 23034
2026/05/29 20:29:01.599, 0, 0, 750, 23034
2026/05/29 20:29:06.601, 0, 0, 750, 23034
2026/05/29 20:29:11.602, 0, 0, 750, 23034
2026/05/29 20:29:16.605, 0, 0, 750, 23034
2026/05/29 20:29:21.605, 0, 0, 750, 23034
2026/05/29 20:29:26.606, 0, 0, 750, 23034
2026/05/29 20:29:31.607, 0, 0, 750, 23034
2026/05/29 20:29:36.608, 0, 0, 750, 23034
2026/05/29 20:29:41.610, 0, 0, 750, 23034
2026/05/29 20:29:46.611, 0, 0, 750, 23034
2026/05/29 20:29:51.611, 0, 0, 750, 23034
2026/05/29 20:29:56.613, 0, 0, 750, 23034
2026/05/29 20:30:01.614, 0, 0, 750, 23034
2026/05/29 20:30:06.615, 0, 0, 750, 23034
2026/05/29 20:30:11.616, 0, 0, 750, 23034
2026/05/29 20:30:16.618, 0, 0, 750, 23034
2026/05/29 20:30:21.619, 0, 0, 750, 23034
2026/05/29 20:30:26.621, 0, 0, 750, 23034
2026/05/29 20:30:31.623, 0, 0, 750, 23034
2026/05/29 20:30:36.623, 0, 0, 750, 23034
2026/05/29 20:30:41.625, 0, 0, 750, 23034
2026/05/29 20:30:46.627, 0, 0, 750, 23034
2026/05/29 20:30:51.628, 0, 0, 750, 23034
2026/05/29 20:30:56.630, 0, 0, 750, 23034
2026/05/29 20:31:01.632, 0, 0, 750, 23034
2026/05/29 20:31:06.632, 0, 0, 750, 23034
2026/05/29 20:31:11.634, 0, 0, 750, 23034
2026/05/29 20:31:16.636, 0, 0, 750, 23034
2026/05/29 20:31:21.637, 0, 0, 750, 23034
2026/05/29 20:31:26.638, 0, 0, 750, 23034
2026/05/29 20:31:31.640, 0, 0, 750, 23034
2026/05/29 20:31:36.641, 0, 0, 750, 23034
2026/05/29 20:31:41.642, 0, 0, 750, 23034
2026/05/29 20:31:46.644, 0, 0, 750, 23034
2026/05/29 20:31:51.644, 0, 0, 750, 23034
2026/05/29 20:31:56.646, 0, 0, 750, 23034
2026/05/29 20:32:01.648, 0, 0, 750, 23034
2026/05/29 20:32:06.649, 0, 0, 750, 23034
2026/05/29 20:32:11.651, 0, 0, 750, 23034
2026/05/29 20:32:16.653, 0, 0, 750, 23034
2026/05/29 20:32:21.654, 0, 0, 750, 23034
2026/05/29 20:32:26.655, 0, 0, 750, 23034
2026/05/29 20:32:31.657, 0, 0, 750, 23034
2026/05/29 20:32:36.658, 0, 0, 750, 23034
2026/05/29 20:32:41.660, 0, 0, 750, 23034
2026/05/29 20:32:46.662, 0, 0, 750, 23034
2026/05/29 20:32:51.663, 0, 0, 750, 23034
2026/05/29 20:32:56.665, 0, 0, 750, 23034
2026/05/29 20:33:01.667, 0, 0, 750, 23034
2026/05/29 20:33:06.668, 0, 0, 750, 23034
2026/05/29 20:33:11.669, 0, 0, 750, 23034
2026/05/29 20:33:16.670, 0, 0, 750, 23034
2026/05/29 20:33:21.671, 0, 0, 750, 23034
2026/05/29 20:33:26.673, 0, 0, 750, 23034
2026/05/29 20:33:31.675, 0, 0, 750, 23034
2026/05/29 20:33:36.675, 0, 0, 750, 23034
2026/05/29 20:33:41.677, 0, 0, 750, 23034
2026/05/29 20:33:46.679, 0, 0, 750, 23034
2026/05/29 20:33:51.681, 0, 0, 750, 23034
2026/05/29 20:33:56.681, 0, 0, 750, 23034
2026/05/29 20:34:01.683, 0, 0, 750, 23034
2026/05/29 20:34:06.685, 0, 0, 750, 23034
2026/05/29 20:34:11.686, 0, 0, 750, 23034
2026/05/29 20:34:16.688, 0, 0, 750, 23034
2026/05/29 20:34:21.690, 0, 0, 750, 23034
2026/05/29 20:34:26.691, 0, 0, 750, 23034
2026/05/29 20:34:31.691, 0, 0, 750, 23034
2026/05/29 20:34:36.692, 0, 0, 750, 23034
2026/05/29 20:34:41.694, 0, 0, 750, 23034
2026/05/29 20:34:46.694, 0, 0, 750, 23034
2026/05/29 20:34:51.696, 0, 0, 750, 23034
2026/05/29 20:34:56.698, 0, 0, 750, 23034
2026/05/29 20:35:01.700, 0, 0, 750, 23034
2026/05/29 20:35:06.701, 0, 0, 750, 23034
2026/05/29 20:35:11.703, 0, 0, 750, 23034
2026/05/29 20:35:16.704, 0, 0, 750, 23034
2026/05/29 20:35:21.706, 0, 0, 750, 23034
2026/05/29 20:35:26.707, 0, 0, 750, 23034
2026/05/29 20:35:31.709, 0, 0, 750, 23034
2026/05/29 20:35:36.711, 0, 0, 750, 23034
2026/05/29 20:35:41.712, 0, 0, 750, 23034
2026/05/29 20:35:46.712, 0, 0, 750, 23034
2026/05/29 20:35:51.714, 0, 0, 750, 23034
2026/05/29 20:35:56.716, 0, 0, 750, 23034
2026/05/29 20:36:01.718, 0, 0, 750, 23034
2026/05/29 20:36:06.719, 0, 0, 750, 23034
2026/05/29 20:36:11.720, 0, 0, 750, 23034
2026/05/29 20:36:16.720, 0, 0, 750, 23034
2026/05/29 20:36:21.721, 0, 0, 750, 23034
2026/05/29 20:36:26.722, 0, 0, 750, 23034
2026/05/29 20:36:31.722, 0, 0, 750, 23034
2026/05/29 20:36:36.724, 0, 0, 750, 23034
2026/05/29 20:36:41.726, 0, 0, 750, 23034
2026/05/29 20:36:46.727, 0, 0, 750, 23034
2026/05/29 20:36:51.728, 0, 0, 750, 23034
2026/05/29 20:36:56.730, 0, 0, 750, 23034
2026/05/29 20:37:01.732, 0, 0, 750, 23034
2026/05/29 20:37:06.734, 0, 0, 750, 23034
2026/05/29 20:37:11.735, 0, 0, 750, 23034
2026/05/29 20:37:16.736, 0, 0, 750, 23034
2026/05/29 20:37:21.737, 0, 0, 750, 23034
2026/05/29 20:37:26.738, 0, 0, 750, 23034
2026/05/29 20:37:31.740, 0, 0, 750, 23034
2026/05/29 20:37:36.742, 0, 0, 750, 23034
2026/05/29 20:37:41.744, 0, 0, 750, 23034
2026/05/29 20:37:46.744, 0, 0, 750, 23034
2026/05/29 20:37:51.745, 0, 0, 750, 23034
2026/05/29 20:37:56.747, 0, 0, 750, 23034
2026/05/29 20:38:01.749, 0, 0, 750, 23034
2026/05/29 20:38:06.749, 0, 0, 750, 23034
2026/05/29 20:38:11.750, 0, 0, 750, 23034
2026/05/29 20:38:16.751, 0, 0, 750, 23034
2026/05/29 20:38:21.752, 0, 0, 750, 23034
2026/05/29 20:38:26.752, 0, 0, 750, 23034
2026/05/29 20:38:31.754, 0, 0, 750, 23034
2026/05/29 20:38:36.756, 0, 0, 750, 23034
2026/05/29 20:38:41.758, 0, 0, 750, 23034
2026/05/29 20:38:46.759, 0, 0, 750, 23034
2026/05/29 20:38:51.760, 0, 0, 750, 23034
2026/05/29 20:38:56.761, 0, 0, 750, 23034
2026/05/29 20:39:01.762, 0, 0, 750, 23034
2026/05/29 20:39:06.763, 0, 0, 750, 23034
2026/05/29 20:39:11.765, 0, 0, 750, 23034
2026/05/29 20:39:16.767, 0, 0, 750, 23034
2026/05/29 20:39:21.768, 0, 0, 750, 23034
2026/05/29 20:39:26.770, 0, 0, 750, 23034
2026/05/29 20:39:31.771, 0, 0, 750, 23034
2026/05/29 20:39:36.772, 0, 0, 750, 23034
2026/05/29 20:39:41.774, 0, 0, 750, 23034
2026/05/29 20:39:46.775, 0, 0, 750, 23034
2026/05/29 20:39:51.776, 0, 0, 750, 23034
2026/05/29 20:39:56.778, 0, 0, 750, 23034
2026/05/29 20:40:01.780, 0, 0, 750, 23034
2026/05/29 20:40:06.781, 0, 0, 750, 23034
2026/05/29 20:40:11.782, 0, 0, 750, 23034
2026/05/29 20:40:16.784, 0, 0, 750, 23034
2026/05/29 20:40:21.785, 0, 0, 750, 23034
2026/05/29 20:40:26.787, 0, 0, 750, 23034
2026/05/29 20:40:31.788, 0, 0, 750, 23034
2026/05/29 20:40:36.790, 0, 0, 750, 23034
2026/05/29 20:40:41.790, 0, 0, 750, 23034
2026/05/29 20:40:46.792, 0, 0, 750, 23034
2026/05/29 20:40:51.794, 0, 0, 750, 23034
2026/05/29 20:40:56.795, 0, 0, 750, 23034
2026/05/29 20:41:01.796, 0, 0, 750, 23034
2026/05/29 20:41:06.798, 0, 0, 750, 23034
2026/05/29 20:41:11.798, 0, 0, 750, 23034
2026/05/29 20:41:16.800, 0, 0, 750, 23034
2026/05/29 20:41:21.802, 0, 0, 750, 23034
2026/05/29 20:41:26.804, 0, 0, 750, 23034
2026/05/29 20:41:31.804, 0, 0, 750, 23034
2026/05/29 20:41:36.806, 0, 0, 750, 23034
2026/05/29 20:41:41.806, 0, 0, 750, 23034
2026/05/29 20:41:46.808, 0, 0, 750, 23034
2026/05/29 20:41:51.810, 0, 0, 750, 23034
2026/05/29 20:41:56.811, 0, 0, 750, 23034
2026/05/29 20:42:01.813, 0, 0, 750, 23034
2026/05/29 20:42:06.815, 0, 0, 750, 23034
2026/05/29 20:42:11.817, 0, 0, 750, 23034
2026/05/29 20:42:16.819, 0, 0, 750, 23034
2026/05/29 20:42:21.820, 0, 0, 750, 23034
2026/05/29 20:42:26.821, 0, 0, 750, 23034
2026/05/29 20:42:31.823, 0, 0, 750, 23034
2026/05/29 20:42:36.824, 0, 0, 750, 23034
2026/05/29 20:42:41.825, 0, 0, 750, 23034
2026/05/29 20:42:46.827, 0, 0, 750, 23034
2026/05/29 20:42:51.829, 0, 0, 750, 23034
2026/05/29 20:42:56.829, 0, 0, 750, 23034
2026/05/29 20:43:01.831, 0, 0, 750, 23034
2026/05/29 20:43:06.833, 0, 0, 750, 23034
2026/05/29 20:43:11.834, 0, 0, 750, 23034
2026/05/29 20:43:16.835, 0, 0, 750, 23034
2026/05/29 20:43:21.837, 0, 0, 750, 23034
2026/05/29 20:43:26.838, 0, 0, 750, 23034
2026/05/29 20:43:31.839, 0, 0, 750, 23034
2026/05/29 20:43:36.841, 0, 0, 750, 23034
2026/05/29 20:43:41.842, 0, 0, 750, 23034
2026/05/29 20:43:46.844, 0, 0, 750, 23034
2026/05/29 20:43:51.846, 0, 0, 750, 23034
2026/05/29 20:43:56.847, 0, 0, 750, 23034
2026/05/29 20:44:01.849, 0, 0, 750, 23034
2026/05/29 20:44:06.851, 0, 0, 750, 23034
2026/05/29 20:44:11.852, 0, 0, 750, 23034
2026/05/29 20:44:16.854, 0, 0, 750, 23034
2026/05/29 20:44:21.855, 0, 0, 750, 23034
2026/05/29 20:44:26.855, 0, 0, 750, 23034
2026/05/29 20:44:31.856, 0, 0, 750, 23034
2026/05/29 20:44:36.858, 0, 0, 750, 23034
2026/05/29 20:44:41.859, 0, 0, 750, 23034
2026/05/29 20:44:46.861, 0, 0, 750, 23034
2026/05/29 20:44:51.863, 0, 0, 750, 23034
2026/05/29 20:44:56.864, 0, 0, 750, 23034
2026/05/29 20:45:01.866, 0, 0, 750, 23034
2026/05/29 20:45:06.868, 0, 0, 750, 23034
2026/05/29 20:45:11.869, 0, 0, 750, 23034
2026/05/29 20:45:16.870, 0, 0, 750, 23034
2026/05/29 20:45:21.872, 0, 0, 750, 23034
2026/05/29 20:45:26.872, 0, 0, 750, 23034
2026/05/29 20:45:31.874, 0, 0, 750, 23034
2026/05/29 20:45:36.876, 0, 0, 750, 23034
2026/05/29 20:45:41.877, 0, 0, 750, 23034
2026/05/29 20:45:46.878, 0, 0, 750, 23034
2026/05/29 20:45:51.880, 0, 0, 750, 23034
2026/05/29 20:45:56.881, 0, 0, 750, 23034
2026/05/29 20:46:01.883, 0, 0, 750, 23034
2026/05/29 20:46:06.884, 0, 0, 750, 23034
2026/05/29 20:46:11.885, 0, 0, 750, 23034
2026/05/29 20:46:16.887, 0, 0, 750, 23034
2026/05/29 20:46:21.888, 0, 0, 750, 23034
2026/05/29 20:46:26.889, 0, 0, 750, 23034
2026/05/29 20:46:31.890, 0, 0, 750, 23034
2026/05/29 20:46:36.892, 0, 0, 750, 23034
2026/05/29 20:46:41.893, 0, 0, 750, 23034
2026/05/29 20:46:46.895, 0, 0, 750, 23034
2026/05/29 20:46:51.897, 0, 0, 750, 23034
2026/05/29 20:46:56.897, 0, 0, 750, 23034
2026/05/29 20:47:01.898, 0, 0, 750, 23034
2026/05/29 20:47:06.901, 0, 0, 750, 23034
2026/05/29 20:47:11.902, 0, 0, 750, 23034
2026/05/29 20:47:16.903, 0, 0, 750, 23034
2026/05/29 20:47:21.905, 0, 0, 750, 23034
2026/05/29 20:47:26.907, 0, 0, 750, 23034
2026/05/29 20:47:31.908, 0, 0, 750, 23034
2026/05/29 20:47:36.909, 0, 0, 750, 23034
2026/05/29 20:47:41.910, 0, 0, 750, 23034
2026/05/29 20:47:46.911, 0, 0, 750, 23034
2026/05/29 20:47:51.911, 0, 0, 750, 23034
2026/05/29 20:47:56.913, 0, 0, 750, 23034
2026/05/29 20:48:01.914, 0, 0, 750, 23034
2026/05/29 20:48:06.916, 0, 0, 750, 23034
2026/05/29 20:48:11.917, 0, 0, 750, 23034
2026/05/29 20:48:16.919, 0, 0, 750, 23034
2026/05/29 20:48:21.920, 0, 0, 750, 23034
2026/05/29 20:48:26.921, 0, 0, 750, 23034
2026/05/29 20:48:31.923, 0, 0, 750, 23034
2026/05/29 20:48:36.925, 0, 0, 750, 23034
2026/05/29 20:48:41.927, 0, 0, 750, 23034
2026/05/29 20:48:46.928, 0, 0, 750, 23034
2026/05/29 20:48:51.930, 0, 0, 750, 23034
2026/05/29 20:48:56.932, 0, 0, 750, 23034
2026/05/29 20:49:01.933, 0, 0, 750, 23034
2026/05/29 20:49:06.935, 0, 0, 750, 23034
2026/05/29 20:49:11.937, 0, 0, 750, 23034
2026/05/29 20:49:16.939, 0, 0, 750, 23034
2026/05/29 20:49:21.940, 0, 0, 750, 23034
2026/05/29 20:49:26.942, 0, 0, 750, 23034
2026/05/29 20:49:31.944, 0, 0, 750, 23034
2026/05/29 20:49:36.945, 0, 0, 750, 23034
2026/05/29 20:49:41.947, 0, 0, 750, 23034
2026/05/29 20:49:46.949, 0, 0, 750, 23034
2026/05/29 20:49:51.950, 0, 0, 750, 23034
2026/05/29 20:49:56.952, 0, 0, 750, 23034
2026/05/29 20:50:01.954, 0, 0, 750, 23034
2026/05/29 20:50:06.955, 0, 0, 750, 23034
2026/05/29 20:50:11.957, 0, 0, 750, 23034
2026/05/29 20:50:16.959, 0, 0, 750, 23034
2026/05/29 20:50:21.961, 0, 0, 750, 23034
2026/05/29 20:50:26.962, 0, 0, 750, 23034
2026/05/29 20:50:31.964, 0, 0, 750, 23034
2026/05/29 20:50:36.965, 0, 0, 750, 23034
2026/05/29 20:50:41.966, 0, 0, 750, 23034
2026/05/29 20:50:46.968, 0, 0, 750, 23034
2026/05/29 20:50:51.970, 0, 0, 750, 23034
2026/05/29 20:50:56.971, 0, 0, 750, 23034
2026/05/29 20:51:01.972, 0, 0, 750, 23034
2026/05/29 20:51:06.974, 0, 0, 750, 23034
2026/05/29 20:51:11.975, 0, 0, 750, 23034
2026/05/29 20:51:16.976, 0, 0, 750, 23034
2026/05/29 20:51:21.978, 0, 0, 750, 23034
2026/05/29 20:51:26.979, 0, 0, 750, 23034
2026/05/29 20:51:31.981, 0, 0, 750, 23034
2026/05/29 20:51:36.983, 0, 0, 750, 23034
2026/05/29 20:51:41.985, 0, 0, 750, 23034
2026/05/29 20:51:46.985, 0, 0, 750, 23034
2026/05/29 20:51:51.987, 0, 0, 750, 23034
2026/05/29 20:51:56.989, 0, 0, 750, 23034
2026/05/29 20:52:01.989, 0, 0, 750, 23034
2026/05/29 20:52:06.991, 0, 0, 750, 23034
2026/05/29 20:52:11.993, 0, 0, 750, 23034
2026/05/29 20:52:16.995, 0, 0, 750, 23034
2026/05/29 20:52:21.997, 0, 0, 750, 23034
2026/05/29 20:52:26.998, 0, 0, 750, 23034
2026/05/29 20:52:31.999, 0, 0, 750, 23034
2026/05/29 20:52:37.000, 0, 0, 750, 23034
2026/05/29 20:52:42.000, 0, 0, 750, 23034
2026/05/29 20:52:47.002, 0, 0, 750, 23034
2026/05/29 20:52:52.003, 0, 0, 750, 23034
2026/05/29 20:52:57.005, 0, 0, 750, 23034
2026/05/29 20:53:02.006, 0, 0, 750, 23034
2026/05/29 20:53:07.008, 0, 0, 750, 23034
2026/05/29 20:53:12.010, 0, 0, 750, 23034
2026/05/29 20:53:17.010, 0, 0, 750, 23034
2026/05/29 20:53:22.012, 0, 0, 750, 23034
2026/05/29 20:53:27.014, 0, 0, 750, 23034
2026/05/29 20:53:32.014, 0, 0, 750, 23034
2026/05/29 20:53:37.016, 0, 0, 750, 23034
2026/05/29 20:53:42.017, 0, 0, 750, 23034
2026/05/29 20:53:47.018, 0, 0, 750, 23034
2026/05/29 20:53:52.019, 0, 0, 750, 23034
2026/05/29 20:53:57.021, 0, 0, 750, 23034
2026/05/29 20:54:02.021, 0, 0, 750, 23034
2026/05/29 20:54:07.022, 0, 0, 750, 23034
2026/05/29 20:54:12.024, 0, 0, 750, 23034
2026/05/29 20:54:17.025, 0, 0, 750, 23034
2026/05/29 20:54:22.026, 0, 0, 750, 23034
2026/05/29 20:54:27.028, 0, 0, 750, 23034
2026/05/29 20:54:32.029, 0, 0, 750, 23034
2026/05/29 20:54:37.029, 0, 0, 750, 23034
2026/05/29 20:54:42.031, 0, 0, 750, 23034
2026/05/29 20:54:47.032, 0, 0, 750, 23034
2026/05/29 20:54:52.034, 0, 0, 750, 23034
2026/05/29 20:54:57.036, 0, 0, 750, 23034
2026/05/29 20:55:02.037, 0, 0, 750, 23034
2026/05/29 20:55:07.039, 0, 0, 750, 23034
2026/05/29 20:55:12.041, 0, 0, 750, 23034
2026/05/29 20:55:17.043, 0, 0, 750, 23034
2026/05/29 20:55:22.044, 0, 0, 750, 23034
2026/05/29 20:55:27.045, 0, 0, 750, 23034
2026/05/29 20:55:32.047, 0, 0, 750, 23034
2026/05/29 20:55:37.047, 0, 0, 750, 23034
2026/05/29 20:55:42.048, 0, 0, 750, 23034
2026/05/29 20:55:47.050, 0, 0, 750, 23034
2026/05/29 20:55:52.051, 0, 0, 750, 23034
2026/05/29 20:55:57.053, 0, 0, 750, 23034
2026/05/29 20:56:02.055, 0, 0, 750, 23034
2026/05/29 20:56:07.055, 0, 0, 750, 23034
2026/05/29 20:56:12.057, 0, 0, 750, 23034
2026/05/29 20:56:17.059, 0, 0, 750, 23034
2026/05/29 20:56:22.060, 0, 0, 750, 23034
2026/05/29 20:56:27.060, 0, 0, 750, 23034
2026/05/29 20:56:32.061, 0, 0, 750, 23034
2026/05/29 20:56:37.062, 0, 0, 750, 23034
2026/05/29 20:56:42.064, 0, 0, 750, 23034
2026/05/29 20:56:47.066, 0, 0, 750, 23034
2026/05/29 20:56:52.068, 0, 0, 750, 23034
2026/05/29 20:56:57.069, 0, 0, 750, 23034
2026/05/29 20:57:02.070, 0, 0, 750, 23034
2026/05/29 20:57:07.071, 0, 0, 750, 23034
2026/05/29 20:57:12.073, 0, 0, 750, 23034
2026/05/29 20:57:17.074, 0, 0, 750, 23034
2026/05/29 20:57:22.075, 0, 0, 750, 23034
2026/05/29 20:57:27.077, 0, 0, 750, 23034
2026/05/29 20:57:32.078, 0, 0, 750, 23034
2026/05/29 20:57:37.079, 0, 0, 750, 23034
2026/05/29 20:57:42.081, 0, 0, 750, 23034
2026/05/29 20:57:47.082, 0, 0, 750, 23034
2026/05/29 20:57:52.083, 0, 0, 750, 23034
2026/05/29 20:57:57.083, 0, 0, 750, 23034
2026/05/29 20:58:02.085, 0, 0, 750, 23034
2026/05/29 20:58:07.086, 0, 0, 750, 23034
2026/05/29 20:58:12.086, 0, 0, 750, 23034
2026/05/29 20:58:17.088, 0, 0, 750, 23034
2026/05/29 20:58:22.090, 0, 0, 750, 23034
2026/05/29 20:58:27.091, 0, 0, 750, 23034
2026/05/29 20:58:32.093, 0, 0, 750, 23034
2026/05/29 20:58:37.095, 0, 0, 750, 23034
2026/05/29 20:58:42.095, 0, 0, 750, 23034
2026/05/29 20:58:47.096, 0, 0, 750, 23034
2026/05/29 20:58:52.097, 0, 0, 750, 23034
2026/05/29 20:58:57.098, 0, 0, 750, 23034
2026/05/29 20:59:02.100, 0, 0, 750, 23034
2026/05/29 20:59:07.102, 0, 0, 750, 23034
2026/05/29 20:59:12.103, 0, 0, 750, 23034
2026/05/29 20:59:17.104, 0, 0, 750, 23034
2026/05/29 20:59:22.106, 0, 0, 750, 23034
2026/05/29 20:59:27.106, 0, 0, 750, 23034
2026/05/29 20:59:32.108, 0, 0, 750, 23034
2026/05/29 20:59:37.110, 0, 0, 750, 23034
2026/05/29 20:59:42.111, 0, 0, 750, 23034
2026/05/29 20:59:47.112, 0, 0, 750, 23034
2026/05/29 20:59:52.114, 0, 0, 750, 23034
2026/05/29 20:59:57.115, 0, 0, 750, 23034
2026/05/29 21:00:02.116, 0, 0, 750, 23034
2026/05/29 21:00:07.117, 0, 0, 750, 23034
2026/05/29 21:00:12.118, 0, 0, 750, 23034
2026/05/29 21:00:17.120, 0, 0, 750, 23034
2026/05/29 21:00:22.121, 0, 0, 750, 23034
2026/05/29 21:00:27.123, 0, 0, 750, 23034
2026/05/29 21:00:32.125, 0, 0, 750, 23034
2026/05/29 21:00:37.125, 0, 0, 750, 23034
2026/05/29 21:00:42.126, 0, 0, 750, 23034
2026/05/29 21:00:47.127, 0, 0, 750, 23034
2026/05/29 21:00:52.127, 0, 0, 750, 23034
2026/05/29 21:00:57.128, 0, 0, 750, 23034
2026/05/29 21:01:02.128, 0, 0, 750, 23034
2026/05/29 21:01:07.129, 0, 0, 750, 23034
2026/05/29 21:01:12.130, 0, 0, 750, 23034
2026/05/29 21:01:17.131, 0, 0, 750, 23034
2026/05/29 21:01:22.132, 0, 0, 750, 23034
2026/05/29 21:01:27.134, 0, 0, 750, 23034
2026/05/29 21:01:32.135, 0, 0, 750, 23034
2026/05/29 21:01:37.137, 0, 0, 750, 23034
2026/05/29 21:01:42.138, 0, 0, 750, 23034
2026/05/29 21:01:47.140, 0, 0, 750, 23034
2026/05/29 21:01:52.141, 0, 0, 750, 23034
2026/05/29 21:01:57.143, 0, 0, 750, 23034
2026/05/29 21:02:02.145, 0, 0, 750, 23034
2026/05/29 21:02:07.145, 0, 0, 750, 23034
2026/05/29 21:02:12.147, 0, 0, 750, 23034
2026/05/29 21:02:17.149, 0, 0, 750, 23034
2026/05/29 21:02:22.150, 0, 0, 750, 23034
2026/05/29 21:02:27.152, 0, 0, 750, 23034
2026/05/29 21:02:32.154, 0, 0, 750, 23034
2026/05/29 21:02:37.156, 0, 0, 750, 23034
2026/05/29 21:02:42.156, 0, 0, 750, 23034
2026/05/29 21:02:47.158, 0, 0, 750, 23034
2026/05/29 21:02:52.160, 0, 0, 750, 23034
2026/05/29 21:02:57.161, 0, 0, 750, 23034
2026/05/29 21:03:02.163, 0, 0, 750, 23034
2026/05/29 21:03:07.165, 0, 0, 750, 23034
2026/05/29 21:03:12.167, 0, 0, 750, 23034
2026/05/29 21:03:17.167, 0, 0, 750, 23034
2026/05/29 21:03:22.169, 0, 0, 750, 23034
2026/05/29 21:03:27.171, 0, 0, 750, 23034
2026/05/29 21:03:32.172, 0, 0, 750, 23034
2026/05/29 21:03:37.174, 0, 0, 750, 23034
2026/05/29 21:03:42.176, 0, 0, 750, 23034
2026/05/29 21:03:47.176, 0, 0, 750, 23034
2026/05/29 21:03:52.178, 0, 0, 750, 23034
2026/05/29 21:03:57.180, 0, 0, 750, 23034
2026/05/29 21:04:02.182, 0, 0, 750, 23034
2026/05/29 21:04:07.183, 0, 0, 750, 23034
2026/05/29 21:04:12.185, 0, 0, 750, 23034
2026/05/29 21:04:17.187, 0, 0, 750, 23034
2026/05/29 21:04:22.188, 0, 0, 750, 23034
2026/05/29 21:04:27.189, 0, 0, 750, 23034
2026/05/29 21:04:32.191, 0, 0, 750, 23034
2026/05/29 21:04:37.193, 0, 0, 750, 23034
2026/05/29 21:04:42.194, 0, 0, 750, 23034
2026/05/29 21:04:47.196, 0, 0, 750, 23034
2026/05/29 21:04:52.198, 0, 0, 750, 23034
2026/05/29 21:04:57.199, 0, 0, 750, 23034
2026/05/29 21:05:02.201, 0, 0, 750, 23034
2026/05/29 21:05:07.203, 0, 0, 750, 23034
2026/05/29 21:05:12.204, 0, 0, 750, 23034
2026/05/29 21:05:17.206, 0, 0, 750, 23034
2026/05/29 21:05:22.207, 0, 0, 750, 23034
2026/05/29 21:05:27.209, 0, 0, 750, 23034
2026/05/29 21:05:32.210, 0, 0, 750, 23034
2026/05/29 21:05:37.212, 0, 0, 750, 23034
2026/05/29 21:05:42.213, 0, 0, 750, 23034
2026/05/29 21:05:47.215, 0, 0, 750, 23034
2026/05/29 21:05:52.216, 0, 0, 750, 23034
2026/05/29 21:05:57.218, 0, 0, 750, 23034
2026/05/29 21:06:02.220, 0, 0, 750, 23034
2026/05/29 21:06:07.221, 0, 0, 750, 23034
2026/05/29 21:06:12.223, 0, 0, 750, 23034
2026/05/29 21:06:17.225, 0, 0, 750, 23034
2026/05/29 21:06:22.225, 0, 0, 750, 23034
2026/05/29 21:06:27.227, 0, 0, 750, 23034
2026/05/29 21:06:32.228, 0, 0, 750, 23034
2026/05/29 21:06:37.229, 0, 0, 750, 23034
2026/05/29 21:06:42.230, 0, 0, 750, 23034
2026/05/29 21:06:47.232, 0, 0, 750, 23034
2026/05/29 21:06:52.232, 0, 0, 750, 23034
2026/05/29 21:06:57.234, 0, 0, 750, 23034
2026/05/29 21:07:02.235, 0, 0, 750, 23034
2026/05/29 21:07:07.237, 0, 0, 750, 23034
2026/05/29 21:07:12.239, 0, 0, 750, 23034
2026/05/29 21:07:17.240, 0, 0, 750, 23034
2026/05/29 21:07:22.242, 0, 0, 750, 23034
2026/05/29 21:07:27.244, 0, 0, 750, 23034
2026/05/29 21:07:32.246, 0, 0, 750, 23034
2026/05/29 21:07:37.247, 0, 0, 750, 23034
2026/05/29 21:07:42.249, 0, 0, 750, 23034
2026/05/29 21:07:47.251, 0, 0, 750, 23034
2026/05/29 21:07:52.252, 0, 0, 750, 23034
2026/05/29 21:07:57.253, 0, 0, 750, 23034
2026/05/29 21:08:02.255, 0, 0, 750, 23034
2026/05/29 21:08:07.255, 0, 0, 750, 23034
2026/05/29 21:08:12.257, 0, 0, 750, 23034
2026/05/29 21:08:17.258, 0, 0, 750, 23034
2026/05/29 21:08:22.259, 0, 0, 750, 23034
2026/05/29 21:08:27.261, 0, 0, 750, 23034
2026/05/29 21:08:32.262, 0, 0, 750, 23034
2026/05/29 21:08:37.263, 0, 0, 750, 23034
2026/05/29 21:08:42.264, 0, 0, 750, 23034
2026/05/29 21:08:47.265, 0, 0, 750, 23034
2026/05/29 21:08:52.266, 0, 0, 750, 23034
2026/05/29 21:08:57.266, 0, 0, 750, 23034
2026/05/29 21:09:02.268, 0, 0, 750, 23034
2026/05/29 21:09:07.269, 0, 0, 750, 23034
2026/05/29 21:09:12.271, 0, 0, 750, 23034
2026/05/29 21:09:17.273, 0, 0, 750, 23034
2026/05/29 21:09:22.274, 0, 0, 750, 23034
2026/05/29 21:09:27.276, 0, 0, 750, 23034
2026/05/29 21:09:32.278, 0, 0, 750, 23034
2026/05/29 21:09:37.278, 0, 0, 750, 23034
2026/05/29 21:09:42.279, 0, 0, 750, 23034
2026/05/29 21:09:47.281, 0, 0, 750, 23034
2026/05/29 21:09:52.282, 0, 0, 750, 23034
2026/05/29 21:09:57.282, 0, 0, 750, 23034
2026/05/29 21:10:02.283, 0, 0, 750, 23034
2026/05/29 21:10:07.285, 0, 0, 750, 23034
2026/05/29 21:10:12.286, 0, 0, 750, 23034
2026/05/29 21:10:17.288, 0, 0, 750, 23034
2026/05/29 21:10:22.289, 0, 0, 750, 23034
2026/05/29 21:10:27.291, 0, 0, 750, 23034
2026/05/29 21:10:32.293, 0, 0, 750, 23034
2026/05/29 21:10:37.293, 0, 0, 750, 23034
2026/05/29 21:10:42.294, 0, 0, 750, 23034
2026/05/29 21:10:47.296, 0, 0, 750, 23034
2026/05/29 21:10:52.297, 0, 0, 750, 23034
2026/05/29 21:10:57.299, 0, 0, 750, 23034
2026/05/29 21:11:02.300, 0, 0, 750, 23034
2026/05/29 21:11:07.302, 0, 0, 750, 23034
2026/05/29 21:11:12.303, 0, 0, 750, 23034
2026/05/29 21:11:17.305, 0, 0, 750, 23034
2026/05/29 21:11:22.307, 0, 0, 750, 23034
2026/05/29 21:11:27.307, 0, 0, 750, 23034
2026/05/29 21:11:32.308, 0, 0, 750, 23034
2026/05/29 21:11:37.310, 0, 0, 750, 23034
2026/05/29 21:11:42.311, 0, 0, 750, 23034
2026/05/29 21:11:47.313, 0, 0, 750, 23034
2026/05/29 21:11:52.314, 0, 0, 750, 23034
2026/05/29 21:11:57.315, 0, 0, 750, 23034
2026/05/29 21:12:02.318, 0, 0, 750, 23034
2026/05/29 21:12:07.318, 0, 0, 750, 23034
2026/05/29 21:12:12.319, 0, 0, 750, 23034
2026/05/29 21:12:17.320, 0, 0, 750, 23034
2026/05/29 21:12:22.322, 0, 0, 750, 23034
2026/05/29 21:12:27.323, 0, 0, 750, 23034
2026/05/29 21:12:32.323, 0, 0, 750, 23034
2026/05/29 21:12:37.325, 0, 0, 750, 23034
2026/05/29 21:12:42.327, 0, 0, 750, 23034
2026/05/29 21:12:47.328, 0, 0, 750, 23034
2026/05/29 21:12:52.330, 0, 0, 750, 23034
2026/05/29 21:12:57.331, 0, 0, 750, 23034
2026/05/29 21:13:02.331, 0, 0, 750, 23034
2026/05/29 21:13:07.332, 0, 0, 750, 23034
2026/05/29 21:13:12.334, 0, 0, 750, 23034
2026/05/29 21:13:17.335, 0, 0, 750, 23034
2026/05/29 21:13:22.336, 0, 0, 750, 23034
2026/05/29 21:13:27.338, 0, 0, 750, 23034
2026/05/29 21:13:32.339, 0, 0, 750, 23034
2026/05/29 21:13:37.339, 0, 0, 750, 23034
2026/05/29 21:13:42.341, 0, 0, 750, 23034
2026/05/29 21:13:47.343, 0, 0, 750, 23034
2026/05/29 21:13:52.344, 0, 0, 750, 23034
2026/05/29 21:13:57.346, 0, 0, 750, 23034
2026/05/29 21:14:02.348, 0, 0, 750, 23034
2026/05/29 21:14:07.349, 0, 0, 750, 23034
2026/05/29 21:14:12.350, 0, 0, 750, 23034
2026/05/29 21:14:17.352, 0, 0, 750, 23034
2026/05/29 21:14:22.352, 0, 0, 750, 23034
2026/05/29 21:14:27.354, 0, 0, 750, 23034
2026/05/29 21:14:32.355, 0, 0, 750, 23034
2026/05/29 21:14:37.357, 0, 0, 750, 23034
2026/05/29 21:14:42.357, 0, 0, 750, 23034
2026/05/29 21:14:47.358, 0, 0, 750, 23034
2026/05/29 21:14:52.360, 0, 0, 750, 23034
2026/05/29 21:14:57.362, 0, 0, 750, 23034
2026/05/29 21:15:02.363, 0, 0, 750, 23034
2026/05/29 21:15:07.365, 0, 0, 750, 23034
2026/05/29 21:15:12.367, 0, 0, 750, 23034
2026/05/29 21:15:17.368, 0, 0, 750, 23034
2026/05/29 21:15:22.370, 0, 0, 750, 23034
2026/05/29 21:15:27.372, 0, 0, 750, 23034
2026/05/29 21:15:32.373, 0, 0, 750, 23034
2026/05/29 21:15:37.373, 0, 0, 750, 23034
2026/05/29 21:15:42.374, 0, 0, 750, 23034
2026/05/29 21:15:47.376, 0, 0, 750, 23034
2026/05/29 21:15:52.377, 0, 0, 750, 23034
2026/05/29 21:15:57.378, 0, 0, 750, 23034
2026/05/29 21:16:02.380, 0, 0, 750, 23034
2026/05/29 21:16:07.382, 0, 0, 750, 23034
2026/05/29 21:16:12.383, 0, 0, 750, 23034
2026/05/29 21:16:17.385, 0, 0, 750, 23034
2026/05/29 21:16:22.387, 0, 0, 750, 23034
2026/05/29 21:16:27.388, 0, 0, 750, 23034
2026/05/29 21:16:32.390, 0, 0, 750, 23034
2026/05/29 21:16:37.392, 0, 0, 750, 23034
2026/05/29 21:16:42.393, 0, 0, 750, 23034
2026/05/29 21:16:47.395, 0, 0, 750, 23034
2026/05/29 21:16:52.396, 0, 0, 750, 23034
2026/05/29 21:16:57.396, 0, 0, 750, 23034
2026/05/29 21:17:02.397, 0, 0, 750, 23034
2026/05/29 21:17:07.398, 0, 0, 750, 23034
2026/05/29 21:17:12.398, 0, 0, 750, 23034
2026/05/29 21:17:17.400, 0, 0, 750, 23034
2026/05/29 21:17:22.402, 0, 0, 750, 23034
2026/05/29 21:17:27.403, 0, 0, 750, 23034
2026/05/29 21:17:32.405, 0, 0, 750, 23034
2026/05/29 21:17:37.407, 0, 0, 750, 23034
2026/05/29 21:17:42.408, 0, 0, 750, 23034
2026/05/29 21:17:47.410, 0, 0, 750, 23034
2026/05/29 21:17:52.411, 0, 0, 750, 23034
2026/05/29 21:17:57.411, 0, 0, 750, 23034
2026/05/29 21:18:02.413, 0, 0, 750, 23034
2026/05/29 21:18:07.415, 0, 0, 750, 23034
2026/05/29 21:18:12.417, 0, 0, 750, 23034
2026/05/29 21:18:17.418, 0, 0, 750, 23034
2026/05/29 21:18:22.420, 0, 0, 750, 23034
2026/05/29 21:18:27.422, 0, 0, 750, 23034
2026/05/29 21:18:32.422, 0, 0, 750, 23034
2026/05/29 21:18:37.423, 0, 0, 750, 23034
2026/05/29 21:18:42.425, 0, 0, 750, 23034
2026/05/29 21:18:47.426, 0, 0, 750, 23034
2026/05/29 21:18:52.428, 0, 0, 750, 23034
2026/05/29 21:18:57.430, 0, 0, 750, 23034
2026/05/29 21:19:02.431, 0, 0, 750, 23034
2026/05/29 21:19:07.433, 0, 0, 750, 23034
2026/05/29 21:19:12.435, 0, 0, 750, 23034
2026/05/29 21:19:17.436, 0, 0, 750, 23034
2026/05/29 21:19:22.438, 0, 0, 750, 23034
2026/05/29 21:19:27.439, 0, 0, 750, 23034
2026/05/29 21:19:32.441, 0, 0, 750, 23034
2026/05/29 21:19:37.443, 0, 0, 750, 23034
2026/05/29 21:19:42.443, 0, 0, 750, 23034
2026/05/29 21:19:47.445, 0, 0, 750, 23034
2026/05/29 21:19:52.447, 0, 0, 750, 23034
2026/05/29 21:19:57.447, 0, 0, 750, 23034
2026/05/29 21:20:02.449, 0, 0, 750, 23034
2026/05/29 21:20:07.450, 0, 0, 750, 23034
2026/05/29 21:20:12.450, 0, 0, 750, 23034
2026/05/29 21:20:17.452, 0, 0, 750, 23034
2026/05/29 21:20:22.454, 0, 0, 750, 23034
2026/05/29 21:20:27.455, 0, 0, 750, 23034
2026/05/29 21:20:32.457, 0, 0, 750, 23034
2026/05/29 21:20:37.459, 0, 0, 750, 23034
2026/05/29 21:20:42.460, 0, 0, 750, 23034
2026/05/29 21:20:47.462, 0, 0, 750, 23034
2026/05/29 21:20:52.464, 0, 0, 750, 23034
2026/05/29 21:20:57.464, 0, 0, 750, 23034
2026/05/29 21:21:02.466, 0, 0, 750, 23034
2026/05/29 21:21:07.468, 0, 0, 750, 23034
2026/05/29 21:21:12.468, 0, 0, 750, 23034
2026/05/29 21:21:17.470, 0, 0, 750, 23034
2026/05/29 21:21:22.472, 0, 0, 750, 23034
2026/05/29 21:21:27.474, 0, 0, 750, 23034
2026/05/29 21:21:32.475, 0, 0, 750, 23034
2026/05/29 21:21:37.476, 0, 0, 750, 23034
2026/05/29 21:21:42.477, 0, 0, 750, 23034
2026/05/29 21:21:47.479, 0, 0, 750, 23034
2026/05/29 21:21:52.480, 0, 0, 750, 23034
2026/05/29 21:21:57.482, 0, 0, 750, 23034
2026/05/29 21:22:02.484, 0, 0, 750, 23034
2026/05/29 21:22:07.485, 0, 0, 750, 23034
2026/05/29 21:22:12.487, 0, 0, 750, 23034
2026/05/29 21:22:17.488, 0, 0, 750, 23034
2026/05/29 21:22:22.488, 0, 0, 750, 23034
2026/05/29 21:22:27.490, 0, 0, 750, 23034
2026/05/29 21:22:32.492, 0, 0, 750, 23034
2026/05/29 21:22:37.492, 0, 0, 750, 23034
2026/05/29 21:22:42.494, 0, 0, 750, 23034
2026/05/29 21:22:47.495, 0, 0, 750, 23034
2026/05/29 21:22:52.496, 0, 0, 750, 23034
2026/05/29 21:22:57.498, 0, 0, 750, 23034
2026/05/29 21:23:02.500, 0, 0, 750, 23034
2026/05/29 21:23:07.501, 0, 0, 750, 23034
2026/05/29 21:23:12.503, 0, 0, 750, 23034
2026/05/29 21:23:17.505, 0, 0, 750, 23034
2026/05/29 21:23:22.505, 0, 0, 750, 23034
2026/05/29 21:23:27.507, 0, 0, 750, 23034
2026/05/29 21:23:32.509, 0, 0, 750, 23034
2026/05/29 21:23:37.510, 0, 0, 750, 23034
2026/05/29 21:23:42.512, 0, 0, 750, 23034
2026/05/29 21:23:47.514, 0, 0, 750, 23034
2026/05/29 21:23:52.515, 0, 0, 750, 23034
2026/05/29 21:23:57.517, 0, 0, 750, 23034
2026/05/29 21:24:02.518, 0, 0, 750, 23034
2026/05/29 21:24:07.520, 0, 0, 750, 23034
2026/05/29 21:24:12.522, 0, 0, 750, 23034
2026/05/29 21:24:17.523, 0, 0, 750, 23034
2026/05/29 21:24:22.525, 0, 0, 750, 23034
2026/05/29 21:24:27.526, 0, 0, 750, 23034
2026/05/29 21:24:32.528, 0, 0, 750, 23034
2026/05/29 21:24:37.530, 0, 0, 750, 23034
2026/05/29 21:24:42.532, 0, 0, 750, 23034
2026/05/29 21:24:47.533, 0, 0, 750, 23034
2026/05/29 21:24:52.535, 0, 0, 750, 23034
2026/05/29 21:24:57.537, 0, 0, 750, 23034
2026/05/29 21:25:02.538, 0, 0, 750, 23034
2026/05/29 21:25:07.538, 0, 0, 750, 23034
2026/05/29 21:25:12.539, 0, 0, 750, 23034
2026/05/29 21:25:17.541, 0, 0, 750, 23034
2026/05/29 21:25:22.543, 0, 0, 750, 23034
2026/05/29 21:25:27.543, 0, 0, 750, 23034
2026/05/29 21:25:32.544, 0, 0, 750, 23034
2026/05/29 21:25:37.545, 0, 0, 750, 23034
2026/05/29 21:25:42.545, 0, 0, 750, 23034
2026/05/29 21:25:47.547, 0, 0, 750, 23034
2026/05/29 21:25:52.548, 0, 0, 750, 23034
2026/05/29 21:25:57.548, 0, 0, 750, 23034
2026/05/29 21:26:02.549, 0, 0, 750, 23034
2026/05/29 21:26:07.551, 0, 0, 750, 23034
2026/05/29 21:26:12.551, 0, 0, 750, 23034
2026/05/29 21:26:17.553, 0, 0, 750, 23034
2026/05/29 21:26:22.555, 0, 0, 750, 23034
2026/05/29 21:26:27.556, 0, 0, 750, 23034
2026/05/29 21:26:32.559, 0, 0, 750, 23034
2026/05/29 21:26:37.559, 0, 0, 750, 23034
2026/05/29 21:26:42.561, 0, 0, 750, 23034
2026/05/29 21:26:47.563, 0, 0, 750, 23034
2026/05/29 21:26:52.564, 0, 0, 750, 23034
2026/05/29 21:26:57.566, 0, 0, 750, 23034
2026/05/29 21:27:02.567, 0, 0, 750, 23034
2026/05/29 21:27:07.569, 0, 0, 750, 23034
2026/05/29 21:27:12.571, 0, 0, 750, 23034
2026/05/29 21:27:17.572, 0, 0, 750, 23034
2026/05/29 21:27:22.574, 0, 0, 750, 23034
2026/05/29 21:27:27.576, 0, 0, 750, 23034
2026/05/29 21:27:32.577, 0, 0, 750, 23034
2026/05/29 21:27:37.578, 0, 0, 750, 23034
2026/05/29 21:27:42.580, 0, 0, 750, 23034
2026/05/29 21:27:47.581, 0, 0, 750, 23034
2026/05/29 21:27:52.582, 0, 0, 750, 23034
2026/05/29 21:27:57.584, 0, 0, 750, 23034
2026/05/29 21:28:02.586, 0, 0, 750, 23034
2026/05/29 21:28:07.586, 0, 0, 750, 23034
2026/05/29 21:28:12.588, 0, 0, 750, 23034
2026/05/29 21:28:17.589, 0, 0, 750, 23034
2026/05/29 21:28:22.591, 0, 0, 750, 23034
2026/05/29 21:28:27.593, 0, 0, 750, 23034
2026/05/29 21:28:32.594, 0, 0, 750, 23034
2026/05/29 21:28:37.596, 0, 0, 750, 23034
2026/05/29 21:28:42.598, 0, 0, 750, 23034
2026/05/29 21:28:47.600, 0, 0, 750, 23034
2026/05/29 21:28:52.601, 0, 0, 750, 23034
2026/05/29 21:28:57.603, 0, 0, 750, 23034
2026/05/29 21:29:02.604, 0, 0, 750, 23034
2026/05/29 21:29:07.605, 0, 0, 750, 23034
2026/05/29 21:29:12.607, 0, 0, 750, 23034
2026/05/29 21:29:17.609, 0, 0, 750, 23034
2026/05/29 21:29:22.609, 0, 0, 750, 23034
2026/05/29 21:29:27.610, 0, 0, 750, 23034
2026/05/29 21:29:32.611, 0, 0, 750, 23034
2026/05/29 21:29:37.611, 0, 0, 750, 23034
2026/05/29 21:29:42.613, 0, 0, 750, 23034
2026/05/29 21:29:47.614, 0, 0, 750, 23034
2026/05/29 21:29:52.615, 0, 0, 750, 23034
2026/05/29 21:29:57.617, 0, 0, 750, 23034
2026/05/29 21:30:02.618, 0, 0, 750, 23034
2026/05/29 21:30:07.619, 0, 0, 750, 23034
2026/05/29 21:30:12.621, 0, 0, 750, 23034
2026/05/29 21:30:17.622, 0, 0, 750, 23034
2026/05/29 21:30:22.624, 0, 0, 750, 23034
2026/05/29 21:30:27.626, 0, 0, 750, 23034
2026/05/29 21:30:32.628, 0, 0, 750, 23034
2026/05/29 21:30:37.628, 0, 0, 750, 23034
2026/05/29 21:30:42.629, 0, 0, 750, 23034
2026/05/29 21:30:47.629, 0, 0, 750, 23034
2026/05/29 21:30:52.631, 0, 0, 750, 23034
2026/05/29 21:30:57.633, 0, 0, 750, 23034
2026/05/29 21:31:02.634, 0, 0, 750, 23034
2026/05/29 21:31:07.636, 0, 0, 750, 23034
2026/05/29 21:31:12.638, 0, 0, 750, 23034
2026/05/29 21:31:17.639, 0, 0, 750, 23034
2026/05/29 21:31:22.641, 0, 0, 750, 23034
2026/05/29 21:31:27.643, 0, 0, 750, 23034
2026/05/29 21:31:32.644, 0, 0, 750, 23034
2026/05/29 21:31:37.646, 0, 0, 750, 23034
2026/05/29 21:31:42.648, 0, 0, 750, 23034
2026/05/29 21:31:47.649, 0, 0, 750, 23034
2026/05/29 21:31:52.650, 0, 0, 750, 23034
2026/05/29 21:31:57.651, 0, 0, 750, 23034
2026/05/29 21:32:02.653, 0, 0, 750, 23034
2026/05/29 21:32:07.654, 0, 0, 750, 23034
2026/05/29 21:32:12.656, 0, 0, 750, 23034
2026/05/29 21:32:17.658, 0, 0, 750, 23034
2026/05/29 21:32:22.658, 0, 0, 750, 23034
2026/05/29 21:32:27.660, 0, 0, 750, 23034
2026/05/29 21:32:32.662, 0, 0, 750, 23034
2026/05/29 21:32:37.663, 0, 0, 750, 23034
2026/05/29 21:32:42.665, 0, 0, 750, 23034
2026/05/29 21:32:47.667, 0, 0, 750, 23034
2026/05/29 21:32:52.668, 0, 0, 750, 23034
2026/05/29 21:32:57.668, 0, 0, 750, 23034
2026/05/29 21:33:02.670, 0, 0, 750, 23034
2026/05/29 21:33:07.671, 0, 0, 750, 23034
2026/05/29 21:33:12.671, 0, 0, 750, 23034
2026/05/29 21:33:17.672, 0, 0, 750, 23034
2026/05/29 21:33:22.673, 0, 0, 750, 23034
2026/05/29 21:33:27.673, 0, 0, 750, 23034
2026/05/29 21:33:32.675, 0, 0, 750, 23034
2026/05/29 21:33:37.676, 0, 0, 750, 23034
2026/05/29 21:33:42.676, 0, 0, 750, 23034
2026/05/29 21:33:47.678, 0, 0, 750, 23034
2026/05/29 21:33:52.680, 0, 0, 750, 23034
2026/05/29 21:33:57.681, 0, 0, 750, 23034
2026/05/29 21:34:02.682, 0, 0, 750, 23034
2026/05/29 21:34:07.684, 0, 0, 750, 23034
2026/05/29 21:34:12.685, 0, 0, 750, 23034
2026/05/29 21:34:17.687, 0, 0, 750, 23034
2026/05/29 21:34:22.688, 0, 0, 750, 23034
2026/05/29 21:34:27.689, 0, 0, 750, 23034
2026/05/29 21:34:32.691, 0, 0, 750, 23034
2026/05/29 21:34:37.693, 0, 0, 750, 23034
2026/05/29 21:34:42.693, 0, 0, 750, 23034
2026/05/29 21:34:47.695, 0, 0, 750, 23034
2026/05/29 21:34:52.697, 0, 0, 750, 23034
2026/05/29 21:34:57.698, 0, 0, 750, 23034
2026/05/29 21:35:02.700, 0, 0, 750, 23034
2026/05/29 21:35:07.702, 0, 0, 750, 23034
2026/05/29 21:35:12.703, 0, 0, 750, 23034
2026/05/29 21:35:17.705, 0, 0, 750, 23034
2026/05/29 21:35:22.707, 0, 0, 750, 23034
2026/05/29 21:35:27.707, 0, 0, 750, 23034
2026/05/29 21:35:32.709, 0, 0, 750, 23034
2026/05/29 21:35:37.711, 0, 0, 750, 23034
2026/05/29 21:35:42.711, 0, 0, 750, 23034
2026/05/29 21:35:47.713, 0, 0, 750, 23034
2026/05/29 21:35:52.714, 0, 0, 750, 23034
2026/05/29 21:35:57.715, 0, 0, 750, 23034
2026/05/29 21:36:02.717, 0, 0, 750, 23034
2026/05/29 21:36:07.719, 0, 0, 750, 23034
2026/05/29 21:36:12.720, 0, 0, 750, 23034
2026/05/29 21:36:17.722, 0, 0, 750, 23034
2026/05/29 21:36:22.723, 0, 0, 750, 23034
2026/05/29 21:36:27.724, 0, 0, 750, 23034
2026/05/29 21:36:32.725, 0, 0, 750, 23034
2026/05/29 21:36:37.725, 0, 0, 750, 23034
2026/05/29 21:36:42.727, 0, 0, 750, 23034
2026/05/29 21:36:47.728, 0, 0, 750, 23034
2026/05/29 21:36:52.729, 0, 0, 750, 23034
2026/05/29 21:36:57.731, 0, 0, 750, 23034
2026/05/29 21:37:02.733, 0, 0, 750, 23034
2026/05/29 21:37:07.734, 0, 0, 750, 23034
2026/05/29 21:37:12.736, 0, 0, 750, 23034
2026/05/29 21:37:17.738, 0, 0, 750, 23034
2026/05/29 21:37:22.738, 0, 0, 750, 23034
2026/05/29 21:37:27.740, 0, 0, 750, 23034
2026/05/29 21:37:32.742, 0, 0, 750, 23034
2026/05/29 21:37:37.743, 0, 0, 750, 23034
2026/05/29 21:37:42.745, 0, 0, 750, 23034
2026/05/29 21:37:47.747, 0, 0, 750, 23034
2026/05/29 21:37:52.748, 0, 0, 750, 23034
2026/05/29 21:37:57.749, 0, 0, 750, 23034
2026/05/29 21:38:02.751, 0, 0, 750, 23034
2026/05/29 21:38:07.752, 0, 0, 750, 23034
2026/05/29 21:38:12.753, 0, 0, 750, 23034
2026/05/29 21:38:17.755, 0, 0, 750, 23034
2026/05/29 21:38:22.756, 0, 0, 750, 23034
2026/05/29 21:38:27.756, 0, 0, 750, 23034
2026/05/29 21:38:32.758, 0, 0, 750, 23034
2026/05/29 21:38:37.760, 0, 0, 750, 23034
2026/05/29 21:38:42.761, 0, 0, 750, 23034
2026/05/29 21:38:47.762, 0, 0, 750, 23034
2026/05/29 21:38:52.764, 0, 0, 750, 23034
2026/05/29 21:38:57.764, 0, 0, 750, 23034
2026/05/29 21:39:02.766, 0, 0, 750, 23034
2026/05/29 21:39:07.767, 0, 0, 750, 23034
2026/05/29 21:39:12.768, 0, 0, 750, 23034
2026/05/29 21:39:17.769, 0, 0, 750, 23034
2026/05/29 21:39:22.770, 0, 0, 750, 23034
2026/05/29 21:39:27.772, 0, 0, 750, 23034
2026/05/29 21:39:32.772, 0, 0, 750, 23034
2026/05/29 21:39:37.774, 0, 0, 750, 23034
2026/05/29 21:39:42.775, 0, 0, 750, 23034
2026/05/29 21:39:47.776, 0, 0, 750, 23034
2026/05/29 21:39:52.777, 0, 0, 750, 23034
2026/05/29 21:39:57.779, 0, 0, 750, 23034
2026/05/29 21:40:02.781, 0, 0, 750, 23034
2026/05/29 21:40:07.781, 0, 0, 750, 23034
2026/05/29 21:40:12.783, 0, 0, 750, 23034
2026/05/29 21:40:17.785, 0, 0, 750, 23034
2026/05/29 21:40:22.786, 0, 0, 750, 23034
2026/05/29 21:40:27.787, 0, 0, 750, 23034
2026/05/29 21:40:32.789, 0, 0, 750, 23034
2026/05/29 21:40:37.790, 0, 0, 750, 23034
2026/05/29 21:40:42.792, 0, 0, 750, 23034
2026/05/29 21:40:47.794, 0, 0, 750, 23034
2026/05/29 21:40:52.795, 0, 0, 750, 23034
2026/05/29 21:40:57.796, 0, 0, 750, 23034
2026/05/29 21:41:02.798, 0, 0, 750, 23034
2026/05/29 21:41:07.799, 0, 0, 750, 23034
2026/05/29 21:41:12.801, 0, 0, 750, 23034
2026/05/29 21:41:17.802, 0, 0, 750, 23034
2026/05/29 21:41:22.802, 0, 0, 750, 23034
2026/05/29 21:41:27.803, 0, 0, 750, 23034
2026/05/29 21:41:32.805, 0, 0, 750, 23034
2026/05/29 21:41:37.807, 0, 0, 750, 23034
2026/05/29 21:41:42.807, 0, 0, 750, 23034
2026/05/29 21:41:47.808, 0, 0, 750, 23034
2026/05/29 21:41:52.810, 0, 0, 750, 23034
2026/05/29 21:41:57.811, 0, 0, 750, 23034
2026/05/29 21:42:02.813, 0, 0, 750, 23034
2026/05/29 21:42:07.814, 0, 0, 750, 23034
2026/05/29 21:42:12.815, 0, 0, 750, 23034
2026/05/29 21:42:17.817, 0, 0, 750, 23034
2026/05/29 21:42:22.819, 0, 0, 750, 23034
2026/05/29 21:42:27.819, 0, 0, 750, 23034
2026/05/29 21:42:32.821, 0, 0, 750, 23034
2026/05/29 21:42:37.823, 0, 0, 750, 23034
2026/05/29 21:42:42.824, 0, 0, 750, 23034
2026/05/29 21:42:47.824, 0, 0, 750, 23034
2026/05/29 21:42:52.826, 0, 0, 750, 23034
2026/05/29 21:42:57.828, 0, 0, 750, 23034
2026/05/29 21:43:02.828, 0, 0, 750, 23034
2026/05/29 21:43:07.830, 0, 0, 750, 23034
2026/05/29 21:43:12.832, 0, 0, 750, 23034
2026/05/29 21:43:17.833, 0, 0, 750, 23034
2026/05/29 21:43:22.834, 0, 0, 750, 23034
2026/05/29 21:43:27.835, 0, 0, 750, 23034
2026/05/29 21:43:32.836, 0, 0, 750, 23034
2026/05/29 21:43:37.838, 0, 0, 750, 23034
2026/05/29 21:43:42.840, 0, 0, 750, 23034
2026/05/29 21:43:47.840, 0, 0, 750, 23034
2026/05/29 21:43:52.842, 0, 0, 750, 23034
2026/05/29 21:43:57.844, 0, 0, 750, 23034
2026/05/29 21:44:02.844, 0, 0, 750, 23034
2026/05/29 21:44:07.845, 0, 0, 750, 23034
2026/05/29 21:44:12.847, 0, 0, 750, 23034
2026/05/29 21:44:17.847, 0, 0, 750, 23034
2026/05/29 21:44:22.849, 0, 0, 750, 23034
2026/05/29 21:44:27.851, 0, 0, 750, 23034
2026/05/29 21:44:32.852, 0, 0, 750, 23034
2026/05/29 21:44:37.854, 0, 0, 750, 23034
2026/05/29 21:44:42.856, 0, 0, 750, 23034
2026/05/29 21:44:47.857, 0, 0, 750, 23034
2026/05/29 21:44:52.859, 0, 0, 750, 23034
2026/05/29 21:44:57.861, 0, 0, 750, 23034
2026/05/29 21:45:02.862, 0, 0, 750, 23034
2026/05/29 21:45:07.864, 0, 0, 750, 23034
2026/05/29 21:45:12.866, 0, 0, 750, 23034
2026/05/29 21:45:17.867, 0, 0, 750, 23034
2026/05/29 21:45:22.868, 0, 0, 750, 23034
2026/05/29 21:45:27.870, 0, 0, 750, 23034
2026/05/29 21:45:32.871, 0, 0, 750, 23034
2026/05/29 21:45:37.872, 0, 0, 750, 23034
2026/05/29 21:45:42.874, 0, 0, 750, 23034
2026/05/29 21:45:47.876, 0, 0, 750, 23034
2026/05/29 21:45:52.877, 0, 0, 750, 23034
2026/05/29 21:45:57.879, 0, 0, 750, 23034
2026/05/29 21:46:02.880, 0, 0, 750, 23034
2026/05/29 21:46:07.881, 0, 0, 750, 23034
2026/05/29 21:46:12.883, 0, 0, 750, 23034
2026/05/29 21:46:17.885, 0, 0, 750, 23034
2026/05/29 21:46:22.886, 0, 0, 750, 23034
2026/05/29 21:46:27.888, 0, 0, 750, 23034
2026/05/29 21:46:32.890, 0, 0, 750, 23034
2026/05/29 21:46:37.891, 0, 0, 750, 23034
2026/05/29 21:46:42.893, 0, 0, 750, 23034
2026/05/29 21:46:47.894, 0, 0, 750, 23034
2026/05/29 21:46:52.896, 0, 0, 750, 23034
2026/05/29 21:46:57.896, 0, 0, 750, 23034
2026/05/29 21:47:02.898, 0, 0, 750, 23034
2026/05/29 21:47:07.899, 0, 0, 750, 23034
2026/05/29 21:47:12.900, 0, 0, 750, 23034
2026/05/29 21:47:17.902, 0, 0, 750, 23034
2026/05/29 21:47:22.902, 0, 0, 750, 23034
2026/05/29 21:47:27.904, 0, 0, 750, 23034
2026/05/29 21:47:32.905, 0, 0, 750, 23034
2026/05/29 21:47:37.906, 0, 0, 750, 23034
2026/05/29 21:47:42.908, 0, 0, 750, 23034
2026/05/29 21:47:47.910, 0, 0, 750, 23034
2026/05/29 21:47:52.912, 0, 0, 750, 23034
2026/05/29 21:47:57.914, 0, 0, 750, 23034
2026/05/29 21:48:02.915, 0, 0, 750, 23034
2026/05/29 21:48:07.917, 0, 0, 750, 23034
2026/05/29 21:48:12.918, 0, 0, 750, 23034
2026/05/29 21:48:17.918, 0, 0, 750, 23034
2026/05/29 21:48:22.920, 0, 0, 750, 23034
2026/05/29 21:48:27.922, 0, 0, 750, 23034
2026/05/29 21:48:32.923, 0, 0, 750, 23034
2026/05/29 21:48:37.924, 0, 0, 750, 23034
2026/05/29 21:48:42.926, 0, 0, 750, 23034
2026/05/29 21:48:47.927, 0, 0, 750, 23034
2026/05/29 21:48:52.929, 0, 0, 750, 23034
2026/05/29 21:48:57.931, 0, 0, 750, 23034
2026/05/29 21:49:02.932, 0, 0, 750, 23034
2026/05/29 21:49:07.934, 0, 0, 750, 23034
2026/05/29 21:49:12.935, 0, 0, 750, 23034
2026/05/29 21:49:17.935, 0, 0, 750, 23034
2026/05/29 21:49:22.936, 0, 0, 750, 23034
2026/05/29 21:49:27.937, 0, 0, 750, 23034
2026/05/29 21:49:32.937, 0, 0, 750, 23034
2026/05/29 21:49:37.938, 0, 0, 750, 23034
2026/05/29 21:49:42.939, 0, 0, 750, 23034
2026/05/29 21:49:47.940, 0, 0, 750, 23034
2026/05/29 21:49:52.942, 0, 0, 750, 23034
2026/05/29 21:49:57.944, 0, 0, 750, 23034
2026/05/29 21:50:02.945, 0, 0, 750, 23034
2026/05/29 21:50:07.946, 0, 0, 750, 23034
2026/05/29 21:50:12.948, 0, 0, 750, 23034
2026/05/29 21:50:17.950, 0, 0, 750, 23034
2026/05/29 21:50:22.950, 0, 0, 750, 23034
2026/05/29 21:50:27.952, 0, 0, 750, 23034
2026/05/29 21:50:32.953, 0, 0, 750, 23034
2026/05/29 21:50:37.953, 0, 0, 750, 23034
2026/05/29 21:50:42.955, 0, 0, 750, 23034
2026/05/29 21:50:47.956, 0, 0, 750, 23034
2026/05/29 21:50:52.958, 0, 0, 750, 23034
2026/05/29 21:50:57.959, 0, 0, 750, 23034
2026/05/29 21:51:02.961, 0, 0, 750, 23034
2026/05/29 21:51:07.962, 0, 0, 750, 23034
2026/05/29 21:51:12.962, 0, 0, 750, 23034
2026/05/29 21:51:17.964, 0, 0, 750, 23034
2026/05/29 21:51:22.966, 0, 0, 750, 23034
2026/05/29 21:51:27.967, 0, 0, 750, 23034
2026/05/29 21:51:32.967, 0, 0, 750, 23034
2026/05/29 21:51:37.969, 0, 0, 750, 23034
2026/05/29 21:51:42.971, 0, 0, 750, 23034
2026/05/29 21:51:47.972, 0, 0, 750, 23034
2026/05/29 21:51:52.973, 0, 0, 750, 23034
2026/05/29 21:51:57.974, 0, 0, 750, 23034
2026/05/29 21:52:02.975, 0, 0, 750, 23034
2026/05/29 21:52:07.976, 0, 0, 750, 23034
2026/05/29 21:52:12.978, 0, 0, 750, 23034
2026/05/29 21:52:17.979, 0, 0, 750, 23034
2026/05/29 21:52:22.981, 0, 0, 750, 23034
2026/05/29 21:52:27.983, 0, 0, 750, 23034
2026/05/29 21:52:32.984, 0, 0, 750, 23034
2026/05/29 21:52:37.986, 0, 0, 750, 23034
2026/05/29 21:52:42.987, 0, 0, 750, 23034
2026/05/29 21:52:47.987, 0, 0, 750, 23034
2026/05/29 21:52:52.989, 0, 0, 750, 23034
2026/05/29 21:52:57.991, 0, 0, 750, 23034
2026/05/29 21:53:02.991, 0, 0, 750, 23034
2026/05/29 21:53:07.993, 0, 0, 750, 23034
2026/05/29 21:53:12.994, 0, 0, 750, 23034
2026/05/29 21:53:17.995, 0, 0, 750, 23034
2026/05/29 21:53:22.997, 0, 0, 750, 23034
2026/05/29 21:53:27.999, 0, 0, 750, 23034
2026/05/29 21:53:33.000, 0, 0, 750, 23034
2026/05/29 21:53:38.002, 0, 0, 750, 23034
2026/05/29 21:53:43.004, 0, 0, 750, 23034
2026/05/29 21:53:48.004, 0, 0, 750, 23034
2026/05/29 21:53:53.006, 0, 0, 750, 23034
2026/05/29 21:53:58.008, 0, 0, 750, 23034
2026/05/29 21:54:03.010, 0, 0, 750, 23034
2026/05/29 21:54:08.010, 0, 0, 750, 23034
2026/05/29 21:54:13.012, 0, 0, 750, 23034
2026/05/29 21:54:18.014, 0, 0, 750, 23034
2026/05/29 21:54:23.014, 0, 0, 750, 23034
2026/05/29 21:54:28.016, 0, 0, 750, 23034
2026/05/29 21:54:33.017, 0, 0, 750, 23034
2026/05/29 21:54:38.018, 0, 0, 750, 23034
2026/05/29 21:54:43.019, 0, 0, 750, 23034
2026/05/29 21:54:48.021, 0, 0, 750, 23034
2026/05/29 21:54:53.022, 0, 0, 750, 23034
2026/05/29 21:54:58.024, 0, 0, 750, 23034
2026/05/29 21:55:03.026, 0, 0, 750, 23034
2026/05/29 21:55:08.028, 0, 0, 750, 23034
2026/05/29 21:55:13.029, 0, 0, 750, 23034
2026/05/29 21:55:18.031, 0, 0, 750, 23034
2026/05/29 21:55:23.033, 0, 0, 750, 23034
2026/05/29 21:55:28.035, 0, 0, 750, 23034
2026/05/29 21:55:33.036, 0, 0, 750, 23034
2026/05/29 21:55:38.038, 0, 0, 750, 23034
2026/05/29 21:55:43.040, 0, 0, 750, 23034
2026/05/29 21:55:48.041, 0, 0, 750, 23034
2026/05/29 21:55:53.043, 0, 0, 750, 23034
2026/05/29 21:55:58.045, 0, 0, 750, 23034
2026/05/29 21:56:03.046, 0, 0, 750, 23034
2026/05/29 21:56:08.048, 0, 0, 750, 23034
2026/05/29 21:56:13.050, 0, 0, 750, 23034
2026/05/29 21:56:18.051, 0, 0, 750, 23034
2026/05/29 21:56:23.052, 0, 0, 750, 23034
2026/05/29 21:56:28.054, 0, 0, 750, 23034
2026/05/29 21:56:33.056, 0, 0, 750, 23034
2026/05/29 21:56:38.056, 0, 0, 750, 23034
2026/05/29 21:56:43.058, 0, 0, 750, 23034
2026/05/29 21:56:48.060, 0, 0, 750, 23034
2026/05/29 21:56:53.062, 0, 0, 750, 23034
2026/05/29 21:56:58.063, 0, 0, 750, 23034
2026/05/29 21:57:03.065, 0, 0, 750, 23034
2026/05/29 21:57:08.067, 0, 0, 750, 23034
2026/05/29 21:57:13.068, 0, 0, 750, 23034
2026/05/29 21:57:18.070, 0, 0, 750, 23034
2026/05/29 21:57:23.072, 0, 0, 750, 23034
2026/05/29 21:57:28.073, 0, 0, 750, 23034
2026/05/29 21:57:33.074, 0, 0, 750, 23034
2026/05/29 21:57:38.075, 0, 0, 750, 23034
2026/05/29 21:57:43.075, 0, 0, 750, 23034
2026/05/29 21:57:48.076, 0, 0, 750, 23034
2026/05/29 21:57:53.077, 0, 0, 750, 23034
2026/05/29 21:57:58.077, 0, 0, 750, 23034
2026/05/29 21:58:03.079, 0, 0, 750, 23034
2026/05/29 21:58:08.081, 0, 0, 750, 23034
2026/05/29 21:58:13.083, 0, 0, 750, 23034
2026/05/29 21:58:18.083, 0, 0, 750, 23034
2026/05/29 21:58:23.085, 0, 0, 750, 23034
2026/05/29 21:58:28.086, 0, 0, 750, 23034
2026/05/29 21:58:33.088, 0, 0, 750, 23034
2026/05/29 21:58:38.089, 0, 0, 750, 23034
2026/05/29 21:58:43.091, 0, 0, 750, 23034
2026/05/29 21:58:48.092, 0, 0, 750, 23034
2026/05/29 21:58:53.094, 0, 0, 750, 23034
2026/05/29 21:58:58.095, 0, 0, 750, 23034
2026/05/29 21:59:03.097, 0, 0, 750, 23034
2026/05/29 21:59:08.100, 0, 0, 750, 23034
2026/05/29 21:59:13.101, 0, 0, 750, 23034
2026/05/29 21:59:18.103, 0, 0, 750, 23034
2026/05/29 21:59:23.104, 0, 0, 750, 23034
2026/05/29 21:59:28.105, 0, 0, 750, 23034
2026/05/29 21:59:33.107, 0, 0, 750, 23034
2026/05/29 21:59:38.107, 0, 0, 750, 23034
2026/05/29 21:59:43.109, 0, 0, 750, 23034
2026/05/29 21:59:48.110, 0, 0, 750, 23034
2026/05/29 21:59:53.112, 0, 0, 750, 23034
2026/05/29 21:59:58.113, 0, 0, 750, 23034
2026/05/29 22:00:03.114, 0, 0, 750, 23034
2026/05/29 22:00:08.116, 0, 0, 750, 23034
2026/05/29 22:00:13.118, 0, 0, 750, 23034
2026/05/29 22:00:18.119, 0, 0, 750, 23034
2026/05/29 22:00:23.121, 0, 0, 750, 23034
2026/05/29 22:00:28.123, 0, 0, 750, 23034
2026/05/29 22:00:33.124, 0, 0, 750, 23034
2026/05/29 22:00:38.125, 0, 0, 750, 23034
2026/05/29 22:00:43.126, 0, 0, 750, 23034
2026/05/29 22:00:48.127, 0, 0, 750, 23034
2026/05/29 22:00:53.129, 0, 0, 750, 23034
2026/05/29 22:00:58.131, 0, 0, 750, 23034
2026/05/29 22:01:03.132, 0, 0, 750, 23034
2026/05/29 22:01:08.133, 0, 0, 750, 23034
2026/05/29 22:01:13.135, 0, 0, 750, 23034
2026/05/29 22:01:18.135, 0, 0, 750, 23034
2026/05/29 22:01:23.136, 0, 0, 750, 23034
2026/05/29 22:01:28.138, 0, 0, 750, 23034
2026/05/29 22:01:33.140, 0, 0, 750, 23034
2026/05/29 22:01:38.141, 0, 0, 750, 23034
2026/05/29 22:01:43.143, 0, 0, 750, 23034
2026/05/29 22:01:48.144, 0, 0, 750, 23034
2026/05/29 22:01:53.146, 0, 0, 750, 23034
2026/05/29 22:01:58.148, 0, 0, 750, 23034
2026/05/29 22:02:03.148, 0, 0, 750, 23034
2026/05/29 22:02:08.149, 0, 0, 750, 23034
2026/05/29 22:02:13.151, 0, 0, 750, 23034
2026/05/29 22:02:18.153, 0, 0, 750, 23034
2026/05/29 22:02:23.153, 0, 0, 750, 23034
2026/05/29 22:02:28.154, 0, 0, 750, 23034
2026/05/29 22:02:33.156, 0, 0, 750, 23034
2026/05/29 22:02:38.157, 0, 0, 750, 23034
2026/05/29 22:02:43.159, 0, 0, 750, 23034
2026/05/29 22:02:48.161, 0, 0, 750, 23034
2026/05/29 22:02:53.162, 0, 0, 750, 23034
2026/05/29 22:02:58.163, 0, 0, 750, 23034
2026/05/29 22:03:03.165, 0, 0, 750, 23034
2026/05/29 22:03:08.165, 0, 0, 750, 23034
2026/05/29 22:03:13.167, 0, 0, 750, 23034
2026/05/29 22:03:18.168, 0, 0, 750, 23034
2026/05/29 22:03:23.169, 0, 0, 750, 23034
2026/05/29 22:03:28.170, 0, 0, 750, 23034
2026/05/29 22:03:33.171, 0, 0, 750, 23034
2026/05/29 22:03:38.173, 0, 0, 750, 23034
2026/05/29 22:03:43.175, 0, 0, 750, 23034
2026/05/29 22:03:48.175, 0, 0, 750, 23034
2026/05/29 22:03:53.177, 0, 0, 750, 23034
2026/05/29 22:03:58.179, 0, 0, 750, 23034
2026/05/29 22:04:03.180, 0, 0, 750, 23034
2026/05/29 22:04:08.182, 0, 0, 750, 23034
2026/05/29 22:04:13.184, 0, 0, 750, 23034
2026/05/29 22:04:18.185, 0, 0, 750, 23034
2026/05/29 22:04:23.186, 0, 0, 750, 23034
2026/05/29 22:04:28.188, 0, 0, 750, 23034
2026/05/29 22:04:33.189, 0, 0, 750, 23034
2026/05/29 22:04:38.191, 0, 0, 750, 23034
2026/05/29 22:04:43.193, 0, 0, 750, 23034
2026/05/29 22:04:48.194, 0, 0, 750, 23034
2026/05/29 22:04:53.196, 0, 0, 750, 23034
2026/05/29 22:04:58.198, 0, 0, 750, 23034
2026/05/29 22:05:03.198, 0, 0, 750, 23034
2026/05/29 22:05:08.199, 0, 0, 750, 23034
2026/05/29 22:05:13.200, 0, 0, 750, 23034
2026/05/29 22:05:18.200, 0, 0, 750, 23034
2026/05/29 22:05:23.202, 0, 0, 750, 23034
2026/05/29 22:05:28.204, 0, 0, 750, 23034
2026/05/29 22:05:33.204, 0, 0, 750, 23034
2026/05/29 22:05:38.206, 0, 0, 750, 23034
2026/05/29 22:05:43.207, 0, 0, 750, 23034
2026/05/29 22:05:48.207, 0, 0, 750, 23034
2026/05/29 22:05:53.208, 0, 0, 750, 23034
2026/05/29 22:05:58.209, 0, 0, 750, 23034
2026/05/29 22:06:03.209, 0, 0, 750, 23034
2026/05/29 22:06:08.210, 0, 0, 750, 23034
2026/05/29 22:06:13.212, 0, 0, 750, 23034
2026/05/29 22:06:18.213, 0, 0, 750, 23034
2026/05/29 22:06:23.215, 0, 0, 750, 23034
2026/05/29 22:06:28.217, 0, 0, 750, 23034
2026/05/29 22:06:33.218, 0, 0, 750, 23034
2026/05/29 22:06:38.220, 0, 0, 750, 23034
2026/05/29 22:06:43.222, 0, 0, 750, 23034
2026/05/29 22:06:48.223, 0, 0, 750, 23034
2026/05/29 22:06:53.225, 0, 0, 750, 23034
2026/05/29 22:06:58.226, 0, 0, 750, 23034
2026/05/29 22:07:03.226, 0, 0, 750, 23034
2026/05/29 22:07:08.227, 0, 0, 750, 23034
2026/05/29 22:07:13.229, 0, 0, 750, 23034
2026/05/29 22:07:18.229, 0, 0, 750, 23034
2026/05/29 22:07:23.231, 0, 0, 750, 23034
2026/05/29 22:07:28.233, 0, 0, 750, 23034
2026/05/29 22:07:33.233, 0, 0, 750, 23034
2026/05/29 22:07:38.235, 0, 0, 750, 23034
2026/05/29 22:07:43.237, 0, 0, 750, 23034
2026/05/29 22:07:48.238, 0, 0, 750, 23034
2026/05/29 22:07:53.239, 0, 0, 750, 23034
2026/05/29 22:07:58.241, 0, 0, 750, 23034
2026/05/29 22:08:03.241, 0, 0, 750, 23034
2026/05/29 22:08:08.243, 0, 0, 750, 23034
2026/05/29 22:08:13.244, 0, 0, 750, 23034
2026/05/29 22:08:18.245, 0, 0, 750, 23034
2026/05/29 22:08:23.247, 0, 0, 750, 23034
2026/05/29 22:08:28.247, 0, 0, 750, 23034
2026/05/29 22:08:33.249, 0, 0, 750, 23034
2026/05/29 22:08:38.251, 0, 0, 750, 23034
2026/05/29 22:08:43.253, 0, 0, 750, 23034
2026/05/29 22:08:48.253, 0, 0, 750, 23034
2026/05/29 22:08:53.255, 0, 0, 750, 23034
2026/05/29 22:08:58.256, 0, 0, 750, 23034
2026/05/29 22:09:03.258, 0, 0, 750, 23034
2026/05/29 22:09:08.260, 0, 0, 750, 23034
2026/05/29 22:09:13.261, 0, 0, 750, 23034
2026/05/29 22:09:18.263, 0, 0, 750, 23034
2026/05/29 22:09:23.265, 0, 0, 750, 23034
2026/05/29 22:09:28.265, 0, 0, 750, 23034
2026/05/29 22:09:33.267, 0, 0, 750, 23034
2026/05/29 22:09:38.269, 0, 0, 750, 23034
2026/05/29 22:09:43.270, 0, 0, 750, 23034
2026/05/29 22:09:48.271, 0, 0, 750, 23034
2026/05/29 22:09:53.273, 0, 0, 750, 23034
2026/05/29 22:09:58.274, 0, 0, 750, 23034
2026/05/29 22:10:03.276, 0, 0, 750, 23034
2026/05/29 22:10:08.278, 0, 0, 750, 23034
2026/05/29 22:10:13.280, 0, 0, 750, 23034
2026/05/29 22:10:18.281, 0, 0, 750, 23034
2026/05/29 22:10:23.283, 0, 0, 750, 23034
2026/05/29 22:10:28.284, 0, 0, 750, 23034
2026/05/29 22:10:33.285, 0, 0, 750, 23034
2026/05/29 22:10:38.287, 0, 0, 750, 23034
2026/05/29 22:10:43.289, 0, 0, 750, 23034
2026/05/29 22:10:48.290, 0, 0, 750, 23034
2026/05/29 22:10:53.292, 0, 0, 750, 23034
2026/05/29 22:10:58.294, 0, 0, 750, 23034
2026/05/29 22:11:03.294, 0, 0, 750, 23034
2026/05/29 22:11:08.295, 0, 0, 750, 23034
2026/05/29 22:11:13.297, 0, 0, 750, 23034
2026/05/29 22:11:18.297, 0, 0, 750, 23034
2026/05/29 22:11:23.299, 0, 0, 750, 23034
2026/05/29 22:11:28.300, 0, 0, 750, 23034
2026/05/29 22:11:33.301, 0, 0, 750, 23034
2026/05/29 22:11:38.302, 0, 0, 750, 23034
2026/05/29 22:11:43.304, 0, 0, 750, 23034
2026/05/29 22:11:48.306, 0, 0, 750, 23034
2026/05/29 22:11:53.306, 0, 0, 750, 23034
2026/05/29 22:11:58.308, 0, 0, 750, 23034
2026/05/29 22:12:03.309, 0, 0, 750, 23034
2026/05/29 22:12:08.310, 0, 0, 750, 23034
2026/05/29 22:12:13.312, 0, 0, 750, 23034
2026/05/29 22:12:18.313, 0, 0, 750, 23034
2026/05/29 22:12:23.315, 0, 0, 750, 23034
2026/05/29 22:12:28.316, 0, 0, 750, 23034
2026/05/29 22:12:33.318, 0, 0, 750, 23034
2026/05/29 22:12:38.320, 0, 0, 750, 23034
2026/05/29 22:12:43.321, 0, 0, 750, 23034
2026/05/29 22:12:48.322, 0, 0, 750, 23034
2026/05/29 22:12:53.324, 0, 0, 750, 23034
2026/05/29 22:12:58.326, 0, 0, 750, 23034
2026/05/29 22:13:03.327, 0, 0, 750, 23034
2026/05/29 22:13:08.329, 0, 0, 750, 23034
2026/05/29 22:13:13.331, 0, 0, 750, 23034
2026/05/29 22:13:18.331, 0, 0, 750, 23034
2026/05/29 22:13:23.333, 0, 0, 750, 23034
2026/05/29 22:13:28.335, 0, 0, 750, 23034
2026/05/29 22:13:33.335, 0, 0, 750, 23034
2026/05/29 22:13:38.337, 0, 0, 750, 23034
2026/05/29 22:13:43.339, 0, 0, 750, 23034
2026/05/29 22:13:48.340, 0, 0, 750, 23034
2026/05/29 22:13:53.340, 0, 0, 750, 23034
2026/05/29 22:13:58.341, 0, 0, 750, 23034
2026/05/29 22:14:03.342, 0, 0, 750, 23034
2026/05/29 22:14:08.344, 0, 0, 750, 23034
2026/05/29 22:14:13.346, 0, 0, 750, 23034
2026/05/29 22:14:18.346, 0, 0, 750, 23034
2026/05/29 22:14:23.348, 0, 0, 750, 23034
2026/05/29 22:14:28.350, 0, 0, 750, 23034
2026/05/29 22:14:33.351, 0, 0, 750, 23034
2026/05/29 22:14:38.353, 0, 0, 750, 23034
2026/05/29 22:14:43.354, 0, 0, 750, 23034
2026/05/29 22:14:48.355, 0, 0, 750, 23034
2026/05/29 22:14:53.357, 0, 0, 750, 23034
2026/05/29 22:14:58.359, 0, 0, 750, 23034
2026/05/29 22:15:03.360, 0, 0, 750, 23034
2026/05/29 22:15:08.362, 0, 0, 750, 23034
2026/05/29 22:15:13.364, 0, 0, 750, 23034
2026/05/29 22:15:18.365, 0, 0, 750, 23034
2026/05/29 22:15:23.367, 0, 0, 750, 23034
2026/05/29 22:15:28.369, 0, 0, 750, 23034
2026/05/29 22:15:33.370, 0, 0, 750, 23034
2026/05/29 22:15:38.372, 0, 0, 750, 23034
2026/05/29 22:15:43.373, 0, 0, 750, 23034
2026/05/29 22:15:48.374, 0, 0, 750, 23034
2026/05/29 22:15:53.375, 0, 0, 750, 23034
2026/05/29 22:15:58.377, 0, 0, 750, 23034
2026/05/29 22:16:03.379, 0, 0, 750, 23034
2026/05/29 22:16:08.380, 0, 0, 750, 23034
2026/05/29 22:16:13.382, 0, 0, 750, 23034
2026/05/29 22:16:18.383, 0, 0, 750, 23034
2026/05/29 22:16:23.385, 0, 0, 750, 23034
2026/05/29 22:16:28.385, 0, 0, 750, 23034
2026/05/29 22:16:33.387, 0, 0, 750, 23034
2026/05/29 22:16:38.389, 0, 0, 750, 23034
2026/05/29 22:16:43.389, 0, 0, 750, 23034
2026/05/29 22:16:48.391, 0, 0, 750, 23034
2026/05/29 22:16:53.393, 0, 0, 750, 23034
2026/05/29 22:16:58.394, 0, 0, 750, 23034
2026/05/29 22:17:03.396, 0, 0, 750, 23034
2026/05/29 22:17:08.398, 0, 0, 750, 23034
2026/05/29 22:17:13.399, 0, 0, 750, 23034
2026/05/29 22:17:18.401, 0, 0, 750, 23034
2026/05/29 22:17:23.402, 0, 0, 750, 23034
2026/05/29 22:17:28.403, 0, 0, 750, 23034
2026/05/29 22:17:33.405, 0, 0, 750, 23034
2026/05/29 22:17:38.407, 0, 0, 750, 23034
2026/05/29 22:17:43.409, 0, 0, 750, 23034
2026/05/29 22:17:48.410, 0, 0, 750, 23034
2026/05/29 22:17:53.412, 0, 0, 750, 23034
2026/05/29 22:17:58.414, 0, 0, 750, 23034
2026/05/29 22:18:03.415, 0, 0, 750, 23034
2026/05/29 22:18:08.416, 0, 0, 750, 23034
2026/05/29 22:18:13.418, 0, 0, 750, 23034
2026/05/29 22:18:18.420, 0, 0, 750, 23034
2026/05/29 22:18:23.421, 0, 0, 750, 23034
2026/05/29 22:18:28.423, 0, 0, 750, 23034
2026/05/29 22:18:33.425, 0, 0, 750, 23034
2026/05/29 22:18:38.426, 0, 0, 750, 23034
2026/05/29 22:18:43.426, 0, 0, 750, 23034
2026/05/29 22:18:48.427, 0, 0, 750, 23034
2026/05/29 22:18:53.428, 0, 0, 750, 23034
2026/05/29 22:18:58.428, 0, 0, 750, 23034
2026/05/29 22:19:03.430, 0, 0, 750, 23034
2026/05/29 22:19:08.432, 0, 0, 750, 23034
2026/05/29 22:19:13.432, 0, 0, 750, 23034
2026/05/29 22:19:18.434, 0, 0, 750, 23034
2026/05/29 22:19:23.436, 0, 0, 750, 23034
2026/05/29 22:19:28.437, 0, 0, 750, 23034
2026/05/29 22:19:33.439, 0, 0, 750, 23034
2026/05/29 22:19:38.440, 0, 0, 750, 23034
2026/05/29 22:19:43.442, 0, 0, 750, 23034
2026/05/29 22:19:48.443, 0, 0, 750, 23034
2026/05/29 22:19:53.445, 0, 0, 750, 23034
2026/05/29 22:19:58.447, 0, 0, 750, 23034
2026/05/29 22:20:03.448, 0, 0, 750, 23034
2026/05/29 22:20:08.450, 0, 0, 750, 23034
2026/05/29 22:20:13.452, 0, 0, 750, 23034
2026/05/29 22:20:18.454, 0, 0, 750, 23034
2026/05/29 22:20:23.455, 0, 0, 750, 23034
2026/05/29 22:20:28.457, 0, 0, 750, 23034
2026/05/29 22:20:33.459, 0, 0, 750, 23034
2026/05/29 22:20:38.460, 0, 0, 750, 23034
2026/05/29 22:20:43.462, 0, 0, 750, 23034
2026/05/29 22:20:48.463, 0, 0, 750, 23034
2026/05/29 22:20:53.464, 0, 0, 750, 23034
2026/05/29 22:20:58.465, 0, 0, 750, 23034
2026/05/29 22:21:03.467, 0, 0, 750, 23034
2026/05/29 22:21:08.469, 0, 0, 750, 23034
2026/05/29 22:21:13.470, 0, 0, 750, 23034
2026/05/29 22:21:18.471, 0, 0, 750, 23034
2026/05/29 22:21:23.473, 0, 0, 750, 23034
2026/05/29 22:21:28.473, 0, 0, 750, 23034
2026/05/29 22:21:33.474, 0, 0, 750, 23034
2026/05/29 22:21:38.476, 0, 0, 750, 23034
2026/05/29 22:21:43.477, 0, 0, 750, 23034
2026/05/29 22:21:48.479, 0, 0, 750, 23034
2026/05/29 22:21:53.481, 0, 0, 750, 23034
2026/05/29 22:21:58.481, 0, 0, 750, 23034
2026/05/29 22:22:03.482, 0, 0, 750, 23034
2026/05/29 22:22:08.483, 0, 0, 750, 23034
2026/05/29 22:22:13.483, 0, 0, 750, 23034
2026/05/29 22:22:18.484, 0, 0, 750, 23034
2026/05/29 22:22:23.485, 0, 0, 750, 23034
2026/05/29 22:22:28.486, 0, 0, 750, 23034
2026/05/29 22:22:33.487, 0, 0, 750, 23034
2026/05/29 22:22:38.489, 0, 0, 750, 23034
2026/05/29 22:22:43.491, 0, 0, 750, 23034
2026/05/29 22:22:48.492, 0, 0, 750, 23034
2026/05/29 22:22:53.494, 0, 0, 750, 23034
2026/05/29 22:22:58.496, 0, 0, 750, 23034
2026/05/29 22:23:03.498, 0, 0, 750, 23034
2026/05/29 22:23:08.499, 0, 0, 750, 23034
2026/05/29 22:23:13.501, 0, 0, 750, 23034
2026/05/29 22:23:18.503, 0, 0, 750, 23034
2026/05/29 22:23:23.503, 0, 0, 750, 23034
2026/05/29 22:23:28.505, 0, 0, 750, 23034
2026/05/29 22:23:33.507, 0, 0, 750, 23034
2026/05/29 22:23:38.508, 0, 0, 750, 23034
2026/05/29 22:23:43.510, 0, 0, 750, 23034
2026/05/29 22:23:48.511, 0, 0, 750, 23034
2026/05/29 22:23:53.511, 0, 0, 750, 23034
2026/05/29 22:23:58.513, 0, 0, 750, 23034
2026/05/29 22:24:03.515, 0, 0, 750, 23034
2026/05/29 22:24:08.516, 0, 0, 750, 23034
2026/05/29 22:24:13.517, 0, 0, 750, 23034
2026/05/29 22:24:18.519, 0, 0, 750, 23034
2026/05/29 22:24:23.520, 0, 0, 750, 23034
2026/05/29 22:24:28.522, 0, 0, 750, 23034
2026/05/29 22:24:33.524, 0, 0, 750, 23034
2026/05/29 22:24:38.525, 0, 0, 750, 23034
2026/05/29 22:24:43.527, 0, 0, 750, 23034
2026/05/29 22:24:48.528, 0, 0, 750, 23034
2026/05/29 22:24:53.530, 0, 0, 750, 23034
2026/05/29 22:24:58.531, 0, 0, 750, 23034
2026/05/29 22:25:03.533, 0, 0, 750, 23034
2026/05/29 22:25:08.535, 0, 0, 750, 23034
2026/05/29 22:25:13.537, 0, 0, 750, 23034
2026/05/29 22:25:18.538, 0, 0, 750, 23034
2026/05/29 22:25:23.540, 0, 0, 750, 23034
2026/05/29 22:25:28.542, 0, 0, 750, 23034
2026/05/29 22:25:33.543, 0, 0, 750, 23034
2026/05/29 22:25:38.545, 0, 0, 750, 23034
2026/05/29 22:25:43.547, 0, 0, 750, 23034
2026/05/29 22:25:48.549, 0, 0, 750, 23034
2026/05/29 22:25:53.550, 0, 0, 750, 23034
2026/05/29 22:25:58.552, 0, 0, 750, 23034
2026/05/29 22:26:03.554, 0, 0, 750, 23034
2026/05/29 22:26:08.555, 0, 0, 750, 23034
2026/05/29 22:26:13.557, 0, 0, 750, 23034
2026/05/29 22:26:18.559, 0, 0, 750, 23034
2026/05/29 22:26:23.560, 0, 0, 750, 23034
2026/05/29 22:26:28.562, 0, 0, 750, 23034
2026/05/29 22:26:33.564, 0, 0, 750, 23034
2026/05/29 22:26:38.566, 0, 0, 750, 23034
2026/05/29 22:26:43.566, 0, 0, 750, 23034
2026/05/29 22:26:48.568, 0, 0, 750, 23034
2026/05/29 22:26:53.570, 0, 0, 750, 23034
2026/05/29 22:26:58.572, 0, 0, 750, 23034
2026/05/29 22:27:03.573, 0, 0, 750, 23034
2026/05/29 22:27:08.575, 0, 0, 750, 23034
2026/05/29 22:27:13.577, 0, 0, 750, 23034
2026/05/29 22:27:18.577, 0, 0, 750, 23034
2026/05/29 22:27:23.578, 0, 0, 750, 23034
2026/05/29 22:27:28.580, 0, 0, 750, 23034
2026/05/29 22:27:33.581, 0, 0, 750, 23034
2026/05/29 22:27:38.582, 0, 0, 750, 23034
2026/05/29 22:27:43.583, 0, 0, 750, 23034
2026/05/29 22:27:48.584, 0, 0, 750, 23034
2026/05/29 22:27:53.586, 0, 0, 750, 23034
2026/05/29 22:27:58.588, 0, 0, 750, 23034
2026/05/29 22:28:03.589, 0, 0, 750, 23034
2026/05/29 22:28:08.591, 0, 0, 750, 23034
2026/05/29 22:28:13.593, 0, 0, 750, 23034
2026/05/29 22:28:18.594, 0, 0, 750, 23034
2026/05/29 22:28:23.596, 0, 0, 750, 23034
2026/05/29 22:28:28.597, 0, 0, 750, 23034
2026/05/29 22:28:33.598, 0, 0, 750, 23034
2026/05/29 22:28:38.599, 0, 0, 750, 23034
2026/05/29 22:28:43.601, 0, 0, 750, 23034
2026/05/29 22:28:48.602, 0, 0, 750, 23034
2026/05/29 22:28:53.603, 0, 0, 750, 23034
2026/05/29 22:28:58.604, 0, 0, 750, 23034
2026/05/29 22:29:03.605, 0, 0, 750, 23034
2026/05/29 22:29:08.607, 0, 0, 750, 23034
2026/05/29 22:29:13.609, 0, 0, 750, 23034
2026/05/29 22:29:18.610, 0, 0, 750, 23034
2026/05/29 22:29:23.612, 0, 0, 750, 23034
2026/05/29 22:29:28.614, 0, 0, 750, 23034
2026/05/29 22:29:33.615, 0, 0, 750, 23034
2026/05/29 22:29:38.617, 0, 0, 750, 23034
2026/05/29 22:29:43.618, 0, 0, 750, 23034
2026/05/29 22:29:48.619, 0, 0, 750, 23034
2026/05/29 22:29:53.620, 0, 0, 750, 23034
2026/05/29 22:29:58.622, 0, 0, 750, 23034
2026/05/29 22:30:03.622, 0, 0, 750, 23034
2026/05/29 22:30:08.623, 0, 0, 750, 23034
2026/05/29 22:30:13.623, 0, 0, 750, 23034
2026/05/29 22:30:18.624, 0, 0, 750, 23034
2026/05/29 22:30:23.625, 0, 0, 750, 23034
2026/05/29 22:30:28.626, 0, 0, 750, 23034
2026/05/29 22:30:33.627, 0, 0, 750, 23034
2026/05/29 22:30:38.629, 0, 0, 750, 23034
2026/05/29 22:30:43.631, 0, 0, 750, 23034
2026/05/29 22:30:48.633, 0, 0, 750, 23034
2026/05/29 22:30:53.634, 0, 0, 750, 23034
2026/05/29 22:30:58.636, 0, 0, 750, 23034
2026/05/29 22:31:03.638, 0, 0, 750, 23034
2026/05/29 22:31:08.639, 0, 0, 750, 23034
2026/05/29 22:31:13.641, 0, 0, 750, 23034
2026/05/29 22:31:18.643, 0, 0, 750, 23034
2026/05/29 22:31:23.643, 0, 0, 750, 23034
2026/05/29 22:31:28.645, 0, 0, 750, 23034
2026/05/29 22:31:33.647, 0, 0, 750, 23034
2026/05/29 22:31:38.649, 0, 0, 750, 23034
2026/05/29 22:31:43.649, 0, 0, 750, 23034
2026/05/29 22:31:48.651, 0, 0, 750, 23034
2026/05/29 22:31:53.653, 0, 0, 750, 23034
2026/05/29 22:31:58.654, 0, 0, 750, 23034
2026/05/29 22:32:03.656, 0, 0, 750, 23034
2026/05/29 22:32:08.658, 0, 0, 750, 23034
2026/05/29 22:32:13.660, 0, 0, 750, 23034
2026/05/29 22:32:18.662, 0, 0, 750, 23034
2026/05/29 22:32:23.663, 0, 0, 750, 23034
2026/05/29 22:32:28.665, 0, 0, 750, 23034
2026/05/29 22:32:33.667, 0, 0, 750, 23034
2026/05/29 22:32:38.668, 0, 0, 750, 23034
2026/05/29 22:32:43.670, 0, 0, 750, 23034
2026/05/29 22:32:48.671, 0, 0, 750, 23034
2026/05/29 22:32:53.672, 0, 0, 750, 23034
2026/05/29 22:32:58.674, 0, 0, 750, 23034
2026/05/29 22:33:03.676, 0, 0, 750, 23034
2026/05/29 22:33:08.678, 0, 0, 750, 23034
2026/05/29 22:33:13.679, 0, 0, 750, 23034
2026/05/29 22:33:18.680, 0, 0, 750, 23034
2026/05/29 22:33:23.682, 0, 0, 750, 23034
2026/05/29 22:33:28.683, 0, 0, 750, 23034
2026/05/29 22:33:33.685, 0, 0, 750, 23034
2026/05/29 22:33:38.687, 0, 0, 750, 23034
2026/05/29 22:33:43.688, 0, 0, 750, 23034
2026/05/29 22:33:48.690, 0, 0, 750, 23034
2026/05/29 22:33:53.692, 0, 0, 750, 23034
2026/05/29 22:33:58.694, 0, 0, 750, 23034
2026/05/29 22:34:03.695, 0, 0, 750, 23034
2026/05/29 22:34:08.697, 0, 0, 750, 23034
2026/05/29 22:34:13.699, 0, 0, 750, 23034
2026/05/29 22:34:18.700, 0, 0, 750, 23034
2026/05/29 22:34:23.702, 0, 0, 750, 23034
2026/05/29 22:34:28.704, 0, 0, 750, 23034
2026/05/29 22:34:33.706, 0, 0, 750, 23034
2026/05/29 22:34:38.706, 0, 0, 750, 23034
2026/05/29 22:34:43.707, 0, 0, 750, 23034
2026/05/29 22:34:48.708, 0, 0, 750, 23034
2026/05/29 22:34:53.710, 0, 0, 750, 23034
2026/05/29 22:34:58.712, 0, 0, 750, 23034
2026/05/29 22:35:03.714, 0, 0, 750, 23034
2026/05/29 22:35:08.715, 0, 0, 750, 23034
2026/05/29 22:35:13.717, 0, 0, 750, 23034
2026/05/29 22:35:18.719, 0, 0, 750, 23034
2026/05/29 22:35:23.720, 0, 0, 750, 23034
2026/05/29 22:35:28.721, 0, 0, 750, 23034
2026/05/29 22:35:33.722, 0, 0, 750, 23034
2026/05/29 22:35:38.723, 0, 0, 750, 23034
2026/05/29 22:35:43.725, 0, 0, 750, 23034
2026/05/29 22:35:48.727, 0, 0, 750, 23034
2026/05/29 22:35:53.727, 0, 0, 750, 23034
2026/05/29 22:35:58.729, 0, 0, 750, 23034
2026/05/29 22:36:03.731, 0, 0, 750, 23034
2026/05/29 22:36:08.732, 0, 0, 750, 23034
2026/05/29 22:36:13.733, 0, 0, 750, 23034
2026/05/29 22:36:18.735, 0, 0, 750, 23034
2026/05/29 22:36:23.737, 0, 0, 750, 23034
2026/05/29 22:36:28.738, 0, 0, 750, 23034
2026/05/29 22:36:33.740, 0, 0, 750, 23034
2026/05/29 22:36:38.742, 0, 0, 750, 23034
2026/05/29 22:36:43.743, 0, 0, 750, 23034
2026/05/29 22:36:48.745, 0, 0, 750, 23034
2026/05/29 22:36:53.747, 0, 0, 750, 23034
2026/05/29 22:36:58.748, 0, 0, 750, 23034
2026/05/29 22:37:03.750, 0, 0, 750, 23034
2026/05/29 22:37:08.751, 0, 0, 750, 23034
2026/05/29 22:37:13.753, 0, 0, 750, 23034
2026/05/29 22:37:18.755, 0, 0, 750, 23034
2026/05/29 22:37:23.756, 0, 0, 750, 23034
2026/05/29 22:37:28.758, 0, 0, 750, 23034
2026/05/29 22:37:33.760, 0, 0, 750, 23034
2026/05/29 22:37:38.761, 0, 0, 750, 23034
2026/05/29 22:37:43.763, 0, 0, 750, 23034
2026/05/29 22:37:48.765, 0, 0, 750, 23034
2026/05/29 22:37:53.767, 0, 0, 750, 23034
2026/05/29 22:37:58.767, 0, 0, 750, 23034
2026/05/29 22:38:03.768, 0, 0, 750, 23034
2026/05/29 22:38:08.770, 0, 0, 750, 23034
2026/05/29 22:38:13.770, 0, 0, 750, 23034
2026/05/29 22:38:18.771, 0, 0, 750, 23034
2026/05/29 22:38:23.772, 0, 0, 750, 23034
2026/05/29 22:38:28.772, 0, 0, 750, 23034
2026/05/29 22:38:33.773, 0, 0, 750, 23034
2026/05/29 22:38:38.774, 0, 0, 750, 23034
2026/05/29 22:38:43.774, 0, 0, 750, 23034
2026/05/29 22:38:48.776, 0, 0, 750, 23034
2026/05/29 22:38:53.777, 0, 0, 750, 23034
2026/05/29 22:38:58.779, 0, 0, 750, 23034
2026/05/29 22:39:03.781, 0, 0, 750, 23034
2026/05/29 22:39:08.782, 0, 0, 750, 23034
2026/05/29 22:39:13.784, 0, 0, 750, 23034
2026/05/29 22:39:18.786, 0, 0, 750, 23034
2026/05/29 22:39:23.786, 0, 0, 750, 23034
2026/05/29 22:39:28.788, 0, 0, 750, 23034
2026/05/29 22:39:33.789, 0, 0, 750, 23034
2026/05/29 22:39:38.791, 0, 0, 750, 23034
2026/05/29 22:39:43.793, 0, 0, 750, 23034
2026/05/29 22:39:48.795, 0, 0, 750, 23034
2026/05/29 22:39:53.796, 0, 0, 750, 23034
2026/05/29 22:39:58.798, 0, 0, 750, 23034
2026/05/29 22:40:03.800, 0, 0, 750, 23034
2026/05/29 22:40:08.801, 0, 0, 750, 23034
2026/05/29 22:40:13.802, 0, 0, 750, 23034
2026/05/29 22:40:18.804, 0, 0, 750, 23034
2026/05/29 22:40:23.806, 0, 0, 750, 23034
2026/05/29 22:40:28.806, 0, 0, 750, 23034
2026/05/29 22:40:33.808, 0, 0, 750, 23034
2026/05/29 22:40:38.810, 0, 0, 750, 23034
2026/05/29 22:40:43.811, 0, 0, 750, 23034
2026/05/29 22:40:48.812, 0, 0, 750, 23034
2026/05/29 22:40:53.814, 0, 0, 750, 23034
2026/05/29 22:40:58.814, 0, 0, 750, 23034
2026/05/29 22:41:03.816, 0, 0, 750, 23034
2026/05/29 22:41:08.818, 0, 0, 750, 23034
2026/05/29 22:41:13.820, 0, 0, 750, 23034
2026/05/29 22:41:18.821, 0, 0, 750, 23034
2026/05/29 22:41:23.823, 0, 0, 750, 23034
2026/05/29 22:41:28.825, 0, 0, 750, 23034
2026/05/29 22:41:33.826, 0, 0, 750, 23034
2026/05/29 22:41:38.826, 0, 0, 750, 23034
2026/05/29 22:41:43.828, 0, 0, 750, 23034
2026/05/29 22:41:48.830, 0, 0, 750, 23034
2026/05/29 22:41:53.832, 0, 0, 750, 23034
2026/05/29 22:41:58.834, 0, 0, 750, 23034
2026/05/29 22:42:03.835, 0, 0, 750, 23034
2026/05/29 22:42:08.836, 0, 0, 750, 23034
2026/05/29 22:42:13.837, 0, 0, 750, 23034
2026/05/29 22:42:18.838, 0, 0, 750, 23034
2026/05/29 22:42:23.840, 0, 0, 750, 23034
2026/05/29 22:42:28.842, 0, 0, 750, 23034
2026/05/29 22:42:33.843, 0, 0, 750, 23034
2026/05/29 22:42:38.844, 0, 0, 750, 23034
2026/05/29 22:42:43.845, 0, 0, 750, 23034
2026/05/29 22:42:48.847, 0, 0, 750, 23034
2026/05/29 22:42:53.847, 0, 0, 750, 23034
2026/05/29 22:42:58.849, 0, 0, 750, 23034
2026/05/29 22:43:03.851, 0, 0, 750, 23034
2026/05/29 22:43:08.852, 0, 0, 750, 23034
2026/05/29 22:43:13.854, 0, 0, 750, 23034
2026/05/29 22:43:18.855, 0, 0, 750, 23034
2026/05/29 22:43:23.856, 0, 0, 750, 23034
2026/05/29 22:43:28.858, 0, 0, 750, 23034
2026/05/29 22:43:33.860, 0, 0, 750, 23034
2026/05/29 22:43:38.862, 0, 0, 750, 23034
2026/05/29 22:43:43.862, 0, 0, 750, 23034
2026/05/29 22:43:48.863, 0, 0, 750, 23034
2026/05/29 22:43:53.864, 0, 0, 750, 23034
2026/05/29 22:43:58.864, 0, 0, 750, 23034
2026/05/29 22:44:03.866, 0, 0, 750, 23034
2026/05/29 22:44:08.868, 0, 0, 750, 23034
2026/05/29 22:44:13.869, 0, 0, 750, 23034
2026/05/29 22:44:18.871, 0, 0, 750, 23034
2026/05/29 22:44:23.873, 0, 0, 750, 23034
2026/05/29 22:44:28.875, 0, 0, 750, 23034
2026/05/29 22:44:33.876, 0, 0, 750, 23034
2026/05/29 22:44:38.877, 0, 0, 750, 23034
2026/05/29 22:44:43.878, 0, 0, 750, 23034
2026/05/29 22:44:48.880, 0, 0, 750, 23034
2026/05/29 22:44:53.881, 0, 0, 750, 23034
2026/05/29 22:44:58.883, 0, 0, 750, 23034
2026/05/29 22:45:03.885, 0, 0, 750, 23034
2026/05/29 22:45:08.887, 0, 0, 750, 23034
2026/05/29 22:45:13.888, 0, 0, 750, 23034
2026/05/29 22:45:18.889, 0, 0, 750, 23034
2026/05/29 22:45:23.890, 0, 0, 750, 23034
2026/05/29 22:45:28.891, 0, 0, 750, 23034
2026/05/29 22:45:33.893, 0, 0, 750, 23034
2026/05/29 22:45:38.894, 0, 0, 750, 23034
2026/05/29 22:45:43.894, 0, 0, 750, 23034
2026/05/29 22:45:48.896, 0, 0, 750, 23034
2026/05/29 22:45:53.898, 0, 0, 750, 23034
2026/05/29 22:45:58.898, 0, 0, 750, 23034
2026/05/29 22:46:03.900, 0, 0, 750, 23034
2026/05/29 22:46:08.902, 0, 0, 750, 23034
2026/05/29 22:46:13.903, 0, 0, 750, 23034
2026/05/29 22:46:18.904, 0, 0, 750, 23034
2026/05/29 22:46:23.905, 0, 0, 750, 23034
2026/05/29 22:46:28.905, 0, 0, 750, 23034
2026/05/29 22:46:33.906, 0, 0, 750, 23034
2026/05/29 22:46:38.907, 0, 0, 750, 23034
2026/05/29 22:46:43.908, 0, 0, 750, 23034
2026/05/29 22:46:48.910, 0, 0, 750, 23034
2026/05/29 22:46:53.911, 0, 0, 750, 23034
2026/05/29 22:46:58.912, 0, 0, 750, 23034
2026/05/29 22:47:03.913, 0, 0, 750, 23034
2026/05/29 22:47:08.915, 0, 0, 750, 23034
2026/05/29 22:47:13.915, 0, 0, 750, 23034
2026/05/29 22:47:18.917, 0, 0, 750, 23034
2026/05/29 22:47:23.919, 0, 0, 750, 23034
2026/05/29 22:47:28.920, 0, 0, 750, 23034
2026/05/29 22:47:33.922, 0, 0, 750, 23034
2026/05/29 22:47:38.924, 0, 0, 750, 23034
2026/05/29 22:47:43.924, 0, 0, 750, 23034
2026/05/29 22:47:48.925, 0, 0, 750, 23034
2026/05/29 22:47:53.927, 0, 0, 750, 23034
2026/05/29 22:47:58.927, 0, 0, 750, 23034
2026/05/29 22:48:03.929, 0, 0, 750, 23034
2026/05/29 22:48:08.931, 0, 0, 750, 23034
2026/05/29 22:48:13.932, 0, 0, 750, 23034
2026/05/29 22:48:18.934, 0, 0, 750, 23034
2026/05/29 22:48:23.936, 0, 0, 750, 23034
2026/05/29 22:48:28.938, 0, 0, 750, 23034
2026/05/29 22:48:33.938, 0, 0, 750, 23034
2026/05/29 22:48:38.940, 0, 0, 750, 23034
2026/05/29 22:48:43.942, 0, 0, 750, 23034
2026/05/29 22:48:48.943, 0, 0, 750, 23034
2026/05/29 22:48:53.945, 0, 0, 750, 23034
2026/05/29 22:48:58.947, 0, 0, 750, 23034
2026/05/29 22:49:03.948, 0, 0, 750, 23034
2026/05/29 22:49:08.950, 0, 0, 750, 23034
2026/05/29 22:49:13.952, 0, 0, 750, 23034
2026/05/29 22:49:18.953, 0, 0, 750, 23034
2026/05/29 22:49:23.955, 0, 0, 750, 23034
2026/05/29 22:49:28.957, 0, 0, 750, 23034
2026/05/29 22:49:33.958, 0, 0, 750, 23034
2026/05/29 22:49:38.960, 0, 0, 750, 23034
2026/05/29 22:49:43.962, 0, 0, 750, 23034
2026/05/29 22:49:48.964, 0, 0, 750, 23034
2026/05/29 22:49:53.965, 0, 0, 750, 23034
2026/05/29 22:49:58.967, 0, 0, 750, 23034
2026/05/29 22:50:03.969, 0, 0, 750, 23034
2026/05/29 22:50:08.970, 0, 0, 750, 23034
2026/05/29 22:50:13.972, 0, 0, 750, 23034
2026/05/29 22:50:18.974, 0, 0, 750, 23034
2026/05/29 22:50:23.975, 0, 0, 750, 23034
2026/05/29 22:50:28.977, 0, 0, 750, 23034
2026/05/29 22:50:33.979, 0, 0, 750, 23034
2026/05/29 22:50:38.979, 0, 0, 750, 23034
2026/05/29 22:50:43.980, 0, 0, 750, 23034
2026/05/29 22:50:48.982, 0, 0, 750, 23034
2026/05/29 22:50:53.983, 0, 0, 750, 23034
2026/05/29 22:50:58.985, 0, 0, 750, 23034
2026/05/29 22:51:03.987, 0, 0, 750, 23034
2026/05/29 22:51:08.988, 0, 0, 750, 23034
2026/05/29 22:51:13.990, 0, 0, 750, 23034
2026/05/29 22:51:18.992, 0, 0, 750, 23034
2026/05/29 22:51:23.993, 0, 0, 750, 23034
2026/05/29 22:51:28.994, 0, 0, 750, 23034
2026/05/29 22:51:33.995, 0, 0, 750, 23034
2026/05/29 22:51:38.995, 0, 0, 750, 23034
2026/05/29 22:51:43.997, 0, 0, 750, 23034
2026/05/29 22:51:48.998, 0, 0, 750, 23034
2026/05/29 22:51:54.000, 0, 0, 750, 23034
2026/05/29 22:51:59.000, 0, 0, 750, 23034
2026/05/29 22:52:04.002, 0, 0, 750, 23034
2026/05/29 22:52:09.004, 0, 0, 750, 23034
2026/05/29 22:52:14.005, 0, 0, 750, 23034
2026/05/29 22:52:19.007, 0, 0, 750, 23034
2026/05/29 22:52:24.009, 0, 0, 750, 23034
2026/05/29 22:52:29.011, 0, 0, 750, 23034
2026/05/29 22:52:34.011, 0, 0, 750, 23034
2026/05/29 22:52:39.013, 0, 0, 750, 23034
2026/05/29 22:52:44.015, 0, 0, 750, 23034
2026/05/29 22:52:49.016, 0, 0, 750, 23034
2026/05/29 22:52:54.018, 0, 0, 750, 23034
2026/05/29 22:52:59.019, 0, 0, 750, 23034
2026/05/29 22:53:04.021, 0, 0, 750, 23034
2026/05/29 22:53:09.022, 0, 0, 750, 23034
2026/05/29 22:53:14.024, 0, 0, 750, 23034
2026/05/29 22:53:19.025, 0, 0, 750, 23034
2026/05/29 22:53:24.026, 0, 0, 750, 23034
2026/05/29 22:53:29.028, 0, 0, 750, 23034
2026/05/29 22:53:34.030, 0, 0, 750, 23034
2026/05/29 22:53:39.031, 0, 0, 750, 23034
2026/05/29 22:53:44.033, 0, 0, 750, 23034
2026/05/29 22:53:49.035, 0, 0, 750, 23034
2026/05/29 22:53:54.036, 0, 0, 750, 23034
2026/05/29 22:53:59.038, 0, 0, 750, 23034
2026/05/29 22:54:04.040, 0, 0, 750, 23034
2026/05/29 22:54:09.041, 0, 0, 750, 23034
2026/05/29 22:54:14.043, 0, 0, 750, 23034
2026/05/29 22:54:19.045, 0, 0, 750, 23034
2026/05/29 22:54:24.047, 0, 0, 750, 23034
2026/05/29 22:54:29.048, 0, 0, 750, 23034
2026/05/29 22:54:34.049, 0, 0, 750, 23034
2026/05/29 22:54:39.050, 0, 0, 750, 23034
2026/05/29 22:54:44.050, 0, 0, 750, 23034
2026/05/29 22:54:49.051, 0, 0, 750, 23034
2026/05/29 22:54:54.052, 0, 0, 750, 23034
2026/05/29 22:54:59.052, 0, 0, 750, 23034
2026/05/29 22:55:04.053, 0, 0, 750, 23034
2026/05/29 22:55:09.055, 0, 0, 750, 23034
2026/05/29 22:55:14.056, 0, 0, 750, 23034
2026/05/29 22:55:19.058, 0, 0, 750, 23034
2026/05/29 22:55:24.060, 0, 0, 750, 23034
2026/05/29 22:55:29.060, 0, 0, 750, 23034
2026/05/29 22:55:34.061, 0, 0, 750, 23034
2026/05/29 22:55:39.063, 0, 0, 750, 23034
2026/05/29 22:55:44.064, 0, 0, 750, 23034
2026/05/29 22:55:49.066, 0, 0, 750, 23034
2026/05/29 22:55:54.068, 0, 0, 750, 23034
2026/05/29 22:55:59.070, 0, 0, 750, 23034
2026/05/29 22:56:04.071, 0, 0, 750, 23034
2026/05/29 22:56:09.073, 0, 0, 750, 23034
2026/05/29 22:56:14.075, 0, 0, 750, 23034
2026/05/29 22:56:19.076, 0, 0, 750, 23034
2026/05/29 22:56:24.078, 0, 0, 750, 23034
2026/05/29 22:56:29.080, 0, 0, 750, 23034
2026/05/29 22:56:34.081, 0, 0, 750, 23034
2026/05/29 22:56:39.082, 0, 0, 750, 23034
2026/05/29 22:56:44.084, 0, 0, 750, 23034
2026/05/29 22:56:49.085, 0, 0, 750, 23034
2026/05/29 22:56:54.087, 0, 0, 750, 23034
2026/05/29 22:56:59.089, 0, 0, 750, 23034
2026/05/29 22:57:04.089, 0, 0, 750, 23034
2026/05/29 22:57:09.091, 0, 0, 750, 23034
2026/05/29 22:57:14.093, 0, 0, 750, 23034
2026/05/29 22:57:19.095, 0, 0, 750, 23034
2026/05/29 22:57:24.096, 0, 0, 750, 23034
2026/05/29 22:57:29.097, 0, 0, 750, 23034
2026/05/29 22:57:34.098, 0, 0, 750, 23034
2026/05/29 22:57:39.100, 0, 0, 750, 23034
2026/05/29 22:57:44.102, 0, 0, 750, 23034
2026/05/29 22:57:49.104, 0, 0, 750, 23034
2026/05/29 22:57:54.104, 0, 0, 750, 23034
2026/05/29 22:57:59.106, 0, 0, 750, 23034
2026/05/29 22:58:04.108, 0, 0, 750, 23034
2026/05/29 22:58:09.109, 0, 0, 750, 23034
2026/05/29 22:58:14.110, 0, 0, 750, 23034
2026/05/29 22:58:19.112, 0, 0, 750, 23034
2026/05/29 22:58:24.112, 0, 0, 750, 23034
2026/05/29 22:58:29.114, 0, 0, 750, 23034
2026/05/29 22:58:34.116, 0, 0, 750, 23034
2026/05/29 22:58:39.117, 0, 0, 750, 23034
2026/05/29 22:58:44.119, 0, 0, 750, 23034
2026/05/29 22:58:49.121, 0, 0, 750, 23034
2026/05/29 22:58:54.122, 0, 0, 750, 23034
2026/05/29 22:58:59.124, 0, 0, 750, 23034
2026/05/29 22:59:04.126, 0, 0, 750, 23034
2026/05/29 22:59:09.127, 0, 0, 750, 23034
2026/05/29 22:59:14.129, 0, 0, 750, 23034
2026/05/29 22:59:19.131, 0, 0, 750, 23034
2026/05/29 22:59:24.133, 0, 0, 750, 23034
2026/05/29 22:59:29.133, 0, 0, 750, 23034
2026/05/29 22:59:34.134, 0, 0, 750, 23034
2026/05/29 22:59:39.134, 0, 0, 750, 23034
2026/05/29 22:59:44.135, 0, 0, 750, 23034
2026/05/29 22:59:49.137, 0, 0, 750, 23034
2026/05/29 22:59:54.139, 0, 0, 750, 23034
2026/05/29 22:59:59.140, 0, 0, 750, 23034
2026/05/29 23:00:04.142, 0, 0, 750, 23034
2026/05/29 23:00:09.144, 0, 0, 750, 23034
2026/05/29 23:00:14.145, 0, 0, 750, 23034
2026/05/29 23:00:19.146, 0, 0, 750, 23034
2026/05/29 23:00:24.148, 0, 0, 750, 23034
2026/05/29 23:00:29.150, 0, 0, 750, 23034
2026/05/29 23:00:34.151, 0, 0, 750, 23034
2026/05/29 23:00:39.153, 0, 0, 750, 23034
2026/05/29 23:00:44.155, 0, 0, 750, 23034
2026/05/29 23:00:49.155, 0, 0, 750, 23034
2026/05/29 23:00:54.157, 0, 0, 750, 23034
2026/05/29 23:00:59.158, 0, 0, 750, 23034
2026/05/29 23:01:04.158, 0, 0, 750, 23034
2026/05/29 23:01:09.160, 0, 0, 750, 23034
2026/05/29 23:01:14.162, 0, 0, 750, 23034
2026/05/29 23:01:19.162, 0, 0, 750, 23034
2026/05/29 23:01:24.164, 0, 0, 750, 23034
2026/05/29 23:01:29.165, 0, 0, 750, 23034
2026/05/29 23:01:34.166, 0, 0, 750, 23034
2026/05/29 23:01:39.167, 0, 0, 750, 23034
2026/05/29 23:01:44.169, 0, 0, 750, 23034
2026/05/29 23:01:49.171, 0, 0, 750, 23034
2026/05/29 23:01:54.171, 0, 0, 750, 23034
2026/05/29 23:01:59.173, 0, 0, 750, 23034
2026/05/29 23:02:04.174, 0, 0, 750, 23034
2026/05/29 23:02:09.174, 0, 0, 750, 23034
2026/05/29 23:02:14.176, 0, 0, 750, 23034
2026/05/29 23:02:19.178, 0, 0, 750, 23034
2026/05/29 23:02:24.178, 0, 0, 750, 23034
2026/05/29 23:02:29.180, 0, 0, 750, 23034
2026/05/29 23:02:34.181, 0, 0, 750, 23034
2026/05/29 23:02:39.181, 0, 0, 750, 23034
2026/05/29 23:02:44.182, 0, 0, 750, 23034
2026/05/29 23:02:49.184, 0, 0, 750, 23034
2026/05/29 23:02:54.184, 0, 0, 750, 23034
2026/05/29 23:02:59.186, 0, 0, 750, 23034
2026/05/29 23:03:04.188, 0, 0, 750, 23034
2026/05/29 23:03:09.189, 0, 0, 750, 23034
2026/05/29 23:03:14.191, 0, 0, 750, 23034
2026/05/29 23:03:19.193, 0, 0, 750, 23034
2026/05/29 23:03:24.193, 0, 0, 750, 23034
2026/05/29 23:03:29.195, 0, 0, 750, 23034
2026/05/29 23:03:34.197, 0, 0, 750, 23034
2026/05/29 23:03:39.198, 0, 0, 750, 23034
2026/05/29 23:03:44.200, 0, 0, 750, 23034
2026/05/29 23:03:49.202, 0, 0, 750, 23034
2026/05/29 23:03:54.202, 0, 0, 750, 23034
2026/05/29 23:03:59.204, 0, 0, 750, 23034
2026/05/29 23:04:04.206, 0, 0, 750, 23034
2026/05/29 23:04:09.206, 0, 0, 750, 23034
2026/05/29 23:04:14.208, 0, 0, 750, 23034
2026/05/29 23:04:19.210, 0, 0, 750, 23034
2026/05/29 23:04:24.212, 0, 0, 750, 23034
2026/05/29 23:04:29.212, 0, 0, 750, 23034
2026/05/29 23:04:34.213, 0, 0, 750, 23034
2026/05/29 23:04:39.215, 0, 0, 750, 23034
2026/05/29 23:04:44.217, 0, 0, 750, 23034
2026/05/29 23:04:49.218, 0, 0, 750, 23034
2026/05/29 23:04:54.220, 0, 0, 750, 23034
2026/05/29 23:04:59.221, 0, 0, 750, 23034
2026/05/29 23:05:04.222, 0, 0, 750, 23034
2026/05/29 23:05:09.224, 0, 0, 750, 23034
2026/05/29 23:05:14.225, 0, 0, 750, 23034
2026/05/29 23:05:19.226, 0, 0, 750, 23034
2026/05/29 23:05:24.228, 0, 0, 750, 23034
2026/05/29 23:05:29.230, 0, 0, 750, 23034
2026/05/29 23:05:34.232, 0, 0, 750, 23034
2026/05/29 23:05:39.233, 0, 0, 750, 23034
2026/05/29 23:05:44.234, 0, 0, 750, 23034
2026/05/29 23:05:49.236, 0, 0, 750, 23034
2026/05/29 23:05:54.238, 0, 0, 750, 23034
2026/05/29 23:05:59.239, 0, 0, 750, 23034
2026/05/29 23:06:04.241, 0, 0, 750, 23034
2026/05/29 23:06:09.242, 0, 0, 750, 23034
2026/05/29 23:06:14.244, 0, 0, 750, 23034
2026/05/29 23:06:19.245, 0, 0, 750, 23034
2026/05/29 23:06:24.247, 0, 0, 750, 23034
2026/05/29 23:06:29.249, 0, 0, 750, 23034
2026/05/29 23:06:34.250, 0, 0, 750, 23034
2026/05/29 23:06:39.252, 0, 0, 750, 23034
2026/05/29 23:06:44.253, 0, 0, 750, 23034
2026/05/29 23:06:49.253, 0, 0, 750, 23034
2026/05/29 23:06:54.255, 0, 0, 750, 23034
2026/05/29 23:06:59.256, 0, 0, 750, 23034
2026/05/29 23:07:04.257, 0, 0, 750, 23034
2026/05/29 23:07:09.258, 0, 0, 750, 23034
2026/05/29 23:07:14.259, 0, 0, 750, 23034
2026/05/29 23:07:19.260, 0, 0, 750, 23034
2026/05/29 23:07:24.260, 0, 0, 750, 23034
2026/05/29 23:07:29.262, 0, 0, 750, 23034
2026/05/29 23:07:34.263, 0, 0, 750, 23034
2026/05/29 23:07:39.264, 0, 0, 750, 23034
2026/05/29 23:07:44.266, 0, 0, 750, 23034
2026/05/29 23:07:49.268, 0, 0, 750, 23034
2026/05/29 23:07:54.269, 0, 0, 750, 23034
2026/05/29 23:07:59.271, 0, 0, 750, 23034
2026/05/29 23:08:04.273, 0, 0, 750, 23034
2026/05/29 23:08:09.273, 0, 0, 750, 23034
2026/05/29 23:08:14.275, 0, 0, 750, 23034
2026/05/29 23:08:19.276, 0, 0, 750, 23034
2026/05/29 23:08:24.278, 0, 0, 750, 23034
2026/05/29 23:08:29.279, 0, 0, 750, 23034
2026/05/29 23:08:34.281, 0, 0, 750, 23034
2026/05/29 23:08:39.283, 0, 0, 750, 23034
2026/05/29 23:08:44.284, 0, 0, 750, 23034
2026/05/29 23:08:49.290, 0, 0, 750, 23034
2026/05/29 23:08:54.292, 0, 0, 750, 23034
2026/05/29 23:08:59.293, 0, 0, 750, 23034
2026/05/29 23:09:04.295, 0, 0, 750, 23034
2026/05/29 23:09:09.296, 0, 0, 750, 23034
2026/05/29 23:09:14.297, 0, 0, 750, 23034
2026/05/29 23:09:19.299, 0, 0, 750, 23034
2026/05/29 23:09:24.301, 0, 0, 750, 23034
2026/05/29 23:09:29.302, 0, 0, 750, 23034
2026/05/29 23:09:34.303, 0, 0, 750, 23034
2026/05/29 23:09:39.305, 0, 0, 750, 23034
2026/05/29 23:09:44.306, 0, 0, 750, 23034
2026/05/29 23:09:49.308, 0, 0, 750, 23034
2026/05/29 23:09:54.309, 0, 0, 750, 23034
2026/05/29 23:09:59.310, 0, 0, 750, 23034
2026/05/29 23:10:04.312, 0, 0, 750, 23034
2026/05/29 23:10:09.314, 0, 0, 750, 23034
2026/05/29 23:10:14.316, 0, 0, 750, 23034
2026/05/29 23:10:19.316, 0, 0, 750, 23034
2026/05/29 23:10:24.318, 0, 0, 750, 23034
2026/05/29 23:10:29.320, 0, 0, 750, 23034
2026/05/29 23:10:34.321, 0, 0, 750, 23034
2026/05/29 23:10:39.323, 0, 0, 750, 23034
2026/05/29 23:10:44.324, 0, 0, 750, 23034
2026/05/29 23:10:49.324, 0, 0, 750, 23034
2026/05/29 23:10:54.325, 0, 0, 750, 23034
2026/05/29 23:10:59.325, 0, 0, 750, 23034
2026/05/29 23:11:04.326, 0, 0, 750, 23034
2026/05/29 23:11:09.327, 0, 0, 750, 23034
2026/05/29 23:11:14.327, 0, 0, 750, 23034
2026/05/29 23:11:19.329, 0, 0, 750, 23034
2026/05/29 23:11:24.330, 0, 0, 750, 23034
2026/05/29 23:11:29.332, 0, 0, 750, 23034
2026/05/29 23:11:34.333, 0, 0, 750, 23034
2026/05/29 23:11:39.335, 0, 0, 750, 23034
2026/05/29 23:11:44.337, 0, 0, 750, 23034
2026/05/29 23:11:49.338, 0, 0, 750, 23034
2026/05/29 23:11:54.339, 0, 0, 750, 23034
2026/05/29 23:11:59.340, 0, 0, 750, 23034
2026/05/29 23:12:04.341, 0, 0, 750, 23034
2026/05/29 23:12:09.343, 0, 0, 750, 23034
2026/05/29 23:12:14.345, 0, 0, 750, 23034
2026/05/29 23:12:19.345, 0, 0, 750, 23034
2026/05/29 23:12:24.346, 0, 0, 750, 23034
2026/05/29 23:12:29.348, 0, 0, 750, 23034
2026/05/29 23:12:34.349, 0, 0, 750, 23034
2026/05/29 23:12:39.351, 0, 0, 750, 23034
2026/05/29 23:12:44.352, 0, 0, 750, 23034
2026/05/29 23:12:49.352, 0, 0, 750, 23034
2026/05/29 23:12:54.354, 0, 0, 750, 23034
2026/05/29 23:12:59.356, 0, 0, 750, 23034
2026/05/29 23:13:04.357, 0, 0, 750, 23034
2026/05/29 23:13:09.359, 0, 0, 750, 23034
2026/05/29 23:13:14.361, 0, 0, 750, 23034
2026/05/29 23:13:19.362, 0, 0, 750, 23034
2026/05/29 23:13:24.363, 0, 0, 750, 23034
2026/05/29 23:13:29.365, 0, 0, 750, 23034
2026/05/29 23:13:34.365, 0, 0, 750, 23034
2026/05/29 23:13:39.367, 0, 0, 750, 23034
2026/05/29 23:13:44.369, 0, 0, 750, 23034
2026/05/29 23:13:49.370, 0, 0, 750, 23034
2026/05/29 23:13:54.371, 0, 0, 750, 23034
2026/05/29 23:13:59.373, 0, 0, 750, 23034
2026/05/29 23:14:04.375, 0, 0, 750, 23034
2026/05/29 23:14:09.376, 0, 0, 750, 23034
2026/05/29 23:14:14.378, 0, 0, 750, 23034
2026/05/29 23:14:19.379, 0, 0, 750, 23034
2026/05/29 23:14:24.381, 0, 0, 750, 23034
2026/05/29 23:14:29.382, 0, 0, 750, 23034
2026/05/29 23:14:34.384, 0, 0, 750, 23034
2026/05/29 23:14:39.386, 0, 0, 750, 23034
2026/05/29 23:14:44.386, 0, 0, 750, 23034
2026/05/29 23:14:49.387, 0, 0, 750, 23034
2026/05/29 23:14:54.388, 0, 0, 750, 23034
2026/05/29 23:14:59.388, 0, 0, 750, 23034
2026/05/29 23:15:04.390, 0, 0, 750, 23034
2026/05/29 23:15:09.391, 0, 0, 750, 23034
2026/05/29 23:15:14.392, 0, 0, 750, 23034
2026/05/29 23:15:19.394, 0, 0, 750, 23034
2026/05/29 23:15:24.395, 0, 0, 750, 23034
2026/05/29 23:15:29.396, 0, 0, 750, 23034
2026/05/29 23:15:34.397, 0, 0, 750, 23034
2026/05/29 23:15:39.399, 0, 0, 750, 23034
2026/05/29 23:15:44.399, 0, 0, 750, 23034
2026/05/29 23:15:49.401, 0, 0, 750, 23034
2026/05/29 23:15:54.402, 0, 0, 750, 23034
2026/05/29 23:15:59.402, 0, 0, 750, 23034
2026/05/29 23:16:04.404, 0, 0, 750, 23034
2026/05/29 23:16:09.405, 0, 0, 750, 23034
2026/05/29 23:16:14.406, 0, 0, 750, 23034
2026/05/29 23:16:19.408, 0, 0, 750, 23034
2026/05/29 23:16:24.410, 0, 0, 750, 23034
2026/05/29 23:16:29.411, 0, 0, 750, 23034
2026/05/29 23:16:34.413, 0, 0, 750, 23034
2026/05/29 23:16:39.414, 0, 0, 750, 23034
2026/05/29 23:16:44.415, 0, 0, 750, 23034
2026/05/29 23:16:49.416, 0, 0, 750, 23034
2026/05/29 23:16:54.418, 0, 0, 750, 23034
2026/05/29 23:16:59.419, 0, 0, 750, 23034
2026/05/29 23:17:04.421, 0, 0, 750, 23034
2026/05/29 23:17:09.423, 0, 0, 750, 23034
2026/05/29 23:17:14.423, 0, 0, 750, 23034
2026/05/29 23:17:19.425, 0, 0, 750, 23034
2026/05/29 23:17:24.427, 0, 0, 750, 23034
2026/05/29 23:17:29.428, 0, 0, 750, 23034
2026/05/29 23:17:34.429, 0, 0, 750, 23034
2026/05/29 23:17:39.431, 0, 0, 750, 23034
2026/05/29 23:17:44.432, 0, 0, 750, 23034
2026/05/29 23:17:49.434, 0, 0, 750, 23034
2026/05/29 23:17:54.436, 0, 0, 750, 23034
2026/05/29 23:17:59.438, 0, 0, 750, 23034
2026/05/29 23:18:04.439, 0, 0, 750, 23034
2026/05/29 23:18:09.440, 0, 0, 750, 23034
2026/05/29 23:18:14.442, 0, 0, 750, 23034
2026/05/29 23:18:19.443, 0, 0, 750, 23034
2026/05/29 23:18:24.445, 0, 0, 750, 23034
2026/05/29 23:18:29.446, 0, 0, 750, 23034
2026/05/29 23:18:34.446, 0, 0, 750, 23034
2026/05/29 23:18:39.447, 0, 0, 750, 23034
2026/05/29 23:18:44.449, 0, 0, 750, 23034
2026/05/29 23:18:49.449, 0, 0, 750, 23034
2026/05/29 23:18:54.450, 0, 0, 750, 23034
2026/05/29 23:18:59.451, 0, 0, 750, 23034
2026/05/29 23:19:04.451, 0, 0, 750, 23034
2026/05/29 23:19:09.452, 0, 0, 750, 23034
2026/05/29 23:19:14.453, 0, 0, 750, 23034
2026/05/29 23:19:19.453, 0, 0, 750, 23034
2026/05/29 23:19:24.454, 0, 0, 750, 23034
2026/05/29 23:19:29.455, 0, 0, 750, 23034
2026/05/29 23:19:34.455, 0, 0, 750, 23034
2026/05/29 23:19:39.456, 0, 0, 750, 23034
2026/05/29 23:19:44.458, 0, 0, 750, 23034
2026/05/29 23:19:49.460, 0, 0, 750, 23034
2026/05/29 23:19:54.461, 0, 0, 750, 23034
2026/05/29 23:19:59.463, 0, 0, 750, 23034
2026/05/29 23:20:04.465, 0, 0, 750, 23034
2026/05/29 23:20:09.466, 0, 0, 750, 23034
2026/05/29 23:20:14.468, 0, 0, 750, 23034
2026/05/29 23:20:19.469, 0, 0, 750, 23034
2026/05/29 23:20:24.470, 0, 0, 750, 23034
2026/05/29 23:20:29.471, 0, 0, 750, 23034
2026/05/29 23:20:34.471, 0, 0, 750, 23034
2026/05/29 23:20:39.473, 0, 0, 750, 23034
2026/05/29 23:20:44.474, 0, 0, 750, 23034
2026/05/29 23:20:49.476, 0, 0, 750, 23034
2026/05/29 23:20:54.477, 0, 0, 750, 23034
2026/05/29 23:20:59.479, 0, 0, 750, 23034
2026/05/29 23:21:04.480, 0, 0, 750, 23034
2026/05/29 23:21:09.480, 0, 0, 750, 23034
2026/05/29 23:21:14.482, 0, 0, 750, 23034
2026/05/29 23:21:19.484, 0, 0, 750, 23034
2026/05/29 23:21:24.484, 0, 0, 750, 23034
2026/05/29 23:21:29.485, 0, 0, 750, 23034
2026/05/29 23:21:34.487, 0, 0, 750, 23034
2026/05/29 23:21:39.488, 0, 0, 750, 23034
2026/05/29 23:21:44.490, 0, 0, 750, 23034
2026/05/29 23:21:49.492, 0, 0, 750, 23034
2026/05/29 23:21:54.493, 0, 0, 750, 23034
2026/05/29 23:21:59.495, 0, 0, 750, 23034
2026/05/29 23:22:04.497, 0, 0, 750, 23034
2026/05/29 23:22:09.497, 0, 0, 750, 23034
2026/05/29 23:22:14.499, 0, 0, 750, 23034
2026/05/29 23:22:19.500, 0, 0, 750, 23034
2026/05/29 23:22:24.500, 0, 0, 750, 23034
2026/05/29 23:22:29.502, 0, 0, 750, 23034
2026/05/29 23:22:34.504, 0, 0, 750, 23034
2026/05/29 23:22:39.505, 0, 0, 750, 23034
2026/05/29 23:22:44.507, 0, 0, 750, 23034
2026/05/29 23:22:49.509, 0, 0, 750, 23034
2026/05/29 23:22:54.509, 0, 0, 750, 23034
2026/05/29 23:22:59.511, 0, 0, 750, 23034
2026/05/29 23:23:04.512, 0, 0, 750, 23034
2026/05/29 23:23:09.513, 0, 0, 750, 23034
2026/05/29 23:23:14.514, 0, 0, 750, 23034
2026/05/29 23:23:19.516, 0, 0, 750, 23034
2026/05/29 23:23:24.517, 0, 0, 750, 23034
2026/05/29 23:23:29.517, 0, 0, 750, 23034
2026/05/29 23:23:34.519, 0, 0, 750, 23034
2026/05/29 23:23:39.520, 0, 0, 750, 23034
2026/05/29 23:23:44.521, 0, 0, 750, 23034
2026/05/29 23:23:49.522, 0, 0, 750, 23034
2026/05/29 23:23:54.524, 0, 0, 750, 23034
2026/05/29 23:23:59.525, 0, 0, 750, 23034
2026/05/29 23:24:04.526, 0, 0, 750, 23034
2026/05/29 23:24:09.528, 0, 0, 750, 23034
2026/05/29 23:24:14.528, 0, 0, 750, 23034
2026/05/29 23:24:19.529, 0, 0, 750, 23034
2026/05/29 23:24:24.531, 0, 0, 750, 23034
2026/05/29 23:24:29.532, 0, 0, 750, 23034
2026/05/29 23:24:34.534, 0, 0, 750, 23034
2026/05/29 23:24:39.534, 0, 0, 750, 23034
2026/05/29 23:24:44.536, 0, 0, 750, 23034
2026/05/29 23:24:49.538, 0, 0, 750, 23034
2026/05/29 23:24:54.539, 0, 0, 750, 23034
2026/05/29 23:24:59.541, 0, 0, 750, 23034
2026/05/29 23:25:04.542, 0, 0, 750, 23034
2026/05/29 23:25:09.542, 0, 0, 750, 23034
2026/05/29 23:25:14.544, 0, 0, 750, 23034
2026/05/29 23:25:19.546, 0, 0, 750, 23034
2026/05/29 23:25:24.547, 0, 0, 750, 23034
2026/05/29 23:25:29.549, 0, 0, 750, 23034
2026/05/29 23:25:34.549, 0, 0, 750, 23034
2026/05/29 23:25:39.550, 0, 0, 750, 23034
2026/05/29 23:25:44.552, 0, 0, 750, 23034
2026/05/29 23:25:49.552, 0, 0, 750, 23034
2026/05/29 23:25:54.553, 0, 0, 750, 23034
2026/05/29 23:25:59.555, 0, 0, 750, 23034
2026/05/29 23:26:04.555, 0, 0, 750, 23034
2026/05/29 23:26:09.557, 0, 0, 750, 23034
2026/05/29 23:26:14.558, 0, 0, 750, 23034
2026/05/29 23:26:19.560, 0, 0, 750, 23034
2026/05/29 23:26:24.562, 0, 0, 750, 23034
2026/05/29 23:26:29.563, 0, 0, 750, 23034
2026/05/29 23:26:34.565, 0, 0, 750, 23034
2026/05/29 23:26:39.566, 0, 0, 750, 23034
2026/05/29 23:26:44.568, 0, 0, 750, 23034
2026/05/29 23:26:49.569, 0, 0, 750, 23034
2026/05/29 23:26:54.571, 0, 0, 750, 23034
2026/05/29 23:26:59.571, 0, 0, 750, 23034
2026/05/29 23:27:04.572, 0, 0, 750, 23034
2026/05/29 23:27:09.573, 0, 0, 750, 23034
2026/05/29 23:27:14.574, 0, 0, 750, 23034
2026/05/29 23:27:19.575, 0, 0, 750, 23034
2026/05/29 23:27:24.577, 0, 0, 750, 23034
2026/05/29 23:27:29.577, 0, 0, 750, 23034
2026/05/29 23:27:34.579, 0, 0, 750, 23034
2026/05/29 23:27:39.580, 0, 0, 750, 23034
2026/05/29 23:27:44.580, 0, 0, 750, 23034
2026/05/29 23:27:49.582, 0, 0, 750, 23034
2026/05/29 23:27:54.584, 0, 0, 750, 23034
2026/05/29 23:27:59.585, 0, 0, 750, 23034
2026/05/29 23:28:04.587, 0, 0, 750, 23034
2026/05/29 23:28:09.589, 0, 0, 750, 23034
2026/05/29 23:28:14.589, 0, 0, 750, 23034
2026/05/29 23:28:19.591, 0, 0, 750, 23034
2026/05/29 23:28:24.593, 0, 0, 750, 23034
2026/05/29 23:28:29.594, 0, 0, 750, 23034
2026/05/29 23:28:34.596, 0, 0, 750, 23034
2026/05/29 23:28:39.597, 0, 0, 750, 23034
2026/05/29 23:28:44.598, 0, 0, 750, 23034
2026/05/29 23:28:49.600, 0, 0, 750, 23034
2026/05/29 23:28:54.601, 0, 0, 750, 23034
2026/05/29 23:28:59.603, 0, 0, 750, 23034
2026/05/29 23:29:04.604, 0, 0, 750, 23034
2026/05/29 23:29:09.606, 0, 0, 750, 23034
2026/05/29 23:29:14.608, 0, 0, 750, 23034
2026/05/29 23:29:19.609, 0, 0, 750, 23034
2026/05/29 23:29:24.611, 0, 0, 750, 23034
2026/05/29 23:29:29.613, 0, 0, 750, 23034
2026/05/29 23:29:34.614, 0, 0, 750, 23034
2026/05/29 23:29:39.615, 0, 0, 750, 23034
2026/05/29 23:29:44.617, 0, 0, 750, 23034
2026/05/29 23:29:49.618, 0, 0, 750, 23034
2026/05/29 23:29:54.619, 0, 0, 750, 23034
2026/05/29 23:29:59.621, 0, 0, 750, 23034
2026/05/29 23:30:04.622, 0, 0, 750, 23034
2026/05/29 23:30:09.623, 0, 0, 750, 23034
2026/05/29 23:30:14.625, 0, 0, 750, 23034
2026/05/29 23:30:19.626, 0, 0, 750, 23034
2026/05/29 23:30:24.628, 0, 0, 750, 23034
2026/05/29 23:30:29.630, 0, 0, 750, 23034
2026/05/29 23:30:34.630, 0, 0, 750, 23034
2026/05/29 23:30:39.632, 0, 0, 750, 23034
2026/05/29 23:30:44.634, 0, 0, 750, 23034
2026/05/29 23:30:49.635, 0, 0, 750, 23034
2026/05/29 23:30:54.637, 0, 0, 750, 23034
2026/05/29 23:30:59.639, 0, 0, 750, 23034
2026/05/29 23:31:04.640, 0, 0, 750, 23034
2026/05/29 23:31:09.642, 0, 0, 750, 23034
2026/05/29 23:31:14.644, 0, 0, 750, 23034
2026/05/29 23:31:19.644, 0, 0, 750, 23034
2026/05/29 23:31:24.646, 0, 0, 750, 23034
2026/05/29 23:31:29.647, 0, 0, 750, 23034
2026/05/29 23:31:34.648, 0, 0, 750, 23034
2026/05/29 23:31:39.650, 0, 0, 750, 23034
2026/05/29 23:31:44.652, 0, 0, 750, 23034
2026/05/29 23:31:49.653, 0, 0, 750, 23034
2026/05/29 23:31:54.654, 0, 0, 750, 23034
2026/05/29 23:31:59.655, 0, 0, 750, 23034
2026/05/29 23:32:04.657, 0, 0, 750, 23034
2026/05/29 23:32:09.658, 0, 0, 750, 23034
2026/05/29 23:32:14.659, 0, 0, 750, 23034
2026/05/29 23:32:19.660, 0, 0, 750, 23034
2026/05/29 23:32:24.660, 0, 0, 750, 23034
2026/05/29 23:32:29.662, 0, 0, 750, 23034
2026/05/29 23:32:34.664, 0, 0, 750, 23034
2026/05/29 23:32:39.665, 0, 0, 750, 23034
2026/05/29 23:32:44.666, 0, 0, 750, 23034
2026/05/29 23:32:49.668, 0, 0, 750, 23034
2026/05/29 23:32:54.669, 0, 0, 750, 23034
2026/05/29 23:32:59.671, 0, 0, 750, 23034
2026/05/29 23:33:04.673, 0, 0, 750, 23034
2026/05/29 23:33:09.674, 0, 0, 750, 23034
2026/05/29 23:33:14.676, 0, 0, 750, 23034
2026/05/29 23:33:19.677, 0, 0, 750, 23034
2026/05/29 23:33:24.679, 0, 0, 750, 23034
2026/05/29 23:33:29.679, 0, 0, 750, 23034
2026/05/29 23:33:34.681, 0, 0, 750, 23034
2026/05/29 23:33:39.682, 0, 0, 750, 23034
2026/05/29 23:33:44.684, 0, 0, 750, 23034
2026/05/29 23:33:49.686, 0, 0, 750, 23034
2026/05/29 23:33:54.688, 0, 0, 750, 23034
2026/05/29 23:33:59.689, 0, 0, 750, 23034
2026/05/29 23:34:04.691, 0, 0, 750, 23034
2026/05/29 23:34:09.693, 0, 0, 750, 23034
2026/05/29 23:34:14.693, 0, 0, 750, 23034
2026/05/29 23:34:19.694, 0, 0, 750, 23034
2026/05/29 23:34:24.695, 0, 0, 750, 23034
2026/05/29 23:34:29.697, 0, 0, 750, 23034
2026/05/29 23:34:34.699, 0, 0, 750, 23034
2026/05/29 23:34:39.699, 0, 0, 750, 23034
2026/05/29 23:34:44.701, 0, 0, 750, 23034
2026/05/29 23:34:49.703, 0, 0, 750, 23034
2026/05/29 23:34:54.704, 0, 0, 750, 23034
2026/05/29 23:34:59.706, 0, 0, 750, 23034
2026/05/29 23:35:04.707, 0, 0, 750, 23034
2026/05/29 23:35:09.707, 0, 0, 750, 23034
2026/05/29 23:35:14.708, 0, 0, 750, 23034
2026/05/29 23:35:19.708, 0, 0, 750, 23034
2026/05/29 23:35:24.710, 0, 0, 750, 23034
2026/05/29 23:35:29.712, 0, 0, 750, 23034
2026/05/29 23:35:34.713, 0, 0, 750, 23034
2026/05/29 23:35:39.714, 0, 0, 750, 23034
2026/05/29 23:35:44.716, 0, 0, 750, 23034
2026/05/29 23:35:49.717, 0, 0, 750, 23034
2026/05/29 23:35:54.718, 0, 0, 750, 23034
2026/05/29 23:35:59.720, 0, 0, 750, 23034
2026/05/29 23:36:04.722, 0, 0, 750, 23034
2026/05/29 23:36:09.722, 0, 0, 750, 23034
2026/05/29 23:36:14.723, 0, 0, 750, 23034
2026/05/29 23:36:19.725, 0, 0, 750, 23034
2026/05/29 23:36:24.726, 0, 0, 750, 23034
2026/05/29 23:36:29.728, 0, 0, 750, 23034
2026/05/29 23:36:34.730, 0, 0, 750, 23034
2026/05/29 23:36:39.731, 0, 0, 750, 23034
2026/05/29 23:36:44.733, 0, 0, 750, 23034
2026/05/29 23:36:49.735, 0, 0, 750, 23034
2026/05/29 23:36:54.736, 0, 0, 750, 23034
2026/05/29 23:36:59.738, 0, 0, 750, 23034
2026/05/29 23:37:04.740, 0, 0, 750, 23034
2026/05/29 23:37:09.742, 0, 0, 750, 23034
2026/05/29 23:37:14.743, 0, 0, 750, 23034
2026/05/29 23:37:19.745, 0, 0, 750, 23034
2026/05/29 23:37:24.747, 0, 0, 750, 23034
2026/05/29 23:37:29.748, 0, 0, 750, 23034
2026/05/29 23:37:34.750, 0, 0, 750, 23034
2026/05/29 23:37:39.752, 0, 0, 750, 23034
2026/05/29 23:37:44.752, 0, 0, 750, 23034
2026/05/29 23:37:49.754, 0, 0, 750, 23034
2026/05/29 23:37:54.756, 0, 0, 750, 23034
2026/05/29 23:37:59.757, 0, 0, 750, 23034
2026/05/29 23:38:04.758, 0, 0, 750, 23034
2026/05/29 23:38:09.759, 0, 0, 750, 23034
2026/05/29 23:38:14.759, 0, 0, 750, 23034
2026/05/29 23:38:19.761, 0, 0, 750, 23034
2026/05/29 23:38:24.762, 0, 0, 750, 23034
2026/05/29 23:38:29.763, 0, 0, 750, 23034
2026/05/29 23:38:34.765, 0, 0, 750, 23034
2026/05/29 23:38:39.767, 0, 0, 750, 23034
2026/05/29 23:38:44.768, 0, 0, 750, 23034
2026/05/29 23:38:49.770, 0, 0, 750, 23034
2026/05/29 23:38:54.771, 0, 0, 750, 23034
2026/05/29 23:38:59.773, 0, 0, 750, 23034
2026/05/29 23:39:04.775, 0, 0, 750, 23034
2026/05/29 23:39:09.776, 0, 0, 750, 23034
2026/05/29 23:39:14.777, 0, 0, 750, 23034
2026/05/29 23:39:19.779, 0, 0, 750, 23034
2026/05/29 23:39:24.780, 0, 0, 750, 23034
2026/05/29 23:39:29.782, 0, 0, 750, 23034
2026/05/29 23:39:34.784, 0, 0, 750, 23034
2026/05/29 23:39:39.785, 0, 0, 750, 23034
2026/05/29 23:39:44.787, 0, 0, 750, 23034
2026/05/29 23:39:49.788, 0, 0, 750, 23034
2026/05/29 23:39:54.789, 0, 0, 750, 23034
2026/05/29 23:39:59.790, 0, 0, 750, 23034
2026/05/29 23:40:04.792, 0, 0, 750, 23034
2026/05/29 23:40:09.792, 0, 0, 750, 23034
2026/05/29 23:40:14.794, 0, 0, 750, 23034
2026/05/29 23:40:19.796, 0, 0, 750, 23034
2026/05/29 23:40:24.797, 0, 0, 750, 23034
2026/05/29 23:40:29.799, 0, 0, 750, 23034
2026/05/29 23:40:34.801, 0, 0, 750, 23034
2026/05/29 23:40:39.802, 0, 0, 750, 23034
2026/05/29 23:40:44.804, 0, 0, 750, 23034
2026/05/29 23:40:49.806, 0, 0, 750, 23034
2026/05/29 23:40:54.807, 0, 0, 750, 23034
2026/05/29 23:40:59.809, 0, 0, 750, 23034
2026/05/29 23:41:04.811, 0, 0, 750, 23034
2026/05/29 23:41:09.811, 0, 0, 750, 23034
2026/05/29 23:41:14.812, 0, 0, 750, 23034
2026/05/29 23:41:19.814, 0, 0, 750, 23034
2026/05/29 23:41:24.815, 0, 0, 750, 23034
2026/05/29 23:41:29.817, 0, 0, 750, 23034
2026/05/29 23:41:34.819, 0, 0, 750, 23034
2026/05/29 23:41:39.820, 0, 0, 750, 23034
2026/05/29 23:41:44.821, 0, 0, 750, 23034
2026/05/29 23:41:49.823, 0, 0, 750, 23034
2026/05/29 23:41:54.825, 0, 0, 750, 23034
2026/05/29 23:41:59.825, 0, 0, 750, 23034
2026/05/29 23:42:04.827, 0, 0, 750, 23034
2026/05/29 23:42:09.828, 0, 0, 750, 23034
2026/05/29 23:42:14.828, 0, 0, 750, 23034
2026/05/29 23:42:19.830, 0, 0, 750, 23034
2026/05/29 23:42:24.832, 0, 0, 750, 23034
2026/05/29 23:42:29.833, 0, 0, 750, 23034
2026/05/29 23:42:34.833, 0, 0, 750, 23034
2026/05/29 23:42:39.835, 0, 0, 750, 23034
2026/05/29 23:42:44.836, 0, 0, 750, 23034
2026/05/29 23:42:49.836, 0, 0, 750, 23034
2026/05/29 23:42:54.837, 0, 0, 750, 23034
2026/05/29 23:42:59.839, 0, 0, 750, 23034
2026/05/29 23:43:04.839, 0, 0, 750, 23034
2026/05/29 23:43:09.841, 0, 0, 750, 23034
2026/05/29 23:43:14.842, 0, 0, 750, 23034
2026/05/29 23:43:19.842, 0, 0, 750, 23034
2026/05/29 23:43:24.843, 0, 0, 750, 23034
2026/05/29 23:43:29.845, 0, 0, 750, 23034
2026/05/29 23:43:34.846, 0, 0, 750, 23034
2026/05/29 23:43:39.848, 0, 0, 750, 23034
2026/05/29 23:43:44.850, 0, 0, 750, 23034
2026/05/29 23:43:49.851, 0, 0, 750, 23034
2026/05/29 23:43:54.853, 0, 0, 750, 23034
2026/05/29 23:43:59.855, 0, 0, 750, 23034
2026/05/29 23:44:04.856, 0, 0, 750, 23034
2026/05/29 23:44:09.857, 0, 0, 750, 23034
2026/05/29 23:44:14.858, 0, 0, 750, 23034
2026/05/29 23:44:19.860, 0, 0, 750, 23034
2026/05/29 23:44:24.862, 0, 0, 750, 23034
2026/05/29 23:44:29.863, 0, 0, 750, 23034
2026/05/29 23:44:34.864, 0, 0, 750, 23034
2026/05/29 23:44:39.866, 0, 0, 750, 23034
2026/05/29 23:44:44.867, 0, 0, 750, 23034
2026/05/29 23:44:49.869, 0, 0, 750, 23034
2026/05/29 23:44:54.870, 0, 0, 750, 23034
2026/05/29 23:44:59.872, 0, 0, 750, 23034
2026/05/29 23:45:04.873, 0, 0, 750, 23034
2026/05/29 23:45:09.874, 0, 0, 750, 23034
2026/05/29 23:45:14.876, 0, 0, 750, 23034
2026/05/29 23:45:19.877, 0, 0, 750, 23034
2026/05/29 23:45:24.879, 0, 0, 750, 23034
2026/05/29 23:45:29.880, 0, 0, 750, 23034
2026/05/29 23:45:34.881, 0, 0, 750, 23034
2026/05/29 23:45:39.882, 0, 0, 750, 23034
2026/05/29 23:45:44.883, 0, 0, 750, 23034
2026/05/29 23:45:49.883, 0, 0, 750, 23034
2026/05/29 23:45:54.885, 0, 0, 750, 23034
2026/05/29 23:45:59.886, 0, 0, 750, 23034
2026/05/29 23:46:04.887, 0, 0, 750, 23034
2026/05/29 23:46:09.889, 0, 0, 750, 23034
2026/05/29 23:46:14.890, 0, 0, 750, 23034
2026/05/29 23:46:19.892, 0, 0, 750, 23034
2026/05/29 23:46:24.893, 0, 0, 750, 23034
2026/05/29 23:46:29.895, 0, 0, 750, 23034
2026/05/29 23:46:34.897, 0, 0, 750, 23034
2026/05/29 23:46:39.898, 0, 0, 750, 23034
2026/05/29 23:46:44.899, 0, 0, 750, 23034
2026/05/29 23:46:49.901, 0, 0, 750, 23034
2026/05/29 23:46:54.902, 0, 0, 750, 23034
2026/05/29 23:46:59.903, 0, 0, 750, 23034
2026/05/29 23:47:04.905, 0, 0, 750, 23034
2026/05/29 23:47:09.906, 0, 0, 750, 23034
2026/05/29 23:47:14.908, 0, 0, 750, 23034
2026/05/29 23:47:19.910, 0, 0, 750, 23034
2026/05/29 23:47:24.911, 0, 0, 750, 23034
2026/05/29 23:47:29.913, 0, 0, 750, 23034
2026/05/29 23:47:34.915, 0, 0, 750, 23034
2026/05/29 23:47:39.917, 0, 0, 750, 23034
2026/05/29 23:47:44.918, 0, 0, 750, 23034
2026/05/29 23:47:49.920, 0, 0, 750, 23034
2026/05/29 23:47:54.921, 0, 0, 750, 23034
2026/05/29 23:47:59.922, 0, 0, 750, 23034
2026/05/29 23:48:04.924, 0, 0, 750, 23034
2026/05/29 23:48:09.926, 0, 0, 750, 23034
2026/05/29 23:48:14.927, 0, 0, 750, 23034
2026/05/29 23:48:19.929, 0, 0, 750, 23034
2026/05/29 23:48:24.931, 0, 0, 750, 23034
2026/05/29 23:48:29.932, 0, 0, 750, 23034
2026/05/29 23:48:34.934, 0, 0, 750, 23034
2026/05/29 23:48:39.935, 0, 0, 750, 23034
2026/05/29 23:48:44.936, 0, 0, 750, 23034
2026/05/29 23:48:49.938, 0, 0, 750, 23034
2026/05/29 23:48:54.939, 0, 0, 750, 23034
2026/05/29 23:48:59.941, 0, 0, 750, 23034
2026/05/29 23:49:04.941, 0, 0, 750, 23034
2026/05/29 23:49:09.942, 0, 0, 750, 23034
2026/05/29 23:49:14.944, 0, 0, 750, 23034
2026/05/29 23:49:19.945, 0, 0, 750, 23034
2026/05/29 23:49:24.947, 0, 0, 750, 23034
2026/05/29 23:49:29.948, 0, 0, 750, 23034
2026/05/29 23:49:34.950, 0, 0, 750, 23034
2026/05/29 23:49:39.950, 0, 0, 750, 23034
2026/05/29 23:49:44.951, 0, 0, 750, 23034
2026/05/29 23:49:49.953, 0, 0, 750, 23034
2026/05/29 23:49:54.954, 0, 0, 750, 23034
2026/05/29 23:49:59.956, 0, 0, 750, 23034
2026/05/29 23:50:04.958, 0, 0, 750, 23034
2026/05/29 23:50:09.958, 0, 0, 750, 23034
2026/05/29 23:50:14.960, 0, 0, 750, 23034
2026/05/29 23:50:19.962, 0, 0, 750, 23034
2026/05/29 23:50:24.963, 0, 0, 750, 23034
2026/05/29 23:50:29.964, 0, 0, 750, 23034
2026/05/29 23:50:34.965, 0, 0, 750, 23034
2026/05/29 23:50:39.965, 0, 0, 750, 23034
2026/05/29 23:50:44.966, 0, 0, 750, 23034
2026/05/29 23:50:49.968, 0, 0, 750, 23034
2026/05/29 23:50:54.969, 0, 0, 750, 23034
2026/05/29 23:50:59.971, 0, 0, 750, 23034
2026/05/29 23:51:04.972, 0, 0, 750, 23034
2026/05/29 23:51:09.974, 0, 0, 750, 23034
2026/05/29 23:51:14.974, 0, 0, 750, 23034
2026/05/29 23:51:19.975, 0, 0, 750, 23034
2026/05/29 23:51:24.976, 0, 0, 750, 23034
2026/05/29 23:51:29.976, 0, 0, 750, 23034
2026/05/29 23:51:34.977, 0, 0, 750, 23034
2026/05/29 23:51:39.979, 0, 0, 750, 23034
2026/05/29 23:51:44.980, 0, 0, 750, 23034
2026/05/29 23:51:49.981, 0, 0, 750, 23034
2026/05/29 23:51:54.982, 0, 0, 750, 23034
2026/05/29 23:51:59.983, 0, 0, 750, 23034
2026/05/29 23:52:04.985, 0, 0, 750, 23034
2026/05/29 23:52:09.986, 0, 0, 750, 23034
2026/05/29 23:52:14.986, 0, 0, 750, 23034
2026/05/29 23:52:19.988, 0, 0, 750, 23034
2026/05/29 23:52:24.990, 0, 0, 750, 23034
2026/05/29 23:52:29.991, 0, 0, 750, 23034
2026/05/29 23:52:34.993, 0, 0, 750, 23034
2026/05/29 23:52:39.995, 0, 0, 750, 23034
2026/05/29 23:52:44.996, 0, 0, 750, 23034
2026/05/29 23:52:49.998, 0, 0, 750, 23034
2026/05/29 23:52:54.999, 0, 0, 750, 23034
2026/05/29 23:53:00.001, 0, 0, 750, 23034
2026/05/29 23:53:05.002, 0, 0, 750, 23034
2026/05/29 23:53:10.004, 0, 0, 750, 23034
2026/05/29 23:53:15.006, 0, 0, 750, 23034
2026/05/29 23:53:20.006, 0, 0, 750, 23034
2026/05/29 23:53:25.008, 0, 0, 750, 23034
2026/05/29 23:53:30.010, 0, 0, 750, 23034
2026/05/29 23:53:35.010, 0, 0, 750, 23034
2026/05/29 23:53:40.012, 0, 0, 750, 23034
2026/05/29 23:53:45.013, 0, 0, 750, 23034
2026/05/29 23:53:50.014, 0, 0, 750, 23034
2026/05/29 23:53:55.015, 0, 0, 750, 23034
2026/05/29 23:54:00.016, 0, 0, 750, 23034
2026/05/29 23:54:05.017, 0, 0, 750, 23034
2026/05/29 23:54:10.018, 0, 0, 750, 23034
2026/05/29 23:54:15.020, 0, 0, 750, 23034
2026/05/29 23:54:20.021, 0, 0, 750, 23034
2026/05/29 23:54:25.022, 0, 0, 750, 23034
2026/05/29 23:54:30.024, 0, 0, 750, 23034
2026/05/29 23:54:35.025, 0, 0, 750, 23034
2026/05/29 23:54:40.027, 0, 0, 750, 23034
2026/05/29 23:54:45.029, 0, 0, 750, 23034
2026/05/29 23:54:50.029, 0, 0, 750, 23034
2026/05/29 23:54:55.031, 0, 0, 750, 23034
2026/05/29 23:55:00.033, 0, 0, 750, 23034
2026/05/29 23:55:05.034, 0, 0, 750, 23034
2026/05/29 23:55:10.035, 0, 0, 750, 23034
2026/05/29 23:55:15.036, 0, 0, 750, 23034
2026/05/29 23:55:20.036, 0, 0, 750, 23034
2026/05/29 23:55:25.038, 0, 0, 750, 23034
2026/05/29 23:55:30.040, 0, 0, 750, 23034
2026/05/29 23:55:35.041, 0, 0, 750, 23034
2026/05/29 23:55:40.041, 0, 0, 750, 23034
2026/05/29 23:55:45.043, 0, 0, 750, 23034
2026/05/29 23:55:50.045, 0, 0, 750, 23034
2026/05/29 23:55:55.046, 0, 0, 750, 23034
2026/05/29 23:56:00.048, 0, 0, 750, 23034
2026/05/29 23:56:05.050, 0, 0, 750, 23034
2026/05/29 23:56:10.051, 0, 0, 750, 23034
2026/05/29 23:56:15.052, 0, 0, 750, 23034
2026/05/29 23:56:20.053, 0, 0, 750, 23034
2026/05/29 23:56:25.054, 0, 0, 750, 23034
2026/05/29 23:56:30.054, 0, 0, 750, 23034
2026/05/29 23:56:35.056, 0, 0, 750, 23034
2026/05/29 23:56:40.058, 0, 0, 750, 23034
2026/05/29 23:56:45.060, 0, 0, 750, 23034
2026/05/29 23:56:50.061, 0, 0, 750, 23034
2026/05/29 23:56:55.063, 0, 0, 750, 23034
2026/05/29 23:57:00.063, 0, 0, 750, 23034
2026/05/29 23:57:05.065, 0, 0, 750, 23034
2026/05/29 23:57:10.067, 0, 0, 750, 23034
2026/05/29 23:57:15.069, 0, 0, 750, 23034
2026/05/29 23:57:20.070, 0, 0, 750, 23034
2026/05/29 23:57:25.071, 0, 0, 750, 23034
2026/05/29 23:57:30.073, 0, 0, 750, 23034
2026/05/29 23:57:35.074, 0, 0, 750, 23034
2026/05/29 23:57:40.076, 0, 0, 750, 23034
2026/05/29 23:57:45.078, 0, 0, 750, 23034
2026/05/29 23:57:50.078, 0, 0, 750, 23034
2026/05/29 23:57:55.079, 0, 0, 750, 23034
2026/05/29 23:58:00.081, 0, 0, 750, 23034
2026/05/29 23:58:05.082, 0, 0, 750, 23034
2026/05/29 23:58:10.083, 0, 0, 750, 23034
2026/05/29 23:58:15.085, 0, 0, 750, 23034
2026/05/29 23:58:20.085, 0, 0, 750, 23034
2026/05/29 23:58:25.087, 0, 0, 750, 23034
2026/05/29 23:58:30.089, 0, 0, 750, 23034
2026/05/29 23:58:35.089, 0, 0, 750, 23034
2026/05/29 23:58:40.090, 0, 0, 750, 23034
2026/05/29 23:58:45.091, 0, 0, 750, 23034
2026/05/29 23:58:50.092, 0, 0, 750, 23034
2026/05/29 23:58:55.093, 0, 0, 750, 23034
2026/05/29 23:59:00.095, 0, 0, 750, 23034
2026/05/29 23:59:05.095, 0, 0, 750, 23034
2026/05/29 23:59:10.097, 0, 0, 750, 23034
2026/05/29 23:59:15.098, 0, 0, 750, 23034
2026/05/29 23:59:20.098, 0, 0, 750, 23034
2026/05/29 23:59:25.100, 0, 0, 750, 23034
2026/05/29 23:59:30.101, 0, 0, 750, 23034
2026/05/29 23:59:35.101, 0, 0, 750, 23034
2026/05/29 23:59:40.102, 0, 0, 750, 23034
2026/05/29 23:59:45.103, 0, 0, 750, 23034
2026/05/29 23:59:50.103, 0, 0, 750, 23034
2026/05/29 23:59:55.104, 0, 0, 750, 23034
2026/05/30 00:00:00.105, 0, 0, 750, 23034
2026/05/30 00:00:05.105, 0, 0, 750, 23034
2026/05/30 00:00:10.107, 0, 0, 750, 23034
2026/05/30 00:00:15.108, 0, 0, 750, 23034
2026/05/30 00:00:20.110, 0, 0, 750, 23034
2026/05/30 00:00:25.112, 0, 0, 750, 23034
2026/05/30 00:00:30.112, 0, 0, 750, 23034
2026/05/30 00:00:35.114, 0, 0, 750, 23034
2026/05/30 00:00:40.116, 0, 0, 750, 23034
2026/05/30 00:00:45.117, 0, 0, 750, 23034
2026/05/30 00:00:50.119, 0, 0, 750, 23034
2026/05/30 00:00:55.121, 0, 0, 750, 23034
2026/05/30 00:01:00.122, 0, 0, 750, 23034
2026/05/30 00:01:05.124, 0, 0, 750, 23034
2026/05/30 00:01:10.125, 0, 0, 750, 23034
2026/05/30 00:01:15.126, 0, 0, 750, 23034
2026/05/30 00:01:20.128, 0, 0, 750, 23034
2026/05/30 00:01:25.130, 0, 0, 750, 23034
2026/05/30 00:01:30.131, 0, 0, 750, 23034
2026/05/30 00:01:35.133, 0, 0, 750, 23034
2026/05/30 00:01:40.134, 0, 0, 750, 23034
2026/05/30 00:01:45.135, 0, 0, 750, 23034
2026/05/30 00:01:50.136, 0, 0, 750, 23034
2026/05/30 00:01:55.137, 0, 0, 750, 23034
2026/05/30 00:02:00.138, 0, 0, 750, 23034
2026/05/30 00:02:05.139, 0, 0, 750, 23034
2026/05/30 00:02:10.140, 0, 0, 750, 23034
2026/05/30 00:02:15.142, 0, 0, 750, 23034
2026/05/30 00:02:20.143, 0, 0, 750, 23034
2026/05/30 00:02:25.145, 0, 0, 750, 23034
2026/05/30 00:02:30.147, 0, 0, 750, 23034
2026/05/30 00:02:35.148, 0, 0, 750, 23034
2026/05/30 00:02:40.150, 0, 0, 750, 23034
2026/05/30 00:02:45.152, 0, 0, 750, 23034
2026/05/30 00:02:50.154, 0, 0, 750, 23034
2026/05/30 00:02:55.155, 0, 0, 750, 23034
2026/05/30 00:03:00.156, 0, 0, 750, 23034
2026/05/30 00:03:05.158, 0, 0, 750, 23034
2026/05/30 00:03:10.159, 0, 0, 750, 23034
2026/05/30 00:03:15.161, 0, 0, 750, 23034
2026/05/30 00:03:20.163, 0, 0, 750, 23034
2026/05/30 00:03:25.163, 0, 0, 750, 23034
2026/05/30 00:03:30.164, 0, 0, 750, 23034
2026/05/30 00:03:35.166, 0, 0, 750, 23034
2026/05/30 00:03:40.167, 0, 0, 750, 23034
2026/05/30 00:03:45.169, 0, 0, 750, 23034
2026/05/30 00:03:50.170, 0, 0, 750, 23034
2026/05/30 00:03:55.171, 0, 0, 750, 23034
2026/05/30 00:04:00.173, 0, 0, 750, 23034
2026/05/30 00:04:05.175, 0, 0, 750, 23034
2026/05/30 00:04:10.177, 0, 0, 750, 23034
2026/05/30 00:04:15.178, 0, 0, 750, 23034
2026/05/30 00:04:20.180, 0, 0, 750, 23034
2026/05/30 00:04:25.182, 0, 0, 750, 23034
2026/05/30 00:04:30.182, 0, 0, 750, 23034
2026/05/30 00:04:35.183, 0, 0, 750, 23034
2026/05/30 00:04:40.185, 0, 0, 750, 23034
2026/05/30 00:04:45.185, 0, 0, 750, 23034
2026/05/30 00:04:50.187, 0, 0, 750, 23034
2026/05/30 00:04:55.189, 0, 0, 750, 23034
2026/05/30 00:05:00.190, 0, 0, 750, 23034
2026/05/30 00:05:05.192, 0, 0, 750, 23034
2026/05/30 00:05:10.194, 0, 0, 750, 23034
2026/05/30 00:05:15.194, 0, 0, 750, 23034
2026/05/30 00:05:20.196, 0, 0, 750, 23034
2026/05/30 00:05:25.198, 0, 0, 750, 23034
2026/05/30 00:05:30.199, 0, 0, 750, 23034
2026/05/30 00:05:35.200, 0, 0, 750, 23034
2026/05/30 00:05:40.202, 0, 0, 750, 23034
2026/05/30 00:05:45.204, 0, 0, 750, 23034
2026/05/30 00:05:50.205, 0, 0, 750, 23034
2026/05/30 00:05:55.206, 0, 0, 750, 23034
2026/05/30 00:06:00.208, 0, 0, 750, 23034
2026/05/30 00:06:05.208, 0, 0, 750, 23034
2026/05/30 00:06:10.209, 0, 0, 750, 23034
2026/05/30 00:06:15.210, 0, 0, 750, 23034
2026/05/30 00:06:20.211, 0, 0, 750, 23034
2026/05/30 00:06:25.213, 0, 0, 750, 23034
2026/05/30 00:06:30.214, 0, 0, 750, 23034
2026/05/30 00:06:35.215, 0, 0, 750, 23034
2026/05/30 00:06:40.217, 0, 0, 750, 23034
2026/05/30 00:06:45.219, 0, 0, 750, 23034
2026/05/30 00:06:50.221, 0, 0, 750, 23034
2026/05/30 00:06:55.222, 0, 0, 750, 23034
2026/05/30 00:07:00.224, 0, 0, 750, 23034
2026/05/30 00:07:05.224, 0, 0, 750, 23034
2026/05/30 00:07:10.226, 0, 0, 750, 23034
2026/05/30 00:07:15.228, 0, 0, 750, 23034
2026/05/30 00:07:20.228, 0, 0, 750, 23034
2026/05/30 00:07:25.229, 0, 0, 750, 23034
2026/05/30 00:07:30.231, 0, 0, 750, 23034
2026/05/30 00:07:35.231, 0, 0, 750, 23034
2026/05/30 00:07:40.232, 0, 0, 750, 23034
2026/05/30 00:07:45.233, 0, 0, 750, 23034
2026/05/30 00:07:50.233, 0, 0, 750, 23034
2026/05/30 00:07:55.234, 0, 0, 750, 23034
2026/05/30 00:08:00.235, 0, 0, 750, 23034
2026/05/30 00:08:05.235, 0, 0, 750, 23034
2026/05/30 00:08:10.236, 0, 0, 750, 23034
2026/05/30 00:08:15.237, 0, 0, 750, 23034
2026/05/30 00:08:20.238, 0, 0, 750, 23034
2026/05/30 00:08:25.240, 0, 0, 750, 23034
2026/05/30 00:08:30.242, 0, 0, 750, 23034
2026/05/30 00:08:35.242, 0, 0, 750, 23034
2026/05/30 00:08:40.244, 0, 0, 750, 23034
2026/05/30 00:08:45.246, 0, 0, 750, 23034
2026/05/30 00:08:50.246, 0, 0, 750, 23034
2026/05/30 00:08:55.247, 0, 0, 750, 23034
2026/05/30 00:09:00.248, 0, 0, 750, 23034
2026/05/30 00:09:05.249, 0, 0, 750, 23034
2026/05/30 00:09:10.250, 0, 0, 750, 23034
2026/05/30 00:09:15.252, 0, 0, 750, 23034
2026/05/30 00:09:20.253, 0, 0, 750, 23034
2026/05/30 00:09:25.255, 0, 0, 750, 23034
2026/05/30 00:09:30.256, 0, 0, 750, 23034
2026/05/30 00:09:35.257, 0, 0, 750, 23034
2026/05/30 00:09:40.259, 0, 0, 750, 23034
2026/05/30 00:09:45.260, 0, 0, 750, 23034
2026/05/30 00:09:50.261, 0, 0, 750, 23034
2026/05/30 00:09:55.263, 0, 0, 750, 23034
2026/05/30 00:10:00.265, 0, 0, 750, 23034
2026/05/30 00:10:05.267, 0, 0, 750, 23034
2026/05/30 00:10:10.267, 0, 0, 750, 23034
2026/05/30 00:10:15.269, 0, 0, 750, 23034
2026/05/30 00:10:20.270, 0, 0, 750, 23034
2026/05/30 00:10:25.272, 0, 0, 750, 23034
2026/05/30 00:10:30.274, 0, 0, 750, 23034
2026/05/30 00:10:35.275, 0, 0, 750, 23034
2026/05/30 00:10:40.277, 0, 0, 750, 23034
2026/05/30 00:10:45.279, 0, 0, 750, 23034
2026/05/30 00:10:50.281, 0, 0, 750, 23034
2026/05/30 00:10:55.282, 0, 0, 750, 23034
2026/05/30 00:11:00.283, 0, 0, 750, 23034
2026/05/30 00:11:05.285, 0, 0, 750, 23034
2026/05/30 00:11:10.287, 0, 0, 750, 23034
2026/05/30 00:11:15.287, 0, 0, 750, 23034
2026/05/30 00:11:20.289, 0, 0, 750, 23034
2026/05/30 00:11:25.291, 0, 0, 750, 23034
2026/05/30 00:11:30.293, 0, 0, 750, 23034
2026/05/30 00:11:35.294, 0, 0, 750, 23034
2026/05/30 00:11:40.296, 0, 0, 750, 23034
2026/05/30 00:11:45.296, 0, 0, 750, 23034
2026/05/30 00:11:50.298, 0, 0, 750, 23034
2026/05/30 00:11:55.300, 0, 0, 750, 23034
2026/05/30 00:12:00.300, 0, 0, 750, 23034
2026/05/30 00:12:05.301, 0, 0, 750, 23034
2026/05/30 00:12:10.302, 0, 0, 750, 23034
2026/05/30 00:12:15.303, 0, 0, 750, 23034
2026/05/30 00:12:20.304, 0, 0, 750, 23034
2026/05/30 00:12:25.305, 0, 0, 750, 23034
2026/05/30 00:12:30.307, 0, 0, 750, 23034
2026/05/30 00:12:35.308, 0, 0, 750, 23034
2026/05/30 00:12:40.310, 0, 0, 750, 23034
2026/05/30 00:12:45.312, 0, 0, 750, 23034
2026/05/30 00:12:50.314, 0, 0, 750, 23034
2026/05/30 00:12:55.314, 0, 0, 750, 23034
2026/05/30 00:13:00.315, 0, 0, 750, 23034
2026/05/30 00:13:05.317, 0, 0, 750, 23034
2026/05/30 00:13:10.318, 0, 0, 750, 23034
2026/05/30 00:13:15.320, 0, 0, 750, 23034
2026/05/30 00:13:20.321, 0, 0, 750, 23034
2026/05/30 00:13:25.323, 0, 0, 750, 23034
2026/05/30 00:13:30.324, 0, 0, 750, 23034
2026/05/30 00:13:35.325, 0, 0, 750, 23034
2026/05/30 00:13:40.326, 0, 0, 750, 23034
2026/05/30 00:13:45.327, 0, 0, 750, 23034
2026/05/30 00:13:50.328, 0, 0, 750, 23034
2026/05/30 00:13:55.330, 0, 0, 750, 23034
2026/05/30 00:14:00.332, 0, 0, 750, 23034
2026/05/30 00:14:05.333, 0, 0, 750, 23034
2026/05/30 00:14:10.333, 0, 0, 750, 23034
2026/05/30 00:14:15.335, 0, 0, 750, 23034
2026/05/30 00:14:20.337, 0, 0, 750, 23034
2026/05/30 00:14:25.339, 0, 0, 750, 23034
2026/05/30 00:14:30.340, 0, 0, 750, 23034
2026/05/30 00:14:35.341, 0, 0, 750, 23034
2026/05/30 00:14:40.342, 0, 0, 750, 23034
2026/05/30 00:14:45.343, 0, 0, 750, 23034
2026/05/30 00:14:50.344, 0, 0, 750, 23034
2026/05/30 00:14:55.346, 0, 0, 750, 23034
2026/05/30 00:15:00.347, 0, 0, 750, 23034
2026/05/30 00:15:05.349, 0, 0, 750, 23034
2026/05/30 00:15:10.351, 0, 0, 750, 23034
2026/05/30 00:15:15.352, 0, 0, 750, 23034
2026/05/30 00:15:20.354, 0, 0, 750, 23034
2026/05/30 00:15:25.356, 0, 0, 750, 23034
2026/05/30 00:15:30.357, 0, 0, 750, 23034
2026/05/30 00:15:35.359, 0, 0, 750, 23034
2026/05/30 00:15:40.361, 0, 0, 750, 23034
2026/05/30 00:15:45.362, 0, 0, 750, 23034
2026/05/30 00:15:50.362, 0, 0, 750, 23034
2026/05/30 00:15:55.363, 0, 0, 750, 23034
2026/05/30 00:16:00.364, 0, 0, 750, 23034
2026/05/30 00:16:05.364, 0, 0, 750, 23034
2026/05/30 00:16:10.365, 0, 0, 750, 23034
2026/05/30 00:16:15.366, 0, 0, 750, 23034
2026/05/30 00:16:20.366, 0, 0, 750, 23034
2026/05/30 00:16:25.367, 0, 0, 750, 23034
2026/05/30 00:16:30.368, 0, 0, 750, 23034
2026/05/30 00:16:35.369, 0, 0, 750, 23034
2026/05/30 00:16:40.371, 0, 0, 750, 23034
2026/05/30 00:16:45.372, 0, 0, 750, 23034
2026/05/30 00:16:50.373, 0, 0, 750, 23034
2026/05/30 00:16:55.374, 0, 0, 750, 23034
2026/05/30 00:17:00.376, 0, 0, 750, 23034
2026/05/30 00:17:05.377, 0, 0, 750, 23034
2026/05/30 00:17:10.378, 0, 0, 750, 23034
2026/05/30 00:17:15.380, 0, 0, 750, 23034
2026/05/30 00:17:20.382, 0, 0, 750, 23034
2026/05/30 00:17:25.383, 0, 0, 750, 23034
2026/05/30 00:17:30.385, 0, 0, 750, 23034
2026/05/30 00:17:35.387, 0, 0, 750, 23034
2026/05/30 00:17:40.387, 0, 0, 750, 23034
2026/05/30 00:17:45.388, 0, 0, 750, 23034
2026/05/30 00:17:50.389, 0, 0, 750, 23034
2026/05/30 00:17:55.389, 0, 0, 750, 23034
2026/05/30 00:18:00.391, 0, 0, 750, 23034
2026/05/30 00:18:05.393, 0, 0, 750, 23034
2026/05/30 00:18:10.394, 0, 0, 750, 23034
2026/05/30 00:18:15.396, 0, 0, 750, 23034
2026/05/30 00:18:20.398, 0, 0, 750, 23034
2026/05/30 00:18:25.398, 0, 0, 750, 23034
2026/05/30 00:18:30.400, 0, 0, 750, 23034
2026/05/30 00:18:35.402, 0, 0, 750, 23034
2026/05/30 00:18:40.404, 0, 0, 750, 23034
2026/05/30 00:18:45.405, 0, 0, 750, 23034
2026/05/30 00:18:50.407, 0, 0, 750, 23034
2026/05/30 00:18:55.408, 0, 0, 750, 23034
2026/05/30 00:19:00.410, 0, 0, 750, 23034
2026/05/30 00:19:05.411, 0, 0, 750, 23034
2026/05/30 00:19:10.412, 0, 0, 750, 23034
2026/05/30 00:19:15.414, 0, 0, 750, 23034
2026/05/30 00:19:20.416, 0, 0, 750, 23034
2026/05/30 00:19:25.417, 0, 0, 750, 23034
2026/05/30 00:19:30.418, 0, 0, 750, 23034
2026/05/30 00:19:35.420, 0, 0, 750, 23034
2026/05/30 00:19:40.421, 0, 0, 750, 23034
2026/05/30 00:19:45.423, 0, 0, 750, 23034
2026/05/30 00:19:50.425, 0, 0, 750, 23034
2026/05/30 00:19:55.426, 0, 0, 750, 23034
2026/05/30 00:20:00.427, 0, 0, 750, 23034
2026/05/30 00:20:05.429, 0, 0, 750, 23034
2026/05/30 00:20:10.430, 0, 0, 750, 23034
2026/05/30 00:20:15.432, 0, 0, 750, 23034
2026/05/30 00:20:20.433, 0, 0, 750, 23034
2026/05/30 00:20:25.433, 0, 0, 750, 23034
2026/05/30 00:20:30.434, 0, 0, 750, 23034
2026/05/30 00:20:35.436, 0, 0, 750, 23034
2026/05/30 00:20:40.437, 0, 0, 750, 23034
2026/05/30 00:20:45.439, 0, 0, 750, 23034
2026/05/30 00:20:50.440, 0, 0, 750, 23034
2026/05/30 00:20:55.440, 0, 0, 750, 23034
2026/05/30 00:21:00.442, 0, 0, 750, 23034
2026/05/30 00:21:05.443, 0, 0, 750, 23034
2026/05/30 00:21:10.444, 0, 0, 750, 23034
2026/05/30 00:21:15.446, 0, 0, 750, 23034
2026/05/30 00:21:20.448, 0, 0, 750, 23034
2026/05/30 00:21:25.448, 0, 0, 750, 23034
2026/05/30 00:21:30.450, 0, 0, 750, 23034
2026/05/30 00:21:35.452, 0, 0, 750, 23034
2026/05/30 00:21:40.452, 0, 0, 750, 23034
2026/05/30 00:21:45.454, 0, 0, 750, 23034
2026/05/30 00:21:50.455, 0, 0, 750, 23034
2026/05/30 00:21:55.455, 0, 0, 750, 23034
2026/05/30 00:22:00.457, 0, 0, 750, 23034
2026/05/30 00:22:05.459, 0, 0, 750, 23034
2026/05/30 00:22:10.459, 0, 0, 750, 23034
2026/05/30 00:22:15.461, 0, 0, 750, 23034
2026/05/30 00:22:20.463, 0, 0, 750, 23034
2026/05/30 00:22:25.464, 0, 0, 750, 23034
2026/05/30 00:22:30.465, 0, 0, 750, 23034
2026/05/30 00:22:35.467, 0, 0, 750, 23034
2026/05/30 00:22:40.468, 0, 0, 750, 23034
2026/05/30 00:22:45.468, 0, 0, 750, 23034
2026/05/30 00:22:50.470, 0, 0, 750, 23034
2026/05/30 00:22:55.472, 0, 0, 750, 23034
2026/05/30 00:23:00.474, 0, 0, 750, 23034
2026/05/30 00:23:05.476, 0, 0, 750, 23034
2026/05/30 00:23:10.476, 0, 0, 750, 23034
2026/05/30 00:23:15.477, 0, 0, 750, 23034
2026/05/30 00:23:20.479, 0, 0, 750, 23034
2026/05/30 00:23:25.481, 0, 0, 750, 23034
2026/05/30 00:23:30.481, 0, 0, 750, 23034
2026/05/30 00:23:35.483, 0, 0, 750, 23034
2026/05/30 00:23:40.485, 0, 0, 750, 23034
2026/05/30 00:23:45.487, 0, 0, 750, 23034
2026/05/30 00:23:50.489, 0, 0, 750, 23034
2026/05/30 00:23:55.490, 0, 0, 750, 23034
2026/05/30 00:24:00.492, 0, 0, 750, 23034
2026/05/30 00:24:05.494, 0, 0, 750, 23034
2026/05/30 00:24:10.496, 0, 0, 750, 23034
2026/05/30 00:24:15.497, 0, 0, 750, 23034
2026/05/30 00:24:20.499, 0, 0, 750, 23034
2026/05/30 00:24:25.501, 0, 0, 750, 23034
2026/05/30 00:24:30.503, 0, 0, 750, 23034
2026/05/30 00:24:35.505, 0, 0, 750, 23034
2026/05/30 00:24:40.507, 0, 0, 750, 23034
2026/05/30 00:24:45.508, 0, 0, 750, 23034
2026/05/30 00:24:50.510, 0, 0, 750, 23034
2026/05/30 00:24:55.511, 0, 0, 750, 23034
2026/05/30 00:25:00.512, 0, 0, 750, 23034
2026/05/30 00:25:05.513, 0, 0, 750, 23034
2026/05/30 00:25:10.515, 0, 0, 750, 23034
2026/05/30 00:25:15.516, 0, 0, 750, 23034
2026/05/30 00:25:20.517, 0, 0, 750, 23034
2026/05/30 00:25:25.517, 0, 0, 750, 23034
2026/05/30 00:25:30.519, 0, 0, 750, 23034
2026/05/30 00:25:35.521, 0, 0, 750, 23034
2026/05/30 00:25:40.521, 0, 0, 750, 23034
2026/05/30 00:25:45.523, 0, 0, 750, 23034
2026/05/30 00:25:50.525, 0, 0, 750, 23034
2026/05/30 00:25:55.525, 0, 0, 750, 23034
2026/05/30 00:26:00.527, 0, 0, 750, 23034
2026/05/30 00:26:05.529, 0, 0, 750, 23034
2026/05/30 00:26:10.530, 0, 0, 750, 23034
2026/05/30 00:26:15.531, 0, 0, 750, 23034
2026/05/30 00:26:20.532, 0, 0, 750, 23034
2026/05/30 00:26:25.534, 0, 0, 750, 23034
2026/05/30 00:26:30.535, 0, 0, 750, 23034
2026/05/30 00:26:35.536, 0, 0, 750, 23034
2026/05/30 00:26:40.537, 0, 0, 750, 23034
2026/05/30 00:26:45.539, 0, 0, 750, 23034
2026/05/30 00:26:50.540, 0, 0, 750, 23034
2026/05/30 00:26:55.540, 0, 0, 750, 23034
2026/05/30 00:27:00.542, 0, 0, 750, 23034
2026/05/30 00:27:05.544, 0, 0, 750, 23034
2026/05/30 00:27:10.546, 0, 0, 750, 23034
2026/05/30 00:27:15.547, 0, 0, 750, 23034
2026/05/30 00:27:20.548, 0, 0, 750, 23034
2026/05/30 00:27:25.550, 0, 0, 750, 23034
2026/05/30 00:27:30.550, 0, 0, 750, 23034
2026/05/30 00:27:35.552, 0, 0, 750, 23034
2026/05/30 00:27:40.554, 0, 0, 750, 23034
2026/05/30 00:27:45.555, 0, 0, 750, 23034
2026/05/30 00:27:50.556, 0, 0, 750, 23034
2026/05/30 00:27:55.558, 0, 0, 750, 23034
2026/05/30 00:28:00.558, 0, 0, 750, 23034
2026/05/30 00:28:05.560, 0, 0, 750, 23034
2026/05/30 00:28:10.562, 0, 0, 750, 23034
2026/05/30 00:28:15.564, 0, 0, 750, 23034
2026/05/30 00:28:20.565, 0, 0, 750, 23034
2026/05/30 00:28:25.566, 0, 0, 750, 23034
2026/05/30 00:28:30.567, 0, 0, 750, 23034
2026/05/30 00:28:35.568, 0, 0, 750, 23034
2026/05/30 00:28:40.570, 0, 0, 750, 23034
2026/05/30 00:28:45.572, 0, 0, 750, 23034
2026/05/30 00:28:50.574, 0, 0, 750, 23034
2026/05/30 00:28:55.574, 0, 0, 750, 23034
2026/05/30 00:29:00.575, 0, 0, 750, 23034
2026/05/30 00:29:05.576, 0, 0, 750, 23034
2026/05/30 00:29:10.577, 0, 0, 750, 23034
2026/05/30 00:29:15.578, 0, 0, 750, 23034
2026/05/30 00:29:20.579, 0, 0, 750, 23034
2026/05/30 00:29:25.580, 0, 0, 750, 23034
2026/05/30 00:29:30.582, 0, 0, 750, 23034
2026/05/30 00:29:35.584, 0, 0, 750, 23034
2026/05/30 00:29:40.586, 0, 0, 750, 23034
2026/05/30 00:29:45.588, 0, 0, 750, 23034
2026/05/30 00:29:50.588, 0, 0, 750, 23034
2026/05/30 00:29:55.590, 0, 0, 750, 23034
2026/05/30 00:30:00.591, 0, 0, 750, 23034
2026/05/30 00:30:05.593, 0, 0, 750, 23034
2026/05/30 00:30:10.594, 0, 0, 750, 23034
2026/05/30 00:30:15.596, 0, 0, 750, 23034
2026/05/30 00:30:20.598, 0, 0, 750, 23034
2026/05/30 00:30:25.600, 0, 0, 750, 23034
2026/05/30 00:30:30.600, 0, 0, 750, 23034
2026/05/30 00:30:35.601, 0, 0, 750, 23034
2026/05/30 00:30:40.601, 0, 0, 750, 23034
2026/05/30 00:30:45.603, 0, 0, 750, 23034
2026/05/30 00:30:50.605, 0, 0, 750, 23034
2026/05/30 00:30:55.606, 0, 0, 750, 23034
2026/05/30 00:31:00.608, 0, 0, 750, 23034
2026/05/30 00:31:05.609, 0, 0, 750, 23034
2026/05/30 00:31:10.610, 0, 0, 750, 23034
2026/05/30 00:31:15.612, 0, 0, 750, 23034
2026/05/30 00:31:20.614, 0, 0, 750, 23034
2026/05/30 00:31:25.615, 0, 0, 750, 23034
2026/05/30 00:31:30.616, 0, 0, 750, 23034
2026/05/30 00:31:35.617, 0, 0, 750, 23034
2026/05/30 00:31:40.618, 0, 0, 750, 23034
2026/05/30 00:31:45.620, 0, 0, 750, 23034
2026/05/30 00:31:50.622, 0, 0, 750, 23034
2026/05/30 00:31:55.622, 0, 0, 750, 23034
2026/05/30 00:32:00.623, 0, 0, 750, 23034
2026/05/30 00:32:05.624, 0, 0, 750, 23034
2026/05/30 00:32:10.624, 0, 0, 750, 23034
2026/05/30 00:32:15.625, 0, 0, 750, 23034
2026/05/30 00:32:20.626, 0, 0, 750, 23034
2026/05/30 00:32:25.628, 0, 0, 750, 23034
2026/05/30 00:32:30.629, 0, 0, 750, 23034
2026/05/30 00:32:35.630, 0, 0, 750, 23034
2026/05/30 00:32:40.632, 0, 0, 750, 23034
2026/05/30 00:32:45.633, 0, 0, 750, 23034
2026/05/30 00:32:50.635, 0, 0, 750, 23034
2026/05/30 00:32:55.635, 0, 0, 750, 23034
2026/05/30 00:33:00.636, 0, 0, 750, 23034
2026/05/30 00:33:05.637, 0, 0, 750, 23034
2026/05/30 00:33:10.637, 0, 0, 750, 23034
2026/05/30 00:33:15.638, 0, 0, 750, 23034
2026/05/30 00:33:20.640, 0, 0, 750, 23034
2026/05/30 00:33:25.642, 0, 0, 750, 23034
2026/05/30 00:33:30.643, 0, 0, 750, 23034
2026/05/30 00:33:35.645, 0, 0, 750, 23034
2026/05/30 00:33:40.646, 0, 0, 750, 23034
2026/05/30 00:33:45.647, 0, 0, 750, 23034
2026/05/30 00:33:50.649, 0, 0, 750, 23034
2026/05/30 00:33:55.650, 0, 0, 750, 23034
2026/05/30 00:34:00.650, 0, 0, 750, 23034
2026/05/30 00:34:05.651, 0, 0, 750, 23034
2026/05/30 00:34:10.653, 0, 0, 750, 23034
2026/05/30 00:34:15.655, 0, 0, 750, 23034
2026/05/30 00:34:20.656, 0, 0, 750, 23034
2026/05/30 00:34:25.658, 0, 0, 750, 23034
2026/05/30 00:34:30.659, 0, 0, 750, 23034
2026/05/30 00:34:35.660, 0, 0, 750, 23034
2026/05/30 00:34:40.662, 0, 0, 750, 23034
2026/05/30 00:34:45.664, 0, 0, 750, 23034
2026/05/30 00:34:50.666, 0, 0, 750, 23034
2026/05/30 00:34:55.667, 0, 0, 750, 23034
2026/05/30 00:35:00.669, 0, 0, 750, 23034
2026/05/30 00:35:05.670, 0, 0, 750, 23034
2026/05/30 00:35:10.670, 0, 0, 750, 23034
2026/05/30 00:35:15.672, 0, 0, 750, 23034
2026/05/30 00:35:20.674, 0, 0, 750, 23034
2026/05/30 00:35:25.675, 0, 0, 750, 23034
2026/05/30 00:35:30.677, 0, 0, 750, 23034
2026/05/30 00:35:35.679, 0, 0, 750, 23034
2026/05/30 00:35:40.680, 0, 0, 750, 23034
2026/05/30 00:35:45.682, 0, 0, 750, 23034
2026/05/30 00:35:50.683, 0, 0, 750, 23034
2026/05/30 00:35:55.684, 0, 0, 750, 23034
2026/05/30 00:36:00.685, 0, 0, 750, 23034
2026/05/30 00:36:05.686, 0, 0, 750, 23034
2026/05/30 00:36:10.687, 0, 0, 750, 23034
2026/05/30 00:36:15.689, 0, 0, 750, 23034
2026/05/30 00:36:20.691, 0, 0, 750, 23034
2026/05/30 00:36:25.692, 0, 0, 750, 23034
2026/05/30 00:36:30.694, 0, 0, 750, 23034
2026/05/30 00:36:35.696, 0, 0, 750, 23034
2026/05/30 00:36:40.697, 0, 0, 750, 23034
2026/05/30 00:36:45.699, 0, 0, 750, 23034
2026/05/30 00:36:50.700, 0, 0, 750, 23034
2026/05/30 00:36:55.701, 0, 0, 750, 23034
2026/05/30 00:37:00.703, 0, 0, 750, 23034
2026/05/30 00:37:05.705, 0, 0, 750, 23034
2026/05/30 00:37:10.706, 0, 0, 750, 23034
2026/05/30 00:37:15.708, 0, 0, 750, 23034
2026/05/30 00:37:20.710, 0, 0, 750, 23034
2026/05/30 00:37:25.711, 0, 0, 750, 23034
2026/05/30 00:37:30.713, 0, 0, 750, 23034
2026/05/30 00:37:35.715, 0, 0, 750, 23034
2026/05/30 00:37:40.716, 0, 0, 750, 23034
2026/05/30 00:37:45.718, 0, 0, 750, 23034
2026/05/30 00:37:50.720, 0, 0, 750, 23034
2026/05/30 00:37:55.721, 0, 0, 750, 23034
2026/05/30 00:38:00.721, 0, 0, 750, 23034
2026/05/30 00:38:05.722, 0, 0, 750, 23034
2026/05/30 00:38:10.724, 0, 0, 750, 23034
2026/05/30 00:38:15.726, 0, 0, 750, 23034
2026/05/30 00:38:20.726, 0, 0, 750, 23034
2026/05/30 00:38:25.727, 0, 0, 750, 23034
2026/05/30 00:38:30.729, 0, 0, 750, 23034
2026/05/30 00:38:35.730, 0, 0, 750, 23034
2026/05/30 00:38:40.732, 0, 0, 750, 23034
2026/05/30 00:38:45.733, 0, 0, 750, 23034
2026/05/30 00:38:50.734, 0, 0, 750, 23034
2026/05/30 00:38:55.736, 0, 0, 750, 23034
2026/05/30 00:39:00.738, 0, 0, 750, 23034
2026/05/30 00:39:05.739, 0, 0, 750, 23034
2026/05/30 00:39:10.740, 0, 0, 750, 23034
2026/05/30 00:39:15.742, 0, 0, 750, 23034
2026/05/30 00:39:20.743, 0, 0, 750, 23034
2026/05/30 00:39:25.745, 0, 0, 750, 23034
2026/05/30 00:39:30.745, 0, 0, 750, 23034
2026/05/30 00:39:35.747, 0, 0, 750, 23034
2026/05/30 00:39:40.749, 0, 0, 750, 23034
2026/05/30 00:39:45.751, 0, 0, 750, 23034
2026/05/30 00:39:50.752, 0, 0, 750, 23034
2026/05/30 00:39:55.753, 0, 0, 750, 23034
2026/05/30 00:40:00.755, 0, 0, 750, 23034
2026/05/30 00:40:05.756, 0, 0, 750, 23034
2026/05/30 00:40:10.757, 0, 0, 750, 23034
2026/05/30 00:40:15.758, 0, 0, 750, 23034
2026/05/30 00:40:20.758, 0, 0, 750, 23034
2026/05/30 00:40:25.759, 0, 0, 750, 23034
2026/05/30 00:40:30.760, 0, 0, 750, 23034
2026/05/30 00:40:35.760, 0, 0, 750, 23034
2026/05/30 00:40:40.761, 0, 0, 750, 23034
2026/05/30 00:40:45.763, 0, 0, 750, 23034
2026/05/30 00:40:50.764, 0, 0, 750, 23034
2026/05/30 00:40:55.766, 0, 0, 750, 23034
2026/05/30 00:41:00.767, 0, 0, 750, 23034
2026/05/30 00:41:05.768, 0, 0, 750, 23034
2026/05/30 00:41:10.770, 0, 0, 750, 23034
2026/05/30 00:41:15.772, 0, 0, 750, 23034
2026/05/30 00:41:20.774, 0, 0, 750, 23034
2026/05/30 00:41:25.774, 0, 0, 750, 23034
2026/05/30 00:41:30.775, 0, 0, 750, 23034
2026/05/30 00:41:35.777, 0, 0, 750, 23034
2026/05/30 00:41:40.778, 0, 0, 750, 23034
2026/05/30 00:41:45.779, 0, 0, 750, 23034
2026/05/30 00:41:50.780, 0, 0, 750, 23034
2026/05/30 00:41:55.782, 0, 0, 750, 23034
2026/05/30 00:42:00.782, 0, 0, 750, 23034
2026/05/30 00:42:05.784, 0, 0, 750, 23034
2026/05/30 00:42:10.786, 0, 0, 750, 23034
2026/05/30 00:42:15.788, 0, 0, 750, 23034
2026/05/30 00:42:20.789, 0, 0, 750, 23034
2026/05/30 00:42:25.790, 0, 0, 750, 23034
2026/05/30 00:42:30.792, 0, 0, 750, 23034
2026/05/30 00:42:35.793, 0, 0, 750, 23034
2026/05/30 00:42:40.795, 0, 0, 750, 23034
2026/05/30 00:42:45.797, 0, 0, 750, 23034
2026/05/30 00:42:50.798, 0, 0, 750, 23034
2026/05/30 00:42:55.799, 0, 0, 750, 23034
2026/05/30 00:43:00.801, 0, 0, 750, 23034
2026/05/30 00:43:05.803, 0, 0, 750, 23034
2026/05/30 00:43:10.805, 0, 0, 750, 23034
2026/05/30 00:43:15.805, 0, 0, 750, 23034
2026/05/30 00:43:20.807, 0, 0, 750, 23034
2026/05/30 00:43:25.809, 0, 0, 750, 23034
2026/05/30 00:43:30.809, 0, 0, 750, 23034
2026/05/30 00:43:35.811, 0, 0, 750, 23034
2026/05/30 00:43:40.813, 0, 0, 750, 23034
2026/05/30 00:43:45.814, 0, 0, 750, 23034
2026/05/30 00:43:50.816, 0, 0, 750, 23034
2026/05/30 00:43:55.818, 0, 0, 750, 23034
2026/05/30 00:44:00.819, 0, 0, 750, 23034
2026/05/30 00:44:05.821, 0, 0, 750, 23034
2026/05/30 00:44:10.822, 0, 0, 750, 23034
2026/05/30 00:44:15.823, 0, 0, 750, 23034
2026/05/30 00:44:20.824, 0, 0, 750, 23034
2026/05/30 00:44:25.826, 0, 0, 750, 23034
2026/05/30 00:44:30.828, 0, 0, 750, 23034
2026/05/30 00:44:35.829, 0, 0, 750, 23034
2026/05/30 00:44:40.831, 0, 0, 750, 23034
2026/05/30 00:44:45.833, 0, 0, 750, 23034
2026/05/30 00:44:50.834, 0, 0, 750, 23034
2026/05/30 00:44:55.835, 0, 0, 750, 23034
2026/05/30 00:45:00.835, 0, 0, 750, 23034
2026/05/30 00:45:05.836, 0, 0, 750, 23034
2026/05/30 00:45:10.837, 0, 0, 750, 23034
2026/05/30 00:45:15.837, 0, 0, 750, 23034
2026/05/30 00:45:20.839, 0, 0, 750, 23034
2026/05/30 00:45:25.840, 0, 0, 750, 23034
2026/05/30 00:45:30.841, 0, 0, 750, 23034
2026/05/30 00:45:35.842, 0, 0, 750, 23034
2026/05/30 00:45:40.844, 0, 0, 750, 23034
2026/05/30 00:45:45.845, 0, 0, 750, 23034
2026/05/30 00:45:50.847, 0, 0, 750, 23034
2026/05/30 00:45:55.849, 0, 0, 750, 23034
2026/05/30 00:46:00.851, 0, 0, 750, 23034
2026/05/30 00:46:05.851, 0, 0, 750, 23034
2026/05/30 00:46:10.853, 0, 0, 750, 23034
2026/05/30 00:46:15.855, 0, 0, 750, 23034
2026/05/30 00:46:20.856, 0, 0, 750, 23034
2026/05/30 00:46:25.858, 0, 0, 750, 23034
2026/05/30 00:46:30.859, 0, 0, 750, 23034
2026/05/30 00:46:35.860, 0, 0, 750, 23034
2026/05/30 00:46:40.862, 0, 0, 750, 23034
2026/05/30 00:46:45.864, 0, 0, 750, 23034
2026/05/30 00:46:50.865, 0, 0, 750, 23034
2026/05/30 00:46:55.866, 0, 0, 750, 23034
2026/05/30 00:47:00.868, 0, 0, 750, 23034
2026/05/30 00:47:05.868, 0, 0, 750, 23034
2026/05/30 00:47:10.870, 0, 0, 750, 23034
2026/05/30 00:47:15.872, 0, 0, 750, 23034
2026/05/30 00:47:20.874, 0, 0, 750, 23034
2026/05/30 00:47:25.875, 0, 0, 750, 23034
2026/05/30 00:47:30.877, 0, 0, 750, 23034
2026/05/30 00:47:35.878, 0, 0, 750, 23034
2026/05/30 00:47:40.879, 0, 0, 750, 23034
2026/05/30 00:47:45.880, 0, 0, 750, 23034
2026/05/30 00:47:50.882, 0, 0, 750, 23034
2026/05/30 00:47:55.882, 0, 0, 750, 23034
2026/05/30 00:48:00.884, 0, 0, 750, 23034
2026/05/30 00:48:05.886, 0, 0, 750, 23034
2026/05/30 00:48:10.887, 0, 0, 750, 23034
2026/05/30 00:48:15.888, 0, 0, 750, 23034
2026/05/30 00:48:20.889, 0, 0, 750, 23034
2026/05/30 00:48:25.889, 0, 0, 750, 23034
2026/05/30 00:48:30.890, 0, 0, 750, 23034
2026/05/30 00:48:35.890, 0, 0, 750, 23034
2026/05/30 00:48:40.891, 0, 0, 750, 23034
2026/05/30 00:48:45.892, 0, 0, 750, 23034
2026/05/30 00:48:50.892, 0, 0, 750, 23034
2026/05/30 00:48:55.893, 0, 0, 750, 23034
2026/05/30 00:49:00.893, 0, 0, 750, 23034
2026/05/30 00:49:05.895, 0, 0, 750, 23034
2026/05/30 00:49:10.897, 0, 0, 750, 23034
2026/05/30 00:49:15.899, 0, 0, 750, 23034
2026/05/30 00:49:20.900, 0, 0, 750, 23034
2026/05/30 00:49:25.902, 0, 0, 750, 23034
2026/05/30 00:49:30.903, 0, 0, 750, 23034
2026/05/30 00:49:35.904, 0, 0, 750, 23034
2026/05/30 00:49:40.906, 0, 0, 750, 23034
2026/05/30 00:49:45.906, 0, 0, 750, 23034
2026/05/30 00:49:50.908, 0, 0, 750, 23034
2026/05/30 00:49:55.910, 0, 0, 750, 23034
2026/05/30 00:50:00.910, 0, 0, 750, 23034
2026/05/30 00:50:05.912, 0, 0, 750, 23034
2026/05/30 00:50:10.914, 0, 0, 750, 23034
2026/05/30 00:50:15.916, 0, 0, 750, 23034
2026/05/30 00:50:20.917, 0, 0, 750, 23034
2026/05/30 00:50:25.919, 0, 0, 750, 23034
2026/05/30 00:50:30.921, 0, 0, 750, 23034
2026/05/30 00:50:35.922, 0, 0, 750, 23034
2026/05/30 00:50:40.924, 0, 0, 750, 23034
2026/05/30 00:50:45.926, 0, 0, 750, 23034
2026/05/30 00:50:50.926, 0, 0, 750, 23034
2026/05/30 00:50:55.928, 0, 0, 750, 23034
2026/05/30 00:51:00.930, 0, 0, 750, 23034
2026/05/30 00:51:05.931, 0, 0, 750, 23034
2026/05/30 00:51:10.933, 0, 0, 750, 23034
2026/05/30 00:51:15.935, 0, 0, 750, 23034
2026/05/30 00:51:20.936, 0, 0, 750, 23034
2026/05/30 00:51:25.937, 0, 0, 750, 23034
2026/05/30 00:51:30.938, 0, 0, 750, 23034
2026/05/30 00:51:35.939, 0, 0, 750, 23034
2026/05/30 00:51:40.939, 0, 0, 750, 23034
2026/05/30 00:51:45.941, 0, 0, 750, 23034
2026/05/30 00:51:50.943, 0, 0, 750, 23034
2026/05/30 00:51:55.944, 0, 0, 750, 23034
2026/05/30 00:52:00.946, 0, 0, 750, 23034
2026/05/30 00:52:05.948, 0, 0, 750, 23034
2026/05/30 00:52:10.948, 0, 0, 750, 23034
2026/05/30 00:52:15.949, 0, 0, 750, 23034
2026/05/30 00:52:20.950, 0, 0, 750, 23034
2026/05/30 00:52:25.951, 0, 0, 750, 23034
2026/05/30 00:52:30.952, 0, 0, 750, 23034
2026/05/30 00:52:35.954, 0, 0, 750, 23034
2026/05/30 00:52:40.955, 0, 0, 750, 23034
2026/05/30 00:52:45.957, 0, 0, 750, 23034
2026/05/30 00:52:50.959, 0, 0, 750, 23034
2026/05/30 00:52:55.960, 0, 0, 750, 23034
2026/05/30 00:53:00.962, 0, 0, 750, 23034
2026/05/30 00:53:05.963, 0, 0, 750, 23034
2026/05/30 00:53:10.964, 0, 0, 750, 23034
2026/05/30 00:53:15.965, 0, 0, 750, 23034
2026/05/30 00:53:20.967, 0, 0, 750, 23034
2026/05/30 00:53:25.968, 0, 0, 750, 23034
2026/05/30 00:53:30.970, 0, 0, 750, 23034
2026/05/30 00:53:35.972, 0, 0, 750, 23034
2026/05/30 00:53:40.974, 0, 0, 750, 23034
2026/05/30 00:53:45.975, 0, 0, 750, 23034
2026/05/30 00:53:50.977, 0, 0, 750, 23034
2026/05/30 00:53:55.979, 0, 0, 750, 23034
2026/05/30 00:54:00.980, 0, 0, 750, 23034
2026/05/30 00:54:05.981, 0, 0, 750, 23034
2026/05/30 00:54:10.982, 0, 0, 750, 23034
2026/05/30 00:54:15.982, 0, 0, 750, 23034
2026/05/30 00:54:20.984, 0, 0, 750, 23034
2026/05/30 00:54:25.985, 0, 0, 750, 23034
2026/05/30 00:54:30.986, 0, 0, 750, 23034
2026/05/30 00:54:35.988, 0, 0, 750, 23034
2026/05/30 00:54:40.990, 0, 0, 750, 23034
2026/05/30 00:54:45.991, 0, 0, 750, 23034
2026/05/30 00:54:50.993, 0, 0, 750, 23034
2026/05/30 00:54:55.994, 0, 0, 750, 23034
2026/05/30 00:55:00.994, 0, 0, 750, 23034
2026/05/30 00:55:05.996, 0, 0, 750, 23034
2026/05/30 00:55:10.998, 0, 0, 750, 23034
2026/05/30 00:55:16.000, 0, 0, 750, 23034
2026/05/30 00:55:21.001, 0, 0, 750, 23034
2026/05/30 00:55:26.002, 0, 0, 750, 23034
2026/05/30 00:55:31.004, 0, 0, 750, 23034
2026/05/30 00:55:36.005, 0, 0, 750, 23034
2026/05/30 00:55:41.006, 0, 0, 750, 23034
2026/05/30 00:55:46.007, 0, 0, 750, 23034
2026/05/30 00:55:51.008, 0, 0, 750, 23034
2026/05/30 00:55:56.009, 0, 0, 750, 23034
2026/05/30 00:56:01.011, 0, 0, 750, 23034
2026/05/30 00:56:06.013, 0, 0, 750, 23034
2026/05/30 00:56:11.015, 0, 0, 750, 23034
2026/05/30 00:56:16.016, 0, 0, 750, 23034
2026/05/30 00:56:21.018, 0, 0, 750, 23034
2026/05/30 00:56:26.019, 0, 0, 750, 23034
2026/05/30 00:56:31.019, 0, 0, 750, 23034
2026/05/30 00:56:36.020, 0, 0, 750, 23034
2026/05/30 00:56:41.020, 0, 0, 750, 23034
2026/05/30 00:56:46.022, 0, 0, 750, 23034
2026/05/30 00:56:51.023, 0, 0, 750, 23034
2026/05/30 00:56:56.025, 0, 0, 750, 23034
2026/05/30 00:57:01.026, 0, 0, 750, 23034
2026/05/30 00:57:06.027, 0, 0, 750, 23034
2026/05/30 00:57:11.029, 0, 0, 750, 23034
2026/05/30 00:57:16.030, 0, 0, 750, 23034
2026/05/30 00:57:21.031, 0, 0, 750, 23034
2026/05/30 00:57:26.033, 0, 0, 750, 23034
2026/05/30 00:57:31.034, 0, 0, 750, 23034
2026/05/30 00:57:36.035, 0, 0, 750, 23034
2026/05/30 00:57:41.036, 0, 0, 750, 23034
2026/05/30 00:57:46.037, 0, 0, 750, 23034
2026/05/30 00:57:51.038, 0, 0, 750, 23034
2026/05/30 00:57:56.040, 0, 0, 750, 23034
2026/05/30 00:58:01.042, 0, 0, 750, 23034
2026/05/30 00:58:06.043, 0, 0, 750, 23034
2026/05/30 00:58:11.045, 0, 0, 750, 23034
2026/05/30 00:58:16.047, 0, 0, 750, 23034
2026/05/30 00:58:21.048, 0, 0, 750, 23034
2026/05/30 00:58:26.050, 0, 0, 750, 23034
2026/05/30 00:58:31.052, 0, 0, 750, 23034
2026/05/30 00:58:36.053, 0, 0, 750, 23034
2026/05/30 00:58:41.054, 0, 0, 750, 23034
2026/05/30 00:58:46.055, 0, 0, 750, 23034
2026/05/30 00:58:51.056, 0, 0, 750, 23034
2026/05/30 00:58:56.058, 0, 0, 750, 23034
2026/05/30 00:59:01.060, 0, 0, 750, 23034
2026/05/30 00:59:06.062, 0, 0, 750, 23034
2026/05/30 00:59:11.063, 0, 0, 750, 23034
2026/05/30 00:59:16.064, 0, 0, 750, 23034
2026/05/30 00:59:21.066, 0, 0, 750, 23034
2026/05/30 00:59:26.067, 0, 0, 750, 23034
2026/05/30 00:59:31.069, 0, 0, 750, 23034
2026/05/30 00:59:36.071, 0, 0, 750, 23034
2026/05/30 00:59:41.072, 0, 0, 750, 23034
2026/05/30 00:59:46.072, 0, 0, 750, 23034
2026/05/30 00:59:51.074, 0, 0, 750, 23034
2026/05/30 00:59:56.075, 0, 0, 750, 23034
2026/05/30 01:00:01.077, 0, 0, 750, 23034
2026/05/30 01:00:06.078, 0, 0, 750, 23034
2026/05/30 01:00:11.080, 0, 0, 750, 23034
2026/05/30 01:00:16.082, 0, 0, 750, 23034
2026/05/30 01:00:21.083, 0, 0, 750, 23034
2026/05/30 01:00:26.085, 0, 0, 750, 23034
2026/05/30 01:00:31.087, 0, 0, 750, 23034
2026/05/30 01:00:36.088, 0, 0, 750, 23034
2026/05/30 01:00:41.090, 0, 0, 750, 23034
2026/05/30 01:00:46.092, 0, 0, 750, 23034
2026/05/30 01:00:51.093, 0, 0, 750, 23034
2026/05/30 01:00:56.095, 0, 0, 750, 23034
2026/05/30 01:01:01.096, 0, 0, 750, 23034
2026/05/30 01:01:06.097, 0, 0, 750, 23034
2026/05/30 01:01:11.099, 0, 0, 750, 23034
2026/05/30 01:01:16.101, 0, 0, 750, 23034
2026/05/30 01:01:21.103, 0, 0, 750, 23034
2026/05/30 01:01:26.103, 0, 0, 750, 23034
2026/05/30 01:01:31.105, 0, 0, 750, 23034
2026/05/30 01:01:36.107, 0, 0, 750, 23034
2026/05/30 01:01:41.107, 0, 0, 750, 23034
2026/05/30 01:01:46.108, 0, 0, 750, 23034
2026/05/30 01:01:51.110, 0, 0, 750, 23034
2026/05/30 01:01:56.111, 0, 0, 750, 23034
2026/05/30 01:02:01.113, 0, 0, 750, 23034
2026/05/30 01:02:06.115, 0, 0, 750, 23034
2026/05/30 01:02:11.116, 0, 0, 750, 23034
2026/05/30 01:02:16.118, 0, 0, 750, 23034
2026/05/30 01:02:21.120, 0, 0, 750, 23034
2026/05/30 01:02:26.121, 0, 0, 750, 23034
2026/05/30 01:02:31.121, 0, 0, 750, 23034
2026/05/30 01:02:36.122, 0, 0, 750, 23034
2026/05/30 01:02:41.124, 0, 0, 750, 23034
2026/05/30 01:02:46.124, 0, 0, 750, 23034
2026/05/30 01:02:51.126, 0, 0, 750, 23034
2026/05/30 01:02:56.128, 0, 0, 750, 23034
2026/05/30 01:03:01.129, 0, 0, 750, 23034
2026/05/30 01:03:06.130, 0, 0, 750, 23034
2026/05/30 01:03:11.131, 0, 0, 750, 23034
2026/05/30 01:03:16.132, 0, 0, 750, 23034
2026/05/30 01:03:21.134, 0, 0, 750, 23034
2026/05/30 01:03:26.135, 0, 0, 750, 23034
2026/05/30 01:03:31.136, 0, 0, 750, 23034
2026/05/30 01:03:36.137, 0, 0, 750, 23034
2026/05/30 01:03:41.139, 0, 0, 750, 23034
2026/05/30 01:03:46.141, 0, 0, 750, 23034
2026/05/30 01:03:51.142, 0, 0, 750, 23034
2026/05/30 01:03:56.143, 0, 0, 750, 23034
2026/05/30 01:04:01.144, 0, 0, 750, 23034
2026/05/30 01:04:06.145, 0, 0, 750, 23034
2026/05/30 01:04:11.146, 0, 0, 750, 23034
2026/05/30 01:04:16.147, 0, 0, 750, 23034
2026/05/30 01:04:21.148, 0, 0, 750, 23034
2026/05/30 01:04:26.150, 0, 0, 750, 23034
2026/05/30 01:04:31.151, 0, 0, 750, 23034
2026/05/30 01:04:36.151, 0, 0, 750, 23034
2026/05/30 01:04:41.152, 0, 0, 750, 23034
2026/05/30 01:04:46.153, 0, 0, 750, 23034
2026/05/30 01:04:51.153, 0, 0, 750, 23034
2026/05/30 01:04:56.155, 0, 0, 750, 23034
2026/05/30 01:05:01.157, 0, 0, 750, 23034
2026/05/30 01:05:06.159, 0, 0, 750, 23034
2026/05/30 01:05:11.160, 0, 0, 750, 23034
2026/05/30 01:05:16.161, 0, 0, 750, 23034
2026/05/30 01:05:21.162, 0, 0, 750, 23034
2026/05/30 01:05:26.163, 0, 0, 750, 23034
2026/05/30 01:05:31.164, 0, 0, 750, 23034
2026/05/30 01:05:36.166, 0, 0, 750, 23034
2026/05/30 01:05:41.168, 0, 0, 750, 23034
2026/05/30 01:05:46.169, 0, 0, 750, 23034
2026/05/30 01:05:51.170, 0, 0, 750, 23034
2026/05/30 01:05:56.172, 0, 0, 750, 23034
2026/05/30 01:06:01.174, 0, 0, 750, 23034
2026/05/30 01:06:06.175, 0, 0, 750, 23034
2026/05/30 01:06:11.177, 0, 0, 750, 23034
2026/05/30 01:06:16.179, 0, 0, 750, 23034
2026/05/30 01:06:21.179, 0, 0, 750, 23034
2026/05/30 01:06:26.180, 0, 0, 750, 23034
2026/05/30 01:06:31.181, 0, 0, 750, 23034
2026/05/30 01:06:36.182, 0, 0, 750, 23034
2026/05/30 01:06:41.184, 0, 0, 750, 23034
2026/05/30 01:06:46.185, 0, 0, 750, 23034
2026/05/30 01:06:51.185, 0, 0, 750, 23034
2026/05/30 01:06:56.186, 0, 0, 750, 23034
2026/05/30 01:07:01.188, 0, 0, 750, 23034
2026/05/30 01:07:06.188, 0, 0, 750, 23034
2026/05/30 01:07:11.189, 0, 0, 750, 23034
2026/05/30 01:07:16.191, 0, 0, 750, 23034
2026/05/30 01:07:21.191, 0, 0, 750, 23034
2026/05/30 01:07:26.193, 0, 0, 750, 23034
2026/05/30 01:07:31.195, 0, 0, 750, 23034
2026/05/30 01:07:36.195, 0, 0, 750, 23034
2026/05/30 01:07:41.197, 0, 0, 750, 23034
2026/05/30 01:07:46.198, 0, 0, 750, 23034
2026/05/30 01:07:51.199, 0, 0, 750, 23034
2026/05/30 01:07:56.200, 0, 0, 750, 23034
2026/05/30 01:08:01.201, 0, 0, 750, 23034
2026/05/30 01:08:06.202, 0, 0, 750, 23034
2026/05/30 01:08:11.204, 0, 0, 750, 23034
2026/05/30 01:08:16.206, 0, 0, 750, 23034
2026/05/30 01:08:21.208, 0, 0, 750, 23034
2026/05/30 01:08:26.209, 0, 0, 750, 23034
2026/05/30 01:08:31.210, 0, 0, 750, 23034
2026/05/30 01:08:36.212, 0, 0, 750, 23034
2026/05/30 01:08:41.213, 0, 0, 750, 23034
2026/05/30 01:08:46.215, 0, 0, 750, 23034
2026/05/30 01:08:51.216, 0, 0, 750, 23034
2026/05/30 01:08:56.217, 0, 0, 750, 23034
2026/05/30 01:09:01.218, 0, 0, 750, 23034
2026/05/30 01:09:06.220, 0, 0, 750, 23034
2026/05/30 01:09:11.221, 0, 0, 750, 23034
2026/05/30 01:09:16.223, 0, 0, 750, 23034
2026/05/30 01:09:21.225, 0, 0, 750, 23034
2026/05/30 01:09:26.227, 0, 0, 750, 23034
2026/05/30 01:09:31.228, 0, 0, 750, 23034
2026/05/30 01:09:36.230, 0, 0, 750, 23034
2026/05/30 01:09:41.232, 0, 0, 750, 23034
2026/05/30 01:09:46.234, 0, 0, 750, 23034
2026/05/30 01:09:51.235, 0, 0, 750, 23034
2026/05/30 01:09:56.237, 0, 0, 750, 23034
2026/05/30 01:10:01.239, 0, 0, 750, 23034
2026/05/30 01:10:06.240, 0, 0, 750, 23034
2026/05/30 01:10:11.242, 0, 0, 750, 23034
2026/05/30 01:10:16.244, 0, 0, 750, 23034
2026/05/30 01:10:21.244, 0, 0, 750, 23034
2026/05/30 01:10:26.246, 0, 0, 750, 23034
2026/05/30 01:10:31.248, 0, 0, 750, 23034
2026/05/30 01:10:36.249, 0, 0, 750, 23034
2026/05/30 01:10:41.250, 0, 0, 750, 23034
2026/05/30 01:10:46.252, 0, 0, 750, 23034
2026/05/30 01:10:51.253, 0, 0, 750, 23034
2026/05/30 01:10:56.253, 0, 0, 750, 23034
2026/05/30 01:11:01.255, 0, 0, 750, 23034
2026/05/30 01:11:06.257, 0, 0, 750, 23034
2026/05/30 01:11:11.257, 0, 0, 750, 23034
2026/05/30 01:11:16.259, 0, 0, 750, 23034
2026/05/30 01:11:21.261, 0, 0, 750, 23034
2026/05/30 01:11:26.262, 0, 0, 750, 23034
2026/05/30 01:11:31.263, 0, 0, 750, 23034
2026/05/30 01:11:36.265, 0, 0, 750, 23034
2026/05/30 01:11:41.265, 0, 0, 750, 23034
2026/05/30 01:11:46.266, 0, 0, 750, 23034
2026/05/30 01:11:51.268, 0, 0, 750, 23034
2026/05/30 01:11:56.269, 0, 0, 750, 23034
2026/05/30 01:12:01.271, 0, 0, 750, 23034
2026/05/30 01:12:06.272, 0, 0, 750, 23034
2026/05/30 01:12:11.273, 0, 0, 750, 23034
2026/05/30 01:12:16.274, 0, 0, 750, 23034
2026/05/30 01:12:21.276, 0, 0, 750, 23034
2026/05/30 01:12:26.278, 0, 0, 750, 23034
2026/05/30 01:12:31.279, 0, 0, 750, 23034
2026/05/30 01:12:36.281, 0, 0, 750, 23034
2026/05/30 01:12:41.282, 0, 0, 750, 23034
2026/05/30 01:12:46.282, 0, 0, 750, 23034
2026/05/30 01:12:51.283, 0, 0, 750, 23034
2026/05/30 01:12:56.285, 0, 0, 750, 23034
2026/05/30 01:13:01.286, 0, 0, 750, 23034
2026/05/30 01:13:06.287, 0, 0, 750, 23034
2026/05/30 01:13:11.289, 0, 0, 750, 23034
2026/05/30 01:13:16.291, 0, 0, 750, 23034
2026/05/30 01:13:21.292, 0, 0, 750, 23034
2026/05/30 01:13:26.293, 0, 0, 750, 23034
2026/05/30 01:13:31.294, 0, 0, 750, 23034
2026/05/30 01:13:36.295, 0, 0, 750, 23034
2026/05/30 01:13:41.297, 0, 0, 750, 23034
2026/05/30 01:13:46.298, 0, 0, 750, 23034
2026/05/30 01:13:51.299, 0, 0, 750, 23034
2026/05/30 01:13:56.300, 0, 0, 750, 23034
2026/05/30 01:14:01.302, 0, 0, 750, 23034
2026/05/30 01:14:06.303, 0, 0, 750, 23034
2026/05/30 01:14:11.305, 0, 0, 750, 23034
2026/05/30 01:14:16.306, 0, 0, 750, 23034
2026/05/30 01:14:21.307, 0, 0, 750, 23034
2026/05/30 01:14:26.309, 0, 0, 750, 23034
2026/05/30 01:14:31.311, 0, 0, 750, 23034
2026/05/30 01:14:36.312, 0, 0, 750, 23034
2026/05/30 01:14:41.313, 0, 0, 750, 23034
2026/05/30 01:14:46.314, 0, 0, 750, 23034
2026/05/30 01:14:51.315, 0, 0, 750, 23034
2026/05/30 01:14:56.315, 0, 0, 750, 23034
2026/05/30 01:15:01.317, 0, 0, 750, 23034
2026/05/30 01:15:06.319, 0, 0, 750, 23034
2026/05/30 01:15:11.319, 0, 0, 750, 23034
2026/05/30 01:15:16.320, 0, 0, 750, 23034
2026/05/30 01:15:21.322, 0, 0, 750, 23034
2026/05/30 01:15:26.322, 0, 0, 750, 23034
2026/05/30 01:15:31.324, 0, 0, 750, 23034
2026/05/30 01:15:36.326, 0, 0, 750, 23034
2026/05/30 01:15:41.328, 0, 0, 750, 23034
2026/05/30 01:15:46.329, 0, 0, 750, 23034
2026/05/30 01:15:51.331, 0, 0, 750, 23034
2026/05/30 01:15:56.333, 0, 0, 750, 23034
2026/05/30 01:16:01.334, 0, 0, 750, 23034
2026/05/30 01:16:06.335, 0, 0, 750, 23034
2026/05/30 01:16:11.337, 0, 0, 750, 23034
2026/05/30 01:16:16.338, 0, 0, 750, 23034
2026/05/30 01:16:21.339, 0, 0, 750, 23034
2026/05/30 01:16:26.341, 0, 0, 750, 23034
2026/05/30 01:16:31.342, 0, 0, 750, 23034
2026/05/30 01:16:36.344, 0, 0, 750, 23034
2026/05/30 01:16:41.346, 0, 0, 750, 23034
2026/05/30 01:16:46.347, 0, 0, 750, 23034
2026/05/30 01:16:51.348, 0, 0, 750, 23034
2026/05/30 01:16:56.350, 0, 0, 750, 23034
2026/05/30 01:17:01.350, 0, 0, 750, 23034
2026/05/30 01:17:06.352, 0, 0, 750, 23034
2026/05/30 01:17:11.354, 0, 0, 750, 23034
2026/05/30 01:17:16.356, 0, 0, 750, 23034
2026/05/30 01:17:21.357, 0, 0, 750, 23034
2026/05/30 01:17:26.359, 0, 0, 750, 23034
2026/05/30 01:17:31.361, 0, 0, 750, 23034
2026/05/30 01:17:36.362, 0, 0, 750, 23034
2026/05/30 01:17:41.364, 0, 0, 750, 23034
2026/05/30 01:17:46.366, 0, 0, 750, 23034
2026/05/30 01:17:51.367, 0, 0, 750, 23034
2026/05/30 01:17:56.369, 0, 0, 750, 23034
2026/05/30 01:18:01.371, 0, 0, 750, 23034
2026/05/30 01:18:06.372, 0, 0, 750, 23034
2026/05/30 01:18:11.374, 0, 0, 750, 23034
2026/05/30 01:18:16.376, 0, 0, 750, 23034
2026/05/30 01:18:21.376, 0, 0, 750, 23034
2026/05/30 01:18:26.378, 0, 0, 750, 23034
2026/05/30 01:18:31.380, 0, 0, 750, 23034
2026/05/30 01:18:36.381, 0, 0, 750, 23034
2026/05/30 01:18:41.383, 0, 0, 750, 23034
2026/05/30 01:18:46.385, 0, 0, 750, 23034
2026/05/30 01:18:51.386, 0, 0, 750, 23034
2026/05/30 01:18:56.387, 0, 0, 750, 23034
2026/05/30 01:19:01.388, 0, 0, 750, 23034
2026/05/30 01:19:06.390, 0, 0, 750, 23034
2026/05/30 01:19:11.391, 0, 0, 750, 23034
2026/05/30 01:19:16.393, 0, 0, 750, 23034
2026/05/30 01:19:21.395, 0, 0, 750, 23034
2026/05/30 01:19:26.396, 0, 0, 750, 23034
2026/05/30 01:19:31.398, 0, 0, 750, 23034
2026/05/30 01:19:36.400, 0, 0, 750, 23034
2026/05/30 01:19:41.401, 0, 0, 750, 23034
2026/05/30 01:19:46.402, 0, 0, 750, 23034
2026/05/30 01:19:51.404, 0, 0, 750, 23034
2026/05/30 01:19:56.406, 0, 0, 750, 23034
2026/05/30 01:20:01.407, 0, 0, 750, 23034
2026/05/30 01:20:06.408, 0, 0, 750, 23034
2026/05/30 01:20:11.410, 0, 0, 750, 23034
2026/05/30 01:20:16.411, 0, 0, 750, 23034
2026/05/30 01:20:21.413, 0, 0, 750, 23034
2026/05/30 01:20:26.415, 0, 0, 750, 23034
2026/05/30 01:20:31.416, 0, 0, 750, 23034
2026/05/30 01:20:36.418, 0, 0, 750, 23034
2026/05/30 01:20:41.420, 0, 0, 750, 23034
2026/05/30 01:20:46.421, 0, 0, 750, 23034
2026/05/30 01:20:51.421, 0, 0, 750, 23034
2026/05/30 01:20:56.422, 0, 0, 750, 23034
2026/05/30 01:21:01.422, 0, 0, 750, 23034
2026/05/30 01:21:06.423, 0, 0, 750, 23034
2026/05/30 01:21:11.424, 0, 0, 750, 23034
2026/05/30 01:21:16.425, 0, 0, 750, 23034
2026/05/30 01:21:21.427, 0, 0, 750, 23034
2026/05/30 01:21:26.428, 0, 0, 750, 23034
2026/05/30 01:21:31.429, 0, 0, 750, 23034
2026/05/30 01:21:36.430, 0, 0, 750, 23034
2026/05/30 01:21:41.432, 0, 0, 750, 23034
2026/05/30 01:21:46.433, 0, 0, 750, 23034
2026/05/30 01:21:51.435, 0, 0, 750, 23034
2026/05/30 01:21:56.437, 0, 0, 750, 23034
2026/05/30 01:22:01.437, 0, 0, 750, 23034
2026/05/30 01:22:06.438, 0, 0, 750, 23034
2026/05/30 01:22:11.440, 0, 0, 750, 23034
2026/05/30 01:22:16.441, 0, 0, 750, 23034
2026/05/30 01:22:21.443, 0, 0, 750, 23034
2026/05/30 01:22:26.445, 0, 0, 750, 23034
2026/05/30 01:22:31.446, 0, 0, 750, 23034
2026/05/30 01:22:36.448, 0, 0, 750, 23034
2026/05/30 01:22:41.449, 0, 0, 750, 23034
2026/05/30 01:22:46.450, 0, 0, 750, 23034
2026/05/30 01:22:51.452, 0, 0, 750, 23034
2026/05/30 01:22:56.454, 0, 0, 750, 23034
2026/05/30 01:23:01.455, 0, 0, 750, 23034
2026/05/30 01:23:06.457, 0, 0, 750, 23034
2026/05/30 01:23:11.459, 0, 0, 750, 23034
2026/05/30 01:23:16.460, 0, 0, 750, 23034
2026/05/30 01:23:21.462, 0, 0, 750, 23034
2026/05/30 01:23:26.464, 0, 0, 750, 23034
2026/05/30 01:23:31.465, 0, 0, 750, 23034
2026/05/30 01:23:36.467, 0, 0, 750, 23034
2026/05/30 01:23:41.469, 0, 0, 750, 23034
2026/05/30 01:23:46.469, 0, 0, 750, 23034
2026/05/30 01:23:51.470, 0, 0, 750, 23034
2026/05/30 01:23:56.472, 0, 0, 750, 23034
2026/05/30 01:24:01.472, 0, 0, 750, 23034
2026/05/30 01:24:06.474, 0, 0, 750, 23034
2026/05/30 01:24:11.476, 0, 0, 750, 23034
2026/05/30 01:24:16.476, 0, 0, 750, 23034
2026/05/30 01:24:21.478, 0, 0, 750, 23034
2026/05/30 01:24:26.480, 0, 0, 750, 23034
2026/05/30 01:24:31.480, 0, 0, 750, 23034
2026/05/30 01:24:36.482, 0, 0, 750, 23034
2026/05/30 01:24:41.483, 0, 0, 750, 23034
2026/05/30 01:24:46.483, 0, 0, 750, 23034
2026/05/30 01:24:51.485, 0, 0, 750, 23034
2026/05/30 01:24:56.487, 0, 0, 750, 23034
2026/05/30 01:25:01.488, 0, 0, 750, 23034
2026/05/30 01:25:06.488, 0, 0, 750, 23034
2026/05/30 01:25:11.489, 0, 0, 750, 23034
2026/05/30 01:25:16.491, 0, 0, 750, 23034
2026/05/30 01:25:21.491, 0, 0, 750, 23034
2026/05/30 01:25:26.493, 0, 0, 750, 23034
2026/05/30 01:25:31.495, 0, 0, 750, 23034
2026/05/30 01:25:36.496, 0, 0, 750, 23034
2026/05/30 01:25:41.498, 0, 0, 750, 23034
2026/05/30 01:25:46.500, 0, 0, 750, 23034
2026/05/30 01:25:51.502, 0, 0, 750, 23034
2026/05/30 01:25:56.503, 0, 0, 750, 23034
2026/05/30 01:26:01.505, 0, 0, 750, 23034
2026/05/30 01:26:06.506, 0, 0, 750, 23034
2026/05/30 01:26:11.506, 0, 0, 750, 23034
2026/05/30 01:26:16.508, 0, 0, 750, 23034
2026/05/30 01:26:21.510, 0, 0, 750, 23034
2026/05/30 01:26:26.511, 0, 0, 750, 23034
2026/05/30 01:26:31.513, 0, 0, 750, 23034
2026/05/30 01:26:36.515, 0, 0, 750, 23034
2026/05/30 01:26:41.516, 0, 0, 750, 23034
2026/05/30 01:26:46.518, 0, 0, 750, 23034
2026/05/30 01:26:51.520, 0, 0, 750, 23034
2026/05/30 01:26:56.521, 0, 0, 750, 23034
2026/05/30 01:27:01.523, 0, 0, 750, 23034
2026/05/30 01:27:06.525, 0, 0, 750, 23034
2026/05/30 01:27:11.526, 0, 0, 750, 23034
2026/05/30 01:27:16.527, 0, 0, 750, 23034
2026/05/30 01:27:21.529, 0, 0, 750, 23034
2026/05/30 01:27:26.529, 0, 0, 750, 23034
2026/05/30 01:27:31.531, 0, 0, 750, 23034
2026/05/30 01:27:36.533, 0, 0, 750, 23034
2026/05/30 01:27:41.535, 0, 0, 750, 23034
2026/05/30 01:27:46.536, 0, 0, 750, 23034
2026/05/30 01:27:51.538, 0, 0, 750, 23034
2026/05/30 01:27:56.540, 0, 0, 750, 23034
2026/05/30 01:28:01.540, 0, 0, 750, 23034
2026/05/30 01:28:06.541, 0, 0, 750, 23034
2026/05/30 01:28:11.543, 0, 0, 750, 23034
2026/05/30 01:28:16.545, 0, 0, 750, 23034
2026/05/30 01:28:21.546, 0, 0, 750, 23034
