timestamp,gpu_util_pct,mem_util_pct,mem_used_MB,mem_total_MB
2026/06/09 17:10:44.115, 0, 0, 768, 23034
2026/06/09 17:10:49.117, 0, 0, 768, 23034
2026/06/09 17:10:54.117, 0, 0, 768, 23034
2026/06/09 17:10:59.118, 0, 0, 768, 23034
2026/06/09 17:11:04.118, 0, 0, 768, 23034
2026/06/09 17:11:09.119, 0, 0, 768, 23034
2026/06/09 17:11:14.119, 0, 0, 768, 23034
2026/06/09 17:11:19.120, 0, 0, 768, 23034
2026/06/09 17:11:24.121, 0, 0, 768, 23034
2026/06/09 17:11:29.122, 0, 0, 768, 23034
2026/06/09 17:11:34.122, 0, 0, 768, 23034
2026/06/09 17:11:39.123, 0, 0, 768, 23034
2026/06/09 17:11:44.125, 0, 0, 768, 23034
2026/06/09 17:11:49.126, 0, 0, 768, 23034
2026/06/09 17:11:54.126, 0, 0, 768, 23034
2026/06/09 17:11:59.128, 0, 0, 768, 23034
2026/06/09 17:12:04.129, 0, 0, 768, 23034
2026/06/09 17:12:09.130, 0, 0, 768, 23034
2026/06/09 17:12:14.131, 0, 0, 768, 23034
2026/06/09 17:12:19.133, 0, 0, 768, 23034
2026/06/09 17:12:24.134, 0, 0, 768, 23034
2026/06/09 17:12:29.135, 0, 0, 768, 23034
2026/06/09 17:12:34.136, 0, 0, 768, 23034
2026/06/09 17:12:39.136, 0, 0, 768, 23034
2026/06/09 17:12:44.138, 0, 0, 768, 23034
2026/06/09 17:12:49.139, 0, 0, 768, 23034
2026/06/09 17:12:54.139, 0, 0, 768, 23034
2026/06/09 17:12:59.140, 0, 0, 768, 23034
2026/06/09 17:13:04.141, 0, 0, 768, 23034
2026/06/09 17:13:09.142, 0, 0, 768, 23034
2026/06/09 17:13:14.143, 0, 0, 768, 23034
2026/06/09 17:13:19.144, 0, 0, 768, 23034
2026/06/09 17:13:24.146, 0, 0, 768, 23034
2026/06/09 17:13:29.147, 0, 0, 768, 23034
2026/06/09 17:13:34.148, 0, 0, 768, 23034
2026/06/09 17:13:39.149, 0, 0, 768, 23034
2026/06/09 17:13:44.151, 0, 0, 768, 23034
2026/06/09 17:13:49.151, 0, 0, 768, 23034
2026/06/09 17:13:54.153, 0, 0, 768, 23034
2026/06/09 17:13:59.154, 0, 0, 768, 23034
2026/06/09 17:14:04.155, 0, 0, 768, 23034
2026/06/09 17:14:09.156, 0, 0, 768, 23034
2026/06/09 17:14:14.156, 0, 0, 768, 23034
2026/06/09 17:14:19.158, 0, 0, 768, 23034
2026/06/09 17:14:24.159, 0, 0, 768, 23034
2026/06/09 17:14:29.160, 0, 0, 768, 23034
2026/06/09 17:14:34.161, 0, 0, 768, 23034
2026/06/09 17:14:39.162, 0, 0, 768, 23034
2026/06/09 17:14:44.163, 0, 0, 768, 23034
2026/06/09 17:14:49.164, 0, 0, 768, 23034
2026/06/09 17:14:54.165, 0, 0, 768, 23034
2026/06/09 17:14:59.167, 0, 0, 768, 23034
2026/06/09 17:15:04.167, 0, 0, 768, 23034
2026/06/09 17:15:09.168, 0, 0, 768, 23034
2026/06/09 17:15:14.169, 0, 0, 768, 23034
2026/06/09 17:15:19.170, 0, 0, 768, 23034
2026/06/09 17:15:24.171, 0, 0, 768, 23034
2026/06/09 17:15:29.171, 0, 0, 768, 23034
2026/06/09 17:15:34.172, 0, 0, 768, 23034
2026/06/09 17:15:39.174, 0, 0, 768, 23034
2026/06/09 17:15:44.175, 0, 0, 768, 23034
2026/06/09 17:15:49.176, 0, 0, 768, 23034
2026/06/09 17:15:54.177, 0, 0, 768, 23034
2026/06/09 17:15:59.178, 0, 0, 768, 23034
2026/06/09 17:16:04.179, 0, 0, 768, 23034
2026/06/09 17:16:09.180, 0, 0, 768, 23034
2026/06/09 17:16:14.181, 0, 0, 768, 23034
2026/06/09 17:16:19.181, 0, 0, 768, 23034
2026/06/09 17:16:24.183, 0, 0, 768, 23034
2026/06/09 17:16:29.184, 0, 0, 768, 23034
2026/06/09 17:16:34.185, 0, 0, 768, 23034
2026/06/09 17:16:39.186, 0, 0, 768, 23034
2026/06/09 17:16:44.187, 0, 0, 768, 23034
2026/06/09 17:16:49.188, 0, 0, 768, 23034
2026/06/09 17:16:54.189, 0, 0, 768, 23034
2026/06/09 17:16:59.190, 0, 0, 768, 23034
2026/06/09 17:17:04.190, 0, 0, 768, 23034
2026/06/09 17:17:09.192, 0, 0, 768, 23034
2026/06/09 17:17:14.193, 0, 0, 768, 23034
2026/06/09 17:17:19.194, 0, 0, 768, 23034
2026/06/09 17:17:24.194, 0, 0, 768, 23034
2026/06/09 17:17:29.195, 0, 0, 768, 23034
2026/06/09 17:17:34.196, 0, 0, 768, 23034
2026/06/09 17:17:39.197, 0, 0, 768, 23034
2026/06/09 17:17:44.198, 0, 0, 768, 23034
2026/06/09 17:17:49.199, 0, 0, 768, 23034
2026/06/09 17:17:54.201, 0, 0, 768, 23034
2026/06/09 17:17:59.202, 0, 0, 768, 23034
2026/06/09 17:18:04.203, 0, 0, 768, 23034
2026/06/09 17:18:09.204, 0, 0, 768, 23034
2026/06/09 17:18:14.205, 0, 0, 768, 23034
2026/06/09 17:18:19.207, 0, 0, 768, 23034
2026/06/09 17:18:24.208, 0, 0, 768, 23034
2026/06/09 17:18:29.209, 0, 0, 768, 23034
2026/06/09 17:18:34.210, 0, 0, 768, 23034
2026/06/09 17:18:39.212, 0, 0, 768, 23034
2026/06/09 17:18:44.212, 0, 0, 768, 23034
2026/06/09 17:18:49.213, 0, 0, 768, 23034
2026/06/09 17:18:54.213, 0, 0, 768, 23034
2026/06/09 17:18:59.214, 0, 0, 768, 23034
2026/06/09 17:19:04.215, 0, 0, 768, 23034
2026/06/09 17:19:09.217, 0, 0, 768, 23034
2026/06/09 17:19:14.218, 0, 0, 768, 23034
2026/06/09 17:19:19.219, 0, 0, 768, 23034
2026/06/09 17:19:24.221, 0, 0, 768, 23034
2026/06/09 17:19:29.222, 0, 0, 768, 23034
2026/06/09 17:19:34.223, 0, 0, 768, 23034
2026/06/09 17:19:39.224, 0, 0, 768, 23034
2026/06/09 17:19:44.225, 0, 0, 768, 23034
2026/06/09 17:19:49.225, 0, 0, 768, 23034
2026/06/09 17:19:54.226, 0, 0, 768, 23034
2026/06/09 17:19:59.227, 0, 0, 768, 23034
2026/06/09 17:20:04.229, 0, 0, 768, 23034
2026/06/09 17:20:09.230, 0, 0, 768, 23034
2026/06/09 17:20:14.231, 0, 0, 768, 23034
2026/06/09 17:20:19.232, 0, 0, 768, 23034
2026/06/09 17:20:24.232, 0, 0, 768, 23034
2026/06/09 17:20:29.234, 0, 0, 768, 23034
2026/06/09 17:20:34.235, 0, 0, 768, 23034
2026/06/09 17:20:39.236, 0, 0, 768, 23034
2026/06/09 17:20:44.237, 0, 0, 768, 23034
2026/06/09 17:20:49.238, 0, 0, 768, 23034
2026/06/09 17:20:54.239, 0, 0, 768, 23034
2026/06/09 17:20:59.240, 0, 0, 768, 23034
2026/06/09 17:21:04.241, 0, 0, 768, 23034
2026/06/09 17:21:09.242, 0, 0, 768, 23034
2026/06/09 17:21:14.243, 0, 0, 768, 23034
2026/06/09 17:21:19.244, 0, 0, 768, 23034
2026/06/09 17:21:24.245, 0, 0, 768, 23034
2026/06/09 17:21:29.246, 0, 0, 768, 23034
2026/06/09 17:21:34.247, 0, 0, 768, 23034
2026/06/09 17:21:39.248, 0, 0, 768, 23034
2026/06/09 17:21:44.249, 0, 0, 768, 23034
2026/06/09 17:21:49.250, 0, 0, 768, 23034
2026/06/09 17:21:54.251, 0, 0, 768, 23034
2026/06/09 17:21:59.253, 0, 0, 768, 23034
2026/06/09 17:22:04.253, 0, 0, 768, 23034
2026/06/09 17:22:09.254, 0, 0, 768, 23034
2026/06/09 17:22:14.255, 0, 0, 768, 23034
2026/06/09 17:22:19.256, 0, 0, 768, 23034
2026/06/09 17:22:24.258, 0, 0, 768, 23034
2026/06/09 17:22:29.259, 0, 0, 768, 23034
2026/06/09 17:22:34.260, 0, 0, 768, 23034
2026/06/09 17:22:39.260, 0, 0, 768, 23034
2026/06/09 17:22:44.262, 0, 0, 768, 23034
2026/06/09 17:22:49.263, 0, 0, 768, 23034
2026/06/09 17:22:54.264, 0, 0, 768, 23034
2026/06/09 17:22:59.265, 0, 0, 768, 23034
2026/06/09 17:23:04.266, 0, 0, 768, 23034
2026/06/09 17:23:09.267, 0, 0, 768, 23034
2026/06/09 17:23:14.269, 0, 0, 768, 23034
2026/06/09 17:23:19.270, 0, 0, 768, 23034
2026/06/09 17:23:24.271, 0, 0, 768, 23034
2026/06/09 17:23:29.272, 0, 0, 768, 23034
2026/06/09 17:23:34.273, 0, 0, 768, 23034
2026/06/09 17:23:39.274, 0, 0, 768, 23034
2026/06/09 17:23:44.275, 0, 0, 768, 23034
2026/06/09 17:23:49.276, 0, 0, 768, 23034
2026/06/09 17:23:54.277, 0, 0, 768, 23034
2026/06/09 17:23:59.285, 0, 0, 768, 23034
2026/06/09 17:24:04.286, 0, 0, 768, 23034
2026/06/09 17:24:09.287, 0, 0, 768, 23034
2026/06/09 17:24:14.288, 0, 0, 768, 23034
2026/06/09 17:24:19.289, 0, 0, 768, 23034
2026/06/09 17:24:24.291, 0, 0, 768, 23034
2026/06/09 17:24:29.292, 0, 0, 768, 23034
2026/06/09 17:24:34.292, 0, 0, 768, 23034
2026/06/09 17:24:39.293, 0, 0, 768, 23034
2026/06/09 17:24:44.295, 0, 0, 768, 23034
2026/06/09 17:24:49.296, 0, 0, 768, 23034
2026/06/09 17:24:54.297, 0, 0, 768, 23034
2026/06/09 17:24:59.299, 0, 0, 768, 23034
2026/06/09 17:25:04.299, 0, 0, 768, 23034
2026/06/09 17:25:09.300, 0, 0, 768, 23034
2026/06/09 17:25:14.301, 0, 0, 768, 23034
2026/06/09 17:25:19.302, 0, 0, 768, 23034
2026/06/09 17:25:24.303, 0, 0, 768, 23034
2026/06/09 17:25:29.304, 0, 0, 768, 23034
2026/06/09 17:25:34.305, 0, 0, 768, 23034
2026/06/09 17:25:39.306, 0, 0, 768, 23034
2026/06/09 17:25:44.306, 0, 0, 768, 23034
2026/06/09 17:25:49.307, 0, 0, 768, 23034
2026/06/09 17:25:54.308, 0, 0, 768, 23034
2026/06/09 17:25:59.309, 0, 0, 768, 23034
2026/06/09 17:26:04.310, 0, 0, 768, 23034
2026/06/09 17:26:09.310, 0, 0, 768, 23034
2026/06/09 17:26:14.312, 0, 0, 768, 23034
2026/06/09 17:26:19.312, 0, 0, 768, 23034
2026/06/09 17:26:24.314, 0, 0, 768, 23034
2026/06/09 17:26:29.314, 0, 0, 768, 23034
2026/06/09 17:26:34.315, 0, 0, 768, 23034
2026/06/09 17:26:39.317, 0, 0, 768, 23034
2026/06/09 17:26:44.317, 0, 0, 768, 23034
2026/06/09 17:26:49.318, 0, 0, 768, 23034
2026/06/09 17:26:54.319, 0, 0, 768, 23034
2026/06/09 17:26:59.319, 0, 0, 768, 23034
2026/06/09 17:27:04.320, 0, 0, 768, 23034
2026/06/09 17:27:09.322, 0, 0, 768, 23034
2026/06/09 17:27:14.323, 0, 0, 768, 23034
2026/06/09 17:27:19.324, 0, 0, 768, 23034
2026/06/09 17:27:24.325, 0, 0, 768, 23034
2026/06/09 17:27:29.327, 0, 0, 768, 23034
2026/06/09 17:27:34.328, 0, 0, 768, 23034
2026/06/09 17:27:39.329, 0, 0, 768, 23034
2026/06/09 17:27:44.330, 0, 0, 768, 23034
2026/06/09 17:27:49.332, 0, 0, 768, 23034
2026/06/09 17:27:54.332, 0, 0, 768, 23034
2026/06/09 17:27:59.334, 0, 0, 768, 23034
2026/06/09 17:28:04.335, 0, 0, 768, 23034
2026/06/09 17:28:09.336, 0, 0, 768, 23034
2026/06/09 17:28:14.337, 0, 0, 768, 23034
2026/06/09 17:28:19.338, 0, 0, 768, 23034
2026/06/09 17:28:24.339, 0, 0, 768, 23034
2026/06/09 17:28:29.340, 0, 0, 768, 23034
2026/06/09 17:28:34.341, 0, 0, 768, 23034
2026/06/09 17:28:39.342, 0, 0, 768, 23034
2026/06/09 17:28:44.343, 0, 0, 768, 23034
2026/06/09 17:28:49.344, 0, 0, 768, 23034
2026/06/09 17:28:54.345, 0, 0, 768, 23034
2026/06/09 17:28:59.346, 0, 0, 768, 23034
2026/06/09 17:29:04.347, 0, 0, 768, 23034
2026/06/09 17:29:09.349, 0, 0, 768, 23034
2026/06/09 17:29:14.350, 0, 0, 768, 23034
2026/06/09 17:29:19.351, 0, 0, 768, 23034
2026/06/09 17:29:24.353, 0, 0, 768, 23034
2026/06/09 17:29:29.354, 0, 0, 768, 23034
2026/06/09 17:29:34.355, 0, 0, 768, 23034
2026/06/09 17:29:39.356, 0, 0, 768, 23034
2026/06/09 17:29:44.356, 0, 0, 768, 23034
2026/06/09 17:29:49.357, 0, 0, 768, 23034
2026/06/09 17:29:54.359, 0, 0, 768, 23034
2026/06/09 17:29:59.360, 0, 0, 768, 23034
2026/06/09 17:30:04.361, 0, 0, 768, 23034
2026/06/09 17:30:09.362, 0, 0, 768, 23034
2026/06/09 17:30:14.364, 0, 0, 768, 23034
2026/06/09 17:30:19.364, 0, 0, 768, 23034
2026/06/09 17:30:24.365, 0, 0, 768, 23034
2026/06/09 17:30:29.366, 0, 0, 768, 23034
2026/06/09 17:30:34.367, 0, 0, 768, 23034
2026/06/09 17:30:39.409, 0, 0, 768, 23034
2026/06/09 17:30:44.410, 0, 0, 768, 23034
2026/06/09 17:30:49.417, 0, 0, 768, 23034
2026/06/09 17:30:54.425, 0, 0, 768, 23034
2026/06/09 17:30:59.445, 0, 0, 768, 23034
2026/06/09 17:31:04.449, 0, 0, 768, 23034
2026/06/09 17:31:09.470, 0, 0, 768, 23034
2026/06/09 17:31:14.491, 0, 0, 768, 23034
2026/06/09 17:31:19.513, 0, 0, 768, 23034
2026/06/09 17:31:24.543, 0, 0, 768, 23034
2026/06/09 17:31:29.544, 0, 0, 768, 23034
2026/06/09 17:31:34.545, 0, 0, 768, 23034
2026/06/09 17:31:39.545, 0, 0, 768, 23034
2026/06/09 17:31:44.546, 0, 0, 768, 23034
2026/06/09 17:31:49.547, 0, 0, 768, 23034
2026/06/09 17:31:54.575, 0, 0, 768, 23034
2026/06/09 17:31:59.599, 0, 0, 768, 23034
2026/06/09 17:32:04.600, 0, 0, 768, 23034
2026/06/09 17:32:09.600, 0, 0, 768, 23034
2026/06/09 17:32:14.601, 0, 0, 768, 23034
2026/06/09 17:32:19.602, 0, 0, 768, 23034
2026/06/09 17:32:24.603, 0, 0, 768, 23034
2026/06/09 17:32:29.605, 0, 0, 768, 23034
2026/06/09 17:32:34.606, 0, 0, 768, 23034
2026/06/09 17:32:39.607, 0, 0, 768, 23034
2026/06/09 17:32:44.609, 0, 0, 768, 23034
2026/06/09 17:32:49.610, 0, 0, 768, 23034
2026/06/09 17:32:54.610, 0, 0, 768, 23034
2026/06/09 17:32:59.612, 0, 0, 768, 23034
2026/06/09 17:33:04.612, 0, 0, 768, 23034
2026/06/09 17:33:09.614, 0, 0, 768, 23034
2026/06/09 17:33:14.615, 0, 0, 768, 23034
2026/06/09 17:33:19.616, 0, 0, 768, 23034
2026/06/09 17:33:24.617, 0, 0, 768, 23034
2026/06/09 17:33:29.619, 0, 0, 768, 23034
2026/06/09 17:33:34.620, 0, 0, 768, 23034
2026/06/09 17:33:39.620, 0, 0, 768, 23034
2026/06/09 17:33:44.622, 0, 0, 768, 23034
2026/06/09 17:33:49.623, 0, 0, 768, 23034
2026/06/09 17:33:54.623, 0, 0, 768, 23034
2026/06/09 17:33:59.624, 0, 0, 768, 23034
2026/06/09 17:34:04.625, 0, 0, 768, 23034
2026/06/09 17:34:09.627, 0, 0, 768, 23034
2026/06/09 17:34:14.628, 0, 0, 768, 23034
2026/06/09 17:34:19.629, 0, 0, 768, 23034
2026/06/09 17:34:24.630, 0, 0, 768, 23034
2026/06/09 17:34:29.632, 0, 0, 768, 23034
2026/06/09 17:34:34.633, 0, 0, 768, 23034
2026/06/09 17:34:39.636, 0, 0, 768, 23034
2026/06/09 17:34:44.637, 0, 0, 768, 23034
2026/06/09 17:34:49.638, 0, 0, 768, 23034
2026/06/09 17:34:54.639, 0, 0, 768, 23034
2026/06/09 17:34:59.641, 0, 0, 768, 23034
2026/06/09 17:35:04.641, 0, 0, 768, 23034
2026/06/09 17:35:09.642, 0, 0, 768, 23034
2026/06/09 17:35:14.643, 0, 0, 768, 23034
2026/06/09 17:35:19.643, 0, 0, 768, 23034
2026/06/09 17:35:24.644, 0, 0, 768, 23034
2026/06/09 17:35:29.645, 0, 0, 768, 23034
2026/06/09 17:35:34.646, 0, 0, 768, 23034
2026/06/09 17:35:39.648, 0, 0, 768, 23034
2026/06/09 17:35:44.649, 0, 0, 768, 23034
2026/06/09 17:35:49.650, 0, 0, 768, 23034
2026/06/09 17:35:54.651, 0, 0, 768, 23034
2026/06/09 17:35:59.652, 0, 0, 768, 23034
2026/06/09 17:36:04.654, 0, 0, 768, 23034
2026/06/09 17:36:09.655, 0, 0, 768, 23034
2026/06/09 17:36:14.656, 0, 0, 768, 23034
2026/06/09 17:36:19.657, 0, 0, 768, 23034
2026/06/09 17:36:24.659, 0, 0, 768, 23034
2026/06/09 17:36:29.660, 0, 0, 768, 23034
2026/06/09 17:36:34.661, 0, 0, 768, 23034
2026/06/09 17:36:39.662, 0, 0, 768, 23034
2026/06/09 17:36:44.664, 0, 0, 768, 23034
2026/06/09 17:36:49.665, 0, 0, 768, 23034
2026/06/09 17:36:54.666, 0, 0, 768, 23034
2026/06/09 17:36:59.666, 0, 0, 768, 23034
2026/06/09 17:37:04.668, 0, 0, 768, 23034
2026/06/09 17:37:09.669, 0, 0, 768, 23034
2026/06/09 17:37:14.670, 0, 0, 768, 23034
2026/06/09 17:37:19.671, 0, 0, 768, 23034
2026/06/09 17:37:24.673, 0, 0, 768, 23034
2026/06/09 17:37:29.673, 0, 0, 768, 23034
2026/06/09 17:37:34.675, 0, 0, 768, 23034
2026/06/09 17:37:39.675, 0, 0, 768, 23034
2026/06/09 17:37:44.676, 0, 0, 768, 23034
2026/06/09 17:37:49.676, 0, 0, 768, 23034
2026/06/09 17:37:54.677, 0, 0, 768, 23034
2026/06/09 17:37:59.678, 0, 0, 768, 23034
2026/06/09 17:38:04.679, 0, 0, 768, 23034
2026/06/09 17:38:09.680, 0, 0, 768, 23034
2026/06/09 17:38:14.681, 0, 0, 768, 23034
2026/06/09 17:38:19.681, 0, 0, 768, 23034
2026/06/09 17:38:24.683, 0, 0, 768, 23034
2026/06/09 17:38:29.684, 0, 0, 768, 23034
2026/06/09 17:38:34.685, 0, 0, 768, 23034
2026/06/09 17:38:39.687, 0, 0, 768, 23034
2026/06/09 17:38:44.688, 0, 0, 768, 23034
2026/06/09 17:38:49.688, 0, 0, 768, 23034
2026/06/09 17:38:54.689, 0, 0, 768, 23034
2026/06/09 17:38:59.690, 0, 0, 768, 23034
2026/06/09 17:39:04.691, 0, 0, 768, 23034
2026/06/09 17:39:09.692, 0, 0, 768, 23034
2026/06/09 17:39:14.693, 0, 0, 768, 23034
2026/06/09 17:39:19.695, 0, 0, 768, 23034
2026/06/09 17:39:24.695, 0, 0, 768, 23034
2026/06/09 17:39:29.697, 0, 0, 768, 23034
2026/06/09 17:39:34.698, 0, 0, 768, 23034
2026/06/09 17:39:39.699, 0, 0, 768, 23034
2026/06/09 17:39:44.700, 0, 0, 768, 23034
2026/06/09 17:39:49.700, 0, 0, 768, 23034
2026/06/09 17:39:54.702, 0, 0, 768, 23034
2026/06/09 17:39:59.703, 0, 0, 768, 23034
2026/06/09 17:40:04.703, 0, 0, 768, 23034
2026/06/09 17:40:09.705, 0, 0, 768, 23034
2026/06/09 17:40:14.706, 0, 0, 768, 23034
2026/06/09 17:40:19.707, 0, 0, 768, 23034
2026/06/09 17:40:24.708, 0, 0, 768, 23034
2026/06/09 17:40:29.709, 0, 0, 768, 23034
2026/06/09 17:40:34.709, 0, 0, 768, 23034
2026/06/09 17:40:39.711, 0, 0, 768, 23034
2026/06/09 17:40:44.712, 0, 0, 768, 23034
2026/06/09 17:40:49.713, 0, 0, 768, 23034
2026/06/09 17:40:54.713, 0, 0, 768, 23034
2026/06/09 17:40:59.715, 0, 0, 768, 23034
2026/06/09 17:41:04.716, 0, 0, 768, 23034
2026/06/09 17:41:09.717, 0, 0, 768, 23034
2026/06/09 17:41:14.718, 0, 0, 768, 23034
2026/06/09 17:41:19.719, 0, 0, 768, 23034
2026/06/09 17:41:24.721, 0, 0, 768, 23034
2026/06/09 17:41:29.722, 0, 0, 768, 23034
2026/06/09 17:41:34.723, 0, 0, 768, 23034
2026/06/09 17:41:39.724, 0, 0, 768, 23034
2026/06/09 17:41:44.725, 0, 0, 768, 23034
2026/06/09 17:41:49.726, 0, 0, 768, 23034
2026/06/09 17:41:54.727, 0, 0, 768, 23034
2026/06/09 17:41:59.728, 0, 0, 768, 23034
2026/06/09 17:42:04.729, 0, 0, 768, 23034
2026/06/09 17:42:09.730, 0, 0, 768, 23034
2026/06/09 17:42:14.731, 0, 0, 768, 23034
2026/06/09 17:42:19.733, 0, 0, 768, 23034
2026/06/09 17:42:24.733, 0, 0, 768, 23034
2026/06/09 17:42:29.734, 0, 0, 768, 23034
2026/06/09 17:42:34.736, 0, 0, 768, 23034
2026/06/09 17:42:39.737, 0, 0, 768, 23034
2026/06/09 17:42:44.738, 0, 0, 768, 23034
2026/06/09 17:42:49.739, 0, 0, 768, 23034
2026/06/09 17:42:54.739, 0, 0, 768, 23034
2026/06/09 17:42:59.740, 0, 0, 768, 23034
2026/06/09 17:43:04.741, 0, 0, 768, 23034
2026/06/09 17:43:09.743, 0, 0, 768, 23034
2026/06/09 17:43:14.743, 0, 0, 768, 23034
2026/06/09 17:43:19.744, 0, 0, 768, 23034
2026/06/09 17:43:24.744, 0, 0, 768, 23034
2026/06/09 17:43:29.745, 0, 0, 768, 23034
2026/06/09 17:43:34.746, 0, 0, 768, 23034
2026/06/09 17:43:39.746, 0, 0, 768, 23034
2026/06/09 17:43:44.747, 0, 0, 768, 23034
2026/06/09 17:43:49.748, 0, 0, 768, 23034
2026/06/09 17:43:54.749, 0, 0, 768, 23034
2026/06/09 17:43:59.750, 0, 0, 768, 23034
2026/06/09 17:44:04.751, 0, 0, 768, 23034
2026/06/09 17:44:09.753, 0, 0, 768, 23034
2026/06/09 17:44:14.753, 0, 0, 768, 23034
2026/06/09 17:44:19.755, 0, 0, 768, 23034
2026/06/09 17:44:24.756, 0, 0, 768, 23034
2026/06/09 17:44:29.757, 0, 0, 768, 23034
2026/06/09 17:44:34.758, 0, 0, 768, 23034
2026/06/09 17:44:39.760, 0, 0, 768, 23034
2026/06/09 17:44:44.761, 0, 0, 768, 23034
2026/06/09 17:44:49.763, 0, 0, 768, 23034
2026/06/09 17:44:54.764, 0, 0, 768, 23034
2026/06/09 17:44:59.766, 0, 0, 768, 23034
2026/06/09 17:45:04.766, 0, 0, 768, 23034
2026/06/09 17:45:09.767, 0, 0, 768, 23034
2026/06/09 17:45:14.768, 0, 0, 768, 23034
2026/06/09 17:45:19.769, 0, 0, 768, 23034
2026/06/09 17:45:24.770, 0, 0, 768, 23034
2026/06/09 17:45:29.771, 0, 0, 768, 23034
2026/06/09 17:45:34.772, 0, 0, 768, 23034
2026/06/09 17:45:39.773, 0, 0, 768, 23034
2026/06/09 17:45:44.775, 0, 0, 768, 23034
2026/06/09 17:45:49.776, 0, 0, 768, 23034
2026/06/09 17:45:54.777, 0, 0, 768, 23034
2026/06/09 17:45:59.778, 0, 0, 768, 23034
2026/06/09 17:46:04.779, 0, 0, 768, 23034
2026/06/09 17:46:09.780, 0, 0, 768, 23034
2026/06/09 17:46:14.780, 0, 0, 768, 23034
2026/06/09 17:46:19.782, 0, 0, 768, 23034
2026/06/09 17:46:24.782, 0, 0, 768, 23034
2026/06/09 17:46:29.784, 0, 0, 768, 23034
2026/06/09 17:46:34.785, 0, 0, 768, 23034
2026/06/09 17:46:39.786, 0, 0, 768, 23034
2026/06/09 17:46:44.787, 0, 0, 768, 23034
2026/06/09 17:46:49.788, 0, 0, 768, 23034
2026/06/09 17:46:54.789, 0, 0, 768, 23034
2026/06/09 17:46:59.791, 0, 0, 768, 23034
2026/06/09 17:47:04.792, 0, 0, 768, 23034
2026/06/09 17:47:09.792, 0, 0, 768, 23034
2026/06/09 17:47:14.794, 0, 0, 768, 23034
2026/06/09 17:47:19.794, 0, 0, 768, 23034
2026/06/09 17:47:24.795, 0, 0, 768, 23034
2026/06/09 17:47:29.796, 0, 0, 768, 23034
2026/06/09 17:47:34.798, 0, 0, 768, 23034
2026/06/09 17:47:39.799, 0, 0, 768, 23034
2026/06/09 17:47:44.800, 0, 0, 768, 23034
2026/06/09 17:47:49.801, 0, 0, 768, 23034
2026/06/09 17:47:54.802, 0, 0, 768, 23034
2026/06/09 17:47:59.803, 0, 0, 768, 23034
2026/06/09 17:48:04.804, 0, 0, 768, 23034
2026/06/09 17:48:09.805, 0, 0, 768, 23034
2026/06/09 17:48:14.806, 0, 0, 768, 23034
2026/06/09 17:48:19.807, 0, 0, 768, 23034
2026/06/09 17:48:24.809, 0, 0, 768, 23034
2026/06/09 17:48:29.810, 0, 0, 768, 23034
2026/06/09 17:48:34.811, 0, 0, 768, 23034
2026/06/09 17:48:39.819, 0, 0, 768, 23034
2026/06/09 17:48:44.819, 0, 0, 768, 23034
2026/06/09 17:48:49.820, 0, 0, 768, 23034
2026/06/09 17:48:54.821, 0, 0, 768, 23034
2026/06/09 17:48:59.822, 0, 0, 768, 23034
2026/06/09 17:49:04.823, 0, 0, 768, 23034
2026/06/09 17:49:09.824, 0, 0, 768, 23034
2026/06/09 17:49:14.825, 0, 0, 768, 23034
2026/06/09 17:49:19.826, 0, 0, 768, 23034
2026/06/09 17:49:24.827, 0, 0, 768, 23034
2026/06/09 17:49:29.828, 0, 0, 768, 23034
2026/06/09 17:49:34.830, 0, 0, 768, 23034
2026/06/09 17:49:39.830, 0, 0, 768, 23034
2026/06/09 17:49:44.832, 0, 0, 768, 23034
2026/06/09 17:49:49.833, 0, 0, 768, 23034
2026/06/09 17:49:54.834, 0, 0, 768, 23034
2026/06/09 17:49:59.836, 0, 0, 768, 23034
2026/06/09 17:50:04.837, 0, 0, 768, 23034
2026/06/09 17:50:09.838, 0, 0, 768, 23034
2026/06/09 17:50:14.840, 0, 0, 768, 23034
2026/06/09 17:50:19.841, 0, 0, 768, 23034
2026/06/09 17:50:24.842, 0, 0, 768, 23034
2026/06/09 17:50:29.843, 0, 0, 768, 23034
2026/06/09 17:50:34.845, 0, 0, 768, 23034
2026/06/09 17:50:39.845, 0, 0, 768, 23034
2026/06/09 17:50:44.847, 0, 0, 768, 23034
2026/06/09 17:50:49.848, 0, 0, 768, 23034
2026/06/09 17:50:54.849, 0, 0, 768, 23034
2026/06/09 17:50:59.850, 0, 0, 768, 23034
2026/06/09 17:51:04.852, 0, 0, 768, 23034
2026/06/09 17:51:09.852, 0, 0, 768, 23034
2026/06/09 17:51:14.853, 0, 0, 768, 23034
2026/06/09 17:51:19.854, 0, 0, 768, 23034
2026/06/09 17:51:24.855, 0, 0, 768, 23034
2026/06/09 17:51:29.855, 0, 0, 768, 23034
2026/06/09 17:51:34.856, 0, 0, 768, 23034
2026/06/09 17:51:39.857, 0, 0, 768, 23034
2026/06/09 17:51:44.857, 0, 0, 768, 23034
2026/06/09 17:51:49.858, 0, 0, 768, 23034
2026/06/09 17:51:54.859, 0, 0, 768, 23034
2026/06/09 17:51:59.861, 0, 0, 768, 23034
2026/06/09 17:52:04.861, 0, 0, 768, 23034
2026/06/09 17:52:09.863, 0, 0, 768, 23034
2026/06/09 17:52:14.864, 0, 0, 768, 23034
2026/06/09 17:52:19.865, 0, 0, 768, 23034
2026/06/09 17:52:24.867, 0, 0, 768, 23034
2026/06/09 17:52:29.868, 0, 0, 768, 23034
2026/06/09 17:52:34.869, 0, 0, 768, 23034
2026/06/09 17:52:39.870, 0, 0, 768, 23034
2026/06/09 17:52:44.872, 0, 0, 768, 23034
2026/06/09 17:52:49.873, 0, 0, 768, 23034
2026/06/09 17:52:54.874, 0, 0, 768, 23034
2026/06/09 17:52:59.875, 0, 0, 768, 23034
2026/06/09 17:53:04.877, 0, 0, 768, 23034
2026/06/09 17:53:09.877, 0, 0, 768, 23034
2026/06/09 17:53:14.879, 0, 0, 768, 23034
2026/06/09 17:53:19.880, 0, 0, 768, 23034
2026/06/09 17:53:24.882, 0, 0, 768, 23034
2026/06/09 17:53:29.884, 0, 0, 768, 23034
2026/06/09 17:53:34.885, 0, 0, 768, 23034
2026/06/09 17:53:39.886, 0, 0, 768, 23034
2026/06/09 17:53:44.888, 0, 0, 768, 23034
2026/06/09 17:53:49.889, 0, 0, 768, 23034
2026/06/09 17:53:54.890, 0, 0, 768, 23034
2026/06/09 17:53:59.891, 0, 0, 768, 23034
2026/06/09 17:54:04.892, 0, 0, 768, 23034
2026/06/09 17:54:09.893, 0, 0, 768, 23034
2026/06/09 17:54:14.895, 0, 0, 768, 23034
2026/06/09 17:54:19.896, 0, 0, 768, 23034
2026/06/09 17:54:24.897, 0, 0, 768, 23034
2026/06/09 17:54:29.898, 0, 0, 768, 23034
2026/06/09 17:54:34.898, 0, 0, 768, 23034
2026/06/09 17:54:39.900, 0, 0, 768, 23034
2026/06/09 17:54:44.901, 0, 0, 768, 23034
2026/06/09 17:54:49.903, 0, 0, 768, 23034
2026/06/09 17:54:54.904, 0, 0, 768, 23034
2026/06/09 17:54:59.905, 0, 0, 768, 23034
2026/06/09 17:55:04.906, 0, 0, 768, 23034
2026/06/09 17:55:09.907, 0, 0, 768, 23034
2026/06/09 17:55:14.908, 0, 0, 768, 23034
2026/06/09 17:55:19.910, 0, 0, 768, 23034
2026/06/09 17:55:24.910, 0, 0, 768, 23034
2026/06/09 17:55:29.911, 0, 0, 768, 23034
2026/06/09 17:55:34.912, 0, 0, 768, 23034
2026/06/09 17:55:39.913, 0, 0, 768, 23034
2026/06/09 17:55:44.913, 0, 0, 768, 23034
2026/06/09 17:55:49.914, 0, 0, 768, 23034
2026/06/09 17:55:54.916, 0, 0, 768, 23034
2026/06/09 17:55:59.917, 0, 0, 768, 23034
2026/06/09 17:56:04.919, 0, 0, 768, 23034
2026/06/09 17:56:09.920, 0, 0, 768, 23034
2026/06/09 17:56:14.921, 0, 0, 768, 23034
2026/06/09 17:56:19.923, 0, 0, 768, 23034
2026/06/09 17:56:24.924, 0, 0, 768, 23034
2026/06/09 17:56:29.925, 0, 0, 768, 23034
2026/06/09 17:56:34.927, 0, 0, 768, 23034
2026/06/09 17:56:39.928, 0, 0, 768, 23034
2026/06/09 17:56:44.929, 0, 0, 768, 23034
2026/06/09 17:56:49.930, 0, 0, 768, 23034
2026/06/09 17:56:54.931, 0, 0, 768, 23034
2026/06/09 17:56:59.933, 0, 0, 768, 23034
2026/06/09 17:57:04.934, 0, 0, 768, 23034
2026/06/09 17:57:09.935, 0, 0, 768, 23034
2026/06/09 17:57:14.936, 0, 0, 768, 23034
2026/06/09 17:57:19.937, 0, 0, 768, 23034
2026/06/09 17:57:24.938, 0, 0, 768, 23034
2026/06/09 17:57:29.940, 0, 0, 768, 23034
2026/06/09 17:57:34.941, 0, 0, 768, 23034
2026/06/09 17:57:39.942, 0, 0, 768, 23034
2026/06/09 17:57:44.944, 0, 0, 768, 23034
2026/06/09 17:57:49.944, 0, 0, 768, 23034
2026/06/09 17:57:54.946, 0, 0, 768, 23034
2026/06/09 17:57:59.947, 0, 0, 768, 23034
2026/06/09 17:58:04.948, 0, 0, 768, 23034
2026/06/09 17:58:09.949, 0, 0, 768, 23034
2026/06/09 17:58:14.950, 0, 0, 768, 23034
2026/06/09 17:58:19.951, 0, 0, 768, 23034
2026/06/09 17:58:24.952, 0, 0, 768, 23034
2026/06/09 17:58:29.953, 0, 0, 768, 23034
2026/06/09 17:58:34.954, 0, 0, 768, 23034
2026/06/09 17:58:39.956, 0, 0, 768, 23034
2026/06/09 17:58:44.957, 0, 0, 768, 23034
2026/06/09 17:58:49.959, 0, 0, 768, 23034
2026/06/09 17:58:54.960, 0, 0, 768, 23034
2026/06/09 17:58:59.961, 0, 0, 768, 23034
2026/06/09 17:59:04.962, 0, 0, 768, 23034
2026/06/09 17:59:09.963, 0, 0, 768, 23034
2026/06/09 17:59:14.964, 0, 0, 768, 23034
2026/06/09 17:59:19.965, 0, 0, 768, 23034
2026/06/09 17:59:24.966, 0, 0, 768, 23034
2026/06/09 17:59:29.967, 0, 0, 768, 23034
2026/06/09 17:59:34.968, 0, 0, 768, 23034
2026/06/09 17:59:39.968, 0, 0, 768, 23034
2026/06/09 17:59:44.969, 0, 0, 768, 23034
2026/06/09 17:59:49.970, 0, 0, 768, 23034
2026/06/09 17:59:54.970, 0, 0, 768, 23034
2026/06/09 17:59:59.971, 0, 0, 768, 23034
2026/06/09 18:00:04.972, 0, 0, 768, 23034
2026/06/09 18:00:09.974, 0, 0, 768, 23034
2026/06/09 18:00:14.974, 0, 0, 768, 23034
2026/06/09 18:00:19.976, 0, 0, 768, 23034
2026/06/09 18:00:24.977, 0, 0, 768, 23034
2026/06/09 18:00:29.978, 0, 0, 768, 23034
2026/06/09 18:00:34.980, 0, 0, 768, 23034
2026/06/09 18:00:39.981, 0, 0, 768, 23034
2026/06/09 18:00:44.982, 0, 0, 768, 23034
2026/06/09 18:00:49.983, 0, 0, 768, 23034
2026/06/09 18:00:54.984, 0, 0, 768, 23034
2026/06/09 18:00:59.985, 0, 0, 768, 23034
2026/06/09 18:01:04.986, 0, 0, 768, 23034
2026/06/09 18:01:09.987, 0, 0, 768, 23034
2026/06/09 18:01:14.988, 0, 0, 768, 23034
2026/06/09 18:01:19.989, 0, 0, 768, 23034
2026/06/09 18:01:24.990, 0, 0, 768, 23034
2026/06/09 18:01:29.991, 0, 0, 768, 23034
2026/06/09 18:01:34.993, 0, 0, 768, 23034
2026/06/09 18:01:39.993, 0, 0, 768, 23034
2026/06/09 18:01:44.995, 0, 0, 768, 23034
2026/06/09 18:01:49.996, 0, 0, 768, 23034
2026/06/09 18:01:54.997, 0, 0, 768, 23034
2026/06/09 18:01:59.999, 0, 0, 768, 23034
2026/06/09 18:02:04.999, 0, 0, 768, 23034
2026/06/09 18:02:10.001, 0, 0, 768, 23034
2026/06/09 18:02:15.002, 0, 0, 768, 23034
2026/06/09 18:02:20.002, 0, 0, 768, 23034
2026/06/09 18:02:25.004, 0, 0, 768, 23034
2026/06/09 18:02:30.005, 0, 0, 768, 23034
2026/06/09 18:02:35.006, 0, 0, 768, 23034
2026/06/09 18:02:40.007, 0, 0, 768, 23034
2026/06/09 18:02:45.009, 0, 0, 768, 23034
2026/06/09 18:02:50.011, 0, 0, 768, 23034
2026/06/09 18:02:55.011, 0, 0, 768, 23034
2026/06/09 18:03:00.013, 0, 0, 768, 23034
2026/06/09 18:03:05.013, 0, 0, 768, 23034
2026/06/09 18:03:10.015, 0, 0, 768, 23034
2026/06/09 18:03:15.015, 0, 0, 768, 23034
2026/06/09 18:03:20.016, 0, 0, 768, 23034
2026/06/09 18:03:25.018, 0, 0, 768, 23034
2026/06/09 18:03:30.019, 0, 0, 768, 23034
2026/06/09 18:03:35.020, 0, 0, 768, 23034
2026/06/09 18:03:40.021, 0, 0, 768, 23034
2026/06/09 18:03:45.022, 0, 0, 768, 23034
2026/06/09 18:03:50.023, 0, 0, 768, 23034
2026/06/09 18:03:55.024, 0, 0, 768, 23034
2026/06/09 18:04:00.025, 0, 0, 768, 23034
2026/06/09 18:04:05.026, 0, 0, 768, 23034
2026/06/09 18:04:10.028, 0, 0, 768, 23034
2026/06/09 18:04:15.029, 0, 0, 768, 23034
2026/06/09 18:04:20.030, 0, 0, 768, 23034
2026/06/09 18:04:25.031, 0, 0, 768, 23034
2026/06/09 18:04:30.033, 0, 0, 768, 23034
2026/06/09 18:04:35.034, 0, 0, 768, 23034
2026/06/09 18:04:40.035, 0, 0, 768, 23034
2026/06/09 18:04:45.037, 0, 0, 768, 23034
2026/06/09 18:04:50.038, 0, 0, 768, 23034
2026/06/09 18:04:55.039, 0, 0, 768, 23034
2026/06/09 18:05:00.041, 0, 0, 768, 23034
2026/06/09 18:05:05.042, 0, 0, 768, 23034
2026/06/09 18:05:10.043, 0, 0, 768, 23034
2026/06/09 18:05:15.044, 0, 0, 768, 23034
2026/06/09 18:05:20.046, 0, 0, 768, 23034
2026/06/09 18:05:25.047, 0, 0, 768, 23034
2026/06/09 18:05:30.048, 0, 0, 768, 23034
2026/06/09 18:05:35.050, 0, 0, 768, 23034
2026/06/09 18:05:40.051, 0, 0, 768, 23034
2026/06/09 18:05:45.052, 0, 0, 768, 23034
2026/06/09 18:05:50.053, 0, 0, 768, 23034
2026/06/09 18:05:55.054, 0, 0, 768, 23034
2026/06/09 18:06:00.055, 0, 0, 768, 23034
2026/06/09 18:06:05.056, 0, 0, 768, 23034
2026/06/09 18:06:10.057, 0, 0, 768, 23034
2026/06/09 18:06:15.058, 0, 0, 768, 23034
2026/06/09 18:06:20.058, 0, 0, 768, 23034
2026/06/09 18:06:25.059, 0, 0, 768, 23034
2026/06/09 18:06:30.060, 0, 0, 768, 23034
2026/06/09 18:06:35.061, 0, 0, 768, 23034
2026/06/09 18:06:40.062, 0, 0, 768, 23034
2026/06/09 18:06:45.062, 0, 0, 768, 23034
2026/06/09 18:06:50.063, 0, 0, 768, 23034
2026/06/09 18:06:55.065, 0, 0, 768, 23034
2026/06/09 18:07:00.066, 0, 0, 768, 23034
2026/06/09 18:07:05.067, 0, 0, 768, 23034
2026/06/09 18:07:10.068, 0, 0, 768, 23034
2026/06/09 18:07:15.069, 0, 0, 768, 23034
2026/06/09 18:07:20.070, 0, 0, 768, 23034
2026/06/09 18:07:25.071, 0, 0, 768, 23034
2026/06/09 18:07:30.073, 0, 0, 768, 23034
2026/06/09 18:07:35.074, 0, 0, 768, 23034
2026/06/09 18:07:40.075, 0, 0, 768, 23034
2026/06/09 18:07:45.075, 0, 0, 768, 23034
2026/06/09 18:07:50.076, 0, 0, 768, 23034
2026/06/09 18:07:55.077, 0, 0, 768, 23034
2026/06/09 18:08:00.077, 0, 0, 768, 23034
2026/06/09 18:08:05.078, 0, 0, 768, 23034
2026/06/09 18:08:10.078, 0, 0, 768, 23034
2026/06/09 18:08:15.080, 0, 0, 768, 23034
2026/06/09 18:08:20.081, 0, 0, 768, 23034
2026/06/09 18:08:25.082, 0, 0, 768, 23034
2026/06/09 18:08:30.083, 0, 0, 768, 23034
2026/06/09 18:08:35.084, 0, 0, 768, 23034
2026/06/09 18:08:40.088, 0, 0, 768, 23034
2026/06/09 18:08:45.090, 0, 0, 768, 23034
2026/06/09 18:08:50.091, 0, 0, 768, 23034
2026/06/09 18:08:55.092, 0, 0, 768, 23034
2026/06/09 18:09:00.093, 0, 0, 768, 23034
2026/06/09 18:09:05.094, 0, 0, 768, 23034
2026/06/09 18:09:10.095, 0, 0, 768, 23034
2026/06/09 18:09:15.096, 0, 0, 768, 23034
2026/06/09 18:09:20.097, 0, 0, 768, 23034
2026/06/09 18:09:25.098, 0, 0, 768, 23034
2026/06/09 18:09:30.100, 0, 0, 768, 23034
2026/06/09 18:09:35.100, 0, 0, 768, 23034
2026/06/09 18:09:40.101, 0, 0, 768, 23034
2026/06/09 18:09:45.102, 0, 0, 768, 23034
2026/06/09 18:09:50.104, 0, 0, 768, 23034
2026/06/09 18:09:55.104, 0, 0, 768, 23034
2026/06/09 18:10:00.105, 0, 0, 768, 23034
2026/06/09 18:10:05.107, 0, 0, 768, 23034
2026/06/09 18:10:10.108, 0, 0, 768, 23034
2026/06/09 18:10:15.109, 0, 0, 768, 23034
2026/06/09 18:10:20.110, 0, 0, 768, 23034
2026/06/09 18:10:25.111, 0, 0, 768, 23034
2026/06/09 18:10:30.112, 0, 0, 768, 23034
2026/06/09 18:10:35.113, 0, 0, 768, 23034
2026/06/09 18:10:40.114, 0, 0, 768, 23034
2026/06/09 18:10:45.115, 0, 0, 768, 23034
2026/06/09 18:10:50.116, 0, 0, 768, 23034
2026/06/09 18:10:55.117, 0, 0, 768, 23034
2026/06/09 18:11:00.118, 0, 0, 768, 23034
2026/06/09 18:11:05.119, 0, 0, 768, 23034
2026/06/09 18:11:10.120, 0, 0, 768, 23034
2026/06/09 18:11:15.121, 0, 0, 768, 23034
2026/06/09 18:11:20.122, 0, 0, 768, 23034
2026/06/09 18:11:25.123, 0, 0, 768, 23034
2026/06/09 18:11:30.125, 0, 0, 768, 23034
2026/06/09 18:11:35.126, 0, 0, 768, 23034
2026/06/09 18:11:40.127, 0, 0, 768, 23034
2026/06/09 18:11:45.128, 0, 0, 768, 23034
2026/06/09 18:11:50.130, 0, 0, 768, 23034
2026/06/09 18:11:55.131, 0, 0, 768, 23034
2026/06/09 18:12:00.132, 0, 0, 768, 23034
2026/06/09 18:12:05.133, 0, 0, 768, 23034
2026/06/09 18:12:10.135, 0, 0, 768, 23034
2026/06/09 18:12:15.135, 0, 0, 768, 23034
2026/06/09 18:12:20.136, 0, 0, 768, 23034
2026/06/09 18:12:25.137, 0, 0, 768, 23034
2026/06/09 18:12:30.138, 0, 0, 768, 23034
2026/06/09 18:12:35.139, 0, 0, 768, 23034
2026/06/09 18:12:40.139, 0, 0, 768, 23034
2026/06/09 18:12:45.140, 0, 0, 768, 23034
2026/06/09 18:12:50.141, 0, 0, 768, 23034
2026/06/09 18:12:55.142, 0, 0, 768, 23034
2026/06/09 18:13:00.144, 0, 0, 768, 23034
2026/06/09 18:13:05.144, 0, 0, 768, 23034
2026/06/09 18:13:10.146, 0, 0, 768, 23034
2026/06/09 18:13:15.147, 0, 0, 768, 23034
2026/06/09 18:13:20.151, 0, 0, 768, 23034
2026/06/09 18:13:25.153, 0, 0, 768, 23034
2026/06/09 18:13:30.153, 0, 0, 768, 23034
2026/06/09 18:13:35.154, 0, 0, 768, 23034
2026/06/09 18:13:40.156, 0, 0, 768, 23034
2026/06/09 18:13:45.157, 0, 0, 768, 23034
2026/06/09 18:13:50.159, 0, 0, 768, 23034
2026/06/09 18:13:55.160, 0, 0, 768, 23034
2026/06/09 18:14:00.161, 0, 0, 768, 23034
2026/06/09 18:14:05.162, 0, 0, 768, 23034
2026/06/09 18:14:10.163, 0, 0, 768, 23034
2026/06/09 18:14:15.164, 0, 0, 768, 23034
2026/06/09 18:14:20.165, 0, 0, 768, 23034
2026/06/09 18:14:25.166, 0, 0, 768, 23034
2026/06/09 18:14:30.168, 0, 0, 768, 23034
2026/06/09 18:14:35.169, 0, 0, 768, 23034
2026/06/09 18:14:40.170, 0, 0, 768, 23034
2026/06/09 18:14:45.171, 0, 0, 768, 23034
2026/06/09 18:14:50.173, 0, 0, 768, 23034
2026/06/09 18:14:55.174, 0, 0, 768, 23034
2026/06/09 18:15:00.175, 0, 0, 768, 23034
2026/06/09 18:15:05.176, 0, 0, 768, 23034
2026/06/09 18:15:10.177, 0, 0, 768, 23034
2026/06/09 18:15:15.178, 0, 0, 768, 23034
2026/06/09 18:15:20.179, 0, 0, 768, 23034
2026/06/09 18:15:25.181, 0, 0, 768, 23034
2026/06/09 18:15:30.182, 0, 0, 768, 23034
2026/06/09 18:15:35.183, 0, 0, 768, 23034
2026/06/09 18:15:40.184, 0, 0, 768, 23034
2026/06/09 18:15:45.186, 0, 0, 768, 23034
2026/06/09 18:15:50.187, 0, 0, 768, 23034
2026/06/09 18:15:55.187, 0, 0, 768, 23034
2026/06/09 18:16:00.189, 0, 0, 768, 23034
2026/06/09 18:16:05.190, 0, 0, 768, 23034
2026/06/09 18:16:10.191, 0, 0, 768, 23034
2026/06/09 18:16:15.191, 0, 0, 768, 23034
2026/06/09 18:16:20.193, 0, 0, 768, 23034
2026/06/09 18:16:25.194, 0, 0, 768, 23034
2026/06/09 18:16:30.195, 0, 0, 768, 23034
2026/06/09 18:16:35.196, 0, 0, 768, 23034
2026/06/09 18:16:40.198, 0, 0, 768, 23034
2026/06/09 18:16:45.199, 0, 0, 768, 23034
2026/06/09 18:16:50.200, 0, 0, 768, 23034
2026/06/09 18:16:55.202, 0, 0, 768, 23034
2026/06/09 18:17:00.203, 0, 0, 768, 23034
2026/06/09 18:17:05.204, 0, 0, 768, 23034
2026/06/09 18:17:10.205, 0, 0, 768, 23034
2026/06/09 18:17:15.207, 0, 0, 768, 23034
2026/06/09 18:17:20.207, 0, 0, 768, 23034
2026/06/09 18:17:25.208, 0, 0, 768, 23034
2026/06/09 18:17:30.209, 0, 0, 768, 23034
2026/06/09 18:17:35.210, 0, 0, 768, 23034
2026/06/09 18:17:40.239, 0, 0, 768, 23034
2026/06/09 18:17:45.240, 0, 0, 768, 23034
2026/06/09 18:17:50.241, 0, 0, 768, 23034
2026/06/09 18:17:55.242, 0, 0, 768, 23034
2026/06/09 18:18:00.243, 0, 0, 768, 23034
2026/06/09 18:18:05.244, 0, 0, 768, 23034
2026/06/09 18:18:10.246, 0, 0, 768, 23034
2026/06/09 18:18:15.247, 0, 0, 768, 23034
2026/06/09 18:18:20.248, 0, 0, 768, 23034
2026/06/09 18:18:25.249, 0, 0, 768, 23034
2026/06/09 18:18:30.250, 0, 0, 768, 23034
2026/06/09 18:18:35.251, 0, 0, 768, 23034
2026/06/09 18:18:40.253, 0, 0, 768, 23034
2026/06/09 18:18:45.254, 0, 0, 768, 23034
2026/06/09 18:18:50.255, 0, 0, 768, 23034
2026/06/09 18:18:55.256, 0, 0, 768, 23034
2026/06/09 18:19:00.257, 0, 0, 768, 23034
2026/06/09 18:19:05.259, 0, 0, 768, 23034
2026/06/09 18:19:10.259, 0, 0, 768, 23034
2026/06/09 18:19:15.261, 0, 0, 768, 23034
2026/06/09 18:19:20.262, 0, 0, 768, 23034
2026/06/09 18:19:25.263, 0, 0, 768, 23034
2026/06/09 18:19:30.264, 0, 0, 768, 23034
2026/06/09 18:19:35.265, 0, 0, 768, 23034
2026/06/09 18:19:40.266, 0, 0, 768, 23034
2026/06/09 18:19:45.268, 0, 0, 768, 23034
2026/06/09 18:19:50.269, 0, 0, 768, 23034
2026/06/09 18:19:55.270, 0, 0, 768, 23034
2026/06/09 18:20:00.271, 0, 0, 768, 23034
2026/06/09 18:20:05.273, 0, 0, 768, 23034
2026/06/09 18:20:10.275, 0, 0, 768, 23034
2026/06/09 18:20:15.276, 0, 0, 768, 23034
2026/06/09 18:20:20.277, 0, 0, 768, 23034
2026/06/09 18:20:25.278, 0, 0, 768, 23034
2026/06/09 18:20:30.280, 0, 0, 768, 23034
2026/06/09 18:20:35.281, 0, 0, 768, 23034
2026/06/09 18:20:40.281, 0, 0, 768, 23034
2026/06/09 18:20:45.282, 0, 0, 768, 23034
2026/06/09 18:20:50.283, 0, 0, 768, 23034
2026/06/09 18:20:55.285, 0, 0, 768, 23034
2026/06/09 18:21:00.286, 0, 0, 768, 23034
2026/06/09 18:21:05.287, 0, 0, 768, 23034
2026/06/09 18:21:10.289, 0, 0, 768, 23034
2026/06/09 18:21:15.290, 0, 0, 768, 23034
2026/06/09 18:21:20.292, 0, 0, 768, 23034
2026/06/09 18:21:25.294, 0, 0, 768, 23034
2026/06/09 18:21:30.295, 0, 0, 768, 23034
2026/06/09 18:21:35.296, 0, 0, 768, 23034
2026/06/09 18:21:40.297, 0, 0, 768, 23034
2026/06/09 18:21:45.298, 0, 0, 768, 23034
2026/06/09 18:21:50.299, 0, 0, 768, 23034
2026/06/09 18:21:55.301, 0, 0, 768, 23034
2026/06/09 18:22:00.302, 0, 0, 768, 23034
2026/06/09 18:22:05.303, 0, 0, 768, 23034
2026/06/09 18:22:10.305, 0, 0, 768, 23034
2026/06/09 18:22:15.306, 0, 0, 768, 23034
2026/06/09 18:22:20.307, 0, 0, 768, 23034
2026/06/09 18:22:25.308, 0, 0, 768, 23034
2026/06/09 18:22:30.309, 0, 0, 768, 23034
2026/06/09 18:22:35.310, 0, 0, 768, 23034
2026/06/09 18:22:40.312, 0, 0, 768, 23034
2026/06/09 18:22:45.312, 0, 0, 768, 23034
2026/06/09 18:22:50.314, 0, 0, 768, 23034
2026/06/09 18:22:55.315, 0, 0, 768, 23034
2026/06/09 18:23:00.316, 0, 0, 768, 23034
2026/06/09 18:23:05.317, 0, 0, 768, 23034
2026/06/09 18:23:10.318, 0, 0, 768, 23034
2026/06/09 18:23:15.319, 0, 0, 768, 23034
2026/06/09 18:23:20.321, 0, 0, 768, 23034
2026/06/09 18:23:25.322, 0, 0, 768, 23034
2026/06/09 18:23:30.323, 0, 0, 768, 23034
2026/06/09 18:23:35.325, 0, 0, 768, 23034
2026/06/09 18:23:40.326, 0, 0, 768, 23034
2026/06/09 18:23:45.327, 0, 0, 768, 23034
2026/06/09 18:23:50.328, 0, 0, 768, 23034
2026/06/09 18:23:55.328, 0, 0, 768, 23034
2026/06/09 18:24:00.329, 0, 0, 768, 23034
2026/06/09 18:24:05.330, 0, 0, 768, 23034
2026/06/09 18:24:10.330, 0, 0, 768, 23034
2026/06/09 18:24:15.332, 0, 0, 768, 23034
2026/06/09 18:24:20.333, 0, 0, 768, 23034
2026/06/09 18:24:25.334, 0, 0, 768, 23034
2026/06/09 18:24:30.336, 0, 0, 768, 23034
2026/06/09 18:24:35.337, 0, 0, 768, 23034
2026/06/09 18:24:40.338, 0, 0, 768, 23034
2026/06/09 18:24:45.340, 0, 0, 768, 23034
2026/06/09 18:24:50.341, 0, 0, 768, 23034
2026/06/09 18:24:55.342, 0, 0, 768, 23034
2026/06/09 18:25:00.343, 0, 0, 768, 23034
2026/06/09 18:25:05.344, 0, 0, 768, 23034
2026/06/09 18:25:10.346, 0, 0, 768, 23034
2026/06/09 18:25:15.353, 0, 0, 768, 23034
2026/06/09 18:25:20.354, 0, 0, 768, 23034
2026/06/09 18:25:25.356, 0, 0, 768, 23034
2026/06/09 18:25:30.357, 0, 0, 768, 23034
2026/06/09 18:25:35.358, 0, 0, 768, 23034
2026/06/09 18:25:40.359, 0, 0, 768, 23034
2026/06/09 18:25:45.360, 0, 0, 768, 23034
2026/06/09 18:25:50.361, 0, 0, 768, 23034
2026/06/09 18:25:55.362, 0, 0, 768, 23034
2026/06/09 18:26:00.363, 0, 0, 768, 23034
2026/06/09 18:26:05.364, 0, 0, 768, 23034
2026/06/09 18:26:10.365, 0, 0, 768, 23034
2026/06/09 18:26:15.366, 0, 0, 768, 23034
2026/06/09 18:26:20.367, 0, 0, 768, 23034
2026/06/09 18:26:25.368, 0, 0, 768, 23034
2026/06/09 18:26:30.369, 0, 0, 768, 23034
2026/06/09 18:26:35.371, 0, 0, 768, 23034
2026/06/09 18:26:40.372, 0, 0, 768, 23034
2026/06/09 18:26:45.373, 0, 0, 768, 23034
2026/06/09 18:26:50.374, 0, 0, 768, 23034
2026/06/09 18:26:55.375, 0, 0, 768, 23034
2026/06/09 18:27:00.376, 0, 0, 768, 23034
2026/06/09 18:27:05.377, 0, 0, 768, 23034
2026/06/09 18:27:10.378, 0, 0, 768, 23034
2026/06/09 18:27:15.378, 0, 0, 768, 23034
2026/06/09 18:27:20.380, 0, 0, 768, 23034
2026/06/09 18:27:25.381, 0, 0, 768, 23034
2026/06/09 18:27:30.382, 0, 0, 768, 23034
2026/06/09 18:27:35.383, 0, 0, 768, 23034
2026/06/09 18:27:40.384, 0, 0, 768, 23034
2026/06/09 18:27:45.385, 0, 0, 768, 23034
2026/06/09 18:27:50.387, 0, 0, 768, 23034
2026/06/09 18:27:55.388, 0, 0, 768, 23034
2026/06/09 18:28:00.389, 0, 0, 768, 23034
2026/06/09 18:28:05.390, 0, 0, 768, 23034
2026/06/09 18:28:10.391, 0, 0, 768, 23034
2026/06/09 18:28:15.392, 0, 0, 768, 23034
2026/06/09 18:28:20.393, 0, 0, 768, 23034
2026/06/09 18:28:25.394, 0, 0, 768, 23034
2026/06/09 18:28:30.395, 0, 0, 768, 23034
2026/06/09 18:28:35.397, 0, 0, 768, 23034
2026/06/09 18:28:40.397, 0, 0, 768, 23034
2026/06/09 18:28:45.398, 0, 0, 768, 23034
2026/06/09 18:28:50.399, 0, 0, 768, 23034
2026/06/09 18:28:55.401, 0, 0, 768, 23034
2026/06/09 18:29:00.402, 0, 0, 768, 23034
2026/06/09 18:29:05.403, 0, 0, 768, 23034
2026/06/09 18:29:10.404, 0, 0, 768, 23034
2026/06/09 18:29:15.406, 0, 0, 768, 23034
2026/06/09 18:29:20.407, 0, 0, 768, 23034
2026/06/09 18:29:25.408, 0, 0, 768, 23034
2026/06/09 18:29:30.409, 0, 0, 768, 23034
2026/06/09 18:29:35.410, 0, 0, 768, 23034
2026/06/09 18:29:40.412, 0, 0, 768, 23034
2026/06/09 18:29:45.413, 0, 0, 768, 23034
2026/06/09 18:29:50.414, 0, 0, 768, 23034
2026/06/09 18:29:55.415, 0, 0, 768, 23034
2026/06/09 18:30:00.416, 0, 0, 768, 23034
2026/06/09 18:30:05.417, 0, 0, 768, 23034
2026/06/09 18:30:10.418, 0, 0, 768, 23034
2026/06/09 18:30:15.419, 0, 0, 768, 23034
2026/06/09 18:30:20.420, 0, 0, 768, 23034
2026/06/09 18:30:25.422, 0, 0, 768, 23034
2026/06/09 18:30:30.423, 0, 0, 768, 23034
2026/06/09 18:30:35.423, 0, 0, 768, 23034
2026/06/09 18:30:40.424, 0, 0, 768, 23034
2026/06/09 18:30:45.425, 0, 0, 768, 23034
2026/06/09 18:30:50.426, 0, 0, 768, 23034
2026/06/09 18:30:55.427, 0, 0, 768, 23034
2026/06/09 18:31:00.429, 0, 0, 768, 23034
2026/06/09 18:31:05.429, 0, 0, 768, 23034
2026/06/09 18:31:10.431, 0, 0, 768, 23034
2026/06/09 18:31:15.432, 0, 0, 768, 23034
2026/06/09 18:31:20.433, 0, 0, 768, 23034
2026/06/09 18:31:25.434, 0, 0, 768, 23034
2026/06/09 18:31:30.434, 0, 0, 768, 23034
2026/06/09 18:31:35.436, 0, 0, 768, 23034
2026/06/09 18:31:40.437, 0, 0, 768, 23034
2026/06/09 18:31:45.438, 0, 0, 768, 23034
2026/06/09 18:31:50.439, 0, 0, 768, 23034
2026/06/09 18:31:55.441, 0, 0, 768, 23034
2026/06/09 18:32:00.441, 0, 0, 768, 23034
2026/06/09 18:32:05.442, 0, 0, 768, 23034
2026/06/09 18:32:10.443, 0, 0, 768, 23034
2026/06/09 18:32:15.443, 0, 0, 768, 23034
2026/06/09 18:32:20.444, 0, 0, 768, 23034
2026/06/09 18:32:25.444, 0, 0, 768, 23034
2026/06/09 18:32:30.446, 0, 0, 768, 23034
2026/06/09 18:32:35.447, 0, 0, 768, 23034
2026/06/09 18:32:40.448, 0, 0, 768, 23034
2026/06/09 18:32:45.449, 0, 0, 768, 23034
2026/06/09 18:32:50.450, 0, 0, 768, 23034
2026/06/09 18:32:55.451, 0, 0, 768, 23034
2026/06/09 18:33:00.452, 0, 0, 768, 23034
2026/06/09 18:33:05.454, 0, 0, 768, 23034
2026/06/09 18:33:10.454, 0, 0, 768, 23034
2026/06/09 18:33:15.456, 0, 0, 768, 23034
2026/06/09 18:33:20.457, 0, 0, 768, 23034
2026/06/09 18:33:25.458, 0, 0, 768, 23034
2026/06/09 18:33:30.459, 0, 0, 768, 23034
2026/06/09 18:33:35.460, 0, 0, 768, 23034
2026/06/09 18:33:40.462, 0, 0, 768, 23034
2026/06/09 18:33:45.463, 0, 0, 768, 23034
2026/06/09 18:33:50.464, 0, 0, 768, 23034
2026/06/09 18:33:55.466, 0, 0, 768, 23034
2026/06/09 18:34:00.467, 0, 0, 768, 23034
2026/06/09 18:34:05.468, 0, 0, 768, 23034
2026/06/09 18:34:10.468, 0, 0, 768, 23034
2026/06/09 18:34:15.470, 0, 0, 768, 23034
2026/06/09 18:34:20.471, 0, 0, 768, 23034
2026/06/09 18:34:25.472, 0, 0, 768, 23034
2026/06/09 18:34:30.473, 0, 0, 768, 23034
2026/06/09 18:34:35.474, 0, 0, 768, 23034
2026/06/09 18:34:40.475, 0, 0, 768, 23034
2026/06/09 18:34:45.476, 0, 0, 768, 23034
2026/06/09 18:34:50.477, 0, 0, 768, 23034
2026/06/09 18:34:55.478, 0, 0, 768, 23034
2026/06/09 18:35:00.480, 0, 0, 768, 23034
2026/06/09 18:35:05.481, 0, 0, 768, 23034
2026/06/09 18:35:10.482, 0, 0, 768, 23034
2026/06/09 18:35:15.483, 0, 0, 768, 23034
2026/06/09 18:35:20.484, 0, 0, 768, 23034
2026/06/09 18:35:25.485, 0, 0, 768, 23034
2026/06/09 18:35:30.487, 0, 0, 768, 23034
2026/06/09 18:35:35.488, 0, 0, 768, 23034
2026/06/09 18:35:40.489, 0, 0, 768, 23034
2026/06/09 18:35:45.490, 0, 0, 768, 23034
2026/06/09 18:35:50.491, 0, 0, 768, 23034
2026/06/09 18:35:55.492, 0, 0, 768, 23034
2026/06/09 18:36:00.493, 0, 0, 768, 23034
2026/06/09 18:36:05.494, 0, 0, 768, 23034
2026/06/09 18:36:10.495, 0, 0, 768, 23034
2026/06/09 18:36:15.497, 0, 0, 768, 23034
2026/06/09 18:36:20.498, 0, 0, 768, 23034
2026/06/09 18:36:25.499, 0, 0, 768, 23034
2026/06/09 18:36:30.500, 0, 0, 768, 23034
2026/06/09 18:36:35.501, 0, 0, 768, 23034
2026/06/09 18:36:40.502, 0, 0, 768, 23034
2026/06/09 18:36:45.503, 0, 0, 768, 23034
2026/06/09 18:36:50.504, 0, 0, 768, 23034
2026/06/09 18:36:55.505, 0, 0, 768, 23034
2026/06/09 18:37:00.507, 0, 0, 768, 23034
2026/06/09 18:37:05.507, 0, 0, 768, 23034
2026/06/09 18:37:10.508, 0, 0, 768, 23034
2026/06/09 18:37:15.509, 0, 0, 768, 23034
2026/06/09 18:37:20.511, 0, 0, 768, 23034
2026/06/09 18:37:25.512, 0, 0, 768, 23034
2026/06/09 18:37:30.513, 0, 0, 768, 23034
2026/06/09 18:37:35.515, 0, 0, 768, 23034
2026/06/09 18:37:40.516, 0, 0, 768, 23034
2026/06/09 18:37:45.518, 0, 0, 768, 23034
2026/06/09 18:37:50.519, 0, 0, 768, 23034
2026/06/09 18:37:55.520, 0, 0, 768, 23034
2026/06/09 18:38:00.521, 0, 0, 768, 23034
2026/06/09 18:38:05.522, 0, 0, 768, 23034
2026/06/09 18:38:10.522, 0, 0, 768, 23034
2026/06/09 18:38:15.524, 0, 0, 768, 23034
2026/06/09 18:38:20.525, 0, 0, 768, 23034
2026/06/09 18:38:25.526, 0, 0, 768, 23034
2026/06/09 18:38:30.528, 0, 0, 768, 23034
2026/06/09 18:38:35.529, 0, 0, 768, 23034
2026/06/09 18:38:40.530, 0, 0, 768, 23034
2026/06/09 18:38:45.532, 0, 0, 768, 23034
2026/06/09 18:38:50.533, 0, 0, 768, 23034
2026/06/09 18:38:55.534, 0, 0, 768, 23034
2026/06/09 18:39:00.536, 0, 0, 768, 23034
2026/06/09 18:39:05.539, 0, 0, 768, 23034
2026/06/09 18:39:10.540, 0, 0, 768, 23034
2026/06/09 18:39:15.540, 0, 0, 768, 23034
2026/06/09 18:39:20.544, 0, 0, 768, 23034
2026/06/09 18:39:25.545, 0, 0, 768, 23034
2026/06/09 18:39:30.546, 0, 0, 768, 23034
2026/06/09 18:39:35.548, 0, 0, 768, 23034
2026/06/09 18:39:40.549, 0, 0, 768, 23034
2026/06/09 18:39:45.550, 0, 0, 768, 23034
2026/06/09 18:39:50.551, 0, 0, 768, 23034
2026/06/09 18:39:55.554, 0, 0, 768, 23034
2026/06/09 18:40:00.555, 0, 0, 768, 23034
2026/06/09 18:40:05.556, 0, 0, 768, 23034
2026/06/09 18:40:10.558, 0, 0, 768, 23034
2026/06/09 18:40:15.560, 0, 0, 768, 23034
2026/06/09 18:40:20.563, 0, 0, 768, 23034
2026/06/09 18:40:25.565, 0, 0, 768, 23034
2026/06/09 18:40:30.567, 0, 0, 768, 23034
2026/06/09 18:40:35.568, 0, 0, 768, 23034
2026/06/09 18:40:40.572, 0, 0, 768, 23034
2026/06/09 18:40:45.573, 0, 0, 768, 23034
2026/06/09 18:40:50.577, 0, 0, 768, 23034
2026/06/09 18:40:55.579, 0, 0, 768, 23034
2026/06/09 18:41:00.580, 0, 0, 768, 23034
2026/06/09 18:41:05.587, 0, 0, 768, 23034
2026/06/09 18:41:10.588, 0, 0, 768, 23034
2026/06/09 18:41:15.589, 0, 0, 768, 23034
2026/06/09 18:41:20.620, 0, 0, 768, 23034
2026/06/09 18:41:25.644, 0, 0, 768, 23034
2026/06/09 18:41:30.644, 0, 0, 768, 23034
2026/06/09 18:41:35.677, 0, 0, 768, 23034
2026/06/09 18:41:40.678, 0, 0, 768, 23034
2026/06/09 18:41:45.678, 0, 0, 768, 23034
2026/06/09 18:41:50.690, 0, 0, 768, 23034
2026/06/09 18:41:55.691, 0, 0, 768, 23034
2026/06/09 18:42:00.697, 0, 0, 768, 23034
2026/06/09 18:42:05.701, 0, 0, 768, 23034
2026/06/09 18:42:10.732, 0, 0, 768, 23034
2026/06/09 18:42:15.732, 0, 0, 768, 23034
2026/06/09 18:42:20.733, 0, 0, 768, 23034
2026/06/09 18:42:25.749, 0, 0, 768, 23034
2026/06/09 18:42:30.754, 0, 0, 768, 23034
2026/06/09 18:42:35.760, 0, 0, 768, 23034
2026/06/09 18:42:40.776, 0, 0, 768, 23034
2026/06/09 18:42:45.787, 0, 0, 768, 23034
2026/06/09 18:42:50.805, 0, 0, 768, 23034
2026/06/09 18:42:55.819, 0, 0, 780, 23034
2026/06/09 18:43:00.845, 0, 0, 780, 23034
2026/06/09 18:43:05.867, 0, 0, 780, 23034
2026/06/09 18:43:10.868, 0, 0, 780, 23034
2026/06/09 18:43:15.891, 0, 0, 780, 23034
2026/06/09 18:43:20.892, 0, 0, 780, 23034
2026/06/09 18:43:25.914, 0, 0, 780, 23034
2026/06/09 18:43:30.917, 0, 0, 780, 23034
2026/06/09 18:43:35.943, 0, 0, 780, 23034
2026/06/09 18:43:40.946, 0, 0, 780, 23034
2026/06/09 18:43:45.946, 0, 0, 780, 23034
2026/06/09 18:43:50.969, 0, 0, 780, 23034
2026/06/09 18:43:55.991, 0, 0, 780, 23034
2026/06/09 18:44:00.993, 0, 0, 780, 23034
2026/06/09 18:44:05.994, 0, 0, 780, 23034
2026/06/09 18:44:10.995, 0, 0, 780, 23034
2026/06/09 18:44:15.996, 0, 0, 780, 23034
2026/06/09 18:44:20.998, 0, 0, 780, 23034
2026/06/09 18:44:25.999, 0, 0, 780, 23034
2026/06/09 18:44:31.000, 0, 0, 780, 23034
2026/06/09 18:44:36.003, 0, 0, 780, 23034
2026/06/09 18:44:41.004, 0, 0, 780, 23034
2026/06/09 18:44:46.005, 0, 0, 780, 23034
2026/06/09 18:44:51.006, 0, 0, 780, 23034
2026/06/09 18:44:56.007, 0, 0, 780, 23034
2026/06/09 18:45:01.008, 0, 0, 780, 23034
2026/06/09 18:45:06.009, 0, 0, 780, 23034
2026/06/09 18:45:11.010, 0, 0, 780, 23034
2026/06/09 18:45:16.011, 0, 0, 780, 23034
2026/06/09 18:45:21.012, 0, 0, 780, 23034
2026/06/09 18:45:26.014, 0, 0, 780, 23034
2026/06/09 18:45:31.015, 0, 0, 780, 23034
2026/06/09 18:45:36.016, 0, 0, 780, 23034
2026/06/09 18:45:41.018, 0, 0, 780, 23034
2026/06/09 18:45:46.019, 0, 0, 780, 23034
2026/06/09 18:45:51.020, 0, 0, 780, 23034
2026/06/09 18:45:56.021, 0, 0, 780, 23034
2026/06/09 18:46:01.022, 0, 0, 780, 23034
2026/06/09 18:46:06.023, 0, 0, 780, 23034
2026/06/09 18:46:11.024, 0, 0, 780, 23034
2026/06/09 18:46:16.026, 0, 0, 780, 23034
2026/06/09 18:46:21.027, 0, 0, 780, 23034
2026/06/09 18:46:26.028, 0, 0, 780, 23034
2026/06/09 18:46:31.029, 0, 0, 780, 23034
2026/06/09 18:46:36.030, 0, 0, 780, 23034
2026/06/09 18:46:41.032, 0, 0, 780, 23034
2026/06/09 18:46:46.033, 0, 0, 780, 23034
2026/06/09 18:46:51.034, 0, 0, 780, 23034
2026/06/09 18:46:56.036, 0, 0, 780, 23034
2026/06/09 18:47:01.037, 0, 0, 780, 23034
2026/06/09 18:47:06.038, 0, 0, 780, 23034
2026/06/09 18:47:11.039, 0, 0, 780, 23034
2026/06/09 18:47:16.040, 0, 0, 780, 23034
2026/06/09 18:47:21.041, 0, 0, 780, 23034
2026/06/09 18:47:26.042, 0, 0, 780, 23034
2026/06/09 18:47:31.043, 0, 0, 780, 23034
2026/06/09 18:47:36.044, 0, 0, 780, 23034
2026/06/09 18:47:41.053, 0, 0, 780, 23034
2026/06/09 18:47:46.054, 0, 0, 780, 23034
2026/06/09 18:47:51.055, 0, 0, 780, 23034
2026/06/09 18:47:56.056, 0, 0, 780, 23034
2026/06/09 18:48:01.057, 0, 0, 780, 23034
2026/06/09 18:48:06.058, 0, 0, 780, 23034
2026/06/09 18:48:11.058, 0, 0, 780, 23034
2026/06/09 18:48:16.059, 0, 0, 780, 23034
2026/06/09 18:48:21.060, 0, 0, 780, 23034
2026/06/09 18:48:26.060, 0, 0, 780, 23034
2026/06/09 18:48:31.061, 0, 0, 780, 23034
2026/06/09 18:48:36.061, 0, 0, 780, 23034
2026/06/09 18:48:41.062, 0, 0, 780, 23034
2026/06/09 18:48:46.063, 0, 0, 780, 23034
2026/06/09 18:48:51.064, 0, 0, 780, 23034
2026/06/09 18:48:56.066, 0, 0, 780, 23034
2026/06/09 18:49:01.067, 0, 0, 780, 23034
2026/06/09 18:49:06.068, 0, 0, 780, 23034
2026/06/09 18:49:11.069, 0, 0, 780, 23034
2026/06/09 18:49:16.070, 0, 0, 780, 23034
2026/06/09 18:49:21.071, 0, 0, 780, 23034
2026/06/09 18:49:26.071, 0, 0, 780, 23034
2026/06/09 18:49:31.073, 0, 0, 780, 23034
2026/06/09 18:49:36.074, 0, 0, 780, 23034
2026/06/09 18:49:41.075, 0, 0, 780, 23034
2026/06/09 18:49:46.076, 0, 0, 780, 23034
2026/06/09 18:49:51.077, 0, 0, 780, 23034
2026/06/09 18:49:56.078, 0, 0, 780, 23034
2026/06/09 18:50:01.080, 0, 0, 780, 23034
2026/06/09 18:50:06.081, 0, 0, 780, 23034
2026/06/09 18:50:11.082, 0, 0, 780, 23034
2026/06/09 18:50:16.083, 0, 0, 780, 23034
2026/06/09 18:50:21.084, 0, 0, 780, 23034
2026/06/09 18:50:26.085, 0, 0, 780, 23034
2026/06/09 18:50:31.087, 0, 0, 780, 23034
2026/06/09 18:50:36.088, 0, 0, 780, 23034
2026/06/09 18:50:41.088, 0, 0, 780, 23034
2026/06/09 18:50:46.089, 0, 0, 780, 23034
2026/06/09 18:50:51.089, 0, 0, 780, 23034
2026/06/09 18:50:56.090, 0, 0, 780, 23034
2026/06/09 18:51:01.090, 0, 0, 780, 23034
2026/06/09 18:51:06.091, 0, 0, 780, 23034
2026/06/09 18:51:11.092, 0, 0, 780, 23034
2026/06/09 18:51:16.093, 0, 0, 780, 23034
2026/06/09 18:51:21.093, 0, 0, 780, 23034
2026/06/09 18:51:26.095, 0, 0, 780, 23034
2026/06/09 18:51:31.096, 0, 0, 780, 23034
2026/06/09 18:51:36.098, 0, 0, 780, 23034
2026/06/09 18:51:41.099, 0, 0, 780, 23034
2026/06/09 18:51:46.101, 0, 0, 780, 23034
2026/06/09 18:51:51.102, 0, 0, 780, 23034
2026/06/09 18:51:56.103, 0, 0, 780, 23034
2026/06/09 18:52:01.104, 0, 0, 780, 23034
2026/06/09 18:52:06.105, 0, 0, 780, 23034
2026/06/09 18:52:11.106, 0, 0, 780, 23034
2026/06/09 18:52:16.108, 0, 0, 780, 23034
2026/06/09 18:52:21.108, 0, 0, 780, 23034
2026/06/09 18:52:26.109, 0, 0, 780, 23034
2026/06/09 18:52:31.109, 0, 0, 780, 23034
2026/06/09 18:52:36.110, 0, 0, 780, 23034
2026/06/09 18:52:41.110, 0, 0, 780, 23034
2026/06/09 18:52:46.112, 0, 0, 780, 23034
2026/06/09 18:52:51.113, 0, 0, 780, 23034
2026/06/09 18:52:56.114, 0, 0, 780, 23034
2026/06/09 18:53:01.114, 0, 0, 780, 23034
2026/06/09 18:53:06.115, 0, 0, 780, 23034
2026/06/09 18:53:11.116, 0, 0, 780, 23034
2026/06/09 18:53:16.116, 0, 0, 780, 23034
2026/06/09 18:53:21.117, 0, 0, 780, 23034
2026/06/09 18:53:26.119, 0, 0, 780, 23034
2026/06/09 18:53:31.120, 0, 0, 780, 23034
2026/06/09 18:53:36.121, 0, 0, 780, 23034
2026/06/09 18:53:41.123, 0, 0, 780, 23034
2026/06/09 18:53:46.124, 0, 0, 780, 23034
2026/06/09 18:53:51.125, 0, 0, 780, 23034
2026/06/09 18:53:56.126, 0, 0, 780, 23034
2026/06/09 18:54:01.127, 0, 0, 780, 23034
2026/06/09 18:54:06.128, 0, 0, 780, 23034
2026/06/09 18:54:11.129, 0, 0, 780, 23034
2026/06/09 18:54:16.129, 0, 0, 780, 23034
2026/06/09 18:54:21.130, 0, 0, 780, 23034
2026/06/09 18:54:26.131, 0, 0, 780, 23034
2026/06/09 18:54:31.132, 0, 0, 780, 23034
2026/06/09 18:54:36.134, 0, 0, 780, 23034
2026/06/09 18:54:41.135, 0, 0, 780, 23034
2026/06/09 18:54:46.136, 0, 0, 780, 23034
2026/06/09 18:54:51.137, 0, 0, 780, 23034
2026/06/09 18:54:56.137, 0, 0, 780, 23034
2026/06/09 18:55:01.138, 0, 0, 780, 23034
2026/06/09 18:55:06.139, 0, 0, 780, 23034
2026/06/09 18:55:11.140, 0, 0, 780, 23034
2026/06/09 18:55:16.141, 0, 0, 780, 23034
2026/06/09 18:55:21.141, 0, 0, 780, 23034
2026/06/09 18:55:26.143, 0, 0, 780, 23034
2026/06/09 18:55:31.143, 0, 0, 780, 23034
2026/06/09 18:55:36.144, 0, 0, 780, 23034
2026/06/09 18:55:41.146, 0, 0, 780, 23034
2026/06/09 18:55:46.147, 0, 0, 780, 23034
2026/06/09 18:55:51.148, 0, 0, 780, 23034
2026/06/09 18:55:56.149, 0, 0, 780, 23034
2026/06/09 18:56:01.150, 0, 0, 780, 23034
2026/06/09 18:56:06.151, 0, 0, 780, 23034
2026/06/09 18:56:11.152, 0, 0, 780, 23034
2026/06/09 18:56:16.153, 0, 0, 780, 23034
2026/06/09 18:56:21.154, 0, 0, 780, 23034
2026/06/09 18:56:26.154, 0, 0, 780, 23034
2026/06/09 18:56:31.155, 0, 0, 780, 23034
2026/06/09 18:56:36.155, 0, 0, 780, 23034
2026/06/09 18:56:41.156, 0, 0, 780, 23034
2026/06/09 18:56:46.156, 0, 0, 780, 23034
2026/06/09 18:56:51.157, 0, 0, 780, 23034
2026/06/09 18:56:56.157, 0, 0, 780, 23034
2026/06/09 18:57:01.158, 0, 0, 780, 23034
2026/06/09 18:57:06.159, 0, 0, 780, 23034
2026/06/09 18:57:11.160, 0, 0, 780, 23034
2026/06/09 18:57:16.161, 0, 0, 780, 23034
2026/06/09 18:57:21.162, 0, 0, 780, 23034
2026/06/09 18:57:26.163, 0, 0, 780, 23034
2026/06/09 18:57:31.164, 0, 0, 780, 23034
2026/06/09 18:57:36.165, 0, 0, 780, 23034
2026/06/09 18:57:41.166, 0, 0, 780, 23034
2026/06/09 18:57:46.168, 0, 0, 780, 23034
2026/06/09 18:57:51.169, 0, 0, 780, 23034
2026/06/09 18:57:56.170, 0, 0, 780, 23034
2026/06/09 18:58:01.171, 0, 0, 780, 23034
2026/06/09 18:58:06.172, 0, 0, 780, 23034
2026/06/09 18:58:11.173, 0, 0, 780, 23034
2026/06/09 18:58:16.174, 0, 0, 780, 23034
2026/06/09 18:58:21.175, 0, 0, 780, 23034
2026/06/09 18:58:26.177, 0, 0, 780, 23034
2026/06/09 18:58:31.178, 0, 0, 780, 23034
2026/06/09 18:58:36.179, 0, 0, 780, 23034
2026/06/09 18:58:41.180, 0, 0, 780, 23034
2026/06/09 18:58:46.181, 0, 0, 780, 23034
2026/06/09 18:58:51.183, 0, 0, 780, 23034
2026/06/09 18:58:56.184, 0, 0, 780, 23034
2026/06/09 18:59:01.185, 0, 0, 780, 23034
2026/06/09 18:59:06.186, 0, 0, 780, 23034
2026/06/09 18:59:11.187, 0, 0, 780, 23034
2026/06/09 18:59:16.188, 0, 0, 780, 23034
2026/06/09 18:59:21.189, 0, 0, 780, 23034
2026/06/09 18:59:26.191, 0, 0, 780, 23034
2026/06/09 18:59:31.192, 0, 0, 780, 23034
2026/06/09 18:59:36.193, 0, 0, 780, 23034
2026/06/09 18:59:41.194, 0, 0, 780, 23034
2026/06/09 18:59:46.195, 0, 0, 780, 23034
2026/06/09 18:59:51.197, 0, 0, 780, 23034
2026/06/09 18:59:56.198, 0, 0, 780, 23034
2026/06/09 19:00:01.199, 0, 0, 780, 23034
2026/06/09 19:00:06.199, 0, 0, 780, 23034
2026/06/09 19:00:11.201, 0, 0, 780, 23034
2026/06/09 19:00:16.202, 0, 0, 780, 23034
2026/06/09 19:00:21.203, 0, 0, 780, 23034
2026/06/09 19:00:26.204, 0, 0, 780, 23034
2026/06/09 19:00:31.205, 0, 0, 780, 23034
2026/06/09 19:00:36.206, 0, 0, 780, 23034
2026/06/09 19:00:41.207, 0, 0, 780, 23034
2026/06/09 19:00:46.208, 0, 0, 780, 23034
2026/06/09 19:00:51.209, 0, 0, 780, 23034
2026/06/09 19:00:56.210, 0, 0, 780, 23034
2026/06/09 19:01:01.211, 0, 0, 780, 23034
2026/06/09 19:01:06.212, 0, 0, 780, 23034
2026/06/09 19:01:11.213, 0, 0, 780, 23034
2026/06/09 19:01:16.214, 0, 0, 780, 23034
2026/06/09 19:01:21.215, 0, 0, 780, 23034
2026/06/09 19:01:26.217, 0, 0, 780, 23034
2026/06/09 19:01:31.217, 0, 0, 780, 23034
2026/06/09 19:01:36.218, 0, 0, 780, 23034
2026/06/09 19:01:41.220, 0, 0, 780, 23034
2026/06/09 19:01:46.221, 0, 0, 780, 23034
2026/06/09 19:01:51.222, 0, 0, 780, 23034
2026/06/09 19:01:56.223, 0, 0, 780, 23034
2026/06/09 19:02:01.224, 0, 0, 780, 23034
2026/06/09 19:02:06.225, 0, 0, 780, 23034
2026/06/09 19:02:11.227, 0, 0, 780, 23034
2026/06/09 19:02:16.228, 0, 0, 780, 23034
2026/06/09 19:02:21.229, 0, 0, 780, 23034
2026/06/09 19:02:26.230, 0, 0, 780, 23034
2026/06/09 19:02:31.231, 0, 0, 780, 23034
2026/06/09 19:02:36.232, 0, 0, 780, 23034
2026/06/09 19:02:41.233, 0, 0, 780, 23034
2026/06/09 19:02:46.235, 0, 0, 780, 23034
2026/06/09 19:02:51.235, 0, 0, 780, 23034
2026/06/09 19:02:56.236, 0, 0, 780, 23034
2026/06/09 19:03:01.237, 0, 0, 780, 23034
2026/06/09 19:03:06.239, 0, 0, 780, 23034
2026/06/09 19:03:11.240, 0, 0, 780, 23034
2026/06/09 19:03:16.241, 0, 0, 780, 23034
2026/06/09 19:03:21.242, 0, 0, 780, 23034
2026/06/09 19:03:26.243, 0, 0, 780, 23034
2026/06/09 19:03:31.244, 0, 0, 780, 23034
2026/06/09 19:03:36.245, 0, 0, 780, 23034
2026/06/09 19:03:41.247, 0, 0, 780, 23034
2026/06/09 19:03:46.248, 0, 0, 780, 23034
2026/06/09 19:03:51.248, 0, 0, 780, 23034
2026/06/09 19:03:56.249, 0, 0, 780, 23034
2026/06/09 19:04:01.250, 0, 0, 780, 23034
2026/06/09 19:04:06.251, 0, 0, 780, 23034
2026/06/09 19:04:11.252, 0, 0, 780, 23034
2026/06/09 19:04:16.253, 0, 0, 780, 23034
2026/06/09 19:04:21.254, 0, 0, 780, 23034
2026/06/09 19:04:26.256, 0, 0, 780, 23034
2026/06/09 19:04:31.256, 0, 0, 780, 23034
2026/06/09 19:04:36.257, 0, 0, 780, 23034
2026/06/09 19:04:41.257, 0, 0, 780, 23034
2026/06/09 19:04:46.258, 0, 0, 780, 23034
2026/06/09 19:04:51.258, 0, 0, 780, 23034
2026/06/09 19:04:56.259, 0, 0, 780, 23034
2026/06/09 19:05:01.259, 0, 0, 780, 23034
2026/06/09 19:05:06.260, 0, 0, 780, 23034
2026/06/09 19:05:11.261, 0, 0, 780, 23034
2026/06/09 19:05:16.261, 0, 0, 780, 23034
2026/06/09 19:05:21.263, 0, 0, 780, 23034
2026/06/09 19:05:26.264, 0, 0, 780, 23034
2026/06/09 19:05:31.265, 0, 0, 780, 23034
2026/06/09 19:05:36.266, 0, 0, 780, 23034
2026/06/09 19:05:41.267, 0, 0, 780, 23034
2026/06/09 19:05:46.268, 0, 0, 780, 23034
2026/06/09 19:05:51.269, 0, 0, 780, 23034
2026/06/09 19:05:56.270, 0, 0, 780, 23034
2026/06/09 19:06:01.271, 0, 0, 780, 23034
2026/06/09 19:06:06.273, 0, 0, 780, 23034
2026/06/09 19:06:11.273, 0, 0, 780, 23034
2026/06/09 19:06:16.275, 0, 0, 780, 23034
2026/06/09 19:06:21.276, 0, 0, 780, 23034
2026/06/09 19:06:26.277, 0, 0, 780, 23034
2026/06/09 19:06:31.278, 0, 0, 780, 23034
2026/06/09 19:06:36.279, 0, 0, 780, 23034
2026/06/09 19:06:41.280, 0, 0, 780, 23034
2026/06/09 19:06:46.281, 0, 0, 780, 23034
2026/06/09 19:06:51.282, 0, 0, 780, 23034
2026/06/09 19:06:56.283, 0, 0, 780, 23034
2026/06/09 19:07:01.284, 0, 0, 780, 23034
2026/06/09 19:07:06.285, 0, 0, 780, 23034
2026/06/09 19:07:11.286, 0, 0, 780, 23034
2026/06/09 19:07:16.287, 0, 0, 780, 23034
2026/06/09 19:07:21.288, 0, 0, 780, 23034
2026/06/09 19:07:26.289, 0, 0, 780, 23034
2026/06/09 19:07:31.290, 0, 0, 780, 23034
2026/06/09 19:07:36.291, 0, 0, 780, 23034
2026/06/09 19:07:41.292, 0, 0, 780, 23034
2026/06/09 19:07:46.293, 0, 0, 780, 23034
2026/06/09 19:07:51.294, 0, 0, 780, 23034
2026/06/09 19:07:56.296, 0, 0, 780, 23034
2026/06/09 19:08:01.297, 0, 0, 780, 23034
2026/06/09 19:08:06.298, 0, 0, 780, 23034
2026/06/09 19:08:11.298, 0, 0, 780, 23034
2026/06/09 19:08:16.300, 0, 0, 780, 23034
2026/06/09 19:08:21.301, 0, 0, 780, 23034
2026/06/09 19:08:26.301, 0, 0, 780, 23034
2026/06/09 19:08:31.302, 0, 0, 780, 23034
2026/06/09 19:08:36.304, 0, 0, 780, 23034
2026/06/09 19:08:41.305, 0, 0, 780, 23034
2026/06/09 19:08:46.305, 0, 0, 780, 23034
2026/06/09 19:08:51.307, 0, 0, 780, 23034
2026/06/09 19:08:56.308, 0, 0, 780, 23034
2026/06/09 19:09:01.309, 0, 0, 780, 23034
2026/06/09 19:09:06.310, 0, 0, 780, 23034
2026/06/09 19:09:11.311, 0, 0, 780, 23034
2026/06/09 19:09:16.313, 0, 0, 780, 23034
2026/06/09 19:09:21.314, 0, 0, 780, 23034
2026/06/09 19:09:26.315, 0, 0, 780, 23034
2026/06/09 19:09:31.316, 0, 0, 780, 23034
2026/06/09 19:09:36.317, 0, 0, 780, 23034
2026/06/09 19:09:41.318, 0, 0, 780, 23034
2026/06/09 19:09:46.319, 0, 0, 780, 23034
2026/06/09 19:09:51.320, 0, 0, 780, 23034
2026/06/09 19:09:56.321, 0, 0, 780, 23034
2026/06/09 19:10:01.322, 0, 0, 780, 23034
2026/06/09 19:10:06.323, 0, 0, 780, 23034
2026/06/09 19:10:11.324, 0, 0, 780, 23034
2026/06/09 19:10:16.325, 0, 0, 780, 23034
2026/06/09 19:10:21.326, 0, 0, 780, 23034
2026/06/09 19:10:26.327, 0, 0, 780, 23034
2026/06/09 19:10:31.328, 0, 0, 780, 23034
2026/06/09 19:10:36.329, 0, 0, 780, 23034
2026/06/09 19:10:41.330, 0, 0, 780, 23034
2026/06/09 19:10:46.331, 0, 0, 780, 23034
2026/06/09 19:10:51.332, 0, 0, 780, 23034
2026/06/09 19:10:56.333, 0, 0, 780, 23034
2026/06/09 19:11:01.334, 0, 0, 780, 23034
2026/06/09 19:11:06.336, 0, 0, 780, 23034
2026/06/09 19:11:11.336, 0, 0, 780, 23034
2026/06/09 19:11:16.337, 0, 0, 780, 23034
2026/06/09 19:11:21.338, 0, 0, 780, 23034
2026/06/09 19:11:26.339, 0, 0, 780, 23034
2026/06/09 19:11:31.340, 0, 0, 780, 23034
2026/06/09 19:11:36.340, 0, 0, 780, 23034
2026/06/09 19:11:41.342, 0, 0, 780, 23034
2026/06/09 19:11:46.343, 0, 0, 780, 23034
2026/06/09 19:11:51.344, 0, 0, 780, 23034
2026/06/09 19:11:56.345, 0, 0, 780, 23034
2026/06/09 19:12:01.346, 0, 0, 780, 23034
2026/06/09 19:12:06.347, 0, 0, 780, 23034
2026/06/09 19:12:11.348, 0, 0, 780, 23034
2026/06/09 19:12:16.349, 0, 0, 780, 23034
2026/06/09 19:12:21.350, 0, 0, 780, 23034
2026/06/09 19:12:26.351, 0, 0, 780, 23034
2026/06/09 19:12:31.351, 0, 0, 780, 23034
2026/06/09 19:12:36.352, 0, 0, 780, 23034
2026/06/09 19:12:41.352, 0, 0, 780, 23034
2026/06/09 19:12:46.353, 0, 0, 780, 23034
2026/06/09 19:12:51.353, 0, 0, 780, 23034
2026/06/09 19:12:56.354, 0, 0, 780, 23034
2026/06/09 19:13:01.354, 0, 0, 780, 23034
2026/06/09 19:13:06.355, 0, 0, 780, 23034
2026/06/09 19:13:11.355, 0, 0, 780, 23034
2026/06/09 19:13:16.356, 0, 0, 780, 23034
2026/06/09 19:13:21.356, 0, 0, 780, 23034
2026/06/09 19:13:26.357, 0, 0, 780, 23034
2026/06/09 19:13:31.357, 0, 0, 780, 23034
2026/06/09 19:13:36.358, 0, 0, 780, 23034
2026/06/09 19:13:41.358, 0, 0, 780, 23034
2026/06/09 19:13:46.359, 0, 0, 780, 23034
2026/06/09 19:13:51.359, 0, 0, 780, 23034
2026/06/09 19:13:56.360, 0, 0, 780, 23034
2026/06/09 19:14:01.361, 0, 0, 780, 23034
2026/06/09 19:14:06.362, 0, 0, 780, 23034
2026/06/09 19:14:11.364, 0, 0, 780, 23034
2026/06/09 19:14:16.365, 0, 0, 780, 23034
2026/06/09 19:14:21.366, 0, 0, 780, 23034
2026/06/09 19:14:26.367, 0, 0, 780, 23034
2026/06/09 19:14:31.368, 0, 0, 780, 23034
2026/06/09 19:14:36.370, 0, 0, 780, 23034
2026/06/09 19:14:41.370, 0, 0, 780, 23034
2026/06/09 19:14:46.371, 0, 0, 780, 23034
2026/06/09 19:14:51.372, 0, 0, 780, 23034
2026/06/09 19:14:56.373, 0, 0, 780, 23034
2026/06/09 19:15:01.375, 0, 0, 780, 23034
2026/06/09 19:15:06.376, 0, 0, 780, 23034
2026/06/09 19:15:11.376, 0, 0, 780, 23034
2026/06/09 19:15:16.377, 0, 0, 780, 23034
2026/06/09 19:15:21.378, 0, 0, 780, 23034
2026/06/09 19:15:26.379, 0, 0, 780, 23034
2026/06/09 19:15:31.380, 0, 0, 780, 23034
2026/06/09 19:15:36.381, 0, 0, 780, 23034
2026/06/09 19:15:41.383, 0, 0, 780, 23034
2026/06/09 19:15:46.384, 0, 0, 780, 23034
2026/06/09 19:15:51.385, 0, 0, 780, 23034
2026/06/09 19:15:56.386, 0, 0, 780, 23034
2026/06/09 19:16:01.387, 0, 0, 780, 23034
2026/06/09 19:16:06.388, 0, 0, 780, 23034
2026/06/09 19:16:11.389, 0, 0, 780, 23034
2026/06/09 19:16:16.390, 0, 0, 780, 23034
2026/06/09 19:16:21.391, 0, 0, 780, 23034
2026/06/09 19:16:26.392, 0, 0, 780, 23034
2026/06/09 19:16:31.394, 0, 0, 780, 23034
2026/06/09 19:16:36.395, 0, 0, 780, 23034
2026/06/09 19:16:41.396, 0, 0, 780, 23034
2026/06/09 19:16:46.397, 0, 0, 780, 23034
2026/06/09 19:16:51.398, 0, 0, 780, 23034
2026/06/09 19:16:56.399, 0, 0, 780, 23034
2026/06/09 19:17:01.400, 0, 0, 780, 23034
2026/06/09 19:17:06.401, 0, 0, 780, 23034
2026/06/09 19:17:11.402, 0, 0, 780, 23034
2026/06/09 19:17:16.402, 0, 0, 780, 23034
2026/06/09 19:17:21.403, 0, 0, 780, 23034
2026/06/09 19:17:26.404, 0, 0, 780, 23034
2026/06/09 19:17:31.405, 0, 0, 780, 23034
2026/06/09 19:17:36.406, 0, 0, 780, 23034
2026/06/09 19:17:41.407, 0, 0, 780, 23034
2026/06/09 19:17:46.408, 0, 0, 780, 23034
2026/06/09 19:17:51.409, 0, 0, 780, 23034
2026/06/09 19:17:56.410, 0, 0, 780, 23034
2026/06/09 19:18:01.411, 0, 0, 780, 23034
2026/06/09 19:18:06.413, 0, 0, 780, 23034
2026/06/09 19:18:11.414, 0, 0, 780, 23034
2026/06/09 19:18:16.415, 0, 0, 780, 23034
2026/06/09 19:18:21.416, 0, 0, 780, 23034
2026/06/09 19:18:26.417, 0, 0, 780, 23034
2026/06/09 19:18:31.418, 0, 0, 780, 23034
2026/06/09 19:18:36.419, 0, 0, 780, 23034
2026/06/09 19:18:41.420, 0, 0, 780, 23034
2026/06/09 19:18:46.421, 0, 0, 780, 23034
2026/06/09 19:18:51.422, 0, 0, 780, 23034
2026/06/09 19:18:56.423, 0, 0, 780, 23034
2026/06/09 19:19:01.425, 0, 0, 780, 23034
2026/06/09 19:19:06.426, 0, 0, 780, 23034
2026/06/09 19:19:11.427, 0, 0, 780, 23034
2026/06/09 19:19:16.428, 0, 0, 780, 23034
2026/06/09 19:19:21.429, 0, 0, 780, 23034
2026/06/09 19:19:26.430, 0, 0, 780, 23034
2026/06/09 19:19:31.431, 0, 0, 780, 23034
2026/06/09 19:19:36.432, 0, 0, 780, 23034
2026/06/09 19:19:41.434, 0, 0, 780, 23034
2026/06/09 19:19:46.435, 0, 0, 780, 23034
2026/06/09 19:19:51.436, 0, 0, 780, 23034
2026/06/09 19:19:56.437, 0, 0, 780, 23034
2026/06/09 19:20:01.438, 0, 0, 780, 23034
2026/06/09 19:20:06.439, 0, 0, 780, 23034
2026/06/09 19:20:11.441, 0, 0, 780, 23034
2026/06/09 19:20:16.442, 0, 0, 780, 23034
2026/06/09 19:20:21.443, 0, 0, 780, 23034
2026/06/09 19:20:26.444, 0, 0, 780, 23034
2026/06/09 19:20:31.445, 0, 0, 780, 23034
2026/06/09 19:20:36.446, 0, 0, 780, 23034
2026/06/09 19:20:41.448, 0, 0, 780, 23034
2026/06/09 19:20:46.448, 0, 0, 780, 23034
2026/06/09 19:20:51.449, 0, 0, 780, 23034
2026/06/09 19:20:56.449, 0, 0, 780, 23034
2026/06/09 19:21:01.450, 0, 0, 780, 23034
2026/06/09 19:21:06.450, 0, 0, 780, 23034
2026/06/09 19:21:11.451, 0, 0, 780, 23034
2026/06/09 19:21:16.451, 0, 0, 780, 23034
2026/06/09 19:21:21.452, 0, 0, 780, 23034
2026/06/09 19:21:26.452, 0, 0, 780, 23034
2026/06/09 19:21:31.453, 0, 0, 780, 23034
2026/06/09 19:21:36.453, 0, 0, 780, 23034
2026/06/09 19:21:41.455, 0, 0, 780, 23034
2026/06/09 19:21:46.455, 0, 0, 780, 23034
2026/06/09 19:21:51.456, 0, 0, 780, 23034
2026/06/09 19:21:56.457, 0, 0, 780, 23034
2026/06/09 19:22:01.458, 0, 0, 780, 23034
2026/06/09 19:22:06.460, 0, 0, 780, 23034
2026/06/09 19:22:11.461, 0, 0, 780, 23034
2026/06/09 19:22:16.462, 0, 0, 780, 23034
2026/06/09 19:22:21.463, 0, 0, 780, 23034
2026/06/09 19:22:26.464, 0, 0, 780, 23034
2026/06/09 19:22:31.465, 0, 0, 780, 23034
2026/06/09 19:22:36.467, 0, 0, 780, 23034
2026/06/09 19:22:41.468, 0, 0, 780, 23034
2026/06/09 19:22:46.469, 0, 0, 780, 23034
2026/06/09 19:22:51.469, 0, 0, 780, 23034
2026/06/09 19:22:56.470, 0, 0, 780, 23034
2026/06/09 19:23:01.472, 0, 0, 780, 23034
2026/06/09 19:23:06.473, 0, 0, 780, 23034
2026/06/09 19:23:11.474, 0, 0, 780, 23034
2026/06/09 19:23:16.474, 0, 0, 780, 23034
2026/06/09 19:23:21.475, 0, 0, 780, 23034
2026/06/09 19:23:26.477, 0, 0, 780, 23034
2026/06/09 19:23:31.478, 0, 0, 780, 23034
2026/06/09 19:23:36.478, 0, 0, 780, 23034
2026/06/09 19:23:41.479, 0, 0, 780, 23034
2026/06/09 19:23:46.481, 0, 0, 780, 23034
2026/06/09 19:23:51.481, 0, 0, 780, 23034
2026/06/09 19:23:56.482, 0, 0, 780, 23034
2026/06/09 19:24:01.484, 0, 0, 780, 23034
2026/06/09 19:24:06.485, 0, 0, 780, 23034
2026/06/09 19:24:11.486, 0, 0, 780, 23034
2026/06/09 19:24:16.487, 0, 0, 780, 23034
2026/06/09 19:24:21.488, 0, 0, 780, 23034
2026/06/09 19:24:26.489, 0, 0, 780, 23034
2026/06/09 19:24:31.490, 0, 0, 780, 23034
2026/06/09 19:24:36.492, 0, 0, 780, 23034
2026/06/09 19:24:41.493, 0, 0, 780, 23034
2026/06/09 19:24:46.494, 0, 0, 780, 23034
2026/06/09 19:24:51.495, 0, 0, 780, 23034
2026/06/09 19:24:56.496, 0, 0, 780, 23034
2026/06/09 19:25:01.497, 0, 0, 780, 23034
2026/06/09 19:25:06.498, 0, 0, 780, 23034
2026/06/09 19:25:11.499, 0, 0, 780, 23034
2026/06/09 19:25:16.500, 0, 0, 780, 23034
2026/06/09 19:25:21.501, 0, 0, 780, 23034
2026/06/09 19:25:26.502, 0, 0, 780, 23034
2026/06/09 19:25:31.503, 0, 0, 780, 23034
2026/06/09 19:25:36.505, 0, 0, 780, 23034
2026/06/09 19:25:41.506, 0, 0, 780, 23034
2026/06/09 19:25:46.507, 0, 0, 780, 23034
2026/06/09 19:25:51.508, 0, 0, 780, 23034
2026/06/09 19:25:56.509, 0, 0, 780, 23034
2026/06/09 19:26:01.510, 0, 0, 780, 23034
2026/06/09 19:26:06.512, 0, 0, 780, 23034
2026/06/09 19:26:11.513, 0, 0, 780, 23034
2026/06/09 19:26:16.514, 0, 0, 780, 23034
2026/06/09 19:26:21.515, 0, 0, 780, 23034
2026/06/09 19:26:26.516, 0, 0, 780, 23034
2026/06/09 19:26:31.517, 0, 0, 780, 23034
2026/06/09 19:26:36.518, 0, 0, 780, 23034
2026/06/09 19:26:41.519, 0, 0, 780, 23034
2026/06/09 19:26:46.521, 0, 0, 780, 23034
2026/06/09 19:26:51.522, 0, 0, 780, 23034
2026/06/09 19:26:56.523, 0, 0, 780, 23034
2026/06/09 19:27:01.523, 0, 0, 780, 23034
2026/06/09 19:27:06.524, 0, 0, 780, 23034
2026/06/09 19:27:11.526, 0, 0, 780, 23034
2026/06/09 19:27:16.527, 0, 0, 780, 23034
2026/06/09 19:27:21.528, 0, 0, 780, 23034
2026/06/09 19:27:26.529, 0, 0, 780, 23034
2026/06/09 19:27:31.530, 0, 0, 780, 23034
2026/06/09 19:27:36.531, 0, 0, 780, 23034
2026/06/09 19:27:41.531, 0, 0, 780, 23034
2026/06/09 19:27:46.532, 0, 0, 780, 23034
2026/06/09 19:27:51.533, 0, 0, 780, 23034
2026/06/09 19:27:56.535, 0, 0, 780, 23034
2026/06/09 19:28:01.536, 0, 0, 780, 23034
2026/06/09 19:28:06.537, 0, 0, 780, 23034
2026/06/09 19:28:11.538, 0, 0, 780, 23034
2026/06/09 19:28:16.538, 0, 0, 780, 23034
2026/06/09 19:28:21.539, 0, 0, 780, 23034
2026/06/09 19:28:26.540, 0, 0, 780, 23034
2026/06/09 19:28:31.541, 0, 0, 780, 23034
2026/06/09 19:28:36.542, 0, 0, 780, 23034
2026/06/09 19:28:41.543, 0, 0, 780, 23034
2026/06/09 19:28:46.544, 0, 0, 780, 23034
2026/06/09 19:28:51.545, 0, 0, 780, 23034
2026/06/09 19:28:56.545, 0, 0, 768, 23034
2026/06/09 19:29:01.546, 0, 0, 768, 23034
2026/06/09 19:29:06.546, 0, 0, 768, 23034
2026/06/09 19:29:11.547, 0, 0, 768, 23034
2026/06/09 19:29:16.547, 0, 0, 768, 23034
2026/06/09 19:29:21.548, 0, 0, 768, 23034
2026/06/09 19:29:26.549, 0, 0, 768, 23034
2026/06/09 19:29:31.550, 0, 0, 768, 23034
2026/06/09 19:29:36.551, 0, 0, 768, 23034
2026/06/09 19:29:41.552, 0, 0, 768, 23034
2026/06/09 19:29:46.554, 0, 0, 768, 23034
2026/06/09 19:29:51.555, 0, 0, 768, 23034
2026/06/09 19:29:56.556, 0, 0, 768, 23034
2026/06/09 19:30:01.557, 0, 0, 768, 23034
2026/06/09 19:30:06.558, 0, 0, 768, 23034
2026/06/09 19:30:11.559, 0, 0, 768, 23034
2026/06/09 19:30:16.560, 0, 0, 768, 23034
2026/06/09 19:30:21.561, 0, 0, 768, 23034
2026/06/09 19:30:26.563, 0, 0, 768, 23034
2026/06/09 19:30:31.564, 0, 0, 768, 23034
2026/06/09 19:30:36.565, 0, 0, 768, 23034
2026/06/09 19:30:41.566, 0, 0, 768, 23034
2026/06/09 19:30:46.567, 0, 0, 768, 23034
2026/06/09 19:30:51.568, 0, 0, 768, 23034
2026/06/09 19:30:56.570, 0, 0, 768, 23034
2026/06/09 19:31:01.570, 0, 0, 768, 23034
2026/06/09 19:31:06.572, 0, 0, 768, 23034
2026/06/09 19:31:11.573, 0, 0, 768, 23034
2026/06/09 19:31:16.574, 0, 0, 768, 23034
2026/06/09 19:31:21.575, 0, 0, 768, 23034
2026/06/09 19:31:26.576, 0, 0, 768, 23034
2026/06/09 19:31:31.577, 0, 0, 768, 23034
2026/06/09 19:31:36.578, 0, 0, 768, 23034
2026/06/09 19:31:41.579, 0, 0, 768, 23034
2026/06/09 19:31:46.580, 0, 0, 768, 23034
2026/06/09 19:31:51.581, 0, 0, 768, 23034
2026/06/09 19:31:56.582, 0, 0, 768, 23034
2026/06/09 19:32:01.583, 0, 0, 768, 23034
2026/06/09 19:32:06.584, 0, 0, 768, 23034
2026/06/09 19:32:11.585, 0, 0, 768, 23034
2026/06/09 19:32:16.586, 0, 0, 768, 23034
2026/06/09 19:32:21.587, 0, 0, 768, 23034
2026/06/09 19:32:26.589, 0, 0, 768, 23034
2026/06/09 19:32:31.589, 0, 0, 768, 23034
2026/06/09 19:32:36.590, 0, 0, 768, 23034
2026/06/09 19:32:41.592, 0, 0, 768, 23034
2026/06/09 19:32:46.593, 0, 0, 768, 23034
2026/06/09 19:32:51.594, 0, 0, 768, 23034
2026/06/09 19:32:56.595, 0, 0, 768, 23034
2026/06/09 19:33:01.596, 0, 0, 768, 23034
2026/06/09 19:33:06.597, 0, 0, 768, 23034
2026/06/09 19:33:11.598, 0, 0, 768, 23034
2026/06/09 19:33:16.599, 0, 0, 768, 23034
2026/06/09 19:33:21.600, 0, 0, 768, 23034
2026/06/09 19:33:26.601, 0, 0, 768, 23034
2026/06/09 19:33:31.602, 0, 0, 768, 23034
2026/06/09 19:33:36.604, 0, 0, 768, 23034
2026/06/09 19:33:41.605, 0, 0, 768, 23034
2026/06/09 19:33:46.606, 0, 0, 768, 23034
2026/06/09 19:33:51.607, 0, 0, 768, 23034
2026/06/09 19:33:56.607, 0, 0, 768, 23034
2026/06/09 19:34:01.609, 0, 0, 768, 23034
2026/06/09 19:34:06.610, 0, 0, 768, 23034
2026/06/09 19:34:11.611, 0, 0, 768, 23034
2026/06/09 19:34:16.611, 0, 0, 768, 23034
2026/06/09 19:34:21.617, 0, 0, 768, 23034
2026/06/09 19:34:26.618, 0, 0, 768, 23034
2026/06/09 19:34:31.619, 0, 0, 768, 23034
2026/06/09 19:34:36.620, 0, 0, 768, 23034
2026/06/09 19:34:41.622, 0, 0, 768, 23034
2026/06/09 19:34:46.623, 0, 0, 768, 23034
2026/06/09 19:34:51.644, 0, 0, 768, 23034
2026/06/09 19:34:56.645, 0, 0, 768, 23034
2026/06/09 19:35:01.646, 0, 0, 768, 23034
2026/06/09 19:35:06.646, 0, 0, 768, 23034
2026/06/09 19:35:11.662, 0, 0, 768, 23034
2026/06/09 19:35:16.682, 0, 0, 768, 23034
2026/06/09 19:35:21.682, 0, 0, 768, 23034
2026/06/09 19:35:26.706, 0, 0, 780, 23034
2026/06/09 19:35:31.713, 0, 0, 780, 23034
2026/06/09 19:35:36.714, 0, 0, 780, 23034
2026/06/09 19:35:41.734, 0, 0, 780, 23034
2026/06/09 19:35:46.735, 0, 0, 780, 23034
2026/06/09 19:35:51.765, 0, 0, 780, 23034
2026/06/09 19:35:56.799, 0, 0, 780, 23034
2026/06/09 19:36:01.818, 0, 0, 780, 23034
2026/06/09 19:36:06.845, 0, 0, 780, 23034
2026/06/09 19:36:11.850, 0, 0, 780, 23034
2026/06/09 19:36:16.876, 0, 0, 780, 23034
2026/06/09 19:36:21.880, 0, 0, 780, 23034
2026/06/09 19:36:26.903, 0, 0, 780, 23034
2026/06/09 19:36:31.923, 0, 0, 780, 23034
2026/06/09 19:36:36.924, 0, 0, 780, 23034
2026/06/09 19:36:41.925, 0, 0, 780, 23034
2026/06/09 19:36:46.927, 0, 0, 780, 23034
2026/06/09 19:36:51.928, 0, 0, 780, 23034
2026/06/09 19:36:56.929, 0, 0, 780, 23034
2026/06/09 19:37:01.930, 0, 0, 780, 23034
2026/06/09 19:37:06.931, 0, 0, 780, 23034
2026/06/09 19:37:11.931, 0, 0, 780, 23034
2026/06/09 19:37:16.932, 0, 0, 780, 23034
2026/06/09 19:37:21.933, 0, 0, 780, 23034
2026/06/09 19:37:26.933, 0, 0, 780, 23034
2026/06/09 19:37:31.934, 0, 0, 780, 23034
2026/06/09 19:37:36.935, 0, 0, 780, 23034
2026/06/09 19:37:41.936, 0, 0, 780, 23034
2026/06/09 19:37:46.937, 0, 0, 780, 23034
2026/06/09 19:37:51.938, 0, 0, 780, 23034
2026/06/09 19:37:56.939, 0, 0, 780, 23034
2026/06/09 19:38:01.940, 0, 0, 780, 23034
2026/06/09 19:38:06.941, 0, 0, 780, 23034
2026/06/09 19:38:11.942, 0, 0, 780, 23034
2026/06/09 19:38:16.945, 0, 0, 780, 23034
2026/06/09 19:38:21.946, 0, 0, 780, 23034
2026/06/09 19:38:26.947, 0, 0, 780, 23034
2026/06/09 19:38:31.948, 0, 0, 780, 23034
2026/06/09 19:38:36.949, 0, 0, 780, 23034
2026/06/09 19:38:41.950, 0, 0, 780, 23034
2026/06/09 19:38:46.951, 0, 0, 780, 23034
2026/06/09 19:38:51.952, 0, 0, 780, 23034
2026/06/09 19:38:56.954, 0, 0, 780, 23034
2026/06/09 19:39:01.955, 0, 0, 780, 23034
2026/06/09 19:39:06.957, 0, 0, 780, 23034
2026/06/09 19:39:11.958, 0, 0, 780, 23034
2026/06/09 19:39:16.959, 0, 0, 780, 23034
2026/06/09 19:39:21.960, 0, 0, 780, 23034
2026/06/09 19:39:26.961, 0, 0, 780, 23034
2026/06/09 19:39:31.962, 0, 0, 780, 23034
2026/06/09 19:39:36.964, 0, 0, 780, 23034
2026/06/09 19:39:41.966, 0, 0, 780, 23034
2026/06/09 19:39:46.967, 0, 0, 780, 23034
2026/06/09 19:39:51.968, 0, 0, 780, 23034
2026/06/09 19:39:56.969, 0, 0, 780, 23034
2026/06/09 19:40:01.970, 0, 0, 780, 23034
2026/06/09 19:40:06.971, 0, 0, 780, 23034
2026/06/09 19:40:11.972, 0, 0, 780, 23034
2026/06/09 19:40:16.974, 0, 0, 780, 23034
2026/06/09 19:40:21.975, 0, 0, 780, 23034
2026/06/09 19:40:26.976, 0, 0, 780, 23034
2026/06/09 19:40:31.977, 0, 0, 780, 23034
2026/06/09 19:40:36.978, 0, 0, 780, 23034
2026/06/09 19:40:41.979, 0, 0, 780, 23034
2026/06/09 19:40:46.980, 0, 0, 780, 23034
2026/06/09 19:40:51.982, 0, 0, 780, 23034
2026/06/09 19:40:56.983, 0, 0, 780, 23034
2026/06/09 19:41:01.984, 0, 0, 780, 23034
2026/06/09 19:41:06.985, 0, 0, 780, 23034
2026/06/09 19:41:11.986, 0, 0, 780, 23034
2026/06/09 19:41:16.987, 0, 0, 780, 23034
2026/06/09 19:41:21.989, 0, 0, 780, 23034
2026/06/09 19:41:26.990, 0, 0, 780, 23034
2026/06/09 19:41:31.991, 0, 0, 780, 23034
2026/06/09 19:41:36.992, 0, 0, 780, 23034
2026/06/09 19:41:41.994, 0, 0, 780, 23034
2026/06/09 19:41:46.995, 0, 0, 780, 23034
2026/06/09 19:41:51.996, 0, 0, 780, 23034
2026/06/09 19:41:56.997, 0, 0, 780, 23034
2026/06/09 19:42:01.999, 0, 0, 780, 23034
2026/06/09 19:42:07.000, 0, 0, 780, 23034
2026/06/09 19:42:12.000, 0, 0, 780, 23034
2026/06/09 19:42:17.001, 0, 0, 780, 23034
2026/06/09 19:42:22.001, 0, 0, 780, 23034
2026/06/09 19:42:27.002, 0, 0, 780, 23034
2026/06/09 19:42:32.003, 0, 0, 780, 23034
2026/06/09 19:42:37.004, 0, 0, 780, 23034
2026/06/09 19:42:42.006, 0, 0, 780, 23034
2026/06/09 19:42:47.007, 0, 0, 780, 23034
2026/06/09 19:42:52.008, 0, 0, 780, 23034
2026/06/09 19:42:57.009, 0, 0, 780, 23034
2026/06/09 19:43:02.010, 0, 0, 780, 23034
2026/06/09 19:43:07.011, 0, 0, 780, 23034
2026/06/09 19:43:12.012, 0, 0, 780, 23034
2026/06/09 19:43:17.013, 0, 0, 780, 23034
2026/06/09 19:43:22.014, 0, 0, 780, 23034
2026/06/09 19:43:27.015, 0, 0, 780, 23034
2026/06/09 19:43:32.016, 0, 0, 780, 23034
2026/06/09 19:43:37.017, 0, 0, 780, 23034
2026/06/09 19:43:42.018, 0, 0, 780, 23034
2026/06/09 19:43:47.019, 0, 0, 780, 23034
2026/06/09 19:43:52.021, 0, 0, 780, 23034
2026/06/09 19:43:57.022, 0, 0, 780, 23034
2026/06/09 19:44:02.023, 0, 0, 780, 23034
2026/06/09 19:44:07.024, 0, 0, 780, 23034
2026/06/09 19:44:12.025, 0, 0, 780, 23034
2026/06/09 19:44:17.026, 0, 0, 780, 23034
2026/06/09 19:44:22.027, 0, 0, 780, 23034
2026/06/09 19:44:27.028, 0, 0, 780, 23034
2026/06/09 19:44:32.029, 0, 0, 780, 23034
2026/06/09 19:44:37.030, 0, 0, 780, 23034
2026/06/09 19:44:42.031, 0, 0, 780, 23034
2026/06/09 19:44:47.033, 0, 0, 780, 23034
2026/06/09 19:44:52.034, 0, 0, 780, 23034
2026/06/09 19:44:57.035, 0, 0, 780, 23034
2026/06/09 19:45:02.036, 0, 0, 780, 23034
2026/06/09 19:45:07.037, 0, 0, 780, 23034
2026/06/09 19:45:12.037, 0, 0, 780, 23034
2026/06/09 19:45:17.039, 0, 0, 780, 23034
2026/06/09 19:45:22.039, 0, 0, 780, 23034
2026/06/09 19:45:27.040, 0, 0, 780, 23034
2026/06/09 19:45:32.040, 0, 0, 780, 23034
2026/06/09 19:45:37.041, 0, 0, 780, 23034
2026/06/09 19:45:42.041, 0, 0, 780, 23034
2026/06/09 19:45:47.042, 0, 0, 780, 23034
2026/06/09 19:45:52.043, 0, 0, 780, 23034
2026/06/09 19:45:57.044, 0, 0, 780, 23034
2026/06/09 19:46:02.046, 0, 0, 780, 23034
2026/06/09 19:46:07.047, 0, 0, 780, 23034
2026/06/09 19:46:12.048, 0, 0, 780, 23034
2026/06/09 19:46:17.049, 0, 0, 780, 23034
2026/06/09 19:46:22.051, 0, 0, 780, 23034
2026/06/09 19:46:27.052, 0, 0, 780, 23034
2026/06/09 19:46:32.053, 0, 0, 780, 23034
2026/06/09 19:46:37.054, 0, 0, 780, 23034
2026/06/09 19:46:42.055, 0, 0, 780, 23034
2026/06/09 19:46:47.057, 0, 0, 780, 23034
2026/06/09 19:46:52.058, 0, 0, 780, 23034
2026/06/09 19:46:57.059, 0, 0, 780, 23034
2026/06/09 19:47:02.060, 0, 0, 780, 23034
2026/06/09 19:47:07.061, 0, 0, 780, 23034
2026/06/09 19:47:12.063, 0, 0, 780, 23034
2026/06/09 19:47:17.064, 0, 0, 780, 23034
2026/06/09 19:47:22.065, 0, 0, 780, 23034
2026/06/09 19:47:27.066, 0, 0, 780, 23034
2026/06/09 19:47:32.067, 0, 0, 780, 23034
2026/06/09 19:47:37.068, 0, 0, 780, 23034
2026/06/09 19:47:42.070, 0, 0, 780, 23034
2026/06/09 19:47:47.071, 0, 0, 780, 23034
2026/06/09 19:47:52.072, 0, 0, 780, 23034
2026/06/09 19:47:57.074, 0, 0, 780, 23034
2026/06/09 19:48:02.075, 0, 0, 780, 23034
2026/06/09 19:48:07.076, 0, 0, 780, 23034
2026/06/09 19:48:12.078, 0, 0, 780, 23034
2026/06/09 19:48:17.080, 0, 0, 780, 23034
2026/06/09 19:48:22.081, 0, 0, 780, 23034
2026/06/09 19:48:27.082, 0, 0, 780, 23034
2026/06/09 19:48:32.084, 0, 0, 780, 23034
2026/06/09 19:48:37.085, 0, 0, 780, 23034
2026/06/09 19:48:42.086, 0, 0, 780, 23034
2026/06/09 19:48:47.087, 0, 0, 780, 23034
2026/06/09 19:48:52.088, 0, 0, 780, 23034
2026/06/09 19:48:57.089, 0, 0, 780, 23034
2026/06/09 19:49:02.090, 0, 0, 780, 23034
2026/06/09 19:49:07.091, 0, 0, 780, 23034
2026/06/09 19:49:12.092, 0, 0, 780, 23034
2026/06/09 19:49:17.094, 0, 0, 780, 23034
2026/06/09 19:49:22.096, 0, 0, 780, 23034
2026/06/09 19:49:27.097, 0, 0, 780, 23034
2026/06/09 19:49:32.098, 0, 0, 780, 23034
2026/06/09 19:49:37.099, 0, 0, 780, 23034
2026/06/09 19:49:42.100, 0, 0, 780, 23034
2026/06/09 19:49:47.101, 0, 0, 780, 23034
2026/06/09 19:49:52.102, 0, 0, 780, 23034
2026/06/09 19:49:57.103, 0, 0, 780, 23034
2026/06/09 19:50:02.107, 0, 0, 780, 23034
2026/06/09 19:50:07.108, 0, 0, 780, 23034
2026/06/09 19:50:12.108, 0, 0, 780, 23034
2026/06/09 19:50:17.109, 0, 0, 780, 23034
2026/06/09 19:50:22.110, 0, 0, 780, 23034
2026/06/09 19:50:27.110, 0, 0, 780, 23034
2026/06/09 19:50:32.111, 0, 0, 780, 23034
2026/06/09 19:50:37.111, 0, 0, 780, 23034
2026/06/09 19:50:42.112, 0, 0, 780, 23034
2026/06/09 19:50:47.112, 0, 0, 780, 23034
2026/06/09 19:50:52.113, 0, 0, 780, 23034
2026/06/09 19:50:57.115, 0, 0, 780, 23034
2026/06/09 19:51:02.116, 0, 0, 780, 23034
2026/06/09 19:51:07.117, 0, 0, 780, 23034
2026/06/09 19:51:12.118, 0, 0, 780, 23034
2026/06/09 19:51:17.119, 0, 0, 780, 23034
2026/06/09 19:51:22.120, 0, 0, 780, 23034
2026/06/09 19:51:27.121, 0, 0, 780, 23034
2026/06/09 19:51:32.122, 0, 0, 780, 23034
2026/06/09 19:51:37.124, 0, 0, 780, 23034
2026/06/09 19:51:42.125, 0, 0, 780, 23034
2026/06/09 19:51:47.126, 0, 0, 780, 23034
2026/06/09 19:51:52.127, 0, 0, 780, 23034
2026/06/09 19:51:57.128, 0, 0, 780, 23034
2026/06/09 19:52:02.129, 0, 0, 780, 23034
2026/06/09 19:52:07.130, 0, 0, 780, 23034
2026/06/09 19:52:12.132, 0, 0, 780, 23034
2026/06/09 19:52:17.133, 0, 0, 780, 23034
2026/06/09 19:52:22.134, 0, 0, 780, 23034
2026/06/09 19:52:27.135, 0, 0, 780, 23034
2026/06/09 19:52:32.136, 0, 0, 780, 23034
2026/06/09 19:52:37.138, 0, 0, 780, 23034
2026/06/09 19:52:42.138, 0, 0, 780, 23034
2026/06/09 19:52:47.140, 0, 0, 780, 23034
2026/06/09 19:52:52.140, 0, 0, 780, 23034
2026/06/09 19:52:57.142, 0, 0, 780, 23034
2026/06/09 19:53:02.143, 0, 0, 780, 23034
2026/06/09 19:53:07.144, 0, 0, 780, 23034
2026/06/09 19:53:12.145, 0, 0, 780, 23034
2026/06/09 19:53:17.146, 0, 0, 780, 23034
2026/06/09 19:53:22.147, 0, 0, 780, 23034
2026/06/09 19:53:27.147, 0, 0, 780, 23034
2026/06/09 19:53:32.148, 0, 0, 780, 23034
2026/06/09 19:53:37.149, 0, 0, 780, 23034
2026/06/09 19:53:42.149, 0, 0, 780, 23034
2026/06/09 19:53:47.150, 0, 0, 780, 23034
2026/06/09 19:53:52.152, 0, 0, 780, 23034
2026/06/09 19:53:57.153, 0, 0, 780, 23034
2026/06/09 19:54:02.154, 0, 0, 780, 23034
2026/06/09 19:54:07.155, 0, 0, 780, 23034
2026/06/09 19:54:12.156, 0, 0, 780, 23034
2026/06/09 19:54:17.157, 0, 0, 780, 23034
2026/06/09 19:54:22.158, 0, 0, 780, 23034
2026/06/09 19:54:27.160, 0, 0, 780, 23034
2026/06/09 19:54:32.161, 0, 0, 780, 23034
2026/06/09 19:54:37.162, 0, 0, 780, 23034
2026/06/09 19:54:42.163, 0, 0, 780, 23034
2026/06/09 19:54:47.164, 0, 0, 780, 23034
2026/06/09 19:54:52.165, 0, 0, 780, 23034
2026/06/09 19:54:57.166, 0, 0, 780, 23034
2026/06/09 19:55:02.168, 0, 0, 780, 23034
2026/06/09 19:55:07.169, 0, 0, 780, 23034
2026/06/09 19:55:12.170, 0, 0, 780, 23034
2026/06/09 19:55:17.171, 0, 0, 780, 23034
2026/06/09 19:55:22.172, 0, 0, 780, 23034
2026/06/09 19:55:27.173, 0, 0, 780, 23034
2026/06/09 19:55:32.174, 0, 0, 780, 23034
2026/06/09 19:55:37.175, 0, 0, 780, 23034
2026/06/09 19:55:42.176, 0, 0, 780, 23034
2026/06/09 19:55:47.178, 0, 0, 780, 23034
2026/06/09 19:55:52.179, 0, 0, 780, 23034
2026/06/09 19:55:57.180, 0, 0, 780, 23034
2026/06/09 19:56:02.181, 0, 0, 780, 23034
2026/06/09 19:56:07.183, 0, 0, 780, 23034
2026/06/09 19:56:12.184, 0, 0, 780, 23034
2026/06/09 19:56:17.185, 0, 0, 780, 23034
2026/06/09 19:56:22.187, 0, 0, 780, 23034
2026/06/09 19:56:27.188, 0, 0, 780, 23034
2026/06/09 19:56:32.189, 0, 0, 780, 23034
2026/06/09 19:56:37.190, 0, 0, 780, 23034
2026/06/09 19:56:42.191, 0, 0, 780, 23034
2026/06/09 19:56:47.192, 0, 0, 780, 23034
2026/06/09 19:56:52.193, 0, 0, 780, 23034
2026/06/09 19:56:57.194, 0, 0, 780, 23034
2026/06/09 19:57:02.195, 0, 0, 780, 23034
2026/06/09 19:57:07.196, 0, 0, 780, 23034
2026/06/09 19:57:12.197, 0, 0, 780, 23034
2026/06/09 19:57:17.198, 0, 0, 780, 23034
2026/06/09 19:57:22.200, 0, 0, 780, 23034
2026/06/09 19:57:27.201, 0, 0, 780, 23034
2026/06/09 19:57:32.202, 0, 0, 780, 23034
2026/06/09 19:57:37.203, 0, 0, 780, 23034
2026/06/09 19:57:42.204, 0, 0, 780, 23034
2026/06/09 19:57:47.205, 0, 0, 780, 23034
2026/06/09 19:57:52.207, 0, 0, 780, 23034
2026/06/09 19:57:57.208, 0, 0, 780, 23034
2026/06/09 19:58:02.210, 0, 0, 780, 23034
2026/06/09 19:58:07.210, 0, 0, 780, 23034
2026/06/09 19:58:12.211, 0, 0, 780, 23034
2026/06/09 19:58:17.211, 0, 0, 780, 23034
2026/06/09 19:58:22.212, 0, 0, 780, 23034
2026/06/09 19:58:27.213, 0, 0, 780, 23034
2026/06/09 19:58:32.213, 0, 0, 780, 23034
2026/06/09 19:58:37.214, 0, 0, 780, 23034
2026/06/09 19:58:42.216, 0, 0, 780, 23034
2026/06/09 19:58:47.217, 0, 0, 780, 23034
2026/06/09 19:58:52.218, 0, 0, 780, 23034
2026/06/09 19:58:57.218, 0, 0, 780, 23034
2026/06/09 19:59:02.219, 0, 0, 780, 23034
2026/06/09 19:59:07.221, 0, 0, 780, 23034
2026/06/09 19:59:12.222, 0, 0, 780, 23034
2026/06/09 19:59:17.223, 0, 0, 780, 23034
2026/06/09 19:59:22.224, 0, 0, 780, 23034
2026/06/09 19:59:27.225, 0, 0, 780, 23034
2026/06/09 19:59:32.226, 0, 0, 780, 23034
2026/06/09 19:59:37.227, 0, 0, 780, 23034
2026/06/09 19:59:42.228, 0, 0, 780, 23034
2026/06/09 19:59:47.230, 0, 0, 780, 23034
2026/06/09 19:59:52.230, 0, 0, 780, 23034
2026/06/09 19:59:57.231, 0, 0, 780, 23034
2026/06/09 20:00:02.232, 0, 0, 780, 23034
2026/06/09 20:00:07.233, 0, 0, 780, 23034
2026/06/09 20:00:12.234, 0, 0, 780, 23034
2026/06/09 20:00:17.235, 0, 0, 780, 23034
2026/06/09 20:00:22.237, 0, 0, 780, 23034
2026/06/09 20:00:27.238, 0, 0, 780, 23034
2026/06/09 20:00:32.239, 0, 0, 780, 23034
2026/06/09 20:00:37.241, 0, 0, 780, 23034
2026/06/09 20:00:42.242, 0, 0, 780, 23034
2026/06/09 20:00:47.244, 0, 0, 780, 23034
2026/06/09 20:00:52.245, 0, 0, 780, 23034
2026/06/09 20:00:57.246, 0, 0, 780, 23034
2026/06/09 20:01:02.247, 0, 0, 780, 23034
2026/06/09 20:01:07.248, 0, 0, 780, 23034
2026/06/09 20:01:12.249, 0, 0, 780, 23034
2026/06/09 20:01:17.250, 0, 0, 780, 23034
2026/06/09 20:01:22.252, 0, 0, 780, 23034
2026/06/09 20:01:27.252, 0, 0, 780, 23034
2026/06/09 20:01:32.253, 0, 0, 780, 23034
2026/06/09 20:01:37.253, 0, 0, 780, 23034
2026/06/09 20:01:42.254, 0, 0, 780, 23034
2026/06/09 20:01:47.254, 0, 0, 780, 23034
2026/06/09 20:01:52.255, 0, 0, 780, 23034
2026/06/09 20:01:57.255, 0, 0, 780, 23034
2026/06/09 20:02:02.256, 0, 0, 780, 23034
2026/06/09 20:02:07.256, 0, 0, 780, 23034
2026/06/09 20:02:12.257, 0, 0, 780, 23034
2026/06/09 20:02:17.258, 0, 0, 780, 23034
2026/06/09 20:02:22.263, 0, 0, 780, 23034
2026/06/09 20:02:27.264, 0, 0, 780, 23034
2026/06/09 20:02:32.265, 0, 0, 780, 23034
2026/06/09 20:02:37.266, 0, 0, 780, 23034
2026/06/09 20:02:42.267, 0, 0, 780, 23034
2026/06/09 20:02:47.268, 0, 0, 780, 23034
2026/06/09 20:02:52.269, 0, 0, 780, 23034
2026/06/09 20:02:57.271, 0, 0, 780, 23034
2026/06/09 20:03:02.272, 0, 0, 780, 23034
2026/06/09 20:03:07.273, 0, 0, 780, 23034
2026/06/09 20:03:12.274, 0, 0, 780, 23034
2026/06/09 20:03:17.275, 0, 0, 780, 23034
2026/06/09 20:03:22.276, 0, 0, 780, 23034
2026/06/09 20:03:27.277, 0, 0, 780, 23034
2026/06/09 20:03:32.278, 0, 0, 780, 23034
2026/06/09 20:03:37.280, 0, 0, 780, 23034
2026/06/09 20:03:42.281, 0, 0, 780, 23034
2026/06/09 20:03:47.282, 0, 0, 780, 23034
2026/06/09 20:03:52.284, 0, 0, 780, 23034
2026/06/09 20:03:57.285, 0, 0, 780, 23034
2026/06/09 20:04:02.287, 0, 0, 780, 23034
2026/06/09 20:04:07.288, 0, 0, 780, 23034
2026/06/09 20:04:12.289, 0, 0, 780, 23034
2026/06/09 20:04:17.290, 0, 0, 780, 23034
2026/06/09 20:04:22.291, 0, 0, 780, 23034
2026/06/09 20:04:27.293, 0, 0, 780, 23034
2026/06/09 20:04:32.294, 0, 0, 780, 23034
2026/06/09 20:04:37.294, 0, 0, 780, 23034
2026/06/09 20:04:42.296, 0, 0, 780, 23034
2026/06/09 20:04:47.297, 0, 0, 780, 23034
2026/06/09 20:04:52.299, 0, 0, 780, 23034
2026/06/09 20:04:57.300, 0, 0, 780, 23034
2026/06/09 20:05:02.301, 0, 0, 780, 23034
2026/06/09 20:05:07.302, 0, 0, 780, 23034
2026/06/09 20:05:12.303, 0, 0, 780, 23034
2026/06/09 20:05:17.305, 0, 0, 780, 23034
2026/06/09 20:05:22.307, 0, 0, 780, 23034
2026/06/09 20:05:27.308, 0, 0, 780, 23034
2026/06/09 20:05:32.309, 0, 0, 780, 23034
2026/06/09 20:05:37.311, 0, 0, 780, 23034
2026/06/09 20:05:42.312, 0, 0, 780, 23034
2026/06/09 20:05:47.313, 0, 0, 780, 23034
2026/06/09 20:05:52.315, 0, 0, 780, 23034
2026/06/09 20:05:57.316, 0, 0, 780, 23034
2026/06/09 20:06:02.318, 0, 0, 780, 23034
2026/06/09 20:06:07.319, 0, 0, 780, 23034
2026/06/09 20:06:12.320, 0, 0, 780, 23034
2026/06/09 20:06:17.321, 0, 0, 780, 23034
2026/06/09 20:06:22.323, 0, 0, 780, 23034
2026/06/09 20:06:27.325, 0, 0, 780, 23034
2026/06/09 20:06:32.326, 0, 0, 780, 23034
2026/06/09 20:06:37.327, 0, 0, 780, 23034
2026/06/09 20:06:42.328, 0, 0, 780, 23034
2026/06/09 20:06:47.329, 0, 0, 780, 23034
2026/06/09 20:06:52.331, 0, 0, 780, 23034
2026/06/09 20:06:57.332, 0, 0, 780, 23034
2026/06/09 20:07:02.333, 0, 0, 780, 23034
2026/06/09 20:07:07.335, 0, 0, 780, 23034
2026/06/09 20:07:12.336, 0, 0, 780, 23034
2026/06/09 20:07:17.337, 0, 0, 780, 23034
2026/06/09 20:07:22.338, 0, 0, 780, 23034
2026/06/09 20:07:27.340, 0, 0, 780, 23034
2026/06/09 20:07:32.341, 0, 0, 780, 23034
2026/06/09 20:07:37.342, 0, 0, 780, 23034
2026/06/09 20:07:42.343, 0, 0, 780, 23034
2026/06/09 20:07:47.344, 0, 0, 780, 23034
2026/06/09 20:07:52.345, 0, 0, 780, 23034
2026/06/09 20:07:57.346, 0, 0, 780, 23034
2026/06/09 20:08:02.347, 0, 0, 780, 23034
2026/06/09 20:08:07.349, 0, 0, 780, 23034
2026/06/09 20:08:12.350, 0, 0, 780, 23034
2026/06/09 20:08:17.351, 0, 0, 780, 23034
2026/06/09 20:08:22.352, 0, 0, 780, 23034
2026/06/09 20:08:27.353, 0, 0, 780, 23034
2026/06/09 20:08:32.354, 0, 0, 780, 23034
2026/06/09 20:08:37.355, 0, 0, 780, 23034
2026/06/09 20:08:42.356, 0, 0, 780, 23034
2026/06/09 20:08:47.358, 0, 0, 780, 23034
2026/06/09 20:08:52.359, 0, 0, 780, 23034
2026/06/09 20:08:57.360, 0, 0, 780, 23034
2026/06/09 20:09:02.361, 0, 0, 780, 23034
2026/06/09 20:09:07.362, 0, 0, 780, 23034
2026/06/09 20:09:12.363, 0, 0, 780, 23034
2026/06/09 20:09:17.365, 0, 0, 780, 23034
2026/06/09 20:09:22.366, 0, 0, 780, 23034
2026/06/09 20:09:27.367, 0, 0, 780, 23034
2026/06/09 20:09:32.367, 0, 0, 780, 23034
2026/06/09 20:09:37.368, 0, 0, 780, 23034
2026/06/09 20:09:42.369, 0, 0, 780, 23034
2026/06/09 20:09:47.369, 0, 0, 780, 23034
2026/06/09 20:09:52.370, 0, 0, 780, 23034
2026/06/09 20:09:57.371, 0, 0, 780, 23034
2026/06/09 20:10:02.373, 0, 0, 780, 23034
2026/06/09 20:10:07.374, 0, 0, 780, 23034
2026/06/09 20:10:12.375, 0, 0, 780, 23034
2026/06/09 20:10:17.376, 0, 0, 780, 23034
2026/06/09 20:10:22.377, 0, 0, 780, 23034
2026/06/09 20:10:27.378, 0, 0, 780, 23034
2026/06/09 20:10:32.379, 0, 0, 780, 23034
2026/06/09 20:10:37.381, 0, 0, 780, 23034
2026/06/09 20:10:42.382, 0, 0, 780, 23034
2026/06/09 20:10:47.383, 0, 0, 780, 23034
2026/06/09 20:10:52.384, 0, 0, 780, 23034
2026/06/09 20:10:57.385, 0, 0, 780, 23034
2026/06/09 20:11:02.386, 0, 0, 780, 23034
2026/06/09 20:11:07.388, 0, 0, 780, 23034
2026/06/09 20:11:12.389, 0, 0, 780, 23034
2026/06/09 20:11:17.390, 0, 0, 780, 23034
2026/06/09 20:11:22.391, 0, 0, 780, 23034
2026/06/09 20:11:27.392, 0, 0, 780, 23034
2026/06/09 20:11:32.393, 0, 0, 780, 23034
2026/06/09 20:11:37.395, 0, 0, 780, 23034
2026/06/09 20:11:42.395, 0, 0, 780, 23034
2026/06/09 20:11:47.397, 0, 0, 780, 23034
2026/06/09 20:11:52.399, 0, 0, 780, 23034
2026/06/09 20:11:57.400, 0, 0, 780, 23034
2026/06/09 20:12:02.400, 0, 0, 780, 23034
2026/06/09 20:12:07.401, 0, 0, 780, 23034
2026/06/09 20:12:12.402, 0, 0, 780, 23034
2026/06/09 20:12:17.403, 0, 0, 780, 23034
2026/06/09 20:12:22.404, 0, 0, 780, 23034
2026/06/09 20:12:27.405, 0, 0, 780, 23034
2026/06/09 20:12:32.406, 0, 0, 780, 23034
2026/06/09 20:12:37.407, 0, 0, 780, 23034
2026/06/09 20:12:42.409, 0, 0, 780, 23034
2026/06/09 20:12:47.410, 0, 0, 780, 23034
2026/06/09 20:12:52.411, 0, 0, 780, 23034
2026/06/09 20:12:57.413, 0, 0, 780, 23034
2026/06/09 20:13:02.415, 0, 0, 780, 23034
2026/06/09 20:13:07.416, 0, 0, 780, 23034
2026/06/09 20:13:12.417, 0, 0, 780, 23034
2026/06/09 20:13:17.418, 0, 0, 780, 23034
2026/06/09 20:13:22.419, 0, 0, 780, 23034
2026/06/09 20:13:27.420, 0, 0, 780, 23034
2026/06/09 20:13:32.422, 0, 0, 780, 23034
2026/06/09 20:13:37.437, 0, 0, 780, 23034
2026/06/09 20:13:42.438, 0, 0, 780, 23034
2026/06/09 20:13:47.439, 0, 0, 780, 23034
2026/06/09 20:13:52.441, 0, 0, 780, 23034
2026/06/09 20:13:57.442, 0, 0, 780, 23034
2026/06/09 20:14:02.443, 0, 0, 780, 23034
2026/06/09 20:14:07.444, 0, 0, 780, 23034
2026/06/09 20:14:12.445, 0, 0, 780, 23034
2026/06/09 20:14:17.446, 0, 0, 780, 23034
2026/06/09 20:14:22.447, 0, 0, 780, 23034
2026/06/09 20:14:27.448, 0, 0, 780, 23034
2026/06/09 20:14:32.449, 0, 0, 780, 23034
2026/06/09 20:14:37.451, 0, 0, 780, 23034
2026/06/09 20:14:42.452, 0, 0, 780, 23034
2026/06/09 20:14:47.453, 0, 0, 780, 23034
2026/06/09 20:14:52.454, 0, 0, 780, 23034
2026/06/09 20:14:57.455, 0, 0, 780, 23034
2026/06/09 20:15:02.457, 0, 0, 780, 23034
2026/06/09 20:15:07.458, 0, 0, 780, 23034
2026/06/09 20:15:12.459, 0, 0, 780, 23034
2026/06/09 20:15:17.460, 0, 0, 780, 23034
2026/06/09 20:15:22.461, 0, 0, 780, 23034
2026/06/09 20:15:27.462, 0, 0, 780, 23034
2026/06/09 20:15:32.463, 0, 0, 780, 23034
2026/06/09 20:15:37.464, 0, 0, 780, 23034
2026/06/09 20:15:42.466, 0, 0, 780, 23034
2026/06/09 20:15:47.467, 0, 0, 780, 23034
2026/06/09 20:15:52.468, 0, 0, 780, 23034
2026/06/09 20:15:57.469, 0, 0, 780, 23034
2026/06/09 20:16:02.470, 0, 0, 780, 23034
2026/06/09 20:16:07.471, 0, 0, 780, 23034
2026/06/09 20:16:12.472, 0, 0, 780, 23034
2026/06/09 20:16:17.473, 0, 0, 780, 23034
2026/06/09 20:16:22.474, 0, 0, 780, 23034
2026/06/09 20:16:27.475, 0, 0, 780, 23034
2026/06/09 20:16:32.476, 0, 0, 780, 23034
2026/06/09 20:16:37.476, 0, 0, 780, 23034
2026/06/09 20:16:42.477, 0, 0, 780, 23034
2026/06/09 20:16:47.478, 0, 0, 780, 23034
2026/06/09 20:16:52.479, 0, 0, 780, 23034
2026/06/09 20:16:57.480, 0, 0, 780, 23034
2026/06/09 20:17:02.481, 0, 0, 780, 23034
2026/06/09 20:17:07.482, 0, 0, 780, 23034
2026/06/09 20:17:12.483, 0, 0, 780, 23034
2026/06/09 20:17:17.485, 0, 0, 780, 23034
2026/06/09 20:17:22.486, 0, 0, 780, 23034
2026/06/09 20:17:27.487, 0, 0, 780, 23034
2026/06/09 20:17:32.488, 0, 0, 780, 23034
2026/06/09 20:17:37.490, 0, 0, 780, 23034
2026/06/09 20:17:42.490, 0, 0, 780, 23034
2026/06/09 20:17:47.491, 0, 0, 780, 23034
2026/06/09 20:17:52.491, 0, 0, 780, 23034
2026/06/09 20:17:57.492, 0, 0, 780, 23034
2026/06/09 20:18:02.493, 0, 0, 780, 23034
2026/06/09 20:18:07.494, 0, 0, 780, 23034
2026/06/09 20:18:12.495, 0, 0, 780, 23034
2026/06/09 20:18:17.497, 0, 0, 780, 23034
2026/06/09 20:18:22.498, 0, 0, 780, 23034
2026/06/09 20:18:27.499, 0, 0, 780, 23034
2026/06/09 20:18:32.500, 0, 0, 780, 23034
2026/06/09 20:18:37.500, 0, 0, 780, 23034
2026/06/09 20:18:42.503, 0, 0, 780, 23034
2026/06/09 20:18:47.503, 0, 0, 780, 23034
2026/06/09 20:18:52.504, 0, 0, 780, 23034
2026/06/09 20:18:57.504, 0, 0, 780, 23034
2026/06/09 20:19:02.505, 0, 0, 780, 23034
2026/06/09 20:19:07.506, 0, 0, 780, 23034
2026/06/09 20:19:12.507, 0, 0, 780, 23034
2026/06/09 20:19:17.508, 0, 0, 780, 23034
2026/06/09 20:19:22.510, 0, 0, 780, 23034
2026/06/09 20:19:27.511, 0, 0, 780, 23034
2026/06/09 20:19:32.512, 0, 0, 780, 23034
2026/06/09 20:19:37.513, 0, 0, 780, 23034
2026/06/09 20:19:42.514, 0, 0, 780, 23034
2026/06/09 20:19:47.515, 0, 0, 780, 23034
2026/06/09 20:19:52.516, 0, 0, 780, 23034
2026/06/09 20:19:57.518, 0, 0, 780, 23034
2026/06/09 20:20:02.519, 0, 0, 780, 23034
2026/06/09 20:20:07.520, 0, 0, 780, 23034
2026/06/09 20:20:12.521, 0, 0, 780, 23034
2026/06/09 20:20:17.522, 0, 0, 780, 23034
2026/06/09 20:20:22.523, 0, 0, 780, 23034
2026/06/09 20:20:27.524, 0, 0, 780, 23034
2026/06/09 20:20:32.526, 0, 0, 780, 23034
2026/06/09 20:20:37.527, 0, 0, 780, 23034
2026/06/09 20:20:42.529, 0, 0, 780, 23034
2026/06/09 20:20:47.530, 0, 0, 780, 23034
2026/06/09 20:20:52.531, 0, 0, 780, 23034
2026/06/09 20:20:57.532, 0, 0, 780, 23034
2026/06/09 20:21:02.534, 0, 0, 780, 23034
2026/06/09 20:21:07.534, 0, 0, 780, 23034
2026/06/09 20:21:12.535, 0, 0, 780, 23034
2026/06/09 20:21:17.536, 0, 0, 780, 23034
2026/06/09 20:21:22.537, 0, 0, 780, 23034
2026/06/09 20:21:27.537, 0, 0, 780, 23034
2026/06/09 20:21:32.538, 0, 0, 780, 23034
2026/06/09 20:21:37.539, 0, 0, 780, 23034
2026/06/09 20:21:42.539, 0, 0, 780, 23034
2026/06/09 20:21:47.540, 0, 0, 780, 23034
2026/06/09 20:21:52.542, 0, 0, 780, 23034
2026/06/09 20:21:57.543, 0, 0, 780, 23034
2026/06/09 20:22:02.544, 0, 0, 780, 23034
2026/06/09 20:22:07.545, 0, 0, 780, 23034
2026/06/09 20:22:12.546, 0, 0, 780, 23034
2026/06/09 20:22:17.547, 0, 0, 780, 23034
2026/06/09 20:22:22.549, 0, 0, 780, 23034
2026/06/09 20:22:27.549, 0, 0, 780, 23034
2026/06/09 20:22:32.550, 0, 0, 780, 23034
2026/06/09 20:22:37.552, 0, 0, 780, 23034
2026/06/09 20:22:42.552, 0, 0, 780, 23034
2026/06/09 20:22:47.553, 0, 0, 780, 23034
2026/06/09 20:22:52.554, 0, 0, 780, 23034
2026/06/09 20:22:57.555, 0, 0, 780, 23034
2026/06/09 20:23:02.557, 0, 0, 780, 23034
2026/06/09 20:23:07.558, 0, 0, 780, 23034
2026/06/09 20:23:12.559, 0, 0, 780, 23034
2026/06/09 20:23:17.560, 0, 0, 780, 23034
2026/06/09 20:23:22.561, 0, 0, 780, 23034
2026/06/09 20:23:27.562, 0, 0, 780, 23034
2026/06/09 20:23:32.563, 0, 0, 780, 23034
2026/06/09 20:23:37.563, 0, 0, 780, 23034
2026/06/09 20:23:42.564, 0, 0, 780, 23034
2026/06/09 20:23:47.565, 0, 0, 780, 23034
2026/06/09 20:23:52.566, 0, 0, 780, 23034
2026/06/09 20:23:57.567, 0, 0, 780, 23034
2026/06/09 20:24:02.568, 0, 0, 780, 23034
2026/06/09 20:24:07.569, 0, 0, 780, 23034
2026/06/09 20:24:12.571, 0, 0, 780, 23034
2026/06/09 20:24:17.572, 0, 0, 780, 23034
2026/06/09 20:24:22.573, 0, 0, 780, 23034
2026/06/09 20:24:27.574, 0, 0, 780, 23034
2026/06/09 20:24:32.575, 0, 0, 780, 23034
2026/06/09 20:24:37.576, 0, 0, 780, 23034
2026/06/09 20:24:42.576, 0, 0, 780, 23034
2026/06/09 20:24:47.577, 0, 0, 780, 23034
2026/06/09 20:24:52.578, 0, 0, 780, 23034
2026/06/09 20:24:57.578, 0, 0, 780, 23034
2026/06/09 20:25:02.579, 0, 0, 780, 23034
2026/06/09 20:25:07.581, 0, 0, 780, 23034
2026/06/09 20:25:12.582, 0, 0, 780, 23034
2026/06/09 20:25:17.582, 0, 0, 780, 23034
2026/06/09 20:25:22.583, 0, 0, 780, 23034
2026/06/09 20:25:27.584, 0, 0, 780, 23034
2026/06/09 20:25:32.585, 0, 0, 780, 23034
2026/06/09 20:25:37.587, 0, 0, 780, 23034
2026/06/09 20:25:42.588, 0, 0, 780, 23034
2026/06/09 20:25:47.590, 0, 0, 780, 23034
2026/06/09 20:25:52.590, 0, 0, 780, 23034
2026/06/09 20:25:57.591, 0, 0, 780, 23034
2026/06/09 20:26:02.592, 0, 0, 780, 23034
2026/06/09 20:26:07.592, 0, 0, 780, 23034
2026/06/09 20:26:12.593, 0, 0, 780, 23034
2026/06/09 20:26:17.593, 0, 0, 780, 23034
2026/06/09 20:26:22.594, 0, 0, 780, 23034
2026/06/09 20:26:27.595, 0, 0, 780, 23034
2026/06/09 20:26:32.596, 0, 0, 780, 23034
2026/06/09 20:26:37.596, 0, 0, 780, 23034
2026/06/09 20:26:42.597, 0, 0, 780, 23034
2026/06/09 20:26:47.599, 0, 0, 780, 23034
2026/06/09 20:26:52.599, 0, 0, 780, 23034
2026/06/09 20:26:57.600, 0, 0, 780, 23034
2026/06/09 20:27:02.600, 0, 0, 780, 23034
2026/06/09 20:27:07.601, 0, 0, 780, 23034
2026/06/09 20:27:12.602, 0, 0, 780, 23034
2026/06/09 20:27:17.603, 0, 0, 780, 23034
2026/06/09 20:27:22.604, 0, 0, 780, 23034
2026/06/09 20:27:27.605, 0, 0, 780, 23034
2026/06/09 20:27:32.606, 0, 0, 780, 23034
2026/06/09 20:27:37.607, 0, 0, 780, 23034
2026/06/09 20:27:42.609, 0, 0, 780, 23034
2026/06/09 20:27:47.610, 0, 0, 780, 23034
2026/06/09 20:27:52.610, 0, 0, 780, 23034
2026/06/09 20:27:57.612, 0, 0, 780, 23034
2026/06/09 20:28:02.613, 0, 0, 780, 23034
2026/06/09 20:28:07.613, 0, 0, 780, 23034
2026/06/09 20:28:12.614, 0, 0, 780, 23034
2026/06/09 20:28:17.614, 0, 0, 780, 23034
2026/06/09 20:28:22.615, 0, 0, 780, 23034
2026/06/09 20:28:27.616, 0, 0, 780, 23034
2026/06/09 20:28:32.616, 0, 0, 780, 23034
2026/06/09 20:28:37.617, 0, 0, 780, 23034
2026/06/09 20:28:42.617, 0, 0, 780, 23034
2026/06/09 20:28:47.618, 0, 0, 780, 23034
2026/06/09 20:28:52.619, 0, 0, 780, 23034
2026/06/09 20:28:57.620, 0, 0, 780, 23034
2026/06/09 20:29:02.620, 0, 0, 780, 23034
2026/06/09 20:29:07.621, 0, 0, 780, 23034
2026/06/09 20:29:12.622, 0, 0, 780, 23034
2026/06/09 20:29:17.623, 0, 0, 780, 23034
2026/06/09 20:29:22.624, 0, 0, 780, 23034
2026/06/09 20:29:27.625, 0, 0, 780, 23034
2026/06/09 20:29:32.626, 0, 0, 780, 23034
2026/06/09 20:29:37.627, 0, 0, 780, 23034
2026/06/09 20:29:42.628, 0, 0, 780, 23034
2026/06/09 20:29:47.630, 0, 0, 780, 23034
2026/06/09 20:29:52.631, 0, 0, 780, 23034
2026/06/09 20:29:57.631, 0, 0, 780, 23034
2026/06/09 20:30:02.632, 0, 0, 780, 23034
2026/06/09 20:30:07.632, 0, 0, 780, 23034
2026/06/09 20:30:12.633, 0, 0, 780, 23034
2026/06/09 20:30:17.634, 0, 0, 780, 23034
2026/06/09 20:30:22.635, 0, 0, 780, 23034
2026/06/09 20:30:27.636, 0, 0, 780, 23034
2026/06/09 20:30:32.637, 0, 0, 780, 23034
2026/06/09 20:30:37.638, 0, 0, 780, 23034
2026/06/09 20:30:42.640, 0, 0, 780, 23034
2026/06/09 20:30:47.641, 0, 0, 780, 23034
2026/06/09 20:30:52.642, 0, 0, 780, 23034
2026/06/09 20:30:57.644, 0, 0, 780, 23034
2026/06/09 20:31:02.645, 0, 0, 780, 23034
2026/06/09 20:31:07.646, 0, 0, 780, 23034
2026/06/09 20:31:12.648, 0, 0, 780, 23034
2026/06/09 20:31:17.649, 0, 0, 780, 23034
2026/06/09 20:31:22.651, 0, 0, 780, 23034
2026/06/09 20:31:27.652, 0, 0, 780, 23034
2026/06/09 20:31:32.653, 0, 0, 780, 23034
2026/06/09 20:31:37.654, 0, 0, 780, 23034
2026/06/09 20:31:42.655, 0, 0, 780, 23034
2026/06/09 20:31:47.657, 0, 0, 780, 23034
2026/06/09 20:31:52.657, 0, 0, 780, 23034
2026/06/09 20:31:57.658, 0, 0, 780, 23034
2026/06/09 20:32:02.660, 0, 0, 780, 23034
2026/06/09 20:32:07.660, 0, 0, 780, 23034
2026/06/09 20:32:12.661, 0, 0, 780, 23034
2026/06/09 20:32:17.662, 0, 0, 780, 23034
2026/06/09 20:32:22.662, 0, 0, 780, 23034
2026/06/09 20:32:27.663, 0, 0, 780, 23034
2026/06/09 20:32:32.664, 0, 0, 780, 23034
2026/06/09 20:32:37.666, 0, 0, 780, 23034
2026/06/09 20:32:42.667, 0, 0, 780, 23034
2026/06/09 20:32:47.668, 0, 0, 780, 23034
2026/06/09 20:32:52.669, 0, 0, 780, 23034
2026/06/09 20:32:57.670, 0, 0, 780, 23034
2026/06/09 20:33:02.671, 0, 0, 780, 23034
2026/06/09 20:33:07.672, 0, 0, 780, 23034
2026/06/09 20:33:12.674, 0, 0, 780, 23034
2026/06/09 20:33:17.675, 0, 0, 780, 23034
2026/06/09 20:33:22.676, 0, 0, 780, 23034
2026/06/09 20:33:27.678, 0, 0, 780, 23034
2026/06/09 20:33:32.679, 0, 0, 780, 23034
2026/06/09 20:33:37.680, 0, 0, 780, 23034
2026/06/09 20:33:42.681, 0, 0, 780, 23034
2026/06/09 20:33:47.682, 0, 0, 780, 23034
2026/06/09 20:33:52.683, 0, 0, 780, 23034
2026/06/09 20:33:57.684, 0, 0, 780, 23034
2026/06/09 20:34:02.684, 0, 0, 780, 23034
2026/06/09 20:34:07.685, 0, 0, 780, 23034
2026/06/09 20:34:12.685, 0, 0, 780, 23034
2026/06/09 20:34:17.686, 0, 0, 780, 23034
2026/06/09 20:34:22.686, 0, 0, 780, 23034
2026/06/09 20:34:27.687, 0, 0, 780, 23034
2026/06/09 20:34:32.688, 0, 0, 780, 23034
2026/06/09 20:34:37.688, 0, 0, 780, 23034
2026/06/09 20:34:42.689, 0, 0, 780, 23034
2026/06/09 20:34:47.690, 0, 0, 780, 23034
2026/06/09 20:34:52.691, 0, 0, 780, 23034
2026/06/09 20:34:57.693, 0, 0, 780, 23034
2026/06/09 20:35:02.694, 0, 0, 780, 23034
2026/06/09 20:35:07.695, 0, 0, 780, 23034
2026/06/09 20:35:12.695, 0, 0, 780, 23034
2026/06/09 20:35:17.696, 0, 0, 780, 23034
2026/06/09 20:35:22.696, 0, 0, 780, 23034
2026/06/09 20:35:27.698, 0, 0, 780, 23034
2026/06/09 20:35:32.699, 0, 0, 780, 23034
2026/06/09 20:35:37.699, 0, 0, 780, 23034
2026/06/09 20:35:42.700, 0, 0, 780, 23034
2026/06/09 20:35:47.702, 0, 0, 780, 23034
2026/06/09 20:35:52.703, 0, 0, 780, 23034
2026/06/09 20:35:57.704, 0, 0, 780, 23034
2026/06/09 20:36:02.706, 0, 0, 780, 23034
2026/06/09 20:36:07.707, 0, 0, 780, 23034
2026/06/09 20:36:12.708, 0, 0, 780, 23034
2026/06/09 20:36:17.710, 0, 0, 780, 23034
2026/06/09 20:36:22.711, 0, 0, 780, 23034
2026/06/09 20:36:27.712, 0, 0, 780, 23034
2026/06/09 20:36:32.713, 0, 0, 780, 23034
2026/06/09 20:36:37.715, 0, 0, 780, 23034
2026/06/09 20:36:42.716, 0, 0, 780, 23034
2026/06/09 20:36:47.717, 0, 0, 780, 23034
2026/06/09 20:36:52.718, 0, 0, 780, 23034
2026/06/09 20:36:57.719, 0, 0, 780, 23034
2026/06/09 20:37:02.722, 0, 0, 780, 23034
2026/06/09 20:37:07.723, 0, 0, 780, 23034
2026/06/09 20:37:12.724, 0, 0, 780, 23034
2026/06/09 20:37:17.725, 0, 0, 780, 23034
2026/06/09 20:37:22.726, 0, 0, 780, 23034
2026/06/09 20:37:27.727, 0, 0, 780, 23034
2026/06/09 20:37:32.728, 0, 0, 780, 23034
2026/06/09 20:37:37.730, 0, 0, 780, 23034
2026/06/09 20:37:42.731, 0, 0, 780, 23034
2026/06/09 20:37:47.732, 0, 0, 780, 23034
2026/06/09 20:37:52.733, 0, 0, 780, 23034
2026/06/09 20:37:57.734, 0, 0, 780, 23034
2026/06/09 20:38:02.735, 0, 0, 780, 23034
2026/06/09 20:38:07.735, 0, 0, 780, 23034
2026/06/09 20:38:12.736, 0, 0, 780, 23034
2026/06/09 20:38:17.737, 0, 0, 780, 23034
2026/06/09 20:38:22.738, 0, 0, 780, 23034
2026/06/09 20:38:27.739, 0, 0, 780, 23034
2026/06/09 20:38:32.740, 0, 0, 780, 23034
2026/06/09 20:38:37.742, 0, 0, 780, 23034
2026/06/09 20:38:42.743, 0, 0, 780, 23034
2026/06/09 20:38:47.744, 0, 0, 780, 23034
2026/06/09 20:38:52.746, 0, 0, 780, 23034
2026/06/09 20:38:57.747, 0, 0, 780, 23034
2026/06/09 20:39:02.748, 0, 0, 780, 23034
2026/06/09 20:39:07.750, 0, 0, 780, 23034
2026/06/09 20:39:12.750, 0, 0, 780, 23034
2026/06/09 20:39:17.751, 0, 0, 780, 23034
2026/06/09 20:39:22.751, 0, 0, 780, 23034
2026/06/09 20:39:27.752, 0, 0, 780, 23034
2026/06/09 20:39:32.752, 0, 0, 780, 23034
2026/06/09 20:39:37.754, 0, 0, 780, 23034
2026/06/09 20:39:42.755, 0, 0, 780, 23034
2026/06/09 20:39:47.755, 0, 0, 780, 23034
2026/06/09 20:39:52.757, 0, 0, 780, 23034
2026/06/09 20:39:57.758, 0, 0, 780, 23034
2026/06/09 20:40:02.758, 0, 0, 780, 23034
2026/06/09 20:40:07.759, 0, 0, 780, 23034
2026/06/09 20:40:12.762, 0, 0, 780, 23034
2026/06/09 20:40:17.762, 0, 0, 780, 23034
2026/06/09 20:40:22.763, 0, 0, 780, 23034
2026/06/09 20:40:27.764, 0, 0, 780, 23034
2026/06/09 20:40:32.765, 0, 0, 780, 23034
2026/06/09 20:40:37.765, 0, 0, 780, 23034
2026/06/09 20:40:42.766, 0, 0, 780, 23034
2026/06/09 20:40:47.767, 0, 0, 780, 23034
2026/06/09 20:40:52.768, 0, 0, 780, 23034
2026/06/09 20:40:57.769, 0, 0, 780, 23034
2026/06/09 20:41:02.770, 0, 0, 780, 23034
2026/06/09 20:41:07.771, 0, 0, 780, 23034
2026/06/09 20:41:12.773, 0, 0, 780, 23034
2026/06/09 20:41:17.774, 0, 0, 780, 23034
2026/06/09 20:41:22.775, 0, 0, 780, 23034
2026/06/09 20:41:27.776, 0, 0, 780, 23034
2026/06/09 20:41:32.777, 0, 0, 780, 23034
2026/06/09 20:41:37.779, 0, 0, 780, 23034
2026/06/09 20:41:42.780, 0, 0, 780, 23034
2026/06/09 20:41:47.781, 0, 0, 780, 23034
2026/06/09 20:41:52.782, 0, 0, 780, 23034
2026/06/09 20:41:57.783, 0, 0, 780, 23034
2026/06/09 20:42:02.785, 0, 0, 780, 23034
2026/06/09 20:42:07.785, 0, 0, 780, 23034
2026/06/09 20:42:12.786, 0, 0, 780, 23034
2026/06/09 20:42:17.786, 0, 0, 780, 23034
2026/06/09 20:42:22.788, 0, 0, 780, 23034
2026/06/09 20:42:27.788, 0, 0, 780, 23034
2026/06/09 20:42:32.789, 0, 0, 780, 23034
2026/06/09 20:42:37.789, 0, 0, 780, 23034
2026/06/09 20:42:42.790, 0, 0, 780, 23034
2026/06/09 20:42:47.790, 0, 0, 780, 23034
2026/06/09 20:42:52.791, 0, 0, 780, 23034
2026/06/09 20:42:57.794, 0, 0, 780, 23034
2026/06/09 20:43:02.794, 0, 0, 780, 23034
2026/06/09 20:43:07.795, 0, 0, 780, 23034
2026/06/09 20:43:12.796, 0, 0, 780, 23034
2026/06/09 20:43:17.797, 0, 0, 780, 23034
2026/06/09 20:43:22.798, 0, 0, 780, 23034
2026/06/09 20:43:27.799, 0, 0, 780, 23034
2026/06/09 20:43:32.800, 0, 0, 780, 23034
2026/06/09 20:43:37.802, 0, 0, 780, 23034
2026/06/09 20:43:42.803, 0, 0, 780, 23034
2026/06/09 20:43:47.804, 0, 0, 780, 23034
2026/06/09 20:43:52.804, 0, 0, 780, 23034
2026/06/09 20:43:57.805, 0, 0, 780, 23034
2026/06/09 20:44:02.805, 0, 0, 780, 23034
2026/06/09 20:44:07.807, 0, 0, 780, 23034
2026/06/09 20:44:12.807, 0, 0, 780, 23034
2026/06/09 20:44:17.808, 0, 0, 780, 23034
2026/06/09 20:44:22.808, 0, 0, 780, 23034
2026/06/09 20:44:27.809, 0, 0, 780, 23034
2026/06/09 20:44:32.809, 0, 0, 780, 23034
2026/06/09 20:44:37.810, 0, 0, 780, 23034
2026/06/09 20:44:42.812, 0, 0, 780, 23034
2026/06/09 20:44:47.813, 0, 0, 780, 23034
2026/06/09 20:44:52.813, 0, 0, 780, 23034
2026/06/09 20:44:57.814, 0, 0, 780, 23034
2026/06/09 20:45:02.815, 0, 0, 780, 23034
2026/06/09 20:45:07.817, 0, 0, 780, 23034
2026/06/09 20:45:12.818, 0, 0, 780, 23034
2026/06/09 20:45:17.819, 0, 0, 780, 23034
2026/06/09 20:45:22.821, 0, 0, 780, 23034
2026/06/09 20:45:27.823, 0, 0, 780, 23034
2026/06/09 20:45:32.824, 0, 0, 780, 23034
2026/06/09 20:45:37.825, 0, 0, 780, 23034
2026/06/09 20:45:42.826, 0, 0, 780, 23034
2026/06/09 20:45:47.827, 0, 0, 780, 23034
2026/06/09 20:45:52.829, 0, 0, 780, 23034
2026/06/09 20:45:57.830, 0, 0, 780, 23034
2026/06/09 20:46:02.831, 0, 0, 780, 23034
2026/06/09 20:46:07.831, 0, 0, 780, 23034
2026/06/09 20:46:12.832, 0, 0, 780, 23034
2026/06/09 20:46:17.832, 0, 0, 780, 23034
2026/06/09 20:46:22.833, 0, 0, 780, 23034
2026/06/09 20:46:27.834, 0, 0, 780, 23034
2026/06/09 20:46:32.835, 0, 0, 780, 23034
2026/06/09 20:46:37.836, 0, 0, 780, 23034
2026/06/09 20:46:42.836, 0, 0, 780, 23034
2026/06/09 20:46:47.837, 0, 0, 780, 23034
2026/06/09 20:46:52.838, 0, 0, 780, 23034
2026/06/09 20:46:57.839, 0, 0, 780, 23034
2026/06/09 20:47:02.840, 0, 0, 780, 23034
2026/06/09 20:47:07.842, 0, 0, 780, 23034
2026/06/09 20:47:12.843, 0, 0, 780, 23034
2026/06/09 20:47:17.844, 0, 0, 780, 23034
2026/06/09 20:47:22.845, 0, 0, 780, 23034
2026/06/09 20:47:27.846, 0, 0, 780, 23034
2026/06/09 20:47:32.847, 0, 0, 780, 23034
2026/06/09 20:47:37.848, 0, 0, 780, 23034
2026/06/09 20:47:42.849, 0, 0, 780, 23034
2026/06/09 20:47:47.850, 0, 0, 780, 23034
2026/06/09 20:47:52.851, 0, 0, 780, 23034
2026/06/09 20:47:57.852, 0, 0, 780, 23034
2026/06/09 20:48:02.853, 0, 0, 780, 23034
2026/06/09 20:48:07.854, 0, 0, 780, 23034
2026/06/09 20:48:12.856, 0, 0, 780, 23034
2026/06/09 20:48:17.857, 0, 0, 780, 23034
2026/06/09 20:48:22.858, 0, 0, 780, 23034
2026/06/09 20:48:27.859, 0, 0, 780, 23034
2026/06/09 20:48:32.860, 0, 0, 780, 23034
2026/06/09 20:48:37.861, 0, 0, 780, 23034
2026/06/09 20:48:42.862, 0, 0, 780, 23034
2026/06/09 20:48:47.863, 0, 0, 780, 23034
2026/06/09 20:48:52.864, 0, 0, 780, 23034
2026/06/09 20:48:57.865, 0, 0, 780, 23034
2026/06/09 20:49:02.866, 0, 0, 780, 23034
2026/06/09 20:49:07.867, 0, 0, 780, 23034
2026/06/09 20:49:12.868, 0, 0, 780, 23034
2026/06/09 20:49:17.869, 0, 0, 780, 23034
2026/06/09 20:49:22.870, 0, 0, 780, 23034
2026/06/09 20:49:27.871, 0, 0, 780, 23034
2026/06/09 20:49:32.872, 0, 0, 780, 23034
2026/06/09 20:49:37.874, 0, 0, 780, 23034
2026/06/09 20:49:42.875, 0, 0, 780, 23034
2026/06/09 20:49:47.876, 0, 0, 780, 23034
2026/06/09 20:49:52.877, 0, 0, 780, 23034
2026/06/09 20:49:57.878, 0, 0, 780, 23034
2026/06/09 20:50:02.879, 0, 0, 780, 23034
2026/06/09 20:50:07.880, 0, 0, 780, 23034
2026/06/09 20:50:12.881, 0, 0, 780, 23034
2026/06/09 20:50:17.882, 0, 0, 780, 23034
2026/06/09 20:50:22.882, 0, 0, 780, 23034
2026/06/09 20:50:27.883, 0, 0, 780, 23034
2026/06/09 20:50:32.884, 0, 0, 780, 23034
2026/06/09 20:50:37.884, 0, 0, 780, 23034
2026/06/09 20:50:42.885, 0, 0, 780, 23034
2026/06/09 20:50:47.887, 0, 0, 780, 23034
2026/06/09 20:50:52.888, 0, 0, 780, 23034
2026/06/09 20:50:57.889, 0, 0, 780, 23034
2026/06/09 20:51:02.890, 0, 0, 780, 23034
2026/06/09 20:51:07.891, 0, 0, 780, 23034
2026/06/09 20:51:12.892, 0, 0, 780, 23034
2026/06/09 20:51:17.893, 0, 0, 780, 23034
2026/06/09 20:51:22.894, 0, 0, 780, 23034
2026/06/09 20:51:27.894, 0, 0, 780, 23034
2026/06/09 20:51:32.895, 0, 0, 780, 23034
2026/06/09 20:51:37.895, 0, 0, 780, 23034
2026/06/09 20:51:42.896, 0, 0, 780, 23034
2026/06/09 20:51:47.897, 0, 0, 780, 23034
2026/06/09 20:51:52.899, 0, 0, 780, 23034
2026/06/09 20:51:57.899, 0, 0, 780, 23034
2026/06/09 20:52:02.900, 0, 0, 780, 23034
2026/06/09 20:52:07.902, 0, 0, 780, 23034
2026/06/09 20:52:12.903, 0, 0, 780, 23034
2026/06/09 20:52:17.903, 0, 0, 780, 23034
2026/06/09 20:52:22.904, 0, 0, 780, 23034
2026/06/09 20:52:27.905, 0, 0, 780, 23034
2026/06/09 20:52:32.906, 0, 0, 780, 23034
2026/06/09 20:52:37.909, 0, 0, 780, 23034
2026/06/09 20:52:42.910, 0, 0, 780, 23034
2026/06/09 20:52:47.911, 0, 0, 780, 23034
2026/06/09 20:52:52.911, 0, 0, 780, 23034
2026/06/09 20:52:57.912, 0, 0, 780, 23034
2026/06/09 20:53:02.912, 0, 0, 780, 23034
2026/06/09 20:53:07.914, 0, 0, 780, 23034
2026/06/09 20:53:12.915, 0, 0, 780, 23034
2026/06/09 20:53:17.916, 0, 0, 780, 23034
2026/06/09 20:53:22.917, 0, 0, 780, 23034
2026/06/09 20:53:27.918, 0, 0, 780, 23034
2026/06/09 20:53:32.918, 0, 0, 780, 23034
2026/06/09 20:53:37.920, 0, 0, 780, 23034
2026/06/09 20:53:42.921, 0, 0, 780, 23034
2026/06/09 20:53:47.922, 0, 0, 780, 23034
2026/06/09 20:53:52.923, 0, 0, 780, 23034
2026/06/09 20:53:57.923, 0, 0, 780, 23034
2026/06/09 20:54:02.924, 0, 0, 780, 23034
2026/06/09 20:54:07.924, 0, 0, 780, 23034
2026/06/09 20:54:12.925, 0, 0, 780, 23034
2026/06/09 20:54:17.926, 0, 0, 780, 23034
2026/06/09 20:54:22.927, 0, 0, 780, 23034
2026/06/09 20:54:27.928, 0, 0, 780, 23034
2026/06/09 20:54:32.929, 0, 0, 780, 23034
2026/06/09 20:54:37.930, 0, 0, 780, 23034
2026/06/09 20:54:42.932, 0, 0, 780, 23034
2026/06/09 20:54:47.933, 0, 0, 780, 23034
2026/06/09 20:54:52.934, 0, 0, 780, 23034
2026/06/09 20:54:57.934, 0, 0, 780, 23034
2026/06/09 20:55:02.936, 0, 0, 780, 23034
2026/06/09 20:55:07.937, 0, 0, 780, 23034
2026/06/09 20:55:12.938, 0, 0, 780, 23034
2026/06/09 20:55:17.939, 0, 0, 780, 23034
2026/06/09 20:55:22.940, 0, 0, 780, 23034
2026/06/09 20:55:27.941, 0, 0, 780, 23034
2026/06/09 20:55:32.942, 0, 0, 780, 23034
2026/06/09 20:55:37.943, 0, 0, 780, 23034
2026/06/09 20:55:42.944, 0, 0, 780, 23034
2026/06/09 20:55:47.945, 0, 0, 780, 23034
2026/06/09 20:55:52.947, 0, 0, 780, 23034
2026/06/09 20:55:57.948, 0, 0, 780, 23034
2026/06/09 20:56:02.949, 0, 0, 780, 23034
2026/06/09 20:56:07.951, 0, 0, 780, 23034
2026/06/09 20:56:12.952, 0, 0, 780, 23034
2026/06/09 20:56:17.953, 0, 0, 780, 23034
2026/06/09 20:56:22.955, 0, 0, 780, 23034
2026/06/09 20:56:27.956, 0, 0, 780, 23034
2026/06/09 20:56:32.957, 0, 0, 780, 23034
2026/06/09 20:56:37.959, 0, 0, 780, 23034
2026/06/09 20:56:42.960, 0, 0, 780, 23034
2026/06/09 20:56:47.961, 0, 0, 780, 23034
2026/06/09 20:56:52.962, 0, 0, 780, 23034
2026/06/09 20:56:57.963, 0, 0, 780, 23034
2026/06/09 20:57:02.965, 0, 0, 780, 23034
2026/06/09 20:57:07.966, 0, 0, 780, 23034
2026/06/09 20:57:12.967, 0, 0, 780, 23034
2026/06/09 20:57:17.968, 0, 0, 780, 23034
2026/06/09 20:57:22.969, 0, 0, 780, 23034
2026/06/09 20:57:27.970, 0, 0, 780, 23034
2026/06/09 20:57:32.971, 0, 0, 780, 23034
2026/06/09 20:57:37.972, 0, 0, 780, 23034
2026/06/09 20:57:42.974, 0, 0, 780, 23034
2026/06/09 20:57:47.975, 0, 0, 780, 23034
2026/06/09 20:57:52.976, 0, 0, 780, 23034
2026/06/09 20:57:57.977, 0, 0, 780, 23034
2026/06/09 20:58:02.978, 0, 0, 780, 23034
2026/06/09 20:58:07.979, 0, 0, 780, 23034
2026/06/09 20:58:12.980, 0, 0, 780, 23034
2026/06/09 20:58:17.981, 0, 0, 780, 23034
2026/06/09 20:58:22.982, 0, 0, 780, 23034
2026/06/09 20:58:27.982, 0, 0, 780, 23034
2026/06/09 20:58:32.983, 0, 0, 780, 23034
2026/06/09 20:58:37.983, 0, 0, 780, 23034
2026/06/09 20:58:42.984, 0, 0, 780, 23034
2026/06/09 20:58:47.985, 0, 0, 780, 23034
2026/06/09 20:58:52.986, 0, 0, 780, 23034
2026/06/09 20:58:57.988, 0, 0, 780, 23034
2026/06/09 20:59:02.989, 0, 0, 780, 23034
2026/06/09 20:59:07.990, 0, 0, 780, 23034
2026/06/09 20:59:12.991, 0, 0, 780, 23034
2026/06/09 20:59:17.992, 0, 0, 780, 23034
2026/06/09 20:59:22.993, 0, 0, 780, 23034
2026/06/09 20:59:27.994, 0, 0, 780, 23034
2026/06/09 20:59:32.995, 0, 0, 780, 23034
2026/06/09 20:59:37.997, 0, 0, 780, 23034
2026/06/09 20:59:42.998, 0, 0, 780, 23034
2026/06/09 20:59:47.999, 0, 0, 780, 23034
2026/06/09 20:59:53.000, 0, 0, 780, 23034
2026/06/09 20:59:58.001, 0, 0, 780, 23034
2026/06/09 21:00:03.002, 0, 0, 780, 23034
2026/06/09 21:00:08.003, 0, 0, 780, 23034
2026/06/09 21:00:13.004, 0, 0, 780, 23034
2026/06/09 21:00:18.005, 0, 0, 780, 23034
2026/06/09 21:00:23.007, 0, 0, 780, 23034
2026/06/09 21:00:28.008, 0, 0, 780, 23034
2026/06/09 21:00:33.009, 0, 0, 780, 23034
2026/06/09 21:00:38.010, 0, 0, 780, 23034
2026/06/09 21:00:43.012, 0, 0, 780, 23034
2026/06/09 21:00:48.013, 0, 0, 780, 23034
2026/06/09 21:00:53.014, 0, 0, 780, 23034
2026/06/09 21:00:58.015, 0, 0, 780, 23034
2026/06/09 21:01:03.016, 0, 0, 780, 23034
2026/06/09 21:01:08.017, 0, 0, 780, 23034
2026/06/09 21:01:13.019, 0, 0, 780, 23034
2026/06/09 21:01:18.020, 0, 0, 780, 23034
2026/06/09 21:01:23.022, 0, 0, 780, 23034
2026/06/09 21:01:28.023, 0, 0, 780, 23034
2026/06/09 21:01:33.024, 0, 0, 780, 23034
2026/06/09 21:01:38.025, 0, 0, 780, 23034
2026/06/09 21:01:43.026, 0, 0, 780, 23034
2026/06/09 21:01:48.027, 0, 0, 780, 23034
2026/06/09 21:01:53.029, 0, 0, 780, 23034
2026/06/09 21:01:58.030, 0, 0, 780, 23034
2026/06/09 21:02:03.031, 0, 0, 780, 23034
2026/06/09 21:02:08.032, 0, 0, 780, 23034
2026/06/09 21:02:13.034, 0, 0, 780, 23034
2026/06/09 21:02:18.036, 0, 0, 780, 23034
2026/06/09 21:02:23.037, 0, 0, 780, 23034
2026/06/09 21:02:28.038, 0, 0, 780, 23034
2026/06/09 21:02:33.039, 0, 0, 780, 23034
2026/06/09 21:02:38.040, 0, 0, 780, 23034
2026/06/09 21:02:43.041, 0, 0, 780, 23034
2026/06/09 21:02:48.043, 0, 0, 780, 23034
2026/06/09 21:02:53.044, 0, 0, 780, 23034
2026/06/09 21:02:58.047, 0, 0, 780, 23034
2026/06/09 21:03:03.047, 0, 0, 780, 23034
2026/06/09 21:03:08.049, 0, 0, 780, 23034
2026/06/09 21:03:13.050, 0, 0, 780, 23034
2026/06/09 21:03:18.052, 0, 0, 780, 23034
2026/06/09 21:03:23.053, 0, 0, 780, 23034
2026/06/09 21:03:28.054, 0, 0, 780, 23034
2026/06/09 21:03:33.055, 0, 0, 780, 23034
2026/06/09 21:03:38.056, 0, 0, 780, 23034
2026/06/09 21:03:43.057, 0, 0, 780, 23034
2026/06/09 21:03:48.058, 0, 0, 780, 23034
2026/06/09 21:03:53.060, 0, 0, 780, 23034
2026/06/09 21:03:58.061, 0, 0, 780, 23034
2026/06/09 21:04:03.062, 0, 0, 780, 23034
2026/06/09 21:04:08.063, 0, 0, 780, 23034
2026/06/09 21:04:13.064, 0, 0, 780, 23034
2026/06/09 21:04:18.066, 0, 0, 780, 23034
2026/06/09 21:04:23.067, 0, 0, 780, 23034
2026/06/09 21:04:28.069, 0, 0, 780, 23034
2026/06/09 21:04:33.070, 0, 0, 780, 23034
2026/06/09 21:04:38.071, 0, 0, 780, 23034
2026/06/09 21:04:43.073, 0, 0, 780, 23034
2026/06/09 21:04:48.074, 0, 0, 780, 23034
2026/06/09 21:04:53.075, 0, 0, 780, 23034
2026/06/09 21:04:58.077, 0, 0, 780, 23034
2026/06/09 21:05:03.078, 0, 0, 780, 23034
2026/06/09 21:05:08.080, 0, 0, 780, 23034
2026/06/09 21:05:13.081, 0, 0, 780, 23034
2026/06/09 21:05:18.083, 0, 0, 780, 23034
2026/06/09 21:05:23.084, 0, 0, 780, 23034
2026/06/09 21:05:28.086, 0, 0, 780, 23034
2026/06/09 21:05:33.087, 0, 0, 780, 23034
2026/06/09 21:05:38.089, 0, 0, 780, 23034
2026/06/09 21:05:43.090, 0, 0, 780, 23034
2026/06/09 21:05:48.092, 0, 0, 780, 23034
2026/06/09 21:05:53.093, 0, 0, 780, 23034
2026/06/09 21:05:58.096, 0, 0, 780, 23034
2026/06/09 21:06:03.097, 0, 0, 780, 23034
2026/06/09 21:06:08.099, 0, 0, 780, 23034
2026/06/09 21:06:13.100, 0, 0, 780, 23034
2026/06/09 21:06:18.103, 0, 0, 780, 23034
2026/06/09 21:06:23.104, 0, 0, 780, 23034
2026/06/09 21:06:28.105, 0, 0, 780, 23034
2026/06/09 21:06:33.105, 0, 0, 780, 23034
2026/06/09 21:06:38.106, 0, 0, 780, 23034
2026/06/09 21:06:43.107, 0, 0, 780, 23034
2026/06/09 21:06:48.107, 0, 0, 780, 23034
2026/06/09 21:06:53.108, 0, 0, 780, 23034
2026/06/09 21:06:58.109, 0, 0, 780, 23034
2026/06/09 21:07:03.111, 0, 0, 780, 23034
2026/06/09 21:07:08.112, 0, 0, 780, 23034
2026/06/09 21:07:13.114, 0, 0, 780, 23034
2026/06/09 21:07:18.115, 0, 0, 780, 23034
2026/06/09 21:07:23.117, 0, 0, 780, 23034
2026/06/09 21:07:28.119, 0, 0, 780, 23034
2026/06/09 21:07:33.120, 0, 0, 780, 23034
2026/06/09 21:07:38.122, 0, 0, 780, 23034
2026/06/09 21:07:43.123, 0, 0, 780, 23034
2026/06/09 21:07:48.125, 0, 0, 780, 23034
2026/06/09 21:07:53.127, 0, 0, 780, 23034
2026/06/09 21:07:58.129, 0, 0, 780, 23034
2026/06/09 21:08:03.130, 0, 0, 780, 23034
2026/06/09 21:08:08.132, 0, 0, 780, 23034
2026/06/09 21:08:13.133, 0, 0, 780, 23034
2026/06/09 21:08:18.135, 0, 0, 780, 23034
2026/06/09 21:08:23.136, 0, 0, 780, 23034
2026/06/09 21:08:28.138, 0, 0, 780, 23034
2026/06/09 21:08:33.139, 0, 0, 780, 23034
2026/06/09 21:08:38.141, 0, 0, 780, 23034
2026/06/09 21:08:43.142, 0, 0, 780, 23034
2026/06/09 21:08:48.144, 0, 0, 780, 23034
2026/06/09 21:08:53.145, 0, 0, 780, 23034
2026/06/09 21:08:58.147, 0, 0, 780, 23034
2026/06/09 21:09:03.148, 0, 0, 780, 23034
2026/06/09 21:09:08.148, 0, 0, 780, 23034
2026/06/09 21:09:13.149, 0, 0, 780, 23034
2026/06/09 21:09:18.150, 0, 0, 780, 23034
2026/06/09 21:09:23.153, 0, 0, 780, 23034
2026/06/09 21:09:28.154, 0, 0, 780, 23034
2026/06/09 21:09:33.156, 0, 0, 780, 23034
2026/06/09 21:09:38.157, 0, 0, 780, 23034
2026/06/09 21:09:43.159, 0, 0, 780, 23034
2026/06/09 21:09:48.160, 0, 0, 780, 23034
2026/06/09 21:09:53.162, 0, 0, 780, 23034
2026/06/09 21:09:58.163, 0, 0, 780, 23034
2026/06/09 21:10:03.165, 0, 0, 780, 23034
2026/06/09 21:10:08.166, 0, 0, 780, 23034
2026/06/09 21:10:13.168, 0, 0, 780, 23034
2026/06/09 21:10:18.169, 0, 0, 780, 23034
2026/06/09 21:10:23.171, 0, 0, 780, 23034
2026/06/09 21:10:28.172, 0, 0, 780, 23034
2026/06/09 21:10:33.174, 0, 0, 780, 23034
2026/06/09 21:10:38.175, 0, 0, 780, 23034
2026/06/09 21:10:43.177, 0, 0, 780, 23034
2026/06/09 21:10:48.178, 0, 0, 780, 23034
2026/06/09 21:10:53.178, 0, 0, 780, 23034
2026/06/09 21:10:58.180, 0, 0, 780, 23034
2026/06/09 21:11:03.182, 0, 0, 780, 23034
2026/06/09 21:11:08.183, 0, 0, 780, 23034
2026/06/09 21:11:13.184, 0, 0, 780, 23034
2026/06/09 21:11:18.186, 0, 0, 780, 23034
2026/06/09 21:11:23.188, 0, 0, 780, 23034
2026/06/09 21:11:28.189, 0, 0, 780, 23034
2026/06/09 21:11:33.190, 0, 0, 780, 23034
2026/06/09 21:11:38.192, 0, 0, 780, 23034
2026/06/09 21:11:43.194, 0, 0, 780, 23034
2026/06/09 21:11:48.195, 0, 0, 780, 23034
2026/06/09 21:11:53.196, 0, 0, 780, 23034
2026/06/09 21:11:58.198, 0, 0, 780, 23034
2026/06/09 21:12:03.200, 0, 0, 780, 23034
2026/06/09 21:12:08.201, 0, 0, 780, 23034
2026/06/09 21:12:13.202, 0, 0, 780, 23034
2026/06/09 21:12:18.204, 0, 0, 780, 23034
2026/06/09 21:12:23.206, 0, 0, 780, 23034
2026/06/09 21:12:28.207, 0, 0, 780, 23034
2026/06/09 21:12:33.209, 0, 0, 780, 23034
2026/06/09 21:12:38.210, 0, 0, 780, 23034
2026/06/09 21:12:43.212, 0, 0, 780, 23034
2026/06/09 21:12:48.213, 0, 0, 780, 23034
2026/06/09 21:12:53.215, 0, 0, 780, 23034
2026/06/09 21:12:58.216, 0, 0, 780, 23034
2026/06/09 21:13:03.218, 0, 0, 780, 23034
2026/06/09 21:13:08.219, 0, 0, 780, 23034
2026/06/09 21:13:13.221, 0, 0, 780, 23034
2026/06/09 21:13:18.222, 0, 0, 780, 23034
2026/06/09 21:13:23.223, 0, 0, 780, 23034
2026/06/09 21:13:28.225, 0, 0, 780, 23034
2026/06/09 21:13:33.226, 0, 0, 780, 23034
2026/06/09 21:13:38.228, 0, 0, 780, 23034
2026/06/09 21:13:43.229, 0, 0, 780, 23034
2026/06/09 21:13:48.230, 0, 0, 780, 23034
2026/06/09 21:13:53.231, 0, 0, 768, 23034
2026/06/09 21:13:58.232, 0, 0, 768, 23034
2026/06/09 21:14:03.233, 0, 0, 768, 23034
2026/06/09 21:14:08.235, 0, 0, 768, 23034
2026/06/09 21:14:13.235, 0, 0, 768, 23034
2026/06/09 21:14:18.237, 0, 0, 768, 23034
2026/06/09 21:14:23.238, 0, 0, 768, 23034
2026/06/09 21:14:28.239, 0, 0, 768, 23034
2026/06/09 21:14:33.240, 0, 0, 768, 23034
2026/06/09 21:14:38.240, 0, 0, 768, 23034
2026/06/09 21:14:43.241, 0, 0, 768, 23034
2026/06/09 21:14:48.242, 0, 0, 768, 23034
2026/06/09 21:14:53.242, 0, 0, 768, 23034
2026/06/09 21:14:58.243, 0, 0, 768, 23034
2026/06/09 21:15:03.244, 0, 0, 768, 23034
2026/06/09 21:15:08.244, 0, 0, 768, 23034
2026/06/09 21:15:13.245, 0, 0, 768, 23034
2026/06/09 21:15:18.246, 0, 0, 768, 23034
2026/06/09 21:15:23.248, 0, 0, 768, 23034
2026/06/09 21:15:28.249, 0, 0, 768, 23034
2026/06/09 21:15:33.250, 0, 0, 768, 23034
2026/06/09 21:15:38.251, 0, 0, 768, 23034
2026/06/09 21:15:43.252, 0, 0, 768, 23034
2026/06/09 21:15:48.254, 0, 0, 768, 23034
2026/06/09 21:15:53.255, 0, 0, 768, 23034
2026/06/09 21:15:58.256, 0, 0, 768, 23034
2026/06/09 21:16:03.258, 0, 0, 768, 23034
2026/06/09 21:16:08.259, 0, 0, 768, 23034
2026/06/09 21:16:13.260, 0, 0, 768, 23034
2026/06/09 21:16:18.262, 0, 0, 768, 23034
2026/06/09 21:16:23.262, 0, 0, 768, 23034
2026/06/09 21:16:28.263, 0, 0, 768, 23034
2026/06/09 21:16:33.264, 0, 0, 768, 23034
2026/06/09 21:16:38.265, 0, 0, 768, 23034
2026/06/09 21:16:43.267, 0, 0, 768, 23034
2026/06/09 21:16:48.267, 0, 0, 768, 23034
2026/06/09 21:16:53.269, 0, 0, 768, 23034
2026/06/09 21:16:58.270, 0, 0, 768, 23034
2026/06/09 21:17:03.271, 0, 0, 768, 23034
2026/06/09 21:17:08.273, 0, 0, 768, 23034
2026/06/09 21:17:13.274, 0, 0, 768, 23034
2026/06/09 21:17:18.275, 0, 0, 768, 23034
2026/06/09 21:17:23.276, 0, 0, 768, 23034
2026/06/09 21:17:28.277, 0, 0, 768, 23034
2026/06/09 21:17:33.278, 0, 0, 768, 23034
2026/06/09 21:17:38.279, 0, 0, 768, 23034
2026/06/09 21:17:43.280, 0, 0, 768, 23034
2026/06/09 21:17:48.281, 0, 0, 768, 23034
2026/06/09 21:17:53.282, 0, 0, 768, 23034
2026/06/09 21:17:58.283, 0, 0, 768, 23034
2026/06/09 21:18:03.284, 0, 0, 768, 23034
2026/06/09 21:18:08.286, 0, 0, 768, 23034
2026/06/09 21:18:13.287, 0, 0, 768, 23034
2026/06/09 21:18:18.288, 0, 0, 768, 23034
2026/06/09 21:18:23.290, 0, 0, 768, 23034
2026/06/09 21:18:28.291, 0, 0, 768, 23034
2026/06/09 21:18:33.292, 0, 0, 768, 23034
2026/06/09 21:18:38.293, 0, 0, 768, 23034
2026/06/09 21:18:43.294, 0, 0, 768, 23034
2026/06/09 21:18:48.295, 0, 0, 768, 23034
2026/06/09 21:18:53.297, 0, 0, 768, 23034
2026/06/09 21:18:58.298, 0, 0, 768, 23034
2026/06/09 21:19:03.299, 0, 0, 768, 23034
2026/06/09 21:19:08.300, 0, 0, 768, 23034
2026/06/09 21:19:13.301, 0, 0, 768, 23034
2026/06/09 21:19:18.303, 0, 0, 768, 23034
2026/06/09 21:19:23.304, 0, 0, 768, 23034
2026/06/09 21:19:28.305, 0, 0, 768, 23034
2026/06/09 21:19:33.307, 0, 0, 768, 23034
2026/06/09 21:19:38.308, 0, 0, 768, 23034
2026/06/09 21:19:43.309, 0, 0, 768, 23034
2026/06/09 21:19:48.310, 0, 0, 768, 23034
2026/06/09 21:19:53.311, 0, 0, 768, 23034
2026/06/09 21:19:58.312, 0, 0, 768, 23034
2026/06/09 21:20:03.313, 0, 0, 768, 23034
2026/06/09 21:20:08.315, 0, 0, 768, 23034
2026/06/09 21:20:13.316, 0, 0, 768, 23034
2026/06/09 21:20:18.317, 0, 0, 768, 23034
2026/06/09 21:20:23.318, 0, 0, 768, 23034
2026/06/09 21:20:28.319, 0, 0, 768, 23034
2026/06/09 21:20:33.320, 0, 0, 768, 23034
2026/06/09 21:20:38.322, 0, 0, 768, 23034
2026/06/09 21:20:43.323, 0, 0, 768, 23034
2026/06/09 21:20:48.324, 0, 0, 768, 23034
2026/06/09 21:20:53.326, 0, 0, 768, 23034
2026/06/09 21:20:58.327, 0, 0, 768, 23034
2026/06/09 21:21:03.328, 0, 0, 768, 23034
2026/06/09 21:21:08.329, 0, 0, 768, 23034
2026/06/09 21:21:13.330, 0, 0, 768, 23034
2026/06/09 21:21:18.331, 0, 0, 768, 23034
2026/06/09 21:21:23.333, 0, 0, 768, 23034
2026/06/09 21:21:28.333, 0, 0, 768, 23034
2026/06/09 21:21:33.335, 0, 0, 768, 23034
2026/06/09 21:21:38.336, 0, 0, 768, 23034
2026/06/09 21:21:43.337, 0, 0, 768, 23034
2026/06/09 21:21:48.338, 0, 0, 768, 23034
2026/06/09 21:21:53.340, 0, 0, 768, 23034
2026/06/09 21:21:58.341, 0, 0, 768, 23034
2026/06/09 21:22:03.342, 0, 0, 768, 23034
2026/06/09 21:22:08.343, 0, 0, 768, 23034
2026/06/09 21:22:13.343, 0, 0, 768, 23034
2026/06/09 21:22:18.345, 0, 0, 768, 23034
2026/06/09 21:22:23.346, 0, 0, 768, 23034
2026/06/09 21:22:28.347, 0, 0, 768, 23034
2026/06/09 21:22:33.348, 0, 0, 768, 23034
2026/06/09 21:22:38.350, 0, 0, 768, 23034
2026/06/09 21:22:43.350, 0, 0, 768, 23034
2026/06/09 21:22:48.351, 0, 0, 768, 23034
2026/06/09 21:22:53.351, 0, 0, 768, 23034
2026/06/09 21:22:58.352, 0, 0, 768, 23034
2026/06/09 21:23:03.353, 0, 0, 768, 23034
2026/06/09 21:23:08.353, 0, 0, 768, 23034
2026/06/09 21:23:13.355, 0, 0, 768, 23034
2026/06/09 21:23:18.356, 0, 0, 768, 23034
2026/06/09 21:23:23.358, 0, 0, 768, 23034
2026/06/09 21:23:28.359, 0, 0, 768, 23034
2026/06/09 21:23:33.360, 0, 0, 768, 23034
2026/06/09 21:23:38.361, 0, 0, 768, 23034
2026/06/09 21:23:43.362, 0, 0, 768, 23034
2026/06/09 21:23:48.363, 0, 0, 768, 23034
2026/06/09 21:23:53.364, 0, 0, 768, 23034
2026/06/09 21:23:58.366, 0, 0, 768, 23034
2026/06/09 21:24:03.367, 0, 0, 768, 23034
2026/06/09 21:24:08.368, 0, 0, 768, 23034
2026/06/09 21:24:13.370, 0, 0, 768, 23034
2026/06/09 21:24:18.371, 0, 0, 768, 23034
2026/06/09 21:24:23.372, 0, 0, 768, 23034
2026/06/09 21:24:28.373, 0, 0, 768, 23034
2026/06/09 21:24:33.375, 0, 0, 768, 23034
2026/06/09 21:24:38.375, 0, 0, 768, 23034
2026/06/09 21:24:43.376, 0, 0, 768, 23034
2026/06/09 21:24:48.377, 0, 0, 768, 23034
2026/06/09 21:24:53.378, 0, 0, 768, 23034
2026/06/09 21:24:58.379, 0, 0, 768, 23034
2026/06/09 21:25:03.380, 0, 0, 768, 23034
2026/06/09 21:25:08.381, 0, 0, 768, 23034
2026/06/09 21:25:13.382, 0, 0, 768, 23034
2026/06/09 21:25:18.384, 0, 0, 768, 23034
2026/06/09 21:25:23.385, 0, 0, 768, 23034
2026/06/09 21:25:28.386, 0, 0, 768, 23034
2026/06/09 21:25:33.388, 0, 0, 768, 23034
2026/06/09 21:25:38.389, 0, 0, 768, 23034
2026/06/09 21:25:43.390, 0, 0, 768, 23034
2026/06/09 21:25:48.391, 0, 0, 768, 23034
2026/06/09 21:25:53.392, 0, 0, 768, 23034
2026/06/09 21:25:58.393, 0, 0, 768, 23034
2026/06/09 21:26:03.395, 0, 0, 768, 23034
2026/06/09 21:26:08.396, 0, 0, 768, 23034
2026/06/09 21:26:13.396, 0, 0, 768, 23034
2026/06/09 21:26:18.398, 0, 0, 768, 23034
2026/06/09 21:26:23.399, 0, 0, 768, 23034
2026/06/09 21:26:28.401, 0, 0, 768, 23034
2026/06/09 21:26:33.402, 0, 0, 768, 23034
2026/06/09 21:26:38.403, 0, 0, 768, 23034
2026/06/09 21:26:43.404, 0, 0, 768, 23034
2026/06/09 21:26:48.406, 0, 0, 768, 23034
2026/06/09 21:26:53.407, 0, 0, 768, 23034
2026/06/09 21:26:58.408, 0, 0, 768, 23034
2026/06/09 21:27:03.409, 0, 0, 768, 23034
2026/06/09 21:27:08.411, 0, 0, 768, 23034
2026/06/09 21:27:13.412, 0, 0, 768, 23034
2026/06/09 21:27:18.413, 0, 0, 768, 23034
2026/06/09 21:27:23.414, 0, 0, 768, 23034
2026/06/09 21:27:28.415, 0, 0, 768, 23034
2026/06/09 21:27:33.416, 0, 0, 768, 23034
2026/06/09 21:27:38.418, 0, 0, 768, 23034
2026/06/09 21:27:43.418, 0, 0, 768, 23034
2026/06/09 21:27:48.420, 0, 0, 768, 23034
2026/06/09 21:27:53.421, 0, 0, 768, 23034
2026/06/09 21:27:58.422, 0, 0, 768, 23034
2026/06/09 21:28:03.423, 0, 0, 768, 23034
2026/06/09 21:28:08.424, 0, 0, 768, 23034
2026/06/09 21:28:13.426, 0, 0, 768, 23034
2026/06/09 21:28:18.427, 0, 0, 768, 23034
2026/06/09 21:28:23.428, 0, 0, 768, 23034
2026/06/09 21:28:28.429, 0, 0, 768, 23034
2026/06/09 21:28:33.431, 0, 0, 768, 23034
2026/06/09 21:28:38.432, 0, 0, 768, 23034
2026/06/09 21:28:43.434, 0, 0, 768, 23034
2026/06/09 21:28:48.434, 0, 0, 768, 23034
2026/06/09 21:28:53.436, 0, 0, 768, 23034
2026/06/09 21:28:58.437, 0, 0, 768, 23034
2026/06/09 21:29:03.438, 0, 0, 768, 23034
2026/06/09 21:29:08.438, 0, 0, 768, 23034
2026/06/09 21:29:13.439, 0, 0, 768, 23034
2026/06/09 21:29:18.440, 0, 0, 768, 23034
2026/06/09 21:29:23.441, 0, 0, 768, 23034
2026/06/09 21:29:28.442, 0, 0, 768, 23034
2026/06/09 21:29:33.444, 0, 0, 768, 23034
2026/06/09 21:29:38.444, 0, 0, 768, 23034
2026/06/09 21:29:43.445, 0, 0, 768, 23034
2026/06/09 21:29:48.446, 0, 0, 768, 23034
2026/06/09 21:29:53.448, 0, 0, 768, 23034
2026/06/09 21:29:58.448, 0, 0, 768, 23034
2026/06/09 21:30:03.449, 0, 0, 768, 23034
2026/06/09 21:30:08.451, 0, 0, 768, 23034
2026/06/09 21:30:13.452, 0, 0, 768, 23034
2026/06/09 21:30:18.453, 0, 0, 768, 23034
2026/06/09 21:30:23.454, 0, 0, 768, 23034
2026/06/09 21:30:28.455, 0, 0, 768, 23034
2026/06/09 21:30:33.455, 0, 0, 768, 23034
2026/06/09 21:30:38.457, 0, 0, 768, 23034
2026/06/09 21:30:43.458, 0, 0, 768, 23034
2026/06/09 21:30:48.459, 0, 0, 768, 23034
2026/06/09 21:30:53.459, 0, 0, 768, 23034
2026/06/09 21:30:58.460, 0, 0, 768, 23034
2026/06/09 21:31:03.460, 0, 0, 768, 23034
2026/06/09 21:31:08.462, 0, 0, 768, 23034
2026/06/09 21:31:13.463, 0, 0, 768, 23034
2026/06/09 21:31:18.464, 0, 0, 768, 23034
2026/06/09 21:31:23.466, 0, 0, 768, 23034
2026/06/09 21:31:28.466, 0, 0, 768, 23034
2026/06/09 21:31:33.468, 0, 0, 768, 23034
2026/06/09 21:31:38.469, 0, 0, 768, 23034
2026/06/09 21:31:43.469, 0, 0, 768, 23034
2026/06/09 21:31:48.471, 0, 0, 768, 23034
2026/06/09 21:31:53.472, 0, 0, 768, 23034
2026/06/09 21:31:58.474, 0, 0, 768, 23034
2026/06/09 21:32:03.475, 0, 0, 768, 23034
2026/06/09 21:32:08.476, 0, 0, 768, 23034
2026/06/09 21:32:13.477, 0, 0, 768, 23034
2026/06/09 21:32:18.479, 0, 0, 768, 23034
2026/06/09 21:32:23.479, 0, 0, 768, 23034
2026/06/09 21:32:28.481, 0, 0, 768, 23034
2026/06/09 21:32:33.482, 0, 0, 768, 23034
2026/06/09 21:32:38.483, 0, 0, 768, 23034
2026/06/09 21:32:43.484, 0, 0, 768, 23034
2026/06/09 21:32:48.485, 0, 0, 768, 23034
2026/06/09 21:32:53.487, 0, 0, 768, 23034
2026/06/09 21:32:58.488, 0, 0, 768, 23034
2026/06/09 21:33:03.489, 0, 0, 768, 23034
2026/06/09 21:33:08.490, 0, 0, 768, 23034
2026/06/09 21:33:13.491, 0, 0, 768, 23034
2026/06/09 21:33:18.492, 0, 0, 768, 23034
2026/06/09 21:33:23.493, 0, 0, 768, 23034
2026/06/09 21:33:28.494, 0, 0, 768, 23034
2026/06/09 21:33:33.494, 0, 0, 768, 23034
2026/06/09 21:33:38.496, 0, 0, 768, 23034
2026/06/09 21:33:43.497, 0, 0, 768, 23034
2026/06/09 21:33:48.498, 0, 0, 768, 23034
2026/06/09 21:33:53.499, 0, 0, 768, 23034
2026/06/09 21:33:58.500, 0, 0, 768, 23034
2026/06/09 21:34:03.502, 0, 0, 768, 23034
2026/06/09 21:34:08.502, 0, 0, 768, 23034
2026/06/09 21:34:13.503, 0, 0, 768, 23034
2026/06/09 21:34:18.504, 0, 0, 768, 23034
2026/06/09 21:34:23.506, 0, 0, 768, 23034
2026/06/09 21:34:28.507, 0, 0, 768, 23034
2026/06/09 21:34:33.508, 0, 0, 768, 23034
2026/06/09 21:34:38.509, 0, 0, 768, 23034
2026/06/09 21:34:43.510, 0, 0, 768, 23034
2026/06/09 21:34:48.511, 0, 0, 768, 23034
2026/06/09 21:34:53.512, 0, 0, 768, 23034
2026/06/09 21:34:58.512, 0, 0, 768, 23034
2026/06/09 21:35:03.514, 0, 0, 768, 23034
2026/06/09 21:35:08.515, 0, 0, 768, 23034
2026/06/09 21:35:13.516, 0, 0, 768, 23034
2026/06/09 21:35:18.517, 0, 0, 768, 23034
2026/06/09 21:35:23.518, 0, 0, 768, 23034
2026/06/09 21:35:28.519, 0, 0, 768, 23034
2026/06/09 21:35:33.520, 0, 0, 768, 23034
2026/06/09 21:35:38.521, 0, 0, 768, 23034
2026/06/09 21:35:43.523, 0, 0, 768, 23034
2026/06/09 21:35:48.524, 0, 0, 768, 23034
2026/06/09 21:35:53.526, 0, 0, 768, 23034
2026/06/09 21:35:58.527, 0, 0, 768, 23034
2026/06/09 21:36:03.528, 0, 0, 768, 23034
2026/06/09 21:36:08.529, 0, 0, 768, 23034
2026/06/09 21:36:13.530, 0, 0, 768, 23034
2026/06/09 21:36:18.531, 0, 0, 768, 23034
2026/06/09 21:36:23.533, 0, 0, 768, 23034
2026/06/09 21:36:28.533, 0, 0, 768, 23034
2026/06/09 21:36:33.535, 0, 0, 768, 23034
2026/06/09 21:36:38.536, 0, 0, 768, 23034
2026/06/09 21:36:43.537, 0, 0, 768, 23034
2026/06/09 21:36:48.537, 0, 0, 768, 23034
2026/06/09 21:36:53.539, 0, 0, 768, 23034
2026/06/09 21:36:58.540, 0, 0, 768, 23034
2026/06/09 21:37:03.542, 0, 0, 768, 23034
2026/06/09 21:37:08.543, 0, 0, 768, 23034
2026/06/09 21:37:13.544, 0, 0, 768, 23034
2026/06/09 21:37:18.546, 0, 0, 768, 23034
2026/06/09 21:37:23.548, 0, 0, 768, 23034
2026/06/09 21:37:28.549, 0, 0, 768, 23034
2026/06/09 21:37:33.550, 0, 0, 768, 23034
2026/06/09 21:37:38.552, 0, 0, 768, 23034
2026/06/09 21:37:43.553, 0, 0, 768, 23034
2026/06/09 21:37:48.554, 0, 0, 768, 23034
2026/06/09 21:37:53.555, 0, 0, 768, 23034
2026/06/09 21:37:58.556, 0, 0, 768, 23034
2026/06/09 21:38:03.558, 0, 0, 768, 23034
2026/06/09 21:38:08.560, 0, 0, 768, 23034
2026/06/09 21:38:13.561, 0, 0, 768, 23034
2026/06/09 21:38:18.562, 0, 0, 768, 23034
2026/06/09 21:38:23.563, 0, 0, 768, 23034
2026/06/09 21:38:28.565, 0, 0, 768, 23034
2026/06/09 21:38:33.566, 0, 0, 768, 23034
2026/06/09 21:38:38.567, 0, 0, 768, 23034
2026/06/09 21:38:43.568, 0, 0, 768, 23034
2026/06/09 21:38:48.569, 0, 0, 768, 23034
2026/06/09 21:38:53.570, 0, 0, 768, 23034
2026/06/09 21:38:58.572, 0, 0, 768, 23034
2026/06/09 21:39:03.572, 0, 0, 768, 23034
2026/06/09 21:39:08.573, 0, 0, 768, 23034
2026/06/09 21:39:13.574, 0, 0, 768, 23034
2026/06/09 21:39:18.574, 0, 0, 768, 23034
2026/06/09 21:39:23.576, 0, 0, 768, 23034
2026/06/09 21:39:28.577, 0, 0, 768, 23034
2026/06/09 21:39:33.578, 0, 0, 768, 23034
2026/06/09 21:39:38.579, 0, 0, 768, 23034
2026/06/09 21:39:43.581, 0, 0, 768, 23034
2026/06/09 21:39:48.582, 0, 0, 768, 23034
2026/06/09 21:39:53.583, 0, 0, 768, 23034
2026/06/09 21:39:58.584, 0, 0, 768, 23034
2026/06/09 21:40:03.585, 0, 0, 768, 23034
2026/06/09 21:40:08.586, 0, 0, 768, 23034
2026/06/09 21:40:13.587, 0, 0, 768, 23034
2026/06/09 21:40:18.588, 0, 0, 768, 23034
2026/06/09 21:40:23.589, 0, 0, 768, 23034
2026/06/09 21:40:28.590, 0, 0, 768, 23034
2026/06/09 21:40:33.591, 0, 0, 768, 23034
2026/06/09 21:40:38.592, 0, 0, 768, 23034
2026/06/09 21:40:43.593, 0, 0, 768, 23034
2026/06/09 21:40:48.594, 0, 0, 768, 23034
2026/06/09 21:40:53.595, 0, 0, 768, 23034
2026/06/09 21:40:58.596, 0, 0, 768, 23034
2026/06/09 21:41:03.597, 0, 0, 768, 23034
2026/06/09 21:41:08.598, 0, 0, 768, 23034
2026/06/09 21:41:13.599, 0, 0, 768, 23034
2026/06/09 21:41:18.601, 0, 0, 768, 23034
2026/06/09 21:41:23.602, 0, 0, 768, 23034
2026/06/09 21:41:28.603, 0, 0, 768, 23034
2026/06/09 21:41:33.604, 0, 0, 768, 23034
2026/06/09 21:41:38.605, 0, 0, 768, 23034
2026/06/09 21:41:43.606, 0, 0, 768, 23034
2026/06/09 21:41:48.607, 0, 0, 768, 23034
2026/06/09 21:41:53.608, 0, 0, 768, 23034
2026/06/09 21:41:58.609, 0, 0, 768, 23034
2026/06/09 21:42:03.611, 0, 0, 768, 23034
2026/06/09 21:42:08.612, 0, 0, 768, 23034
2026/06/09 21:42:13.613, 0, 0, 768, 23034
2026/06/09 21:42:18.615, 0, 0, 768, 23034
2026/06/09 21:42:23.616, 0, 0, 768, 23034
2026/06/09 21:42:28.617, 0, 0, 768, 23034
2026/06/09 21:42:33.618, 0, 0, 768, 23034
2026/06/09 21:42:38.619, 0, 0, 768, 23034
2026/06/09 21:42:43.620, 0, 0, 768, 23034
2026/06/09 21:42:48.622, 0, 0, 768, 23034
2026/06/09 21:42:53.623, 0, 0, 768, 23034
2026/06/09 21:42:58.624, 0, 0, 768, 23034
2026/06/09 21:43:03.625, 0, 0, 768, 23034
2026/06/09 21:43:08.626, 0, 0, 768, 23034
2026/06/09 21:43:13.627, 0, 0, 768, 23034
2026/06/09 21:43:18.628, 0, 0, 768, 23034
2026/06/09 21:43:23.629, 0, 0, 768, 23034
2026/06/09 21:43:28.631, 0, 0, 768, 23034
2026/06/09 21:43:33.632, 0, 0, 768, 23034
2026/06/09 21:43:38.633, 0, 0, 768, 23034
2026/06/09 21:43:43.634, 0, 0, 768, 23034
2026/06/09 21:43:48.635, 0, 0, 768, 23034
2026/06/09 21:43:53.636, 0, 0, 768, 23034
2026/06/09 21:43:58.637, 0, 0, 768, 23034
2026/06/09 21:44:03.639, 0, 0, 768, 23034
2026/06/09 21:44:08.639, 0, 0, 768, 23034
2026/06/09 21:44:13.641, 0, 0, 768, 23034
2026/06/09 21:44:18.642, 0, 0, 768, 23034
2026/06/09 21:44:23.643, 0, 0, 768, 23034
2026/06/09 21:44:28.644, 0, 0, 768, 23034
2026/06/09 21:44:33.645, 0, 0, 768, 23034
2026/06/09 21:44:38.647, 0, 0, 768, 23034
2026/06/09 21:44:43.648, 0, 0, 768, 23034
2026/06/09 21:44:48.649, 0, 0, 768, 23034
2026/06/09 21:44:53.650, 0, 0, 768, 23034
2026/06/09 21:44:58.651, 0, 0, 768, 23034
2026/06/09 21:45:03.652, 0, 0, 768, 23034
2026/06/09 21:45:08.654, 0, 0, 768, 23034
2026/06/09 21:45:13.655, 0, 0, 768, 23034
2026/06/09 21:45:18.656, 0, 0, 768, 23034
2026/06/09 21:45:23.658, 0, 0, 768, 23034
2026/06/09 21:45:28.658, 0, 0, 768, 23034
2026/06/09 21:45:33.660, 0, 0, 768, 23034
2026/06/09 21:45:38.661, 0, 0, 768, 23034
2026/06/09 21:45:43.662, 0, 0, 768, 23034
2026/06/09 21:45:48.664, 0, 0, 768, 23034
2026/06/09 21:45:53.665, 0, 0, 768, 23034
2026/06/09 21:45:58.666, 0, 0, 768, 23034
2026/06/09 21:46:03.667, 0, 0, 768, 23034
2026/06/09 21:46:08.668, 0, 0, 768, 23034
2026/06/09 21:46:13.669, 0, 0, 768, 23034
2026/06/09 21:46:18.671, 0, 0, 768, 23034
2026/06/09 21:46:23.671, 0, 0, 768, 23034
2026/06/09 21:46:28.673, 0, 0, 768, 23034
2026/06/09 21:46:33.673, 0, 0, 768, 23034
2026/06/09 21:46:38.675, 0, 0, 768, 23034
2026/06/09 21:46:43.676, 0, 0, 768, 23034
2026/06/09 21:46:48.677, 0, 0, 768, 23034
2026/06/09 21:46:53.679, 0, 0, 768, 23034
2026/06/09 21:46:58.679, 0, 0, 768, 23034
2026/06/09 21:47:03.680, 0, 0, 768, 23034
2026/06/09 21:47:08.681, 0, 0, 768, 23034
2026/06/09 21:47:13.681, 0, 0, 768, 23034
2026/06/09 21:47:18.682, 0, 0, 768, 23034
2026/06/09 21:47:23.683, 0, 0, 768, 23034
2026/06/09 21:47:28.683, 0, 0, 768, 23034
2026/06/09 21:47:33.684, 0, 0, 768, 23034
2026/06/09 21:47:38.686, 0, 0, 768, 23034
2026/06/09 21:47:43.687, 0, 0, 768, 23034
2026/06/09 21:47:48.687, 0, 0, 768, 23034
2026/06/09 21:47:53.688, 0, 0, 768, 23034
2026/06/09 21:47:58.689, 0, 0, 768, 23034
2026/06/09 21:48:03.690, 0, 0, 768, 23034
2026/06/09 21:48:08.692, 0, 0, 768, 23034
2026/06/09 21:48:13.693, 0, 0, 768, 23034
2026/06/09 21:48:18.694, 0, 0, 768, 23034
2026/06/09 21:48:23.695, 0, 0, 768, 23034
2026/06/09 21:48:28.697, 0, 0, 768, 23034
2026/06/09 21:48:33.698, 0, 0, 768, 23034
2026/06/09 21:48:38.699, 0, 0, 768, 23034
2026/06/09 21:48:43.701, 0, 0, 768, 23034
2026/06/09 21:48:48.702, 0, 0, 768, 23034
2026/06/09 21:48:53.703, 0, 0, 768, 23034
2026/06/09 21:48:58.704, 0, 0, 768, 23034
2026/06/09 21:49:03.705, 0, 0, 768, 23034
2026/06/09 21:49:08.705, 0, 0, 768, 23034
2026/06/09 21:49:13.707, 0, 0, 768, 23034
2026/06/09 21:49:18.708, 0, 0, 768, 23034
2026/06/09 21:49:23.709, 0, 0, 768, 23034
2026/06/09 21:49:28.710, 0, 0, 768, 23034
2026/06/09 21:49:33.711, 0, 0, 768, 23034
2026/06/09 21:49:38.716, 0, 0, 768, 23034
2026/06/09 21:49:43.717, 0, 0, 768, 23034
2026/06/09 21:49:48.718, 0, 0, 768, 23034
2026/06/09 21:49:53.719, 0, 0, 768, 23034
2026/06/09 21:49:58.720, 0, 0, 768, 23034
2026/06/09 21:50:03.722, 0, 0, 768, 23034
2026/06/09 21:50:08.722, 0, 0, 768, 23034
2026/06/09 21:50:13.724, 0, 0, 768, 23034
2026/06/09 21:50:18.725, 0, 0, 768, 23034
2026/06/09 21:50:23.727, 0, 0, 768, 23034
2026/06/09 21:50:28.728, 0, 0, 768, 23034
2026/06/09 21:50:33.729, 0, 0, 768, 23034
2026/06/09 21:50:38.730, 0, 0, 768, 23034
2026/06/09 21:50:43.731, 0, 0, 768, 23034
2026/06/09 21:50:48.732, 0, 0, 768, 23034
2026/06/09 21:50:53.733, 0, 0, 768, 23034
2026/06/09 21:50:58.734, 0, 0, 768, 23034
2026/06/09 21:51:03.736, 0, 0, 768, 23034
2026/06/09 21:51:08.737, 0, 0, 768, 23034
2026/06/09 21:51:13.738, 0, 0, 768, 23034
2026/06/09 21:51:18.740, 0, 0, 768, 23034
2026/06/09 21:51:23.740, 0, 0, 768, 23034
2026/06/09 21:51:28.742, 0, 0, 768, 23034
2026/06/09 21:51:33.743, 0, 0, 768, 23034
2026/06/09 21:51:38.744, 0, 0, 768, 23034
2026/06/09 21:51:43.746, 0, 0, 768, 23034
2026/06/09 21:51:48.747, 0, 0, 768, 23034
2026/06/09 21:51:53.748, 0, 0, 768, 23034
2026/06/09 21:51:58.749, 0, 0, 768, 23034
2026/06/09 21:52:03.750, 0, 0, 768, 23034
2026/06/09 21:52:08.751, 0, 0, 768, 23034
2026/06/09 21:52:13.753, 0, 0, 768, 23034
2026/06/09 21:52:18.754, 0, 0, 768, 23034
2026/06/09 21:52:23.755, 0, 0, 768, 23034
2026/06/09 21:52:28.756, 0, 0, 768, 23034
2026/06/09 21:52:33.757, 0, 0, 768, 23034
2026/06/09 21:52:38.759, 0, 0, 768, 23034
2026/06/09 21:52:43.760, 0, 0, 768, 23034
2026/06/09 21:52:48.761, 0, 0, 768, 23034
2026/06/09 21:52:53.762, 0, 0, 768, 23034
2026/06/09 21:52:58.763, 0, 0, 768, 23034
2026/06/09 21:53:03.764, 0, 0, 768, 23034
2026/06/09 21:53:08.765, 0, 0, 768, 23034
2026/06/09 21:53:13.766, 0, 0, 768, 23034
2026/06/09 21:53:18.768, 0, 0, 768, 23034
2026/06/09 21:53:23.769, 0, 0, 768, 23034
2026/06/09 21:53:28.770, 0, 0, 768, 23034
2026/06/09 21:53:33.771, 0, 0, 768, 23034
2026/06/09 21:53:38.773, 0, 0, 768, 23034
2026/06/09 21:53:43.774, 0, 0, 768, 23034
2026/06/09 21:53:48.775, 0, 0, 768, 23034
2026/06/09 21:53:53.776, 0, 0, 768, 23034
2026/06/09 21:53:58.777, 0, 0, 768, 23034
2026/06/09 21:54:03.778, 0, 0, 768, 23034
2026/06/09 21:54:08.780, 0, 0, 768, 23034
2026/06/09 21:54:13.781, 0, 0, 768, 23034
2026/06/09 21:54:18.782, 0, 0, 768, 23034
2026/06/09 21:54:23.783, 0, 0, 768, 23034
2026/06/09 21:54:28.785, 0, 0, 768, 23034
2026/06/09 21:54:33.786, 0, 0, 768, 23034
2026/06/09 21:54:38.787, 0, 0, 768, 23034
2026/06/09 21:54:43.788, 0, 0, 768, 23034
2026/06/09 21:54:48.790, 0, 0, 768, 23034
2026/06/09 21:54:53.790, 0, 0, 768, 23034
2026/06/09 21:54:58.792, 0, 0, 768, 23034
2026/06/09 21:55:03.793, 0, 0, 768, 23034
2026/06/09 21:55:08.794, 0, 0, 768, 23034
2026/06/09 21:55:13.795, 0, 0, 768, 23034
2026/06/09 21:55:18.795, 0, 0, 768, 23034
2026/06/09 21:55:23.796, 0, 0, 768, 23034
2026/06/09 21:55:28.797, 0, 0, 768, 23034
2026/06/09 21:55:33.797, 0, 0, 768, 23034
2026/06/09 21:55:38.798, 0, 0, 768, 23034
2026/06/09 21:55:43.799, 0, 0, 768, 23034
2026/06/09 21:55:48.800, 0, 0, 768, 23034
2026/06/09 21:55:53.802, 0, 0, 768, 23034
2026/06/09 21:55:58.802, 0, 0, 768, 23034
2026/06/09 21:56:03.804, 0, 0, 768, 23034
2026/06/09 21:56:08.805, 0, 0, 768, 23034
2026/06/09 21:56:13.806, 0, 0, 768, 23034
2026/06/09 21:56:18.807, 0, 0, 768, 23034
2026/06/09 21:56:23.808, 0, 0, 768, 23034
2026/06/09 21:56:28.809, 0, 0, 768, 23034
2026/06/09 21:56:33.810, 0, 0, 768, 23034
2026/06/09 21:56:38.811, 0, 0, 768, 23034
2026/06/09 21:56:43.813, 0, 0, 768, 23034
2026/06/09 21:56:48.814, 0, 0, 768, 23034
2026/06/09 21:56:53.815, 0, 0, 768, 23034
2026/06/09 21:56:58.815, 0, 0, 768, 23034
2026/06/09 21:57:03.817, 0, 0, 768, 23034
2026/06/09 21:57:08.818, 0, 0, 768, 23034
2026/06/09 21:57:13.819, 0, 0, 768, 23034
2026/06/09 21:57:18.820, 0, 0, 768, 23034
2026/06/09 21:57:23.821, 0, 0, 768, 23034
2026/06/09 21:57:28.823, 0, 0, 768, 23034
2026/06/09 21:57:33.823, 0, 0, 768, 23034
2026/06/09 21:57:38.824, 0, 0, 768, 23034
2026/06/09 21:57:43.825, 0, 0, 768, 23034
2026/06/09 21:57:48.826, 0, 0, 768, 23034
2026/06/09 21:57:53.827, 0, 0, 768, 23034
2026/06/09 21:57:58.828, 0, 0, 768, 23034
2026/06/09 21:58:03.828, 0, 0, 768, 23034
2026/06/09 21:58:08.829, 0, 0, 768, 23034
2026/06/09 21:58:13.830, 0, 0, 768, 23034
2026/06/09 21:58:18.831, 0, 0, 768, 23034
2026/06/09 21:58:23.832, 0, 0, 768, 23034
2026/06/09 21:58:28.832, 0, 0, 768, 23034
2026/06/09 21:58:33.834, 0, 0, 768, 23034
2026/06/09 21:58:38.835, 0, 0, 768, 23034
2026/06/09 21:58:43.836, 0, 0, 768, 23034
2026/06/09 21:58:48.837, 0, 0, 768, 23034
2026/06/09 21:58:53.838, 0, 0, 768, 23034
2026/06/09 21:58:58.839, 0, 0, 768, 23034
2026/06/09 21:59:03.840, 0, 0, 768, 23034
2026/06/09 21:59:08.842, 0, 0, 768, 23034
2026/06/09 21:59:13.842, 0, 0, 768, 23034
2026/06/09 21:59:18.844, 0, 0, 768, 23034
2026/06/09 21:59:23.844, 0, 0, 768, 23034
2026/06/09 21:59:28.846, 0, 0, 768, 23034
2026/06/09 21:59:33.847, 0, 0, 768, 23034
2026/06/09 21:59:38.848, 0, 0, 768, 23034
2026/06/09 21:59:43.850, 0, 0, 768, 23034
2026/06/09 21:59:48.851, 0, 0, 768, 23034
2026/06/09 21:59:53.852, 0, 0, 768, 23034
2026/06/09 21:59:58.853, 0, 0, 768, 23034
2026/06/09 22:00:03.855, 0, 0, 768, 23034
2026/06/09 22:00:08.856, 0, 0, 768, 23034
2026/06/09 22:00:13.857, 0, 0, 768, 23034
2026/06/09 22:00:18.859, 0, 0, 768, 23034
2026/06/09 22:00:23.860, 0, 0, 768, 23034
2026/06/09 22:00:28.861, 0, 0, 768, 23034
2026/06/09 22:00:33.863, 0, 0, 768, 23034
2026/06/09 22:00:38.864, 0, 0, 768, 23034
2026/06/09 22:00:43.865, 0, 0, 768, 23034
2026/06/09 22:00:48.866, 0, 0, 768, 23034
2026/06/09 22:00:53.867, 0, 0, 768, 23034
2026/06/09 22:00:58.868, 0, 0, 768, 23034
2026/06/09 22:01:03.870, 0, 0, 768, 23034
2026/06/09 22:01:08.871, 0, 0, 768, 23034
2026/06/09 22:01:13.873, 0, 0, 768, 23034
2026/06/09 22:01:18.874, 0, 0, 768, 23034
2026/06/09 22:01:23.875, 0, 0, 768, 23034
2026/06/09 22:01:28.876, 0, 0, 768, 23034
2026/06/09 22:01:33.877, 0, 0, 768, 23034
2026/06/09 22:01:38.878, 0, 0, 768, 23034
2026/06/09 22:01:43.880, 0, 0, 768, 23034
2026/06/09 22:01:48.882, 0, 0, 768, 23034
2026/06/09 22:01:53.882, 0, 0, 768, 23034
2026/06/09 22:01:58.884, 0, 0, 768, 23034
2026/06/09 22:02:03.885, 0, 0, 768, 23034
2026/06/09 22:02:08.887, 0, 0, 768, 23034
2026/06/09 22:02:13.889, 0, 0, 768, 23034
2026/06/09 22:02:18.890, 0, 0, 768, 23034
2026/06/09 22:02:23.892, 0, 0, 768, 23034
2026/06/09 22:02:28.894, 0, 0, 768, 23034
2026/06/09 22:02:33.894, 0, 0, 768, 23034
2026/06/09 22:02:38.895, 0, 0, 768, 23034
2026/06/09 22:02:43.896, 0, 0, 768, 23034
2026/06/09 22:02:48.896, 0, 0, 768, 23034
2026/06/09 22:02:53.897, 0, 0, 768, 23034
2026/06/09 22:02:58.899, 0, 0, 768, 23034
2026/06/09 22:03:03.900, 0, 0, 768, 23034
2026/06/09 22:03:08.902, 0, 0, 768, 23034
2026/06/09 22:03:13.903, 0, 0, 768, 23034
2026/06/09 22:03:18.904, 0, 0, 768, 23034
2026/06/09 22:03:23.905, 0, 0, 768, 23034
2026/06/09 22:03:28.905, 0, 0, 768, 23034
2026/06/09 22:03:33.906, 0, 0, 768, 23034
2026/06/09 22:03:38.907, 0, 0, 768, 23034
2026/06/09 22:03:43.907, 0, 0, 768, 23034
2026/06/09 22:03:48.909, 0, 0, 768, 23034
2026/06/09 22:03:53.911, 0, 0, 768, 23034
2026/06/09 22:03:58.912, 0, 0, 768, 23034
2026/06/09 22:04:03.914, 0, 0, 768, 23034
2026/06/09 22:04:08.915, 0, 0, 768, 23034
2026/06/09 22:04:13.917, 0, 0, 768, 23034
2026/06/09 22:04:18.918, 0, 0, 768, 23034
2026/06/09 22:04:23.920, 0, 0, 768, 23034
2026/06/09 22:04:28.921, 0, 0, 768, 23034
2026/06/09 22:04:33.947, 0, 0, 768, 23034
2026/06/09 22:04:38.967, 0, 0, 768, 23034
2026/06/09 22:04:43.967, 0, 0, 768, 23034
2026/06/09 22:04:48.972, 0, 0, 768, 23034
2026/06/09 22:04:53.992, 0, 0, 768, 23034
2026/06/09 22:04:59.017, 0, 0, 768, 23034
2026/06/09 22:05:04.033, 0, 0, 768, 23034
2026/06/09 22:05:09.063, 0, 0, 768, 23034
2026/06/09 22:05:14.069, 0, 0, 768, 23034
2026/06/09 22:05:19.093, 0, 0, 768, 23034
2026/06/09 22:05:24.129, 0, 0, 768, 23034
2026/06/09 22:05:29.131, 0, 0, 768, 23034
2026/06/09 22:05:34.158, 0, 0, 768, 23034
2026/06/09 22:05:39.176, 0, 0, 768, 23034
2026/06/09 22:05:44.191, 0, 0, 768, 23034
2026/06/09 22:05:49.227, 0, 0, 768, 23034
2026/06/09 22:05:54.251, 0, 0, 768, 23034
2026/06/09 22:05:59.273, 0, 0, 768, 23034
2026/06/09 22:06:04.287, 0, 0, 768, 23034
2026/06/09 22:06:09.307, 0, 0, 768, 23034
2026/06/09 22:06:14.326, 0, 0, 768, 23034
2026/06/09 22:06:19.328, 0, 0, 768, 23034
2026/06/09 22:06:24.329, 0, 0, 768, 23034
2026/06/09 22:06:29.330, 0, 0, 768, 23034
2026/06/09 22:06:34.332, 0, 0, 768, 23034
2026/06/09 22:06:39.333, 0, 0, 768, 23034
2026/06/09 22:06:44.334, 0, 0, 768, 23034
2026/06/09 22:06:49.335, 0, 0, 768, 23034
2026/06/09 22:06:54.337, 0, 0, 768, 23034
2026/06/09 22:06:59.337, 0, 0, 768, 23034
2026/06/09 22:07:04.339, 0, 0, 768, 23034
2026/06/09 22:07:09.340, 0, 0, 768, 23034
2026/06/09 22:07:14.341, 0, 0, 768, 23034
2026/06/09 22:07:19.343, 0, 0, 768, 23034
2026/06/09 22:07:24.344, 0, 0, 768, 23034
2026/06/09 22:07:29.345, 0, 0, 768, 23034
2026/06/09 22:07:34.346, 0, 0, 768, 23034
2026/06/09 22:07:39.348, 0, 0, 768, 23034
2026/06/09 22:07:44.349, 0, 0, 768, 23034
2026/06/09 22:07:49.350, 0, 0, 768, 23034
2026/06/09 22:07:54.352, 0, 0, 768, 23034
2026/06/09 22:07:59.353, 0, 0, 768, 23034
2026/06/09 22:08:04.354, 0, 0, 768, 23034
2026/06/09 22:08:09.355, 0, 0, 768, 23034
2026/06/09 22:08:14.357, 0, 0, 768, 23034
2026/06/09 22:08:19.358, 0, 0, 768, 23034
2026/06/09 22:08:24.359, 0, 0, 768, 23034
2026/06/09 22:08:29.360, 0, 0, 768, 23034
2026/06/09 22:08:34.361, 0, 0, 768, 23034
2026/06/09 22:08:39.362, 0, 0, 768, 23034
2026/06/09 22:08:44.363, 0, 0, 768, 23034
2026/06/09 22:08:49.364, 0, 0, 768, 23034
2026/06/09 22:08:54.365, 0, 0, 768, 23034
2026/06/09 22:08:59.366, 0, 0, 768, 23034
2026/06/09 22:09:04.367, 0, 0, 768, 23034
2026/06/09 22:09:09.368, 0, 0, 768, 23034
2026/06/09 22:09:14.372, 0, 0, 768, 23034
2026/06/09 22:09:19.376, 0, 0, 768, 23034
2026/06/09 22:09:24.377, 0, 0, 768, 23034
2026/06/09 22:09:29.382, 0, 0, 768, 23034
2026/06/09 22:09:34.421, 0, 0, 768, 23034
2026/06/09 22:09:39.446, 0, 0, 768, 23034
2026/06/09 22:09:44.469, 0, 0, 768, 23034
2026/06/09 22:09:49.479, 0, 0, 768, 23034
2026/06/09 22:09:54.496, 0, 0, 768, 23034
2026/06/09 22:09:59.497, 0, 0, 768, 23034
2026/06/09 22:10:04.497, 0, 0, 768, 23034
2026/06/09 22:10:09.498, 0, 0, 768, 23034
2026/06/09 22:10:14.500, 0, 0, 768, 23034
2026/06/09 22:10:19.523, 0, 0, 768, 23034
2026/06/09 22:10:24.533, 0, 0, 768, 23034
2026/06/09 22:10:29.556, 0, 0, 768, 23034
2026/06/09 22:10:34.577, 0, 0, 768, 23034
2026/06/09 22:10:39.604, 0, 0, 768, 23034
2026/06/09 22:10:44.619, 0, 0, 768, 23034
2026/06/09 22:10:49.628, 0, 0, 768, 23034
2026/06/09 22:10:54.652, 0, 0, 768, 23034
2026/06/09 22:10:59.653, 0, 0, 768, 23034
2026/06/09 22:11:04.654, 0, 0, 768, 23034
2026/06/09 22:11:09.656, 0, 0, 768, 23034
2026/06/09 22:11:14.657, 0, 0, 768, 23034
2026/06/09 22:11:19.658, 0, 0, 768, 23034
2026/06/09 22:11:24.660, 0, 0, 768, 23034
2026/06/09 22:11:29.660, 0, 0, 768, 23034
2026/06/09 22:11:34.661, 0, 0, 768, 23034
2026/06/09 22:11:39.661, 0, 0, 768, 23034
2026/06/09 22:11:44.662, 0, 0, 768, 23034
2026/06/09 22:11:49.663, 0, 0, 768, 23034
2026/06/09 22:11:54.663, 0, 0, 768, 23034
2026/06/09 22:11:59.664, 0, 0, 768, 23034
2026/06/09 22:12:04.665, 0, 0, 768, 23034
2026/06/09 22:12:09.667, 0, 0, 768, 23034
2026/06/09 22:12:14.668, 0, 0, 768, 23034
2026/06/09 22:12:19.669, 0, 0, 768, 23034
2026/06/09 22:12:24.670, 0, 0, 768, 23034
2026/06/09 22:12:29.671, 0, 0, 768, 23034
2026/06/09 22:12:34.671, 0, 0, 768, 23034
2026/06/09 22:12:39.673, 0, 0, 768, 23034
2026/06/09 22:12:44.673, 0, 0, 768, 23034
2026/06/09 22:12:49.674, 0, 0, 768, 23034
2026/06/09 22:12:54.676, 0, 0, 768, 23034
2026/06/09 22:12:59.677, 0, 0, 768, 23034
2026/06/09 22:13:04.678, 0, 0, 768, 23034
2026/06/09 22:13:09.679, 0, 0, 768, 23034
2026/06/09 22:13:14.680, 0, 0, 768, 23034
2026/06/09 22:13:19.681, 0, 0, 768, 23034
2026/06/09 22:13:24.682, 0, 0, 768, 23034
2026/06/09 22:13:29.682, 0, 0, 768, 23034
2026/06/09 22:13:34.684, 0, 0, 768, 23034
2026/06/09 22:13:39.685, 0, 0, 768, 23034
2026/06/09 22:13:44.686, 0, 0, 768, 23034
2026/06/09 22:13:49.687, 0, 0, 768, 23034
2026/06/09 22:13:54.687, 0, 0, 768, 23034
2026/06/09 22:13:59.689, 0, 0, 768, 23034
2026/06/09 22:14:04.690, 0, 0, 768, 23034
2026/06/09 22:14:09.691, 0, 0, 768, 23034
2026/06/09 22:14:14.692, 0, 0, 768, 23034
2026/06/09 22:14:19.692, 0, 0, 768, 23034
2026/06/09 22:14:24.693, 0, 0, 768, 23034
2026/06/09 22:14:29.694, 0, 0, 768, 23034
2026/06/09 22:14:34.695, 0, 0, 768, 23034
2026/06/09 22:14:39.695, 0, 0, 768, 23034
2026/06/09 22:14:44.697, 0, 0, 768, 23034
2026/06/09 22:14:49.697, 0, 0, 768, 23034
2026/06/09 22:14:54.698, 0, 0, 768, 23034
2026/06/09 22:14:59.699, 0, 0, 768, 23034
2026/06/09 22:15:04.700, 0, 0, 768, 23034
2026/06/09 22:15:09.701, 0, 0, 768, 23034
2026/06/09 22:15:14.702, 0, 0, 768, 23034
2026/06/09 22:15:19.703, 0, 0, 768, 23034
2026/06/09 22:15:24.704, 0, 0, 768, 23034
2026/06/09 22:15:29.705, 0, 0, 768, 23034
2026/06/09 22:15:34.707, 0, 0, 768, 23034
2026/06/09 22:15:39.708, 0, 0, 768, 23034
2026/06/09 22:15:44.709, 0, 0, 768, 23034
2026/06/09 22:15:49.710, 0, 0, 768, 23034
2026/06/09 22:15:54.712, 0, 0, 768, 23034
2026/06/09 22:15:59.712, 0, 0, 768, 23034
2026/06/09 22:16:04.713, 0, 0, 768, 23034
2026/06/09 22:16:09.714, 0, 0, 768, 23034
2026/06/09 22:16:14.715, 0, 0, 768, 23034
2026/06/09 22:16:19.715, 0, 0, 768, 23034
2026/06/09 22:16:24.716, 0, 0, 768, 23034
2026/06/09 22:16:29.717, 0, 0, 768, 23034
2026/06/09 22:16:34.724, 0, 0, 768, 23034
2026/06/09 22:16:39.724, 0, 0, 768, 23034
2026/06/09 22:16:44.726, 0, 0, 768, 23034
2026/06/09 22:16:49.726, 0, 0, 768, 23034
2026/06/09 22:16:54.727, 0, 0, 768, 23034
2026/06/09 22:16:59.728, 0, 0, 768, 23034
2026/06/09 22:17:04.729, 0, 0, 768, 23034
2026/06/09 22:17:09.730, 0, 0, 768, 23034
2026/06/09 22:17:14.731, 0, 0, 768, 23034
2026/06/09 22:17:19.732, 0, 0, 768, 23034
2026/06/09 22:17:24.733, 0, 0, 768, 23034
2026/06/09 22:17:29.734, 0, 0, 768, 23034
2026/06/09 22:17:34.735, 0, 0, 768, 23034
2026/06/09 22:17:39.736, 0, 0, 768, 23034
2026/06/09 22:17:44.736, 0, 0, 768, 23034
2026/06/09 22:17:49.737, 0, 0, 768, 23034
2026/06/09 22:17:54.738, 0, 0, 768, 23034
2026/06/09 22:17:59.739, 0, 0, 768, 23034
2026/06/09 22:18:04.740, 0, 0, 768, 23034
2026/06/09 22:18:09.741, 0, 0, 768, 23034
2026/06/09 22:18:14.742, 0, 0, 768, 23034
2026/06/09 22:18:19.743, 0, 0, 768, 23034
2026/06/09 22:18:24.744, 0, 0, 768, 23034
2026/06/09 22:18:29.745, 0, 0, 768, 23034
2026/06/09 22:18:34.746, 0, 0, 768, 23034
2026/06/09 22:18:39.747, 0, 0, 768, 23034
2026/06/09 22:18:44.747, 0, 0, 768, 23034
2026/06/09 22:18:49.749, 0, 0, 768, 23034
2026/06/09 22:18:54.750, 0, 0, 768, 23034
2026/06/09 22:18:59.751, 0, 0, 768, 23034
2026/06/09 22:19:04.752, 0, 0, 768, 23034
2026/06/09 22:19:09.754, 0, 0, 768, 23034
2026/06/09 22:19:14.755, 0, 0, 768, 23034
2026/06/09 22:19:19.756, 0, 0, 768, 23034
2026/06/09 22:19:24.757, 0, 0, 768, 23034
2026/06/09 22:19:29.758, 0, 0, 768, 23034
2026/06/09 22:19:34.759, 0, 0, 768, 23034
2026/06/09 22:19:39.759, 0, 0, 768, 23034
2026/06/09 22:19:44.760, 0, 0, 768, 23034
2026/06/09 22:19:49.760, 0, 0, 768, 23034
2026/06/09 22:19:54.761, 0, 0, 768, 23034
2026/06/09 22:19:59.762, 0, 0, 768, 23034
2026/06/09 22:20:04.762, 0, 0, 768, 23034
2026/06/09 22:20:09.763, 0, 0, 768, 23034
2026/06/09 22:20:14.765, 0, 0, 768, 23034
2026/06/09 22:20:19.766, 0, 0, 768, 23034
2026/06/09 22:20:24.766, 0, 0, 768, 23034
2026/06/09 22:20:29.768, 0, 0, 768, 23034
2026/06/09 22:20:34.769, 0, 0, 768, 23034
2026/06/09 22:20:39.770, 0, 0, 768, 23034
2026/06/09 22:20:44.771, 0, 0, 768, 23034
2026/06/09 22:20:49.772, 0, 0, 768, 23034
2026/06/09 22:20:54.772, 0, 0, 768, 23034
2026/06/09 22:20:59.774, 0, 0, 768, 23034
2026/06/09 22:21:04.774, 0, 0, 768, 23034
2026/06/09 22:21:09.775, 0, 0, 768, 23034
2026/06/09 22:21:14.776, 0, 0, 768, 23034
2026/06/09 22:21:19.777, 0, 0, 768, 23034
2026/06/09 22:21:24.778, 0, 0, 768, 23034
2026/06/09 22:21:29.779, 0, 0, 768, 23034
2026/06/09 22:21:34.780, 0, 0, 768, 23034
2026/06/09 22:21:39.781, 0, 0, 768, 23034
2026/06/09 22:21:44.783, 0, 0, 768, 23034
2026/06/09 22:21:49.784, 0, 0, 768, 23034
2026/06/09 22:21:54.785, 0, 0, 768, 23034
2026/06/09 22:21:59.785, 0, 0, 768, 23034
2026/06/09 22:22:04.786, 0, 0, 768, 23034
2026/06/09 22:22:09.786, 0, 0, 768, 23034
2026/06/09 22:22:14.788, 0, 0, 768, 23034
2026/06/09 22:22:19.789, 0, 0, 768, 23034
2026/06/09 22:22:24.790, 0, 0, 768, 23034
2026/06/09 22:22:29.791, 0, 0, 768, 23034
2026/06/09 22:22:34.792, 0, 0, 768, 23034
2026/06/09 22:22:39.794, 0, 0, 768, 23034
2026/06/09 22:22:44.795, 0, 0, 768, 23034
2026/06/09 22:22:49.796, 0, 0, 768, 23034
2026/06/09 22:22:54.797, 0, 0, 768, 23034
2026/06/09 22:22:59.799, 0, 0, 768, 23034
2026/06/09 22:23:04.799, 0, 0, 768, 23034
2026/06/09 22:23:09.801, 0, 0, 768, 23034
2026/06/09 22:23:14.802, 0, 0, 768, 23034
2026/06/09 22:23:19.803, 0, 0, 768, 23034
2026/06/09 22:23:24.804, 0, 0, 768, 23034
2026/06/09 22:23:29.805, 0, 0, 768, 23034
2026/06/09 22:23:34.806, 0, 0, 768, 23034
2026/06/09 22:23:39.807, 0, 0, 768, 23034
2026/06/09 22:23:44.809, 0, 0, 768, 23034
2026/06/09 22:23:49.810, 0, 0, 768, 23034
2026/06/09 22:23:54.810, 0, 0, 768, 23034
2026/06/09 22:23:59.812, 0, 0, 768, 23034
2026/06/09 22:24:04.812, 0, 0, 768, 23034
2026/06/09 22:24:09.814, 0, 0, 768, 23034
2026/06/09 22:24:14.814, 0, 0, 768, 23034
2026/06/09 22:24:19.816, 0, 0, 768, 23034
2026/06/09 22:24:24.817, 0, 0, 768, 23034
2026/06/09 22:24:29.818, 0, 0, 768, 23034
2026/06/09 22:24:34.819, 0, 0, 768, 23034
2026/06/09 22:24:39.820, 0, 0, 768, 23034
2026/06/09 22:24:44.821, 0, 0, 768, 23034
2026/06/09 22:24:49.822, 0, 0, 768, 23034
2026/06/09 22:24:54.824, 0, 0, 768, 23034
2026/06/09 22:24:59.825, 0, 0, 768, 23034
2026/06/09 22:25:04.826, 0, 0, 768, 23034
2026/06/09 22:25:09.827, 0, 0, 768, 23034
2026/06/09 22:25:14.828, 0, 0, 768, 23034
2026/06/09 22:25:19.830, 0, 0, 768, 23034
2026/06/09 22:25:24.830, 0, 0, 768, 23034
2026/06/09 22:25:29.832, 0, 0, 768, 23034
2026/06/09 22:25:34.833, 0, 0, 768, 23034
2026/06/09 22:25:39.834, 0, 0, 768, 23034
2026/06/09 22:25:44.834, 0, 0, 768, 23034
2026/06/09 22:25:49.835, 0, 0, 768, 23034
2026/06/09 22:25:54.836, 0, 0, 768, 23034
2026/06/09 22:25:59.837, 0, 0, 768, 23034
2026/06/09 22:26:04.839, 0, 0, 768, 23034
2026/06/09 22:26:09.840, 0, 0, 768, 23034
2026/06/09 22:26:14.841, 0, 0, 768, 23034
2026/06/09 22:26:19.841, 0, 0, 768, 23034
2026/06/09 22:26:24.843, 0, 0, 768, 23034
2026/06/09 22:26:29.844, 0, 0, 768, 23034
2026/06/09 22:26:34.845, 0, 0, 768, 23034
2026/06/09 22:26:39.847, 0, 0, 768, 23034
2026/06/09 22:26:44.848, 0, 0, 768, 23034
2026/06/09 22:26:49.849, 0, 0, 768, 23034
2026/06/09 22:26:54.850, 0, 0, 768, 23034
2026/06/09 22:26:59.851, 0, 0, 768, 23034
2026/06/09 22:27:04.852, 0, 0, 768, 23034
2026/06/09 22:27:09.853, 0, 0, 768, 23034
2026/06/09 22:27:14.854, 0, 0, 768, 23034
2026/06/09 22:27:19.855, 0, 0, 768, 23034
2026/06/09 22:27:24.856, 0, 0, 768, 23034
2026/06/09 22:27:29.857, 0, 0, 768, 23034
2026/06/09 22:27:34.858, 0, 0, 768, 23034
2026/06/09 22:27:39.859, 0, 0, 768, 23034
2026/06/09 22:27:44.859, 0, 0, 768, 23034
2026/06/09 22:27:49.860, 0, 0, 768, 23034
2026/06/09 22:27:54.861, 0, 0, 768, 23034
2026/06/09 22:27:59.861, 0, 0, 768, 23034
2026/06/09 22:28:04.862, 0, 0, 768, 23034
2026/06/09 22:28:09.862, 0, 0, 768, 23034
2026/06/09 22:28:14.863, 0, 0, 768, 23034
2026/06/09 22:28:19.864, 0, 0, 768, 23034
2026/06/09 22:28:24.865, 0, 0, 768, 23034
2026/06/09 22:28:29.866, 0, 0, 768, 23034
2026/06/09 22:28:34.867, 0, 0, 768, 23034
2026/06/09 22:28:39.869, 0, 0, 768, 23034
2026/06/09 22:28:44.870, 0, 0, 768, 23034
2026/06/09 22:28:49.871, 0, 0, 768, 23034
2026/06/09 22:28:54.872, 0, 0, 768, 23034
2026/06/09 22:28:59.873, 0, 0, 768, 23034
2026/06/09 22:29:04.874, 0, 0, 768, 23034
2026/06/09 22:29:09.876, 0, 0, 768, 23034
2026/06/09 22:29:14.876, 0, 0, 768, 23034
2026/06/09 22:29:19.877, 0, 0, 768, 23034
2026/06/09 22:29:24.878, 0, 0, 768, 23034
2026/06/09 22:29:29.879, 0, 0, 768, 23034
2026/06/09 22:29:34.881, 0, 0, 768, 23034
2026/06/09 22:29:39.882, 0, 0, 768, 23034
2026/06/09 22:29:44.883, 0, 0, 768, 23034
2026/06/09 22:29:49.884, 0, 0, 768, 23034
2026/06/09 22:29:54.885, 0, 0, 768, 23034
2026/06/09 22:29:59.886, 0, 0, 768, 23034
2026/06/09 22:30:04.887, 0, 0, 768, 23034
2026/06/09 22:30:09.889, 0, 0, 768, 23034
2026/06/09 22:30:14.890, 0, 0, 768, 23034
2026/06/09 22:30:19.891, 0, 0, 768, 23034
2026/06/09 22:30:24.893, 0, 0, 768, 23034
2026/06/09 22:30:29.894, 0, 0, 768, 23034
2026/06/09 22:30:34.895, 0, 0, 768, 23034
2026/06/09 22:30:39.896, 0, 0, 768, 23034
2026/06/09 22:30:44.897, 0, 0, 768, 23034
2026/06/09 22:30:49.898, 0, 0, 768, 23034
2026/06/09 22:30:54.899, 0, 0, 768, 23034
2026/06/09 22:30:59.901, 0, 0, 768, 23034
2026/06/09 22:31:04.902, 0, 0, 768, 23034
2026/06/09 22:31:09.903, 0, 0, 768, 23034
2026/06/09 22:31:14.904, 0, 0, 768, 23034
2026/06/09 22:31:19.905, 0, 0, 768, 23034
2026/06/09 22:31:24.907, 0, 0, 768, 23034
2026/06/09 22:31:29.907, 0, 0, 768, 23034
2026/06/09 22:31:34.908, 0, 0, 768, 23034
2026/06/09 22:31:39.909, 0, 0, 768, 23034
2026/06/09 22:31:44.910, 0, 0, 768, 23034
2026/06/09 22:31:49.911, 0, 0, 768, 23034
2026/06/09 22:31:54.912, 0, 0, 768, 23034
2026/06/09 22:31:59.913, 0, 0, 768, 23034
2026/06/09 22:32:04.914, 0, 0, 768, 23034
2026/06/09 22:32:09.916, 0, 0, 768, 23034
2026/06/09 22:32:14.916, 0, 0, 768, 23034
2026/06/09 22:32:19.917, 0, 0, 768, 23034
2026/06/09 22:32:24.918, 0, 0, 768, 23034
2026/06/09 22:32:29.919, 0, 0, 768, 23034
2026/06/09 22:32:34.920, 0, 0, 768, 23034
2026/06/09 22:32:39.921, 0, 0, 768, 23034
2026/06/09 22:32:44.922, 0, 0, 768, 23034
2026/06/09 22:32:49.924, 0, 0, 768, 23034
2026/06/09 22:32:54.925, 0, 0, 768, 23034
2026/06/09 22:32:59.926, 0, 0, 768, 23034
2026/06/09 22:33:04.927, 0, 0, 768, 23034
2026/06/09 22:33:09.928, 0, 0, 768, 23034
2026/06/09 22:33:14.929, 0, 0, 768, 23034
2026/06/09 22:33:19.931, 0, 0, 768, 23034
2026/06/09 22:33:24.932, 0, 0, 768, 23034
2026/06/09 22:33:29.933, 0, 0, 768, 23034
2026/06/09 22:33:34.934, 0, 0, 768, 23034
2026/06/09 22:33:39.936, 0, 0, 768, 23034
2026/06/09 22:33:44.937, 0, 0, 768, 23034
2026/06/09 22:33:49.938, 0, 0, 768, 23034
2026/06/09 22:33:54.939, 0, 0, 768, 23034
2026/06/09 22:33:59.941, 0, 0, 768, 23034
2026/06/09 22:34:04.942, 0, 0, 768, 23034
2026/06/09 22:34:09.943, 0, 0, 768, 23034
2026/06/09 22:34:14.944, 0, 0, 768, 23034
2026/06/09 22:34:19.944, 0, 0, 768, 23034
2026/06/09 22:34:24.946, 0, 0, 768, 23034
2026/06/09 22:34:29.947, 0, 0, 768, 23034
2026/06/09 22:34:34.948, 0, 0, 768, 23034
2026/06/09 22:34:39.949, 0, 0, 768, 23034
2026/06/09 22:34:44.951, 0, 0, 768, 23034
2026/06/09 22:34:49.951, 0, 0, 768, 23034
2026/06/09 22:34:54.952, 0, 0, 768, 23034
2026/06/09 22:34:59.954, 0, 0, 768, 23034
2026/06/09 22:35:04.955, 0, 0, 768, 23034
2026/06/09 22:35:09.956, 0, 0, 768, 23034
2026/06/09 22:35:14.958, 0, 0, 768, 23034
2026/06/09 22:35:19.959, 0, 0, 768, 23034
2026/06/09 22:35:24.960, 0, 0, 768, 23034
2026/06/09 22:35:29.962, 0, 0, 768, 23034
2026/06/09 22:35:34.962, 0, 0, 768, 23034
2026/06/09 22:35:39.963, 0, 0, 768, 23034
2026/06/09 22:35:44.965, 0, 0, 768, 23034
2026/06/09 22:35:49.965, 0, 0, 768, 23034
2026/06/09 22:35:54.966, 0, 0, 768, 23034
2026/06/09 22:35:59.967, 0, 0, 768, 23034
2026/06/09 22:36:04.967, 0, 0, 768, 23034
2026/06/09 22:36:09.969, 0, 0, 768, 23034
2026/06/09 22:36:14.970, 0, 0, 768, 23034
2026/06/09 22:36:19.971, 0, 0, 768, 23034
2026/06/09 22:36:24.973, 0, 0, 768, 23034
2026/06/09 22:36:29.973, 0, 0, 768, 23034
2026/06/09 22:36:34.974, 0, 0, 768, 23034
2026/06/09 22:36:39.975, 0, 0, 768, 23034
2026/06/09 22:36:44.976, 0, 0, 768, 23034
2026/06/09 22:36:49.977, 0, 0, 768, 23034
2026/06/09 22:36:54.978, 0, 0, 768, 23034
2026/06/09 22:36:59.979, 0, 0, 768, 23034
2026/06/09 22:37:04.980, 0, 0, 768, 23034
2026/06/09 22:37:09.981, 0, 0, 768, 23034
2026/06/09 22:37:14.983, 0, 0, 768, 23034
2026/06/09 22:37:19.984, 0, 0, 768, 23034
2026/06/09 22:37:24.985, 0, 0, 768, 23034
2026/06/09 22:37:29.987, 0, 0, 768, 23034
2026/06/09 22:37:34.988, 0, 0, 768, 23034
2026/06/09 22:37:39.989, 0, 0, 768, 23034
2026/06/09 22:37:44.990, 0, 0, 768, 23034
2026/06/09 22:37:49.991, 0, 0, 768, 23034
2026/06/09 22:37:54.992, 0, 0, 768, 23034
2026/06/09 22:37:59.993, 0, 0, 768, 23034
2026/06/09 22:38:04.994, 0, 0, 768, 23034
2026/06/09 22:38:09.995, 0, 0, 768, 23034
2026/06/09 22:38:14.996, 0, 0, 768, 23034
2026/06/09 22:38:19.997, 0, 0, 768, 23034
2026/06/09 22:38:24.998, 0, 0, 768, 23034
2026/06/09 22:38:29.999, 0, 0, 768, 23034
2026/06/09 22:38:35.000, 0, 0, 768, 23034
2026/06/09 22:38:40.001, 0, 0, 768, 23034
2026/06/09 22:38:45.002, 0, 0, 768, 23034
2026/06/09 22:38:50.004, 0, 0, 768, 23034
2026/06/09 22:38:55.004, 0, 0, 768, 23034
2026/06/09 22:39:00.005, 0, 0, 768, 23034
2026/06/09 22:39:05.006, 0, 0, 768, 23034
2026/06/09 22:39:10.007, 0, 0, 768, 23034
2026/06/09 22:39:15.008, 0, 0, 768, 23034
2026/06/09 22:39:20.009, 0, 0, 768, 23034
2026/06/09 22:39:25.011, 0, 0, 768, 23034
2026/06/09 22:39:30.012, 0, 0, 768, 23034
2026/06/09 22:39:35.013, 0, 0, 768, 23034
2026/06/09 22:39:40.014, 0, 0, 768, 23034
2026/06/09 22:39:45.016, 0, 0, 768, 23034
2026/06/09 22:39:50.016, 0, 0, 768, 23034
2026/06/09 22:39:55.018, 0, 0, 768, 23034
2026/06/09 22:40:00.019, 0, 0, 768, 23034
2026/06/09 22:40:05.020, 0, 0, 768, 23034
2026/06/09 22:40:10.022, 0, 0, 768, 23034
2026/06/09 22:40:15.022, 0, 0, 768, 23034
2026/06/09 22:40:20.023, 0, 0, 768, 23034
2026/06/09 22:40:25.024, 0, 0, 768, 23034
2026/06/09 22:40:30.025, 0, 0, 768, 23034
2026/06/09 22:40:35.026, 0, 0, 768, 23034
2026/06/09 22:40:40.027, 0, 0, 768, 23034
2026/06/09 22:40:45.028, 0, 0, 768, 23034
2026/06/09 22:40:50.029, 0, 0, 768, 23034
2026/06/09 22:40:55.030, 0, 0, 768, 23034
2026/06/09 22:41:00.031, 0, 0, 768, 23034
2026/06/09 22:41:05.032, 0, 0, 768, 23034
2026/06/09 22:41:10.034, 0, 0, 768, 23034
2026/06/09 22:41:15.035, 0, 0, 768, 23034
2026/06/09 22:41:20.036, 0, 0, 768, 23034
2026/06/09 22:41:25.038, 0, 0, 768, 23034
2026/06/09 22:41:30.039, 0, 0, 768, 23034
2026/06/09 22:41:35.040, 0, 0, 768, 23034
2026/06/09 22:41:40.041, 0, 0, 768, 23034
2026/06/09 22:41:45.043, 0, 0, 768, 23034
2026/06/09 22:41:50.044, 0, 0, 768, 23034
2026/06/09 22:41:55.045, 0, 0, 768, 23034
2026/06/09 22:42:00.047, 0, 0, 768, 23034
2026/06/09 22:42:05.047, 0, 0, 768, 23034
2026/06/09 22:42:10.049, 0, 0, 768, 23034
2026/06/09 22:42:15.049, 0, 0, 768, 23034
2026/06/09 22:42:20.050, 0, 0, 768, 23034
2026/06/09 22:42:25.051, 0, 0, 768, 23034
2026/06/09 22:42:30.053, 0, 0, 768, 23034
2026/06/09 22:42:35.054, 0, 0, 768, 23034
2026/06/09 22:42:40.055, 0, 0, 768, 23034
2026/06/09 22:42:45.057, 0, 0, 768, 23034
2026/06/09 22:42:50.057, 0, 0, 768, 23034
2026/06/09 22:42:55.058, 0, 0, 768, 23034
2026/06/09 22:43:00.059, 0, 0, 768, 23034
2026/06/09 22:43:05.060, 0, 0, 768, 23034
2026/06/09 22:43:10.062, 0, 0, 768, 23034
2026/06/09 22:43:15.063, 0, 0, 768, 23034
2026/06/09 22:43:20.064, 0, 0, 768, 23034
2026/06/09 22:43:25.065, 0, 0, 768, 23034
2026/06/09 22:43:30.065, 0, 0, 768, 23034
2026/06/09 22:43:35.067, 0, 0, 768, 23034
2026/06/09 22:43:40.068, 0, 0, 768, 23034
2026/06/09 22:43:45.069, 0, 0, 768, 23034
2026/06/09 22:43:50.071, 0, 0, 768, 23034
2026/06/09 22:43:55.072, 0, 0, 768, 23034
2026/06/09 22:44:00.073, 0, 0, 768, 23034
2026/06/09 22:44:05.073, 0, 0, 768, 23034
2026/06/09 22:44:10.074, 0, 0, 768, 23034
2026/06/09 22:44:15.075, 0, 0, 768, 23034
2026/06/09 22:44:20.076, 0, 0, 768, 23034
2026/06/09 22:44:25.076, 0, 0, 768, 23034
2026/06/09 22:44:30.077, 0, 0, 768, 23034
2026/06/09 22:44:35.078, 0, 0, 768, 23034
2026/06/09 22:44:40.080, 0, 0, 768, 23034
2026/06/09 22:44:45.081, 0, 0, 768, 23034
2026/06/09 22:44:50.082, 0, 0, 768, 23034
2026/06/09 22:44:55.083, 0, 0, 768, 23034
2026/06/09 22:45:00.084, 0, 0, 768, 23034
2026/06/09 22:45:05.085, 0, 0, 768, 23034
2026/06/09 22:45:10.087, 0, 0, 768, 23034
2026/06/09 22:45:15.088, 0, 0, 768, 23034
2026/06/09 22:45:20.089, 0, 0, 768, 23034
2026/06/09 22:45:25.090, 0, 0, 768, 23034
2026/06/09 22:45:30.091, 0, 0, 768, 23034
2026/06/09 22:45:35.092, 0, 0, 768, 23034
2026/06/09 22:45:40.093, 0, 0, 768, 23034
2026/06/09 22:45:45.094, 0, 0, 768, 23034
2026/06/09 22:45:50.096, 0, 0, 768, 23034
2026/06/09 22:45:55.097, 0, 0, 768, 23034
2026/06/09 22:46:00.097, 0, 0, 768, 23034
2026/06/09 22:46:05.098, 0, 0, 768, 23034
2026/06/09 22:46:10.100, 0, 0, 768, 23034
2026/06/09 22:46:15.101, 0, 0, 768, 23034
2026/06/09 22:46:20.102, 0, 0, 768, 23034
2026/06/09 22:46:25.103, 0, 0, 768, 23034
2026/06/09 22:46:30.104, 0, 0, 768, 23034
2026/06/09 22:46:35.105, 0, 0, 768, 23034
2026/06/09 22:46:40.106, 0, 0, 768, 23034
2026/06/09 22:46:45.107, 0, 0, 768, 23034
2026/06/09 22:46:50.109, 0, 0, 768, 23034
2026/06/09 22:46:55.110, 0, 0, 768, 23034
2026/06/09 22:47:00.110, 0, 0, 768, 23034
2026/06/09 22:47:05.112, 0, 0, 768, 23034
2026/06/09 22:47:10.113, 0, 0, 768, 23034
2026/06/09 22:47:15.114, 0, 0, 768, 23034
2026/06/09 22:47:20.115, 0, 0, 768, 23034
2026/06/09 22:47:25.116, 0, 0, 768, 23034
2026/06/09 22:47:30.117, 0, 0, 768, 23034
2026/06/09 22:47:35.118, 0, 0, 768, 23034
2026/06/09 22:47:40.119, 0, 0, 768, 23034
2026/06/09 22:47:45.120, 0, 0, 768, 23034
2026/06/09 22:47:50.121, 0, 0, 768, 23034
2026/06/09 22:47:55.122, 0, 0, 768, 23034
2026/06/09 22:48:00.124, 0, 0, 768, 23034
2026/06/09 22:48:05.124, 0, 0, 768, 23034
2026/06/09 22:48:10.125, 0, 0, 768, 23034
2026/06/09 22:48:15.126, 0, 0, 768, 23034
2026/06/09 22:48:20.128, 0, 0, 768, 23034
2026/06/09 22:48:25.129, 0, 0, 768, 23034
2026/06/09 22:48:30.130, 0, 0, 768, 23034
2026/06/09 22:48:35.131, 0, 0, 768, 23034
2026/06/09 22:48:40.133, 0, 0, 768, 23034
2026/06/09 22:48:45.134, 0, 0, 768, 23034
2026/06/09 22:48:50.135, 0, 0, 768, 23034
2026/06/09 22:48:55.136, 0, 0, 768, 23034
2026/06/09 22:49:00.137, 0, 0, 768, 23034
2026/06/09 22:49:05.138, 0, 0, 768, 23034
2026/06/09 22:49:10.139, 0, 0, 768, 23034
2026/06/09 22:49:15.140, 0, 0, 768, 23034
2026/06/09 22:49:20.141, 0, 0, 768, 23034
2026/06/09 22:49:25.142, 0, 0, 768, 23034
2026/06/09 22:49:30.143, 0, 0, 768, 23034
2026/06/09 22:49:35.144, 0, 0, 768, 23034
2026/06/09 22:49:40.144, 0, 0, 768, 23034
2026/06/09 22:49:45.146, 0, 0, 768, 23034
2026/06/09 22:49:50.147, 0, 0, 768, 23034
2026/06/09 22:49:55.148, 0, 0, 768, 23034
2026/06/09 22:50:00.149, 0, 0, 768, 23034
2026/06/09 22:50:05.150, 0, 0, 768, 23034
2026/06/09 22:50:10.151, 0, 0, 768, 23034
2026/06/09 22:50:15.152, 0, 0, 768, 23034
2026/06/09 22:50:20.153, 0, 0, 768, 23034
2026/06/09 22:50:25.154, 0, 0, 768, 23034
2026/06/09 22:50:30.155, 0, 0, 768, 23034
2026/06/09 22:50:35.156, 0, 0, 768, 23034
2026/06/09 22:50:40.157, 0, 0, 768, 23034
2026/06/09 22:50:45.159, 0, 0, 768, 23034
2026/06/09 22:50:50.159, 0, 0, 768, 23034
2026/06/09 22:50:55.161, 0, 0, 768, 23034
2026/06/09 22:51:00.162, 0, 0, 768, 23034
2026/06/09 22:51:05.163, 0, 0, 768, 23034
2026/06/09 22:51:10.164, 0, 0, 768, 23034
2026/06/09 22:51:15.166, 0, 0, 768, 23034
2026/06/09 22:51:20.167, 0, 0, 768, 23034
2026/06/09 22:51:25.168, 0, 0, 768, 23034
2026/06/09 22:51:30.169, 0, 0, 768, 23034
2026/06/09 22:51:35.171, 0, 0, 768, 23034
2026/06/09 22:51:40.172, 0, 0, 768, 23034
2026/06/09 22:51:45.173, 0, 0, 768, 23034
2026/06/09 22:51:50.173, 0, 0, 768, 23034
2026/06/09 22:51:55.175, 0, 0, 768, 23034
2026/06/09 22:52:00.176, 0, 0, 768, 23034
2026/06/09 22:52:05.176, 0, 0, 768, 23034
2026/06/09 22:52:10.177, 0, 0, 768, 23034
2026/06/09 22:52:15.178, 0, 0, 768, 23034
2026/06/09 22:52:20.178, 0, 0, 768, 23034
2026/06/09 22:52:25.179, 0, 0, 768, 23034
2026/06/09 22:52:30.179, 0, 0, 768, 23034
2026/06/09 22:52:35.180, 0, 0, 768, 23034
2026/06/09 22:52:40.181, 0, 0, 768, 23034
2026/06/09 22:52:45.182, 0, 0, 768, 23034
2026/06/09 22:52:50.183, 0, 0, 768, 23034
2026/06/09 22:52:55.184, 0, 0, 768, 23034
2026/06/09 22:53:00.185, 0, 0, 768, 23034
2026/06/09 22:53:05.186, 0, 0, 768, 23034
2026/06/09 22:53:10.188, 0, 0, 768, 23034
2026/06/09 22:53:15.189, 0, 0, 768, 23034
2026/06/09 22:53:20.190, 0, 0, 768, 23034
2026/06/09 22:53:25.191, 0, 0, 768, 23034
2026/06/09 22:53:30.192, 0, 0, 768, 23034
2026/06/09 22:53:35.194, 0, 0, 768, 23034
2026/06/09 22:53:40.194, 0, 0, 768, 23034
2026/06/09 22:53:45.195, 0, 0, 768, 23034
2026/06/09 22:53:50.196, 0, 0, 768, 23034
2026/06/09 22:53:55.197, 0, 0, 768, 23034
2026/06/09 22:54:00.199, 0, 0, 768, 23034
2026/06/09 22:54:05.200, 0, 0, 768, 23034
2026/06/09 22:54:10.201, 0, 0, 768, 23034
2026/06/09 22:54:15.202, 0, 0, 768, 23034
2026/06/09 22:54:20.203, 0, 0, 768, 23034
2026/06/09 22:54:25.204, 0, 0, 768, 23034
2026/06/09 22:54:30.206, 0, 0, 768, 23034
2026/06/09 22:54:35.207, 0, 0, 768, 23034
2026/06/09 22:54:40.208, 0, 0, 768, 23034
2026/06/09 22:54:45.209, 0, 0, 768, 23034
2026/06/09 22:54:50.210, 0, 0, 768, 23034
2026/06/09 22:54:55.211, 0, 0, 768, 23034
2026/06/09 22:55:00.212, 0, 0, 768, 23034
2026/06/09 22:55:05.213, 0, 0, 768, 23034
2026/06/09 22:55:10.214, 0, 0, 768, 23034
2026/06/09 22:55:15.215, 0, 0, 768, 23034
2026/06/09 22:55:20.216, 0, 0, 768, 23034
2026/06/09 22:55:25.217, 0, 0, 768, 23034
2026/06/09 22:55:30.218, 0, 0, 768, 23034
2026/06/09 22:55:35.219, 0, 0, 768, 23034
2026/06/09 22:55:40.221, 0, 0, 768, 23034
2026/06/09 22:55:45.222, 0, 0, 768, 23034
2026/06/09 22:55:50.223, 0, 0, 768, 23034
2026/06/09 22:55:55.224, 0, 0, 768, 23034
2026/06/09 22:56:00.225, 0, 0, 768, 23034
2026/06/09 22:56:05.226, 0, 0, 768, 23034
2026/06/09 22:56:10.227, 0, 0, 768, 23034
2026/06/09 22:56:15.229, 0, 0, 768, 23034
2026/06/09 22:56:20.230, 0, 0, 768, 23034
2026/06/09 22:56:25.231, 0, 0, 768, 23034
2026/06/09 22:56:30.232, 0, 0, 768, 23034
2026/06/09 22:56:35.233, 0, 0, 768, 23034
2026/06/09 22:56:40.234, 0, 0, 768, 23034
2026/06/09 22:56:45.235, 0, 0, 768, 23034
2026/06/09 22:56:50.237, 0, 0, 768, 23034
2026/06/09 22:56:55.238, 0, 0, 768, 23034
2026/06/09 22:57:00.239, 0, 0, 768, 23034
2026/06/09 22:57:05.241, 0, 0, 768, 23034
2026/06/09 22:57:10.242, 0, 0, 768, 23034
2026/06/09 22:57:15.243, 0, 0, 768, 23034
2026/06/09 22:57:20.244, 0, 0, 768, 23034
2026/06/09 22:57:25.245, 0, 0, 768, 23034
2026/06/09 22:57:30.246, 0, 0, 768, 23034
2026/06/09 22:57:35.247, 0, 0, 768, 23034
2026/06/09 22:57:40.249, 0, 0, 768, 23034
2026/06/09 22:57:45.250, 0, 0, 768, 23034
2026/06/09 22:57:50.251, 0, 0, 768, 23034
2026/06/09 22:57:55.251, 0, 0, 768, 23034
2026/06/09 22:58:00.252, 0, 0, 768, 23034
2026/06/09 22:58:05.253, 0, 0, 768, 23034
2026/06/09 22:58:10.254, 0, 0, 768, 23034
2026/06/09 22:58:15.255, 0, 0, 768, 23034
2026/06/09 22:58:20.257, 0, 0, 768, 23034
2026/06/09 22:58:25.258, 0, 0, 768, 23034
2026/06/09 22:58:30.260, 0, 0, 768, 23034
2026/06/09 22:58:35.261, 0, 0, 768, 23034
2026/06/09 22:58:40.261, 0, 0, 768, 23034
2026/06/09 22:58:45.263, 0, 0, 768, 23034
2026/06/09 22:58:50.264, 0, 0, 768, 23034
2026/06/09 22:58:55.265, 0, 0, 768, 23034
2026/06/09 22:59:00.266, 0, 0, 768, 23034
2026/06/09 22:59:05.267, 0, 0, 768, 23034
2026/06/09 22:59:10.268, 0, 0, 768, 23034
2026/06/09 22:59:15.269, 0, 0, 768, 23034
2026/06/09 22:59:20.270, 0, 0, 768, 23034
2026/06/09 22:59:25.271, 0, 0, 768, 23034
2026/06/09 22:59:30.273, 0, 0, 768, 23034
2026/06/09 22:59:35.274, 0, 0, 768, 23034
2026/06/09 22:59:40.275, 0, 0, 768, 23034
2026/06/09 22:59:45.275, 0, 0, 768, 23034
2026/06/09 22:59:50.276, 0, 0, 768, 23034
2026/06/09 22:59:55.277, 0, 0, 768, 23034
2026/06/09 23:00:00.278, 0, 0, 768, 23034
2026/06/09 23:00:05.279, 0, 0, 768, 23034
2026/06/09 23:00:10.280, 0, 0, 768, 23034
2026/06/09 23:00:15.281, 0, 0, 768, 23034
2026/06/09 23:00:20.282, 0, 0, 768, 23034
2026/06/09 23:00:25.282, 0, 0, 768, 23034
2026/06/09 23:00:30.283, 0, 0, 768, 23034
2026/06/09 23:00:35.284, 0, 0, 768, 23034
2026/06/09 23:00:40.286, 0, 0, 768, 23034
2026/06/09 23:00:45.287, 0, 0, 768, 23034
2026/06/09 23:00:50.288, 0, 0, 768, 23034
2026/06/09 23:00:55.289, 0, 0, 768, 23034
2026/06/09 23:01:00.290, 0, 0, 768, 23034
2026/06/09 23:01:05.291, 0, 0, 768, 23034
2026/06/09 23:01:10.293, 0, 0, 768, 23034
2026/06/09 23:01:15.294, 0, 0, 768, 23034
2026/06/09 23:01:20.295, 0, 0, 768, 23034
2026/06/09 23:01:25.297, 0, 0, 768, 23034
2026/06/09 23:01:30.298, 0, 0, 768, 23034
2026/06/09 23:01:35.299, 0, 0, 768, 23034
2026/06/09 23:01:40.300, 0, 0, 768, 23034
2026/06/09 23:01:45.301, 0, 0, 768, 23034
2026/06/09 23:01:50.302, 0, 0, 768, 23034
2026/06/09 23:01:55.303, 0, 0, 768, 23034
2026/06/09 23:02:00.305, 0, 0, 768, 23034
2026/06/09 23:02:05.306, 0, 0, 768, 23034
2026/06/09 23:02:10.307, 0, 0, 768, 23034
2026/06/09 23:02:15.309, 0, 0, 768, 23034
2026/06/09 23:02:20.310, 0, 0, 768, 23034
2026/06/09 23:02:25.311, 0, 0, 768, 23034
2026/06/09 23:02:30.313, 0, 0, 768, 23034
2026/06/09 23:02:35.314, 0, 0, 768, 23034
2026/06/09 23:02:40.315, 0, 0, 768, 23034
2026/06/09 23:02:45.316, 0, 0, 768, 23034
2026/06/09 23:02:50.317, 0, 0, 768, 23034
2026/06/09 23:02:55.318, 0, 0, 768, 23034
2026/06/09 23:03:00.319, 0, 0, 768, 23034
2026/06/09 23:03:05.320, 0, 0, 768, 23034
2026/06/09 23:03:10.321, 0, 0, 768, 23034
2026/06/09 23:03:15.322, 0, 0, 768, 23034
2026/06/09 23:03:20.323, 0, 0, 768, 23034
2026/06/09 23:03:25.324, 0, 0, 768, 23034
2026/06/09 23:03:30.326, 0, 0, 768, 23034
2026/06/09 23:03:35.327, 0, 0, 768, 23034
2026/06/09 23:03:40.328, 0, 0, 768, 23034
2026/06/09 23:03:45.329, 0, 0, 768, 23034
2026/06/09 23:03:50.330, 0, 0, 768, 23034
2026/06/09 23:03:55.331, 0, 0, 768, 23034
2026/06/09 23:04:00.331, 0, 0, 768, 23034
2026/06/09 23:04:05.333, 0, 0, 768, 23034
2026/06/09 23:04:10.333, 0, 0, 768, 23034
2026/06/09 23:04:15.335, 0, 0, 768, 23034
2026/06/09 23:04:20.336, 0, 0, 768, 23034
2026/06/09 23:04:25.337, 0, 0, 768, 23034
2026/06/09 23:04:30.339, 0, 0, 768, 23034
2026/06/09 23:04:35.340, 0, 0, 768, 23034
2026/06/09 23:04:40.341, 0, 0, 768, 23034
2026/06/09 23:04:45.342, 0, 0, 768, 23034
2026/06/09 23:04:50.343, 0, 0, 768, 23034
2026/06/09 23:04:55.344, 0, 0, 768, 23034
2026/06/09 23:05:00.345, 0, 0, 768, 23034
2026/06/09 23:05:05.345, 0, 0, 768, 23034
2026/06/09 23:05:10.347, 0, 0, 768, 23034
2026/06/09 23:05:15.348, 0, 0, 768, 23034
2026/06/09 23:05:20.349, 0, 0, 768, 23034
2026/06/09 23:05:25.350, 0, 0, 768, 23034
2026/06/09 23:05:30.351, 0, 0, 768, 23034
2026/06/09 23:05:35.352, 0, 0, 768, 23034
2026/06/09 23:05:40.354, 0, 0, 768, 23034
2026/06/09 23:05:45.354, 0, 0, 768, 23034
2026/06/09 23:05:50.355, 0, 0, 768, 23034
2026/06/09 23:05:55.356, 0, 0, 768, 23034
2026/06/09 23:06:00.358, 0, 0, 768, 23034
2026/06/09 23:06:05.359, 0, 0, 768, 23034
2026/06/09 23:06:10.360, 0, 0, 768, 23034
2026/06/09 23:06:15.362, 0, 0, 768, 23034
2026/06/09 23:06:20.362, 0, 0, 768, 23034
2026/06/09 23:06:25.364, 0, 0, 768, 23034
2026/06/09 23:06:30.365, 0, 0, 768, 23034
2026/06/09 23:06:35.369, 0, 0, 768, 23034
2026/06/09 23:06:40.370, 0, 0, 768, 23034
2026/06/09 23:06:45.372, 0, 0, 768, 23034
2026/06/09 23:06:50.373, 0, 0, 768, 23034
2026/06/09 23:06:55.374, 0, 0, 768, 23034
2026/06/09 23:07:00.376, 0, 0, 768, 23034
2026/06/09 23:07:05.376, 0, 0, 768, 23034
2026/06/09 23:07:10.378, 0, 0, 768, 23034
2026/06/09 23:07:15.379, 0, 0, 768, 23034
2026/06/09 23:07:20.380, 0, 0, 768, 23034
2026/06/09 23:07:25.382, 0, 0, 768, 23034
2026/06/09 23:07:30.383, 0, 0, 768, 23034
2026/06/09 23:07:35.384, 0, 0, 768, 23034
2026/06/09 23:07:40.385, 0, 0, 768, 23034
2026/06/09 23:07:45.387, 0, 0, 768, 23034
2026/06/09 23:07:50.388, 0, 0, 768, 23034
2026/06/09 23:07:55.389, 0, 0, 768, 23034
2026/06/09 23:08:00.390, 0, 0, 768, 23034
2026/06/09 23:08:05.392, 0, 0, 768, 23034
2026/06/09 23:08:10.393, 0, 0, 768, 23034
2026/06/09 23:08:15.394, 0, 0, 768, 23034
2026/06/09 23:08:20.395, 0, 0, 768, 23034
2026/06/09 23:08:25.395, 0, 0, 768, 23034
2026/06/09 23:08:30.396, 0, 0, 768, 23034
2026/06/09 23:08:35.397, 0, 0, 768, 23034
2026/06/09 23:08:40.397, 0, 0, 768, 23034
2026/06/09 23:08:45.398, 0, 0, 768, 23034
2026/06/09 23:08:50.399, 0, 0, 768, 23034
2026/06/09 23:08:55.400, 0, 0, 768, 23034
2026/06/09 23:09:00.401, 0, 0, 768, 23034
2026/06/09 23:09:05.402, 0, 0, 768, 23034
2026/06/09 23:09:10.403, 0, 0, 768, 23034
2026/06/09 23:09:15.405, 0, 0, 768, 23034
2026/06/09 23:09:20.406, 0, 0, 768, 23034
2026/06/09 23:09:25.407, 0, 0, 768, 23034
2026/06/09 23:09:30.408, 0, 0, 768, 23034
2026/06/09 23:09:35.409, 0, 0, 768, 23034
2026/06/09 23:09:40.410, 0, 0, 768, 23034
2026/06/09 23:09:45.412, 0, 0, 768, 23034
2026/06/09 23:09:50.412, 0, 0, 768, 23034
2026/06/09 23:09:55.413, 0, 0, 768, 23034
2026/06/09 23:10:00.415, 0, 0, 768, 23034
2026/06/09 23:10:05.416, 0, 0, 768, 23034
2026/06/09 23:10:10.417, 0, 0, 768, 23034
2026/06/09 23:10:15.417, 0, 0, 768, 23034
2026/06/09 23:10:20.418, 0, 0, 768, 23034
2026/06/09 23:10:25.419, 0, 0, 768, 23034
2026/06/09 23:10:30.420, 0, 0, 768, 23034
2026/06/09 23:10:35.421, 0, 0, 768, 23034
2026/06/09 23:10:40.423, 0, 0, 768, 23034
2026/06/09 23:10:45.423, 0, 0, 768, 23034
2026/06/09 23:10:50.424, 0, 0, 768, 23034
2026/06/09 23:10:55.426, 0, 0, 768, 23034
2026/06/09 23:11:00.427, 0, 0, 768, 23034
2026/06/09 23:11:05.428, 0, 0, 768, 23034
2026/06/09 23:11:10.430, 0, 0, 768, 23034
2026/06/09 23:11:15.430, 0, 0, 768, 23034
2026/06/09 23:11:20.431, 0, 0, 768, 23034
2026/06/09 23:11:25.433, 0, 0, 768, 23034
2026/06/09 23:11:30.434, 0, 0, 768, 23034
2026/06/09 23:11:35.435, 0, 0, 768, 23034
2026/06/09 23:11:40.437, 0, 0, 768, 23034
2026/06/09 23:11:45.437, 0, 0, 768, 23034
2026/06/09 23:11:50.439, 0, 0, 768, 23034
2026/06/09 23:11:55.440, 0, 0, 768, 23034
2026/06/09 23:12:00.441, 0, 0, 768, 23034
2026/06/09 23:12:05.442, 0, 0, 768, 23034
2026/06/09 23:12:10.444, 0, 0, 768, 23034
2026/06/09 23:12:15.445, 0, 0, 768, 23034
2026/06/09 23:12:20.446, 0, 0, 768, 23034
2026/06/09 23:12:25.446, 0, 0, 768, 23034
2026/06/09 23:12:30.447, 0, 0, 768, 23034
2026/06/09 23:12:35.448, 0, 0, 768, 23034
2026/06/09 23:12:40.449, 0, 0, 768, 23034
2026/06/09 23:12:45.450, 0, 0, 768, 23034
2026/06/09 23:12:50.451, 0, 0, 768, 23034
2026/06/09 23:12:55.453, 0, 0, 768, 23034
2026/06/09 23:13:00.454, 0, 0, 768, 23034
2026/06/09 23:13:05.455, 0, 0, 768, 23034
2026/06/09 23:13:10.456, 0, 0, 768, 23034
2026/06/09 23:13:15.457, 0, 0, 768, 23034
2026/06/09 23:13:20.458, 0, 0, 768, 23034
2026/06/09 23:13:25.460, 0, 0, 768, 23034
2026/06/09 23:13:30.460, 0, 0, 768, 23034
2026/06/09 23:13:35.462, 0, 0, 768, 23034
2026/06/09 23:13:40.463, 0, 0, 768, 23034
2026/06/09 23:13:45.464, 0, 0, 768, 23034
2026/06/09 23:13:50.466, 0, 0, 768, 23034
2026/06/09 23:13:55.467, 0, 0, 768, 23034
2026/06/09 23:14:00.467, 0, 0, 768, 23034
2026/06/09 23:14:05.469, 0, 0, 768, 23034
2026/06/09 23:14:10.469, 0, 0, 768, 23034
2026/06/09 23:14:15.471, 0, 0, 768, 23034
2026/06/09 23:14:20.472, 0, 0, 768, 23034
2026/06/09 23:14:25.473, 0, 0, 768, 23034
2026/06/09 23:14:30.474, 0, 0, 768, 23034
2026/06/09 23:14:35.476, 0, 0, 768, 23034
2026/06/09 23:14:40.477, 0, 0, 768, 23034
2026/06/09 23:14:45.478, 0, 0, 768, 23034
2026/06/09 23:14:50.479, 0, 0, 768, 23034
2026/06/09 23:14:55.480, 0, 0, 768, 23034
2026/06/09 23:15:00.481, 0, 0, 768, 23034
2026/06/09 23:15:05.482, 0, 0, 768, 23034
2026/06/09 23:15:10.483, 0, 0, 768, 23034
2026/06/09 23:15:15.484, 0, 0, 768, 23034
2026/06/09 23:15:20.485, 0, 0, 768, 23034
2026/06/09 23:15:25.486, 0, 0, 768, 23034
2026/06/09 23:15:30.487, 0, 0, 768, 23034
2026/06/09 23:15:35.488, 0, 0, 768, 23034
2026/06/09 23:15:40.489, 0, 0, 768, 23034
2026/06/09 23:15:45.490, 0, 0, 768, 23034
2026/06/09 23:15:50.491, 0, 0, 768, 23034
2026/06/09 23:15:55.492, 0, 0, 768, 23034
2026/06/09 23:16:00.493, 0, 0, 768, 23034
2026/06/09 23:16:05.495, 0, 0, 768, 23034
2026/06/09 23:16:10.495, 0, 0, 768, 23034
2026/06/09 23:16:15.496, 0, 0, 768, 23034
2026/06/09 23:16:20.497, 0, 0, 768, 23034
2026/06/09 23:16:25.497, 0, 0, 768, 23034
2026/06/09 23:16:30.498, 0, 0, 768, 23034
2026/06/09 23:16:35.499, 0, 0, 768, 23034
2026/06/09 23:16:40.499, 0, 0, 768, 23034
2026/06/09 23:16:45.500, 0, 0, 768, 23034
2026/06/09 23:16:50.500, 0, 0, 768, 23034
2026/06/09 23:16:55.501, 0, 0, 768, 23034
2026/06/09 23:17:00.502, 0, 0, 768, 23034
2026/06/09 23:17:05.502, 0, 0, 768, 23034
2026/06/09 23:17:10.503, 0, 0, 768, 23034
2026/06/09 23:17:15.505, 0, 0, 768, 23034
2026/06/09 23:17:20.506, 0, 0, 768, 23034
2026/06/09 23:17:25.507, 0, 0, 768, 23034
2026/06/09 23:17:30.508, 0, 0, 768, 23034
2026/06/09 23:17:35.509, 0, 0, 768, 23034
2026/06/09 23:17:40.510, 0, 0, 768, 23034
2026/06/09 23:17:45.511, 0, 0, 768, 23034
2026/06/09 23:17:50.512, 0, 0, 768, 23034
2026/06/09 23:17:55.514, 0, 0, 768, 23034
2026/06/09 23:18:00.515, 0, 0, 768, 23034
2026/06/09 23:18:05.516, 0, 0, 768, 23034
2026/06/09 23:18:10.518, 0, 0, 768, 23034
2026/06/09 23:18:15.519, 0, 0, 768, 23034
2026/06/09 23:18:20.520, 0, 0, 768, 23034
2026/06/09 23:18:25.522, 0, 0, 768, 23034
2026/06/09 23:18:30.523, 0, 0, 768, 23034
2026/06/09 23:18:35.524, 0, 0, 768, 23034
2026/06/09 23:18:40.526, 0, 0, 768, 23034
2026/06/09 23:18:45.527, 0, 0, 768, 23034
2026/06/09 23:18:50.528, 0, 0, 768, 23034
2026/06/09 23:18:55.529, 0, 0, 768, 23034
2026/06/09 23:19:00.531, 0, 0, 768, 23034
2026/06/09 23:19:05.532, 0, 0, 768, 23034
2026/06/09 23:19:10.534, 0, 0, 768, 23034
2026/06/09 23:19:15.535, 0, 0, 768, 23034
2026/06/09 23:19:20.536, 0, 0, 768, 23034
2026/06/09 23:19:25.537, 0, 0, 768, 23034
2026/06/09 23:19:30.538, 0, 0, 768, 23034
2026/06/09 23:19:35.539, 0, 0, 768, 23034
2026/06/09 23:19:40.540, 0, 0, 768, 23034
2026/06/09 23:19:45.541, 0, 0, 768, 23034
2026/06/09 23:19:50.543, 0, 0, 768, 23034
2026/06/09 23:19:55.544, 0, 0, 768, 23034
2026/06/09 23:20:00.545, 0, 0, 768, 23034
2026/06/09 23:20:05.546, 0, 0, 768, 23034
2026/06/09 23:20:10.548, 0, 0, 768, 23034
2026/06/09 23:20:15.549, 0, 0, 768, 23034
2026/06/09 23:20:20.550, 0, 0, 768, 23034
2026/06/09 23:20:25.552, 0, 0, 768, 23034
2026/06/09 23:20:30.552, 0, 0, 768, 23034
2026/06/09 23:20:35.553, 0, 0, 768, 23034
2026/06/09 23:20:40.554, 0, 0, 768, 23034
2026/06/09 23:20:45.555, 0, 0, 768, 23034
2026/06/09 23:20:50.556, 0, 0, 768, 23034
2026/06/09 23:20:55.557, 0, 0, 768, 23034
2026/06/09 23:21:00.558, 0, 0, 768, 23034
2026/06/09 23:21:05.559, 0, 0, 768, 23034
2026/06/09 23:21:10.560, 0, 0, 768, 23034
2026/06/09 23:21:15.562, 0, 0, 768, 23034
2026/06/09 23:21:20.563, 0, 0, 768, 23034
2026/06/09 23:21:25.564, 0, 0, 768, 23034
2026/06/09 23:21:30.565, 0, 0, 768, 23034
2026/06/09 23:21:35.567, 0, 0, 768, 23034
2026/06/09 23:21:40.568, 0, 0, 768, 23034
2026/06/09 23:21:45.570, 0, 0, 768, 23034
2026/06/09 23:21:50.571, 0, 0, 768, 23034
2026/06/09 23:21:55.571, 0, 0, 768, 23034
2026/06/09 23:22:00.573, 0, 0, 768, 23034
2026/06/09 23:22:05.574, 0, 0, 768, 23034
2026/06/09 23:22:10.575, 0, 0, 768, 23034
2026/06/09 23:22:15.577, 0, 0, 768, 23034
2026/06/09 23:22:20.578, 0, 0, 768, 23034
2026/06/09 23:22:25.580, 0, 0, 768, 23034
2026/06/09 23:22:30.581, 0, 0, 768, 23034
2026/06/09 23:22:35.582, 0, 0, 768, 23034
2026/06/09 23:22:40.584, 0, 0, 768, 23034
2026/06/09 23:22:45.585, 0, 0, 768, 23034
2026/06/09 23:22:50.586, 0, 0, 768, 23034
2026/06/09 23:22:55.587, 0, 0, 768, 23034
2026/06/09 23:23:00.587, 0, 0, 768, 23034
2026/06/09 23:23:05.588, 0, 0, 768, 23034
2026/06/09 23:23:10.589, 0, 0, 768, 23034
2026/06/09 23:23:15.591, 0, 0, 768, 23034
2026/06/09 23:23:20.591, 0, 0, 768, 23034
2026/06/09 23:23:25.592, 0, 0, 768, 23034
2026/06/09 23:23:30.593, 0, 0, 768, 23034
2026/06/09 23:23:35.594, 0, 0, 768, 23034
2026/06/09 23:23:40.595, 0, 0, 768, 23034
2026/06/09 23:23:45.597, 0, 0, 768, 23034
2026/06/09 23:23:50.598, 0, 0, 768, 23034
2026/06/09 23:23:55.599, 0, 0, 768, 23034
2026/06/09 23:24:00.600, 0, 0, 768, 23034
2026/06/09 23:24:05.601, 0, 0, 768, 23034
2026/06/09 23:24:10.603, 0, 0, 768, 23034
2026/06/09 23:24:15.604, 0, 0, 768, 23034
2026/06/09 23:24:20.605, 0, 0, 768, 23034
2026/06/09 23:24:25.606, 0, 0, 768, 23034
2026/06/09 23:24:30.608, 0, 0, 768, 23034
2026/06/09 23:24:35.609, 0, 0, 768, 23034
2026/06/09 23:24:40.611, 0, 0, 768, 23034
2026/06/09 23:24:45.612, 0, 0, 768, 23034
2026/06/09 23:24:50.613, 0, 0, 768, 23034
2026/06/09 23:24:55.614, 0, 0, 768, 23034
2026/06/09 23:25:00.616, 0, 0, 768, 23034
2026/06/09 23:25:05.617, 0, 0, 768, 23034
2026/06/09 23:25:10.618, 0, 0, 768, 23034
2026/06/09 23:25:15.620, 0, 0, 768, 23034
2026/06/09 23:25:20.621, 0, 0, 768, 23034
2026/06/09 23:25:25.622, 0, 0, 768, 23034
2026/06/09 23:25:30.623, 0, 0, 768, 23034
